sigma,realization,dprime_analytic,h0_bottleneck_normalized,h1_bottleneck_normalized
0.5,0,17.724538509055158,0.5296886334832223,0.41897199316639316
0.5,1,17.724538509055158,0.7231905462631276,0.6138648064274099
0.5,2,17.724538509055158,0.701002288663638,0.7053108873288332
0.5,3,17.724538509055158,0.8932147420108454,0.9212583944963251
0.5,4,17.724538509055158,1.013314588011486,0.819364041774884
0.5,5,17.724538509055158,0.5416025569833052,0.46393681080983445
0.5,6,17.724538509055158,0.7484612901238561,0.5888435338199953
0.5,7,17.724538509055158,1.090735775791483,0.6167321920972071
0.5,8,17.724538509055158,0.9071429060383287,0.4740005513410055
0.5,9,17.724538509055158,0.8944206773042336,0.6544933610578367
0.5,10,17.724538509055158,0.8596438213130431,0.731149367079799
0.5,11,17.724538509055158,0.8884817438953402,0.6509640186916205
0.5,12,17.724538509055158,0.477920785918076,0.8838919000199517
0.5,13,17.724538509055158,0.5971136650422979,0.9812918102813641
0.5,14,17.724538509055158,0.9291733796101869,0.6240138461462229
0.5,15,17.724538509055158,0.9827673215352137,0.7417251307238502
0.75,0,11.816359006036771,0.7846776520872379,0.37268410481692715
0.75,1,11.816359006036771,0.42374368654973704,0.3841952076642183
0.75,2,11.816359006036771,0.26564741049801466,0.2401656891084257
0.75,3,11.816359006036771,0.5598045344478505,0.40323949734842596
0.75,4,11.816359006036771,0.5416448522605241,0.5152365098639021
0.75,5,11.816359006036771,0.3667380029050555,0.2141760682947161
0.75,6,11.816359006036771,0.30842418207952654,0.4273794215541189
0.75,7,11.816359006036771,0.4992465652151088,0.3822249908363209
0.75,8,11.816359006036771,0.4040548548229781,0.4051535413305097
0.75,9,11.816359006036771,0.6984794081734395,0.5289923268133178
0.75,10,11.816359006036771,0.5527907463492666,0.7625093873314391
0.75,11,11.816359006036771,0.7021402892928931,0.7744327982651632
0.75,12,11.816359006036771,0.4208163071759498,0.4357151192162198
0.75,13,11.816359006036771,0.34279012938843606,0.2532145321809471
0.75,14,11.816359006036771,0.48001970348887285,0.4360323061134681
0.75,15,11.816359006036771,0.4963863529539044,0.7119023912537358
0.8,0,11.077836568159473,0.8872649127443616,0.25747351487268993
0.8,1,11.077836568159473,0.1749684490074601,0.7034708025535757
0.8,2,11.077836568159473,0.3074112183138319,0.27753038462828605
0.8,3,11.077836568159473,0.4609924519970357,0.27799212007407414
0.8,4,11.077836568159473,0.4376047009959412,0.4367241942037355
0.8,5,11.077836568159473,0.3609001994795327,0.38585890586767985
0.8,6,11.077836568159473,0.5209353190655428,0.39751937448016833
0.8,7,11.077836568159473,0.6000036258793173,0.23778271070048554
0.8,8,11.077836568159473,0.579018946225926,0.3872904252334933
0.8,9,11.077836568159473,0.8225501503252655,0.42388990840830437
0.8,10,11.077836568159473,0.37588489521289437,0.19883737673901467
0.8,11,11.077836568159473,0.20317104561422605,0.38794788939936015
0.8,12,11.077836568159473,0.5540932342213934,0.687625544043118
0.8,13,11.077836568159473,0.5724345391298455,0.47375008650007444
0.8,14,11.077836568159473,0.6775145709537317,0.37184428698117983
0.8,15,11.077836568159473,0.4989107445073482,0.6593937116529437
0.8,16,11.077836568159473,0.4616081575517293,0.3527113387949288
0.8,17,11.077836568159473,0.6679997379123565,0.45728515920686724
0.8,18,11.077836568159473,0.6064444870567556,0.31153080566383956
0.8,19,11.077836568159473,0.45626396127372,0.5319366554912082
0.8,20,11.077836568159473,0.481051504459188,0.32113858567292636
0.8,21,11.077836568159473,0.6474555732704209,0.38927680260754555
0.8,22,11.077836568159473,0.3858984925009659,0.46798969617721686
0.8,23,11.077836568159473,0.46240192939612607,0.5706707755495766
0.8,24,11.077836568159473,0.4831039995473124,0.4902924945463355
0.8,25,11.077836568159473,0.26517195225360557,0.35606567437687864
0.8,26,11.077836568159473,0.2241216874159417,0.26540338194034174
0.8,27,11.077836568159473,0.27711548843802103,0.1755653152517109
0.8,28,11.077836568159473,0.5975208126853162,0.44585324867428155
0.8,29,11.077836568159473,0.4319929659787231,0.30360454774754286
0.8,30,11.077836568159473,0.5007346676058549,0.36395786551877557
0.8,31,11.077836568159473,0.6246112682406112,0.34533072253263036
0.8,32,11.077836568159473,0.7203596421668242,0.4210648947436428
0.8,33,11.077836568159473,0.3859022162588949,0.3121156466732676
0.8,34,11.077836568159473,0.6536120593980116,0.4114271319574726
0.8,35,11.077836568159473,0.3826217334863605,0.29317758386715675
0.8,36,11.077836568159473,0.9057887474090672,0.5982765878821573
0.8,37,11.077836568159473,0.3044727341604127,0.5240360543010136
0.8,38,11.077836568159473,0.32527442667949447,0.40628565354418156
0.8,39,11.077836568159473,0.6516837332032435,0.5678385922017262
0.8,40,11.077836568159473,0.40569020636678066,0.47110087742546025
0.8,41,11.077836568159473,0.3734424197224602,0.38416172083866273
0.8,42,11.077836568159473,0.3771136050449053,0.38370713048953536
0.8,43,11.077836568159473,0.5120979559510326,0.3426682569525198
0.8,44,11.077836568159473,0.26771491282369486,0.26816778869314734
0.8,45,11.077836568159473,0.3079441797572303,0.39693390612427476
0.8,46,11.077836568159473,0.7544324376513951,0.27573541924620587
0.8,47,11.077836568159473,0.6133861338985127,0.6294111859662013
0.8,48,11.077836568159473,0.46103586712040795,0.23414260792731825
0.8,49,11.077836568159473,0.7386576559521065,0.6199444288415992
0.8,50,11.077836568159473,0.37901094397623875,0.8024609094606083
0.8,51,11.077836568159473,0.6371881113444818,0.1980290740712172
0.8,52,11.077836568159473,0.3479765090758341,0.2730323158712575
0.8,53,11.077836568159473,0.39997618101690874,0.34234924297000646
0.8,54,11.077836568159473,0.7614317073724913,0.5408376249343655
0.8,55,11.077836568159473,0.6960919896461728,0.5089901786233763
0.8,56,11.077836568159473,0.26052124459806386,0.3982769587694678
0.8,57,11.077836568159473,0.5210531644958888,0.45347988326223987
0.8,58,11.077836568159473,0.5969527897908394,0.3695744366262492
0.8,59,11.077836568159473,0.6382398209049972,0.641577374941614
0.8,60,11.077836568159473,0.6466586467459884,0.49840007753971044
0.8,61,11.077836568159473,0.47500619099426694,0.7518131847514911
0.8,62,11.077836568159473,0.6037032807634874,0.6915821042427587
0.8,63,11.077836568159473,0.31550729774388747,0.17277176769595567
0.8,64,11.077836568159473,0.6079259274763473,0.5663194854311073
0.8,65,11.077836568159473,0.8763162903839344,0.3247238271736305
0.8,66,11.077836568159473,0.6355740456633304,0.48803245489047187
0.8,67,11.077836568159473,0.6003691197434741,0.40380042922500775
0.8,68,11.077836568159473,0.491138002415626,0.44281637137320456
0.8,69,11.077836568159473,0.3531998672889392,0.2119683777275623
0.8,70,11.077836568159473,0.7289968725569836,0.36041400809703833
0.8,71,11.077836568159473,0.28455787326185406,0.2957918058406181
0.8,72,11.077836568159473,0.44486160215583276,0.3055183537736698
0.8,73,11.077836568159473,0.44875351300028316,0.32154485699957314
0.8,74,11.077836568159473,0.22911328673382114,0.19990565930157614
0.8,75,11.077836568159473,0.262148332165888,0.1939555752538382
0.8,76,11.077836568159473,0.40739834306543365,0.353460051785681
0.8,77,11.077836568159473,0.30401949387687016,0.46815912384112407
0.8,78,11.077836568159473,0.3312188376793296,0.5281991201585232
0.8,79,11.077836568159473,0.8421978058628456,0.3282241400513003
0.8,80,11.077836568159473,0.5778155977080046,0.473699905128956
0.8,81,11.077836568159473,0.2281658625416715,0.4525790351971327
0.8,82,11.077836568159473,0.34570782746365525,0.24992155846315092
0.8,83,11.077836568159473,0.3940158956907941,0.4015159756862061
0.8,84,11.077836568159473,0.5501173434442785,0.7379910350700392
0.8,85,11.077836568159473,0.5996621164283478,0.4219082246417148
0.8,86,11.077836568159473,0.6100694648201571,0.360639308433502
0.8,87,11.077836568159473,0.2833572054498369,0.28199447186047866
0.8,88,11.077836568159473,0.7203860415782823,0.5325680573545207
0.8,89,11.077836568159473,0.5758665320938228,0.3799167426156298
0.8,90,11.077836568159473,0.4551423949157808,0.38230174240926074
0.8,91,11.077836568159473,0.619722070476749,0.3761769672704111
0.8,92,11.077836568159473,0.5757411663599039,0.38876457905922096
0.8,93,11.077836568159473,0.4338586641904355,0.3245713019905
0.8,94,11.077836568159473,0.604598540378423,0.3194434488792776
0.8,95,11.077836568159473,0.26471508017495143,0.27113730905239875
0.8,96,11.077836568159473,0.5135571785231214,0.27063062536962845
0.8,97,11.077836568159473,0.7435837788038026,0.6432734895948574
0.8,98,11.077836568159473,0.37644503001006036,0.17920521864286199
0.8,99,11.077836568159473,0.5086202600881374,0.29477809564834134
0.8,100,11.077836568159473,0.3371442202663465,0.4666153471611442
0.8,101,11.077836568159473,0.4280734098656819,0.345139640394823
0.8,102,11.077836568159473,0.9776900421196356,0.6835593514978398
0.8,103,11.077836568159473,0.5431460296356065,0.44523381328012407
0.8,104,11.077836568159473,0.42769249329822984,0.41420993044494603
0.8,105,11.077836568159473,0.42038123551186646,0.3587344594129153
0.8,106,11.077836568159473,0.6912465737737641,0.3715999307162085
0.8,107,11.077836568159473,0.8378768338039755,0.26470074177476194
0.8,108,11.077836568159473,0.3832228594036696,0.2456777304862931
0.8,109,11.077836568159473,0.4350286245616653,0.40037752662351606
0.8,110,11.077836568159473,0.6135950908772887,0.3748411499886479
0.8,111,11.077836568159473,0.30913816920813425,0.15023578060488071
0.8,112,11.077836568159473,0.49111887794665354,1.0545916193675964
0.8,113,11.077836568159473,0.3683924505054671,0.8196990127157091
0.8,114,11.077836568159473,0.4930734491233919,0.2779829141689492
0.8,115,11.077836568159473,0.7646011441174208,0.5275908492143575
0.8,116,11.077836568159473,0.6350103217597691,0.5325518665246566
0.8,117,11.077836568159473,0.5948938308133741,0.2020206145942644
0.8,118,11.077836568159473,0.44553277967591465,0.4862648250990068
0.8,119,11.077836568159473,0.30592064975903244,0.2784457168463897
0.8,120,11.077836568159473,0.6320445217342604,0.239836744678611
0.8,121,11.077836568159473,0.7712665906398605,0.5973274274524366
0.8,122,11.077836568159473,0.4522165139175234,0.22920470070707424
0.8,123,11.077836568159473,0.3973168371044239,0.4448646602575059
0.8,124,11.077836568159473,0.7550891940495325,0.46099908181004096
0.8,125,11.077836568159473,0.46864760248950654,0.1942064041034886
0.8,126,11.077836568159473,0.4419632584580023,0.25890197096164613
0.8,127,11.077836568159473,0.5310431969003019,0.28361035395754614
0.9,0,9.846965838363976,0.3722137752569437,0.22737760181493094
0.9,1,9.846965838363976,0.5410497714760379,0.40008530440015133
0.9,2,9.846965838363976,0.3248380255893357,0.3721408464429504
0.9,3,9.846965838363976,0.4736887923738944,0.4591992799717193
0.9,4,9.846965838363976,0.43831891020730945,0.42799821706277114
0.9,5,9.846965838363976,0.3303306854601033,0.3519659854450474
0.9,6,9.846965838363976,0.25625783364314086,0.3017921003507813
0.9,7,9.846965838363976,0.46154059326024893,0.2759884214406895
0.9,8,9.846965838363976,0.5354391861615273,0.17789784943819548
0.9,9,9.846965838363976,0.5068120094443797,0.3852722959801632
0.9,10,9.846965838363976,0.396184079655613,0.35483615185134326
0.9,11,9.846965838363976,0.4273286670542388,0.26415110986615165
0.9,12,9.846965838363976,0.2605883494902165,0.28512575261756296
0.9,13,9.846965838363976,0.4824168924225404,0.4973583464244494
0.9,14,9.846965838363976,0.524881019662257,0.6213111067657661
0.9,15,9.846965838363976,0.5501374752827325,0.22513412786074727
0.9,16,9.846965838363976,0.38743336558725133,0.38559715941267575
0.9,17,9.846965838363976,0.5459828856088561,0.34339695687824123
0.9,18,9.846965838363976,0.4816033397980334,0.2459593403628103
0.9,19,9.846965838363976,0.5130676083470358,0.29520545520623825
0.9,20,9.846965838363976,0.2882388588657804,0.37760223463930165
0.9,21,9.846965838363976,0.631297299422687,0.2132405271780967
0.9,22,9.846965838363976,0.48543636096629605,0.7501472436206328
0.9,23,9.846965838363976,0.42269547073995006,0.4516916741132975
0.9,24,9.846965838363976,0.4559121151963249,0.3149897500738938
0.9,25,9.846965838363976,0.3581212191789198,0.40134575572163855
0.9,26,9.846965838363976,0.44495061199355507,0.27630999670896894
0.9,27,9.846965838363976,0.3518921615022874,0.1958313027323822
0.9,28,9.846965838363976,0.38875889991738427,0.29195836344498516
0.9,29,9.846965838363976,0.5549416849114902,0.13066763879730384
0.9,30,9.846965838363976,0.5383107248302232,0.4327326231105397
0.9,31,9.846965838363976,0.35521729037657784,0.23994559202553906
0.9,32,9.846965838363976,0.35597128174088,0.22259949650310681
0.9,33,9.846965838363976,0.42584204584593083,0.3677988186546483
0.9,34,9.846965838363976,0.42771174050152994,0.3547873472565138
0.9,35,9.846965838363976,0.4417467608541591,0.2714475676913529
0.9,36,9.846965838363976,0.41430383562068396,0.5067072716777717
0.9,37,9.846965838363976,0.29861665855967967,0.2666552200333044
0.9,38,9.846965838363976,0.6599431994089016,0.5672184121388566
0.9,39,9.846965838363976,0.5278079769415982,0.3376739082676684
0.9,40,9.846965838363976,0.5549208502414188,0.4215671438539318
0.9,41,9.846965838363976,0.3095800727339836,0.5391481067801558
0.9,42,9.846965838363976,0.6011466497328619,0.2007749342648713
0.9,43,9.846965838363976,0.22376941436604106,0.1882347573184998
0.9,44,9.846965838363976,0.48740717388297566,0.29813310189407966
0.9,45,9.846965838363976,0.5586604887271831,0.30473663651985244
0.9,46,9.846965838363976,0.6935126386954047,0.27741702449558947
0.9,47,9.846965838363976,0.30358073521056117,0.2936437185563777
0.9,48,9.846965838363976,0.44670640163088443,0.22424871963173637
0.9,49,9.846965838363976,0.7955675965607869,0.4721795786559033
0.9,50,9.846965838363976,0.5045524178702712,0.33591981212664085
0.9,51,9.846965838363976,0.5425043799487591,0.30655818318161665
0.9,52,9.846965838363976,0.4552330083038138,0.25670686467025833
0.9,53,9.846965838363976,0.36263950301536335,0.13359399778597822
0.9,54,9.846965838363976,0.6294603131806226,0.26059131508537997
0.9,55,9.846965838363976,0.3506306028349177,0.2149143248386154
0.9,56,9.846965838363976,0.3415647030899249,0.43583599938577633
0.9,57,9.846965838363976,0.38991063233120316,0.25948868561076666
0.9,58,9.846965838363976,0.348512389085768,0.33129692325634824
0.9,59,9.846965838363976,0.49435184302284857,0.37334724351931803
0.9,60,9.846965838363976,0.6462709647124997,0.39996197526295374
0.9,61,9.846965838363976,0.5128936239266088,0.2348789355202846
0.9,62,9.846965838363976,0.4976895593020527,0.20036578742501487
0.9,63,9.846965838363976,0.376867763825715,0.45460147193067935
0.9,64,9.846965838363976,0.40805755221857576,0.20917118597129636
0.9,65,9.846965838363976,0.5773030402149176,0.19550407338613512
0.9,66,9.846965838363976,0.4540998346234704,0.35522137312134777
0.9,67,9.846965838363976,0.5355943155624688,0.4885734956964332
0.9,68,9.846965838363976,0.40734070609465933,0.2820866224882061
0.9,69,9.846965838363976,0.2552061742364022,0.21100220574151463
0.9,70,9.846965838363976,0.31367624501189306,0.3298858781393393
0.9,71,9.846965838363976,0.23151698294338374,0.5796444057019265
0.9,72,9.846965838363976,0.35654257899506514,0.2982856686770979
0.9,73,9.846965838363976,0.38553773027874116,0.32450975095060475
0.9,74,9.846965838363976,0.41549014214727953,0.30821805788889445
0.9,75,9.846965838363976,0.4281665109920011,0.7660223503045405
0.9,76,9.846965838363976,0.4992951556296315,0.3763929205728337
0.9,77,9.846965838363976,0.5250119325886394,0.43683559383994924
0.9,78,9.846965838363976,0.5840906782566213,0.8218451470468988
0.9,79,9.846965838363976,0.37353426769123144,0.4224997558499034
0.9,80,9.846965838363976,0.40704525206202125,0.2273782716573164
0.9,81,9.846965838363976,0.39655099984235576,0.24244494371208
0.9,82,9.846965838363976,0.4864756209426768,0.33164442189910764
0.9,83,9.846965838363976,0.3862350249346153,0.2605508595579246
0.9,84,9.846965838363976,0.26470301755101,0.633128721499137
0.9,85,9.846965838363976,0.4995904015556918,0.2825625212060254
0.9,86,9.846965838363976,0.3745111334451037,0.7431247477298809
0.9,87,9.846965838363976,0.4936703939134524,0.6409797896485535
0.9,88,9.846965838363976,0.1972475279926503,0.30724084767787785
0.9,89,9.846965838363976,0.5173056151347509,0.5283486331849778
0.9,90,9.846965838363976,0.4052060642588453,0.7883216659194165
0.9,91,9.846965838363976,0.2860021000522791,0.2669372217717156
0.9,92,9.846965838363976,0.2355433216178693,0.26246886201028435
0.9,93,9.846965838363976,0.4257068728384957,0.5117735901331175
0.9,94,9.846965838363976,0.5903653365985218,0.5196998585680802
0.9,95,9.846965838363976,0.5394772549481092,0.194679707665203
0.9,96,9.846965838363976,0.5278929532841926,0.2930493717905079
0.9,97,9.846965838363976,0.33772303444493706,0.2629778430936408
0.9,98,9.846965838363976,0.33413570900753153,0.4002756214395305
0.9,99,9.846965838363976,0.30590932368400553,0.4873793811556727
0.9,100,9.846965838363976,0.9374499476481181,0.8912633836331735
0.9,101,9.846965838363976,0.34828615278939434,0.31124257419318396
0.9,102,9.846965838363976,0.510299101559375,0.403707695034284
0.9,103,9.846965838363976,0.2809071375645613,0.38435641497701656
0.9,104,9.846965838363976,0.2825831906869427,0.36385964506674207
0.9,105,9.846965838363976,0.2877465050674787,0.20429769428400202
0.9,106,9.846965838363976,0.42482151631666376,0.5865127537260648
0.9,107,9.846965838363976,0.43608156834795925,0.29401458303855377
0.9,108,9.846965838363976,0.3591085324376174,0.40272523595572846
0.9,109,9.846965838363976,0.6050108197017556,0.5846433153981213
0.9,110,9.846965838363976,0.7211773617610592,0.3296306225977774
0.9,111,9.846965838363976,0.4576478862799089,0.6386190523131702
0.9,112,9.846965838363976,0.3602329705733716,0.17482087447365624
0.9,113,9.846965838363976,0.19723060691318367,0.23780406590538247
0.9,114,9.846965838363976,0.4336054211554801,0.25459513488340907
0.9,115,9.846965838363976,0.5240907589547629,0.4885352212817961
0.9,116,9.846965838363976,0.47543863518547236,0.4214476838981308
0.9,117,9.846965838363976,0.268382609564006,0.18168296238721637
0.9,118,9.846965838363976,0.2515880426329549,0.237346115506129
0.9,119,9.846965838363976,0.40940417561172293,0.2424664431765903
0.9,120,9.846965838363976,0.5912049431158282,0.2910550085210467
0.9,121,9.846965838363976,0.5140475830035778,0.5817236523951657
0.9,122,9.846965838363976,0.4157101942737027,0.5800031042623776
0.9,123,9.846965838363976,0.21276747649729938,0.13353239735550648
0.9,124,9.846965838363976,0.24586926734726647,0.4027707375626268
0.9,125,9.846965838363976,0.3337381682193009,0.3089800540688933
0.9,126,9.846965838363976,0.43149344279919094,0.34980896259480837
0.9,127,9.846965838363976,0.333125283664675,0.3813140101278101
1.0,0,8.862269254527579,0.5407042565707896,0.27146113330179367
1.0,1,8.862269254527579,0.410629202079982,0.5220477250731286
1.0,2,8.862269254527579,0.29417714057324695,0.3186140611706433
1.0,3,8.862269254527579,0.23608904200887276,0.2818949363932234
1.0,4,8.862269254527579,0.3636896879424516,0.13602907978262138
1.0,5,8.862269254527579,0.5166302504713922,0.22895959949829633
1.0,6,8.862269254527579,0.17958451193147812,0.18851192146796417
1.0,7,8.862269254527579,0.49606362307109664,0.48597530584971915
1.0,8,8.862269254527579,0.25956060898577593,0.13924754982935367
1.0,9,8.862269254527579,0.45283208238746864,0.21188253844414612
1.0,10,8.862269254527579,0.49639451553344943,0.599086988744761
1.0,11,8.862269254527579,0.21400793422921216,0.1915827434100135
1.0,12,8.862269254527579,0.2681622650369331,0.3072403621746239
1.0,13,8.862269254527579,0.45317894777394996,0.37040217724294244
1.0,14,8.862269254527579,0.3058923721431777,0.23251597872488144
1.0,15,8.862269254527579,0.3774103240923596,0.2945253409348658
1.0,16,8.862269254527579,0.37222360178095854,0.2574613270137809
1.0,17,8.862269254527579,0.3841362509711452,0.19003531807945145
1.0,18,8.862269254527579,0.19078588546492248,0.19782591459093388
1.0,19,8.862269254527579,0.23739215964920007,0.3889493440723353
1.0,20,8.862269254527579,0.2260961737013474,0.5496369243330546
1.0,21,8.862269254527579,0.32517499011493856,0.32740622917106377
1.0,22,8.862269254527579,0.4589822022656024,0.36485680766741907
1.0,23,8.862269254527579,0.655526960223097,0.4435990409619498
1.0,24,8.862269254527579,0.39521094480929225,0.3402330128927701
1.0,25,8.862269254527579,0.18666745644425617,0.365728039837531
1.0,26,8.862269254527579,0.3242984707577102,0.2665135838166215
1.0,27,8.862269254527579,0.31158422797524565,0.7783863620232847
1.0,28,8.862269254527579,0.443193657746083,0.225503273874028
1.0,29,8.862269254527579,0.2186820105482458,0.2537708488364999
1.0,30,8.862269254527579,0.3239221527099852,0.27060157880260144
1.0,31,8.862269254527579,0.3907417005922863,0.3089255680990093
1.0,32,8.862269254527579,0.3542824671376289,0.37940942549742007
1.0,33,8.862269254527579,0.26041154077836265,0.5811284925184693
1.0,34,8.862269254527579,0.14077319282960032,0.3993727855764947
1.0,35,8.862269254527579,0.5038370346898917,0.2657988602656073
1.0,36,8.862269254527579,0.274984324434821,0.29584957592290645
1.0,37,8.862269254527579,0.22511976892351798,0.3230083102505857
1.0,38,8.862269254527579,0.48410706021130984,0.1764106379392776
1.0,39,8.862269254527579,0.22978203602023867,0.30216639086100694
1.0,40,8.862269254527579,0.20815097913598812,0.2908340519051747
1.0,41,8.862269254527579,0.2829908238137911,0.3447468982867894
1.0,42,8.862269254527579,0.2739972380261737,0.21655724528332204
1.0,43,8.862269254527579,0.49874810274724907,0.5220638390245013
1.0,44,8.862269254527579,0.41924381487304435,0.23633562166728844
1.0,45,8.862269254527579,0.5547600384899172,0.31434868910840663
1.0,46,8.862269254527579,0.3748165712017558,0.5193342392550058
1.0,47,8.862269254527579,0.4180316401282063,0.37799858024034055
1.0,48,8.862269254527579,0.15769425741156792,0.22023544531214007
1.0,49,8.862269254527579,0.23283327361688866,0.37628117477956335
1.0,50,8.862269254527579,0.29841596290404376,0.31134566391416607
1.0,51,8.862269254527579,0.5778723590699071,0.520055165491337
1.0,52,8.862269254527579,0.5610056014708029,0.30725571832295995
1.0,53,8.862269254527579,0.36826603309569084,0.3111058146384976
1.0,54,8.862269254527579,0.2985107541021682,0.3798609573503486
1.0,55,8.862269254527579,0.37297313147505895,0.29164262161124405
1.0,56,8.862269254527579,0.35404883532827625,0.11960523156728017
1.0,57,8.862269254527579,0.22323136519253306,0.46126641930665746
1.0,58,8.862269254527579,0.2809156299191399,0.3642251720659835
1.0,59,8.862269254527579,0.23420450759467504,0.21352470921507455
1.0,60,8.862269254527579,0.45704871169424244,0.5487917489380342
1.0,61,8.862269254527579,0.5571876634053436,0.275232481488768
1.0,62,8.862269254527579,0.447711881453395,0.3324638680369212
1.0,63,8.862269254527579,0.25858763084791014,0.36959035854673944
1.0,64,8.862269254527579,0.39019249787360544,0.4719691748425745
1.0,65,8.862269254527579,0.38581050531865496,0.22330320709671006
1.0,66,8.862269254527579,0.26167729925817496,0.19779165373402857
1.0,67,8.862269254527579,0.5854263879192738,0.28094253770822186
1.0,68,8.862269254527579,0.18906654861393024,0.27497603823710437
1.0,69,8.862269254527579,0.3675192732105159,0.16872552987022885
1.0,70,8.862269254527579,0.3101876567424673,0.3229762867534043
1.0,71,8.862269254527579,0.19696963424911812,0.24187463839481838
1.0,72,8.862269254527579,0.1874226632929089,0.23842153762777168
1.0,73,8.862269254527579,0.33764988298104637,0.3440955002773467
1.0,74,8.862269254527579,0.21362323663577215,0.3986629474186043
1.0,75,8.862269254527579,0.3328415907196047,0.1928712355199244
1.0,76,8.862269254527579,0.22130969853445237,0.31919675142362647
1.0,77,8.862269254527579,0.1768553263323518,0.2804329016897959
1.0,78,8.862269254527579,0.34293770446602123,0.2608099598651593
1.0,79,8.862269254527579,0.5532259992000396,0.6049855115841782
1.0,80,8.862269254527579,0.29995750479385097,0.2653437004500457
1.0,81,8.862269254527579,0.26635181932625795,0.27361685845256456
1.0,82,8.862269254527579,0.29565828851475234,0.3743281509822319
1.0,83,8.862269254527579,0.2421865520888161,0.2447911384671611
1.0,84,8.862269254527579,0.1832651513872448,0.7178683772206599
1.0,85,8.862269254527579,0.32629081621853784,0.3794921312333779
1.0,86,8.862269254527579,0.23484036591078344,0.35363294430951886
1.0,87,8.862269254527579,0.5010968477964116,0.45059934033409643
1.0,88,8.862269254527579,0.6136496666275982,0.2289056145796341
1.0,89,8.862269254527579,0.3653655504849765,0.24267129671341875
1.0,90,8.862269254527579,0.44738593079115996,0.20295332445089068
1.0,91,8.862269254527579,0.31938951328794307,0.20336539487734245
1.0,92,8.862269254527579,0.22530876607834777,0.143143217649243
1.0,93,8.862269254527579,0.47181459045148527,0.1785663210345972
1.0,94,8.862269254527579,0.28646533754911246,0.31615081241345366
1.0,95,8.862269254527579,0.39786390500324764,0.23082719483826494
1.0,96,8.862269254527579,0.22364238530289474,0.18711646546597188
1.0,97,8.862269254527579,0.19483502765356442,0.379081666112066
1.0,98,8.862269254527579,0.43646955028610057,0.4513861270853633
1.0,99,8.862269254527579,0.29521507151862814,0.34664104235766546
1.0,100,8.862269254527579,0.3705972391512159,0.6636035366762865
1.0,101,8.862269254527579,0.23989457525269864,0.27785393816176684
1.0,102,8.862269254527579,0.2575200062589731,0.3088517632227858
1.0,103,8.862269254527579,0.26218060706401325,0.23941717998191353
1.0,104,8.862269254527579,0.23375897754062128,0.3078947913335489
1.0,105,8.862269254527579,0.29079298473722615,0.22954259595835985
1.0,106,8.862269254527579,0.5552270534098287,0.2165211042510499
1.0,107,8.862269254527579,0.3023632438677884,0.38122220104201
1.0,108,8.862269254527579,0.2851714449142806,0.3660974720097535
1.0,109,8.862269254527579,0.47796633563229207,0.22620377067670377
1.0,110,8.862269254527579,0.3837693951080433,0.20605086352371366
1.0,111,8.862269254527579,0.32472491030499645,0.25799595375794027
1.0,112,8.862269254527579,0.39703062077561024,0.2968606452150221
1.0,113,8.862269254527579,0.28507569852397524,0.27320547200755085
1.0,114,8.862269254527579,0.4044353822328589,0.4614560854437036
1.0,115,8.862269254527579,0.24318195060282052,0.3167903930389543
1.0,116,8.862269254527579,0.6586836387600901,0.4309780475036128
1.0,117,8.862269254527579,0.3082768952392606,0.3683636000823317
1.0,118,8.862269254527579,0.3980001731543899,0.2029355359409285
1.0,119,8.862269254527579,0.48548973294872483,0.21914839150215215
1.0,120,8.862269254527579,0.27854848322730585,0.33484212672205865
1.0,121,8.862269254527579,0.38896407382386955,0.5646882388596639
1.0,122,8.862269254527579,0.5118865004108382,0.11642458799407836
1.0,123,8.862269254527579,0.31797859686919794,0.40523546499874397
1.0,124,8.862269254527579,0.41519458418318145,0.28838624018545106
1.0,125,8.862269254527579,0.5977960659447497,0.3746976523407879
1.0,126,8.862269254527579,0.5469920135744112,0.46767070486767687
1.0,127,8.862269254527579,0.4998994473150334,0.24092607702929858
1.1,0,8.05660841320689,0.29667897687216893,0.19370892623949945
1.1,1,8.05660841320689,0.2917378358651129,0.22108287436978843
1.1,2,8.05660841320689,0.4028038270878292,0.17829590912286636
1.1,3,8.05660841320689,0.2356015767838606,0.3303858815379846
1.1,4,8.05660841320689,0.22701599209342305,0.10470387455111234
1.1,5,8.05660841320689,0.5603537553309155,0.4304727314323096
1.1,6,8.05660841320689,0.3105969177503237,0.2976037747384273
1.1,7,8.05660841320689,0.36336779706947253,0.34653058485722404
1.1,8,8.05660841320689,0.5449624911974306,0.21668850707738319
1.1,9,8.05660841320689,0.41937832699759076,0.20363272885706554
1.1,10,8.05660841320689,0.7668953452909019,0.3277587898088398
1.1,11,8.05660841320689,0.1947197041100429,0.3405102912984337
1.1,12,8.05660841320689,0.2380918792253144,0.19395860234514495
1.1,13,8.05660841320689,0.28217077520858364,0.50563007339556
1.1,14,8.05660841320689,0.4824713698885273,0.22103899226496887
1.1,15,8.05660841320689,0.31392914709485614,0.1827280778235144
1.1,16,8.05660841320689,0.31827545189856477,0.5520138132001745
1.1,17,8.05660841320689,0.23744900316164072,0.23102897323573365
1.1,18,8.05660841320689,0.5002927254113376,0.18702672043061666
1.1,19,8.05660841320689,0.7594526277376655,0.335601522679926
1.1,20,8.05660841320689,0.26378777004381987,0.5499417371978145
1.1,21,8.05660841320689,0.3484571146544865,0.14983728699781615
1.1,22,8.05660841320689,0.6926273357058942,0.33939315090099714
1.1,23,8.05660841320689,0.5758583128191526,0.47288720970547016
1.1,24,8.05660841320689,0.19392801432206183,0.17979388736903495
1.1,25,8.05660841320689,0.2545495206999777,0.3056523286179744
1.1,26,8.05660841320689,0.37090998964155913,0.20037586876445715
1.1,27,8.05660841320689,0.2946700487349374,0.3047942863638975
1.1,28,8.05660841320689,0.25712773656375604,0.17664679763774668
1.1,29,8.05660841320689,0.21986613693459217,0.2763766334365879
1.1,30,8.05660841320689,0.3733137128153957,0.16000636884872743
1.1,31,8.05660841320689,0.3311202884972489,0.26048291160026554
1.1,32,8.05660841320689,0.23182366163966808,0.19388254785619644
1.1,33,8.05660841320689,0.5788271709599457,0.4609654484090093
1.1,34,8.05660841320689,0.33508336176068354,0.24742712089263422
1.1,35,8.05660841320689,0.22100269413401125,0.15957978136484463
1.1,36,8.05660841320689,0.171865491876532,0.28611177915351643
1.1,37,8.05660841320689,0.2501415729701314,0.2165407404265341
1.1,38,8.05660841320689,0.2551654753381536,0.12496159967814241
1.1,39,8.05660841320689,0.24993694758276885,0.20179842410915463
1.1,40,8.05660841320689,0.16957397827731205,0.16216253253505303
1.1,41,8.05660841320689,0.35557368157591035,0.18370759405311238
1.1,42,8.05660841320689,0.3636463688678565,0.18197672404977489
1.1,43,8.05660841320689,0.5076226672174057,0.22294557524246517
1.1,44,8.05660841320689,0.3146860173897262,0.1565386817157671
1.1,45,8.05660841320689,0.4184311588413943,0.44418866218752157
1.1,46,8.05660841320689,0.3995357205905784,0.2532997454319884
1.1,47,8.05660841320689,0.20767558552552154,0.49402575956059325
1.1,48,8.05660841320689,0.411593989552319,0.2629871126928078
1.1,49,8.05660841320689,0.2203193340033865,0.16591572491695258
1.1,50,8.05660841320689,0.2444029247981989,0.27972436867057654
1.1,51,8.05660841320689,0.24043788563852606,0.2811602235319697
1.1,52,8.05660841320689,0.4102789293287491,0.37149701197049223
1.1,53,8.05660841320689,0.23703972115384267,0.35545678269389497
1.1,54,8.05660841320689,0.3250517385094433,0.18743558440854777
1.1,55,8.05660841320689,0.5388964746522722,0.33135308451332374
1.1,56,8.05660841320689,0.20292592638350446,0.28859774609701844
1.1,57,8.05660841320689,0.171457054586697,0.2883277019009013
1.1,58,8.05660841320689,0.3582752458706159,0.3505354662263628
1.1,59,8.05660841320689,0.5587698788495461,0.16834003045655843
1.1,60,8.05660841320689,0.5365284567098428,0.16060687980091626
1.1,61,8.05660841320689,0.34416596741181743,0.26342313573761417
1.1,62,8.05660841320689,0.44073826852241743,0.30143409336974797
1.1,63,8.05660841320689,0.3430503616840997,0.25099683351591184
1.1,64,8.05660841320689,0.2015467672392055,0.2509747674118855
1.1,65,8.05660841320689,0.33338915410835274,0.3424051419656632
1.1,66,8.05660841320689,0.49289247904867417,0.36198762027802805
1.1,67,8.05660841320689,0.610967741105493,0.21324148118481956
1.1,68,8.05660841320689,0.22014248915438964,0.1876062483089934
1.1,69,8.05660841320689,0.2634501125035999,0.271107137309985
1.1,70,8.05660841320689,0.16801617419673825,0.20989696380715692
1.1,71,8.05660841320689,0.3193856723904857,0.3934271464731557
1.1,72,8.05660841320689,0.673506576754373,0.25853749834141115
1.1,73,8.05660841320689,0.4002853093564772,0.23494501579458232
1.1,74,8.05660841320689,0.1951140406307095,0.23417847985091236
1.1,75,8.05660841320689,0.18286177518606223,0.5375573104274309
1.1,76,8.05660841320689,0.30251297198888927,0.23231638107626829
1.1,77,8.05660841320689,0.28219383650344004,0.33430163119700484
1.1,78,8.05660841320689,0.399547449484283,0.254293333390571
1.1,79,8.05660841320689,0.31710263413445594,0.18363458921198217
1.1,80,8.05660841320689,0.44252996144278817,0.2742829792087474
1.1,81,8.05660841320689,0.39061941618659685,0.31221788977446774
1.1,82,8.05660841320689,0.2837313358970561,0.2877516628026023
1.1,83,8.05660841320689,0.3069082636028083,0.16864794839048397
1.1,84,8.05660841320689,0.5963964325927386,0.16580014556414138
1.1,85,8.05660841320689,0.17896311525918518,0.18095066274675858
1.1,86,8.05660841320689,0.23130303751183662,0.3390227459083914
1.1,87,8.05660841320689,0.5393111007827132,0.20421725389315493
1.1,88,8.05660841320689,0.28456135832245855,0.16462460859120248
1.1,89,8.05660841320689,0.24845146675918606,0.2795182152862037
1.1,90,8.05660841320689,0.4086447479757641,0.2108365591424012
1.1,91,8.05660841320689,0.2907968042239696,0.28216911665307204
1.1,92,8.05660841320689,0.49028470497805815,0.7544708048746126
1.1,93,8.05660841320689,0.1285408356597016,0.14496519823075935
1.1,94,8.05660841320689,0.20481760144906486,0.1612063060114936
1.1,95,8.05660841320689,0.3071287374717132,0.3046837929758617
1.1,96,8.05660841320689,0.5240839892352154,0.2986658578287891
1.1,97,8.05660841320689,0.4272768984503938,0.2409090098579894
1.1,98,8.05660841320689,0.4125117181871177,0.3153035531916789
1.1,99,8.05660841320689,0.154256835464394,0.12950367795714765
1.1,100,8.05660841320689,0.21328268759820768,0.32057046778844966
1.1,101,8.05660841320689,0.3297393343175067,0.303446202108858
1.1,102,8.05660841320689,0.41547099560381817,0.5599021687666484
1.1,103,8.05660841320689,0.4740958573945179,0.40168313032000247
1.1,104,8.05660841320689,0.27602821701720204,0.16309206665092812
1.1,105,8.05660841320689,0.158725061921543,0.1776002113037203
1.1,106,8.05660841320689,0.2891111925219606,0.29834069801987617
1.1,107,8.05660841320689,0.1370854729946201,0.16595205819409387
1.1,108,8.05660841320689,0.4298522780345502,0.267202731266413
1.1,109,8.05660841320689,0.23772580582759226,0.23741222069067297
1.1,110,8.05660841320689,0.23693426434468387,0.19535184868626848
1.1,111,8.05660841320689,0.21894874622305655,0.24770451033961127
1.1,112,8.05660841320689,0.22562782992993038,0.23590275176164024
1.1,113,8.05660841320689,0.3702671977610681,0.4342029550870469
1.1,114,8.05660841320689,0.5550844020488521,0.13911337220335276
1.1,115,8.05660841320689,0.31779061119908375,0.3336981449096229
1.1,116,8.05660841320689,0.25975221059643255,0.1642024576582385
1.1,117,8.05660841320689,0.32068312544509553,0.20492717875232586
1.1,118,8.05660841320689,0.25917986842939245,0.2706580204890188
1.1,119,8.05660841320689,0.44892270846564414,0.3395994933546736
1.1,120,8.05660841320689,0.4950826404608871,0.3607123097727299
1.1,121,8.05660841320689,0.4594080817170504,0.2611828487499912
1.1,122,8.05660841320689,0.3669051974476672,0.2583149518363004
1.1,123,8.05660841320689,0.4373015455843994,0.21613213136945353
1.1,124,8.05660841320689,0.3427154731128162,0.16546783565731257
1.1,125,8.05660841320689,0.487134243391561,0.23426802845175376
1.1,126,8.05660841320689,0.5600413127632254,0.24211174599950236
1.1,127,8.05660841320689,0.3538426316194615,0.1788456941841426
1.2,0,7.385224378772983,0.19711288770838328,0.22893843728121044
1.2,1,7.385224378772983,0.35117082242490116,0.5591601116106527
1.2,2,7.385224378772983,0.22140339399461179,0.3672420060088863
1.2,3,7.385224378772983,0.17231016860517578,0.2804980405307519
1.2,4,7.385224378772983,0.2665786932409629,0.318074232503102
1.2,5,7.385224378772983,0.20091166067853103,0.23834949447678075
1.2,6,7.385224378772983,0.32927216044101787,0.23703973097512507
1.2,7,7.385224378772983,0.3526845711281361,0.2424773413828047
1.2,8,7.385224378772983,0.5018581231618545,0.24886246228265047
1.2,9,7.385224378772983,0.17479691133126415,0.1438552534528748
1.2,10,7.385224378772983,0.4574852756453618,0.26998805379824975
1.2,11,7.385224378772983,0.21089951501475723,0.14871334836795483
1.2,12,7.385224378772983,0.21169660013223845,0.22110651259164968
1.2,13,7.385224378772983,0.17140459436105349,0.19483919737242922
1.2,14,7.385224378772983,0.3566456658623715,0.3057080555344696
1.2,15,7.385224378772983,0.5181070154445516,0.282571349127573
1.2,16,7.385224378772983,0.43066596417874453,0.18385133033028284
1.2,17,7.385224378772983,0.3942039709406139,0.5053170173633014
1.2,18,7.385224378772983,0.2151296496852173,0.26757130815566754
1.2,19,7.385224378772983,0.4797347181386552,0.21679749992385441
1.2,20,7.385224378772983,0.2217801737640802,0.1680064622842439
1.2,21,7.385224378772983,0.40758557471893064,0.209189367663034
1.2,22,7.385224378772983,0.3911583324246549,0.20667084398935343
1.2,23,7.385224378772983,0.2881284811979656,0.187848575040059
1.2,24,7.385224378772983,0.1720588006605946,0.19667384028225618
1.2,25,7.385224378772983,0.4600218980101142,0.25398551124245855
1.2,26,7.385224378772983,0.35860508675515307,0.2694951342283624
1.2,27,7.385224378772983,0.4014222353930628,0.3562620901226459
1.2,28,7.385224378772983,0.4916885430744655,0.20172985456907083
1.2,29,7.385224378772983,0.4272621501817344,0.22236725336874158
1.2,30,7.385224378772983,0.12721830871478282,0.14367024314783106
1.2,31,7.385224378772983,0.3496636431802508,0.2558101000423779
1.2,32,7.385224378772983,0.26487643552166984,0.4749538404278588
1.2,33,7.385224378772983,0.1657934585352355,0.2731741255704481
1.2,34,7.385224378772983,0.17722247104334898,0.23688628279035684
1.2,35,7.385224378772983,0.21914269339675613,0.3588763498828269
1.2,36,7.385224378772983,0.6040949612100015,0.4350021228331016
1.2,37,7.385224378772983,0.37233079019354903,0.2157662021123874
1.2,38,7.385224378772983,0.24980860829682433,0.30244850167938514
1.2,39,7.385224378772983,0.2894293234329785,0.2745430319141114
1.2,40,7.385224378772983,0.4850433834463495,0.24969195347302484
1.2,41,7.385224378772983,0.28088452362717753,0.2849230779145565
1.2,42,7.385224378772983,0.3184034063521601,0.45281108264420744
1.2,43,7.385224378772983,0.25877339057736387,0.40955552188202726
1.2,44,7.385224378772983,0.24642518218217854,0.2304976261506121
1.2,45,7.385224378772983,0.24871911510057423,0.3315935346566764
1.2,46,7.385224378772983,0.2918185640028016,0.3561640261054112
1.2,47,7.385224378772983,0.35614860099392914,0.19979506366241773
1.2,48,7.385224378772983,0.2728788717239326,0.2402679182150729
1.2,49,7.385224378772983,0.2390278257944825,0.28592537646660166
1.2,50,7.385224378772983,0.2656853633758652,0.4350479313393439
1.2,51,7.385224378772983,0.2755206204579352,0.18697469531124863
1.2,52,7.385224378772983,0.49666421739014016,0.193633799784443
1.2,53,7.385224378772983,0.407105371678001,0.19630252184293975
1.2,54,7.385224378772983,0.22845543872360874,0.25799992774789204
1.2,55,7.385224378772983,0.2786529564022602,0.19279790633755928
1.2,56,7.385224378772983,0.30469560078058505,0.25189106014209334
1.2,57,7.385224378772983,0.1831567223854354,0.18722508889153636
1.2,58,7.385224378772983,0.29860406208955187,0.15131253821775525
1.2,59,7.385224378772983,0.364759928191449,0.43196428487821126
1.2,60,7.385224378772983,0.5634266994799666,0.3061156894891194
1.2,61,7.385224378772983,0.20180902574767934,0.28020945365025124
1.2,62,7.385224378772983,0.31010222465018084,0.6359692307151883
1.2,63,7.385224378772983,0.2437211056536323,0.4527888832772769
1.2,64,7.385224378772983,0.19581255902862515,0.2638767584880768
1.2,65,7.385224378772983,0.4977478924292493,0.21106253001661812
1.2,66,7.385224378772983,0.2990371656997603,0.3729487250527173
1.2,67,7.385224378772983,0.21647256289716746,0.27781351488838113
1.2,68,7.385224378772983,0.24859370915780898,0.21794734446002065
1.2,69,7.385224378772983,0.3894342118978104,0.2993702731541345
1.2,70,7.385224378772983,0.14409155135014146,0.2690496230178762
1.2,71,7.385224378772983,0.615034580188953,0.16737923188716586
1.2,72,7.385224378772983,0.23436719994528687,0.18746717594373283
1.2,73,7.385224378772983,0.3669055781529008,0.19012462584797762
1.2,74,7.385224378772983,0.15013323771498596,0.22291380405014763
1.2,75,7.385224378772983,0.3083055384901177,0.2199312020793721
1.2,76,7.385224378772983,0.41441305773954423,0.6026034771005956
1.2,77,7.385224378772983,0.17287352734830924,0.13046196416018407
1.2,78,7.385224378772983,0.26234814973083564,0.4016543822724891
1.2,79,7.385224378772983,0.38749796358831046,0.2543222186354219
1.2,80,7.385224378772983,0.14886224329869938,0.18252638558695292
1.2,81,7.385224378772983,0.46932097458708255,0.32847518460512937
1.2,82,7.385224378772983,0.29856147640605984,0.27196711302046256
1.2,83,7.385224378772983,0.39184363990957344,0.22853751667022526
1.2,84,7.385224378772983,0.28449249295059453,0.2618252725766152
1.2,85,7.385224378772983,0.2242141519336286,0.2737773946339204
1.2,86,7.385224378772983,0.2383702371819548,0.2481040957538976
1.2,87,7.385224378772983,0.3493156889980131,0.2567708759714966
1.2,88,7.385224378772983,0.2186420909392181,0.1919578344928052
1.2,89,7.385224378772983,0.3013362526855073,0.25861906692113745
1.2,90,7.385224378772983,0.4750388584939077,0.32810911632825557
1.2,91,7.385224378772983,0.23404794559614242,0.23831138244644243
1.2,92,7.385224378772983,0.20475905809111378,0.27736195782549955
1.2,93,7.385224378772983,0.19731916620776183,0.18024989824141244
1.2,94,7.385224378772983,0.5334822898487868,0.25237152948202984
1.2,95,7.385224378772983,0.1684948524614001,0.2692187779313319
1.2,96,7.385224378772983,0.35972847042673395,0.2416661330320415
1.2,97,7.385224378772983,0.32910119328076587,0.27968915079339307
1.2,98,7.385224378772983,0.38254657093525485,0.2143829716033739
1.2,99,7.385224378772983,0.1698258603758633,0.3651842362669155
1.2,100,7.385224378772983,0.18361999181519592,0.4823885432659362
1.2,101,7.385224378772983,0.5790067143555504,0.16807575152798973
1.2,102,7.385224378772983,0.23641390079847396,0.24850347393323102
1.2,103,7.385224378772983,0.3740465709630273,0.17442428662341455
1.2,104,7.385224378772983,0.3921455094891355,0.22097603012064163
1.2,105,7.385224378772983,0.14976408829085563,0.3345370781048158
1.2,106,7.385224378772983,0.5817269148442713,0.12554279997194812
1.2,107,7.385224378772983,0.3481521484492152,0.5427252039119518
1.2,108,7.385224378772983,0.19485873807902515,0.4747484665334829
1.2,109,7.385224378772983,0.11805623926690842,0.21284915569302287
1.2,110,7.385224378772983,0.299811369739595,0.19672155328471705
1.2,111,7.385224378772983,0.21178111132245364,0.47492991819604463
1.2,112,7.385224378772983,0.27458459782728634,0.23870468413788565
1.2,113,7.385224378772983,0.5496641172441729,0.2752574627963375
1.2,114,7.385224378772983,0.3979759730356621,0.22953165592615898
1.2,115,7.385224378772983,0.3159362700791321,0.20486498381745397
1.2,116,7.385224378772983,0.41916638970790854,0.24925376973566477
1.2,117,7.385224378772983,0.28854436681229373,0.2387364090285765
1.2,118,7.385224378772983,0.2691330767472026,0.17154070834637225
1.2,119,7.385224378772983,0.21803285554725882,0.19549761267686364
1.2,120,7.385224378772983,0.4736802027649567,0.37059928559178995
1.2,121,7.385224378772983,0.23129757123031383,0.2538796045734936
1.2,122,7.385224378772983,0.25477992744555766,0.3537924421093622
1.2,123,7.385224378772983,0.1316355359276204,0.1895315082715508
1.2,124,7.385224378772983,0.2973520811403046,0.634973404538221
1.2,125,7.385224378772983,0.4536349553999881,0.3157978197477733
1.2,126,7.385224378772983,0.3713231169448025,0.2415620104211895
1.2,127,7.385224378772983,0.13551609137904358,0.33165616295199707
1.3,0,6.817130195790445,0.43956406297304956,0.26330677096351446
1.3,1,6.817130195790445,0.2855943246355571,0.3101047507306676
1.3,2,6.817130195790445,0.3422933108620163,0.18039922433336322
1.3,3,6.817130195790445,0.25461254885325235,0.15824148195791007
1.3,4,6.817130195790445,0.18287990055411607,0.37292467537601537
1.3,5,6.817130195790445,0.14740480266690775,0.3048992102926688
1.3,6,6.817130195790445,0.3161109450533378,0.14905268850763395
1.3,7,6.817130195790445,0.18045583745458363,0.31987313587913274
1.3,8,6.817130195790445,0.4084167205090073,0.22251359032713136
1.3,9,6.817130195790445,0.177228714505354,0.3205043204425048
1.3,10,6.817130195790445,0.5003886883367656,0.4645102532574034
1.3,11,6.817130195790445,0.38477832253976424,0.32324894571049495
1.3,12,6.817130195790445,0.14202501479653723,0.19401661242872295
1.3,13,6.817130195790445,0.22037263697213336,0.20650711671160046
1.3,14,6.817130195790445,0.335231855679398,0.4717588583646536
1.3,15,6.817130195790445,0.1804816973568825,0.20899746468299063
1.3,16,6.817130195790445,0.29172915671513744,0.27848522315267926
1.3,17,6.817130195790445,0.16553426761713708,0.3247249375183345
1.3,18,6.817130195790445,0.25454544534442597,0.32944466427388575
1.3,19,6.817130195790445,0.36976626255768225,0.12862801311323963
1.3,20,6.817130195790445,0.191189027751349,0.1398583448848987
1.3,21,6.817130195790445,0.46914395724549857,0.16244330589810144
1.3,22,6.817130195790445,0.3117076119295571,0.3066669528512627
1.3,23,6.817130195790445,0.19011918936967695,0.299453847877267
1.3,24,6.817130195790445,0.4496345630144765,0.24128306947286876
1.3,25,6.817130195790445,0.3800193774556258,0.4524095229188465
1.3,26,6.817130195790445,0.47675600820231406,0.2614831644011982
1.3,27,6.817130195790445,0.2413033535721464,0.28068373045879835
1.3,28,6.817130195790445,0.2784967049389233,0.20558055549625062
1.3,29,6.817130195790445,0.24079765996884656,0.38562795150216345
1.3,30,6.817130195790445,0.23222102519216767,0.3287715484938423
1.3,31,6.817130195790445,0.14224610192274734,0.22042617203736867
1.3,32,6.817130195790445,0.1779555079142505,0.30781103149738653
1.3,33,6.817130195790445,0.10853207356106624,0.15244055240647295
1.3,34,6.817130195790445,0.23788097677384254,0.24069343315106426
1.3,35,6.817130195790445,0.2318245808289302,0.14436506430869256
1.3,36,6.817130195790445,0.19379042187461593,0.1777039652104288
1.3,37,6.817130195790445,0.1875309699009147,0.24622742422646698
1.3,38,6.817130195790445,0.31114563295275893,0.49508650670294435
1.3,39,6.817130195790445,0.1509179164305668,0.1670003729221935
1.3,40,6.817130195790445,0.1285955321059851,0.11725273421264397
1.3,41,6.817130195790445,0.24762681510645934,0.17987395034894976
1.3,42,6.817130195790445,0.3158557286593053,0.20340136042171406
1.3,43,6.817130195790445,0.5694766351088778,0.7615260090731082
1.3,44,6.817130195790445,0.3508452407978502,0.23322962561957722
1.3,45,6.817130195790445,0.30345008195685513,0.1252926924003378
1.3,46,6.817130195790445,0.22096359883488423,0.253948617479599
1.3,47,6.817130195790445,0.2781487315595309,0.3780269068936025
1.3,48,6.817130195790445,0.27026473074678736,0.27488783824947444
1.3,49,6.817130195790445,0.2011407469233165,0.20345733686426404
1.3,50,6.817130195790445,0.30081958424619787,0.18491013777797044
1.3,51,6.817130195790445,0.5511691697560729,0.16937448924186735
1.3,52,6.817130195790445,0.5259008446970979,0.18715861972741454
1.3,53,6.817130195790445,0.18042866522844225,0.16658596328093736
1.3,54,6.817130195790445,0.18282321022330048,0.3636988896731779
1.3,55,6.817130195790445,0.24511839121065132,0.15199493791456495
1.3,56,6.817130195790445,0.14683532303598276,0.2099143820205763
1.3,57,6.817130195790445,0.32935840611698913,0.16930388286731066
1.3,58,6.817130195790445,0.2944031789094189,0.17495194618083584
1.3,59,6.817130195790445,0.15646949917229697,0.22959106173361454
1.3,60,6.817130195790445,0.25223704586696,0.22223547781101496
1.3,61,6.817130195790445,0.17414903589135075,0.18976229607268674
1.3,62,6.817130195790445,0.21904503204184966,0.17273715614499707
1.3,63,6.817130195790445,0.28251967662988065,0.24788317540220875
1.3,64,6.817130195790445,0.19898265241564264,0.24210632978990868
1.3,65,6.817130195790445,0.1914996837973913,0.14730559085775008
1.3,66,6.817130195790445,0.298481386376994,0.3099436127042362
1.3,67,6.817130195790445,0.38901977345519556,0.2784328056910922
1.3,68,6.817130195790445,0.16769718912022524,0.30607538726749145
1.3,69,6.817130195790445,0.2228769700243345,0.3690690763847943
1.3,70,6.817130195790445,0.26715686034633734,0.19665369277586578
1.3,71,6.817130195790445,0.20389843283843778,0.14497695421120563
1.3,72,6.817130195790445,0.364741198318049,0.3144906257076625
1.3,73,6.817130195790445,0.3962513382698676,0.16656672813791099
1.3,74,6.817130195790445,0.3049512307119662,0.21296662259166813
1.3,75,6.817130195790445,0.17504305209239365,0.1437257928909952
1.3,76,6.817130195790445,0.21652302998125508,0.32072150942710376
1.3,77,6.817130195790445,0.1374823352415392,0.18838867915022414
1.3,78,6.817130195790445,0.2647570577901901,0.23681670013660572
1.3,79,6.817130195790445,0.15545636026946238,0.13725889007159664
1.3,80,6.817130195790445,0.18905668199943376,0.30788165571910525
1.3,81,6.817130195790445,0.1846166475463554,0.17614157952621762
1.3,82,6.817130195790445,0.5104976905916245,0.2533264966385202
1.3,83,6.817130195790445,0.15196382297858316,0.1531757647861235
1.3,84,6.817130195790445,0.3108524123740939,0.26795360192821155
1.3,85,6.817130195790445,0.15561290092675045,0.1360977019267504
1.3,86,6.817130195790445,0.2983964678143357,0.2549815218190825
1.3,87,6.817130195790445,0.5138310694097872,0.19841731462382156
1.3,88,6.817130195790445,0.2725879811029784,0.18743607998490602
1.3,89,6.817130195790445,0.2540168704902267,0.16073819603479367
1.3,90,6.817130195790445,0.35366531190903766,0.503450164038347
1.3,91,6.817130195790445,0.21454382638921077,0.1849356003891272
1.3,92,6.817130195790445,0.3946305955969817,0.24204485186057972
1.3,93,6.817130195790445,0.22042083538956855,0.25417832751633085
1.3,94,6.817130195790445,0.23768507487684395,0.1804423174308916
1.3,95,6.817130195790445,0.20165645788940464,0.29665857624569375
1.3,96,6.817130195790445,0.3158698896443034,0.5990426687468048
1.3,97,6.817130195790445,0.22861649031928255,0.24665220359743162
1.3,98,6.817130195790445,0.3647079303625513,0.29375834923670435
1.3,99,6.817130195790445,0.1626047078025918,0.23705010106172789
1.3,100,6.817130195790445,0.38542715620306234,0.35064923135851317
1.3,101,6.817130195790445,0.1533990376412664,0.22437225188917168
1.3,102,6.817130195790445,0.45280650652762455,0.3029175991096366
1.3,103,6.817130195790445,0.17744988493029548,0.14804725156201165
1.3,104,6.817130195790445,0.28956589368973296,0.5640580078746995
1.3,105,6.817130195790445,0.14047826203326913,0.14192547656450008
1.3,106,6.817130195790445,0.21445133093684687,0.4015820405547363
1.3,107,6.817130195790445,0.2293603272099749,0.2153296585245407
1.3,108,6.817130195790445,0.2550827021553139,0.2406116854949149
1.3,109,6.817130195790445,0.23166482724871462,0.14529161591270373
1.3,110,6.817130195790445,0.32551234876326335,0.21791682421418865
1.3,111,6.817130195790445,0.4090611520336735,0.22035198065219747
1.3,112,6.817130195790445,0.265801569209036,0.17322418966530886
1.3,113,6.817130195790445,0.37221471762635927,0.730838332771862
1.3,114,6.817130195790445,0.20348220040060938,0.1159796568548662
1.3,115,6.817130195790445,0.3194873039227566,0.4775521026876941
1.3,116,6.817130195790445,0.19437294394234853,0.19188189351428556
1.3,117,6.817130195790445,0.48365716172256284,0.37545969307403604
1.3,118,6.817130195790445,0.31601873566847505,0.11745850707137448
1.3,119,6.817130195790445,0.1194285610425115,0.4580785286920992
1.3,120,6.817130195790445,0.17622262591812665,0.23889463565998934
1.3,121,6.817130195790445,0.2798106323148345,0.14360231700713177
1.3,122,6.817130195790445,0.3024934967218077,0.38139797313565527
1.3,123,6.817130195790445,0.3348182150976386,0.28854124332572123
1.3,124,6.817130195790445,0.409740802587182,0.33545061032676576
1.3,125,6.817130195790445,0.27526340072825983,0.2484905310567667
1.3,126,6.817130195790445,0.17545771930261822,0.17788065950079568
1.3,127,6.817130195790445,0.26272126562300196,0.22438381164264953
1.4,0,6.330192324662557,0.40996314213785817,0.15623103640218355
1.4,1,6.330192324662557,0.3766385898747915,0.3052595321231241
1.4,2,6.330192324662557,0.2276396058267559,0.14772690295780358
1.4,3,6.330192324662557,0.22328674565677945,0.18212276433671762
1.4,4,6.330192324662557,0.28317215109237337,0.5676400392420144
1.4,5,6.330192324662557,0.38381434203886894,0.17643679347840802
1.4,6,6.330192324662557,0.17060716753838226,0.4331196461225437
1.4,7,6.330192324662557,0.6507184956505588,0.2467955173189864
1.4,8,6.330192324662557,0.27043694383981237,0.1781266198326245
1.4,9,6.330192324662557,0.2199840766647083,0.16740515051019117
1.4,10,6.330192324662557,0.20001429801437995,0.23072940822901766
1.4,11,6.330192324662557,0.1994233475184024,0.17298707848212627
1.4,12,6.330192324662557,0.2201738344951333,0.1385060432257155
1.4,13,6.330192324662557,0.3213127701492386,0.3429589871163711
1.4,14,6.330192324662557,0.5961069543274764,0.5017881372879403
1.4,15,6.330192324662557,0.348359217360391,0.29825298073181916
1.4,16,6.330192324662557,0.30678773325039554,0.2233758451211052
1.4,17,6.330192324662557,0.24240276562869456,0.1452049222640492
1.4,18,6.330192324662557,0.2629508501413394,0.20312770686208634
1.4,19,6.330192324662557,0.29253698000907186,0.46739966844525754
1.4,20,6.330192324662557,0.19089417193069805,0.2748643307144076
1.4,21,6.330192324662557,0.3675645132392971,0.2017585856217267
1.4,22,6.330192324662557,0.6026196225401633,0.14634586318122964
1.4,23,6.330192324662557,0.14486248056048678,0.10731127116589999
1.4,24,6.330192324662557,0.26426500385784757,0.2503394887649699
1.4,25,6.330192324662557,0.1544535593494677,0.20433962395474087
1.4,26,6.330192324662557,0.5080662413105673,0.36384044053289094
1.4,27,6.330192324662557,0.21620168674805454,0.19812138740663948
1.4,28,6.330192324662557,0.3212998586525383,0.15062541523889628
1.4,29,6.330192324662557,0.2761142600720762,0.1859009778509532
1.4,30,6.330192324662557,0.24582719465140665,0.30112923686281656
1.4,31,6.330192324662557,0.37287878843267463,0.1864946909975579
1.4,32,6.330192324662557,0.2081950011862496,0.21573057297469597
1.4,33,6.330192324662557,0.1640482641335611,0.30355325300043046
1.4,34,6.330192324662557,0.3697706312218396,0.35974004960182676
1.4,35,6.330192324662557,0.4023393642453502,0.19857543178559756
1.4,36,6.330192324662557,0.24594614618635746,0.2428809359816754
1.4,37,6.330192324662557,0.22954003823945057,0.2932002513669021
1.4,38,6.330192324662557,0.49334429051046375,0.20886422564892365
1.4,39,6.330192324662557,0.145862405903488,0.22358835284871212
1.4,40,6.330192324662557,0.1991252018528404,0.14959294863645042
1.4,41,6.330192324662557,0.18225602400501378,0.3758320899678397
1.4,42,6.330192324662557,0.21127822799990725,0.21494995952321708
1.4,43,6.330192324662557,0.2372092204352107,0.18033946452506153
1.4,44,6.330192324662557,0.2076197388843126,0.43443741544551745
1.4,45,6.330192324662557,0.1434769435422282,0.16349561083883551
1.4,46,6.330192324662557,0.310081382831668,0.1461464009203948
1.4,47,6.330192324662557,0.12338512765912243,0.15468718185785768
1.4,48,6.330192324662557,0.23074265776932518,0.3295161471390881
1.4,49,6.330192324662557,0.2952860417607415,0.40111467524770894
1.4,50,6.330192324662557,0.27360176823860216,0.273158863778782
1.4,51,6.330192324662557,0.30531800299567236,0.10634277705436086
1.4,52,6.330192324662557,0.3108339418990205,0.26135944313362147
1.4,53,6.330192324662557,0.25361991717424565,0.4740520355390822
1.4,54,6.330192324662557,0.4456082768809922,0.16976042052191248
1.4,55,6.330192324662557,0.40128721308660903,0.2864294647610212
1.4,56,6.330192324662557,0.2060223998853348,0.3052434597348602
1.4,57,6.330192324662557,0.26672195829689244,0.18184107160917456
1.4,58,6.330192324662557,0.2017518684557203,0.2993958552545241
1.4,59,6.330192324662557,0.2138846800658406,0.3206788539471741
1.4,60,6.330192324662557,0.14314606732446852,0.17206813774353952
1.4,61,6.330192324662557,0.24774269618832812,0.1450762376018229
1.4,62,6.330192324662557,0.1642730496859256,0.21279278737463714
1.4,63,6.330192324662557,0.657673992980824,0.1438066160723313
1.4,64,6.330192324662557,0.2897185310463249,0.19803881663827302
1.4,65,6.330192324662557,0.12026544080344391,0.1785047462423966
1.4,66,6.330192324662557,0.26756117377411565,0.28481798345266623
1.4,67,6.330192324662557,0.2969506697969528,0.12154291215001684
1.4,68,6.330192324662557,0.34879301770518395,0.45541863175049874
1.4,69,6.330192324662557,0.2943629628495091,0.2792567899650261
1.4,70,6.330192324662557,0.1533067006396226,0.19130817738957867
1.4,71,6.330192324662557,0.1499939260052168,0.19277119774807444
1.4,72,6.330192324662557,0.24445093948170668,0.18533559030564237
1.4,73,6.330192324662557,0.32494611937657925,0.44072103623582637
1.4,74,6.330192324662557,0.14255211382994815,0.21138453646439842
1.4,75,6.330192324662557,0.3898456958507586,0.2226819094559822
1.4,76,6.330192324662557,0.19184719156205843,0.22043818779867522
1.4,77,6.330192324662557,0.09945930193333322,0.3305813374235501
1.4,78,6.330192324662557,0.4746075646156191,0.2587191673072408
1.4,79,6.330192324662557,0.25803160414278825,0.20939764107120523
1.4,80,6.330192324662557,0.3800903435141136,0.26499906775231724
1.4,81,6.330192324662557,0.2601530109418752,0.1104605852262127
1.4,82,6.330192324662557,0.24798783551073228,0.2096531700573976
1.4,83,6.330192324662557,0.14767955027223806,0.19924024018705397
1.4,84,6.330192324662557,0.45543831272963864,0.15234148893402
1.4,85,6.330192324662557,0.2161992923834263,0.14905576423529573
1.4,86,6.330192324662557,0.40318506465933596,0.3448925215294517
1.4,87,6.330192324662557,0.20981141259331365,0.2619031933620967
1.4,88,6.330192324662557,0.2723863105821463,0.16344634500225447
1.4,89,6.330192324662557,0.21048547220241284,0.31947043394523167
1.4,90,6.330192324662557,0.20016972225518428,0.2014678609383293
1.4,91,6.330192324662557,0.20470067272358777,0.11793880513790612
1.4,92,6.330192324662557,0.27232451638544625,0.20007322997062038
1.4,93,6.330192324662557,0.1627133534665744,0.34425021424135105
1.4,94,6.330192324662557,0.18184771466710728,0.11231780515928652
1.4,95,6.330192324662557,0.1602032976678134,0.16918303683774838
1.4,96,6.330192324662557,0.14485816973376392,0.13904354535424393
1.4,97,6.330192324662557,0.1257732872455076,0.2603293422969527
1.4,98,6.330192324662557,0.29825586105712315,0.21062794013451946
1.4,99,6.330192324662557,0.2428452316617215,0.15056339023347562
1.4,100,6.330192324662557,0.18189630420265526,0.23573329721457872
1.4,101,6.330192324662557,0.38025116092049077,0.3976348460163068
1.4,102,6.330192324662557,0.5293452994065617,0.2936160235287034
1.4,103,6.330192324662557,0.1522071366736843,0.13046083327810978
1.4,104,6.330192324662557,0.19768773340671913,0.18501030701598747
1.4,105,6.330192324662557,0.30665714673641,0.1937805026115849
1.4,106,6.330192324662557,0.38609282295049785,0.17175589607402914
1.4,107,6.330192324662557,0.23710233669151443,0.24016376644466697
1.4,108,6.330192324662557,0.5123293814978813,0.15916002471757207
1.4,109,6.330192324662557,0.17571639984338736,0.16534475823335962
1.4,110,6.330192324662557,0.45907724881004824,0.25265701040220756
1.4,111,6.330192324662557,0.30479683003297764,0.21136147821336723
1.4,112,6.330192324662557,0.15376486422461982,0.27756419630453555
1.4,113,6.330192324662557,0.2306797793418502,0.27630137478396966
1.4,114,6.330192324662557,0.5344672648753104,0.17393698815582512
1.4,115,6.330192324662557,0.32589705043229944,0.37285590868204077
1.4,116,6.330192324662557,0.3077649447848138,0.28791360908860675
1.4,117,6.330192324662557,0.25738113841004834,0.23823846863301731
1.4,118,6.330192324662557,0.20950509952329943,0.14522787931618367
1.4,119,6.330192324662557,0.45524589561416007,0.14858699498477648
1.4,120,6.330192324662557,0.20943282865141585,0.15272408329574086
1.4,121,6.330192324662557,0.20616522992129419,0.3248998624495134
1.4,122,6.330192324662557,0.19675203658616097,0.26523123686968153
1.4,123,6.330192324662557,0.31349836600374387,0.1341309245648814
1.4,124,6.330192324662557,0.1909945848584365,0.1556667329980536
1.4,125,6.330192324662557,0.468686986146863,0.408903101409106
1.4,126,6.330192324662557,0.32832854510825127,0.1560923984591813
1.4,127,6.330192324662557,0.6794638997348851,0.18145940886350062
1.5,0,5.908179503018386,0.14574537439420812,0.2151613886570715
1.5,1,5.908179503018386,0.19893653794486318,0.26718621448312785
1.5,2,5.908179503018386,0.21600163239284795,0.26936600788752074
1.5,3,5.908179503018386,0.48886478657689453,0.28110699937874645
1.5,4,5.908179503018386,0.10479573992052589,0.22469971250429008
1.5,5,5.908179503018386,0.14501795154735495,0.20030339611847314
1.5,6,5.908179503018386,0.5749989177571783,0.22973866335991056
1.5,7,5.908179503018386,0.3038777342915582,0.25050867582728914
1.5,8,5.908179503018386,0.46508556272672347,0.19343876601990614
1.5,9,5.908179503018386,0.26125282915087883,0.25268359126752843
1.5,10,5.908179503018386,0.20912765367379849,0.23351032155037107
1.5,11,5.908179503018386,0.2934016606048973,0.43358806811420497
1.5,12,5.908179503018386,0.6600039979001403,0.2129502833446402
1.5,13,5.908179503018386,0.3181952283903637,0.2427806868702671
1.5,14,5.908179503018386,0.30664771864701307,0.16660401539032205
1.5,15,5.908179503018386,0.2661352174503624,0.16073156210663217
1.5,16,5.908179503018386,0.3526886232412784,0.2005667498209386
1.5,17,5.908179503018386,0.14695509840408338,0.31631522411821994
1.5,18,5.908179503018386,0.2736110079584933,0.3212867793688329
1.5,19,5.908179503018386,0.33356709792725203,0.15637976744870605
1.5,20,5.908179503018386,0.2560956766296145,0.2566756375148407
1.5,21,5.908179503018386,0.5551540655193985,0.20588218813726403
1.5,22,5.908179503018386,0.35491387973225375,0.5212891249621846
1.5,23,5.908179503018386,0.21429805906330346,0.2607703301596624
1.5,24,5.908179503018386,0.28525568024000697,0.16937237963837393
1.5,25,5.908179503018386,0.1647411395489012,0.28488567634240036
1.5,26,5.908179503018386,0.20871919660202254,0.24879792169464054
1.5,27,5.908179503018386,0.25438929314736985,0.35352786677207965
1.5,28,5.908179503018386,0.1687137424918345,0.18049424223070712
1.5,29,5.908179503018386,0.18491810753490978,0.21742174642003764
1.5,30,5.908179503018386,0.28828148111500507,0.1437953029183171
1.5,31,5.908179503018386,0.20010680939882342,0.24120218913638827
1.5,32,5.908179503018386,0.22136063311493748,0.24370900092868555
1.5,33,5.908179503018386,0.239128436505088,0.15642522063520262
1.5,34,5.908179503018386,0.26129492162048523,0.16354206068956068
1.5,35,5.908179503018386,0.46047929431586637,0.3079436402043468
1.5,36,5.908179503018386,0.425090112625645,0.2293022915887045
1.5,37,5.908179503018386,0.18992271345047437,0.11851523769202099
1.5,38,5.908179503018386,0.27848791593707467,0.2283700115186735
1.5,39,5.908179503018386,0.21347990562447614,0.5333653889547773
1.5,40,5.908179503018386,0.24807099777672426,0.23954579070976237
1.5,41,5.908179503018386,0.19880115342024587,0.21890267718524883
1.5,42,5.908179503018386,0.21527638438903876,0.12381863845533374
1.5,43,5.908179503018386,0.23128415906567837,0.29902904670944314
1.5,44,5.908179503018386,0.4220888950865269,0.2917587766776381
1.5,45,5.908179503018386,0.2761381102428763,0.19101743994080445
1.5,46,5.908179503018386,0.12173572823495783,0.16942823731934167
1.5,47,5.908179503018386,0.27347938316724046,0.15021456581846604
1.5,48,5.908179503018386,0.32393661384782524,0.17632416767104528
1.5,49,5.908179503018386,0.16839659914999108,0.15944640321991155
1.5,50,5.908179503018386,0.30154230912291063,0.22083618044280084
1.5,51,5.908179503018386,0.27718182913903566,0.15580672355453237
1.5,52,5.908179503018386,0.19972434876002568,0.16007125863561106
1.5,53,5.908179503018386,0.3692983995653505,0.43951234753700946
1.5,54,5.908179503018386,0.3706255511273004,0.1797557954326612
1.5,55,5.908179503018386,0.3239030238573058,0.12909722821277123
1.5,56,5.908179503018386,0.2864547061519809,0.1288942967876299
1.5,57,5.908179503018386,0.4353293803487082,0.18185732114096173
1.5,58,5.908179503018386,0.2912314461908085,0.31120031288132943
1.5,59,5.908179503018386,0.2163701973022517,0.27372725737266584
1.5,60,5.908179503018386,0.11852486080150665,0.1817880241225096
1.5,61,5.908179503018386,0.13384181511512108,0.17653935944068824
1.5,62,5.908179503018386,0.23396544271172895,0.26868955650589266
1.5,63,5.908179503018386,0.1670947479511494,0.13386257768556323
1.5,64,5.908179503018386,0.1946118780796607,0.3753785993210606
1.5,65,5.908179503018386,0.20959312494312077,0.12672298752687616
1.5,66,5.908179503018386,0.30772026699380833,0.16928947309678977
1.5,67,5.908179503018386,0.1563273308412414,0.2301388474994388
1.5,68,5.908179503018386,0.24668144042828447,0.26588171467781874
1.5,69,5.908179503018386,0.14199234058911922,0.14919079418066156
1.5,70,5.908179503018386,0.28757764838937233,0.2834764353523123
1.5,71,5.908179503018386,0.4988825436660267,0.2377029213472083
1.5,72,5.908179503018386,0.2677211979923524,0.15241063470474422
1.5,73,5.908179503018386,0.5439188412308725,0.43162686859559446
1.5,74,5.908179503018386,0.26080153587720284,0.12872306928675759
1.5,75,5.908179503018386,0.18526624405462133,0.2076451055183323
1.5,76,5.908179503018386,0.21276206578730672,0.2252244182763682
1.5,77,5.908179503018386,0.19673524579172916,0.11914544528337041
1.5,78,5.908179503018386,0.23345307134315574,0.22544834473950126
1.5,79,5.908179503018386,0.33321160695456326,0.4062635349824361
1.5,80,5.908179503018386,0.21891789964127514,0.19278362963888648
1.5,81,5.908179503018386,0.29527682283220374,0.1878479071258001
1.5,82,5.908179503018386,0.24097080015737546,0.15155717207952535
1.5,83,5.908179503018386,0.2523601963145099,0.12362001837343846
1.5,84,5.908179503018386,0.15694352427347433,0.17106808374099802
1.5,85,5.908179503018386,0.3538286844745526,0.29219189020300496
1.5,86,5.908179503018386,0.26600006576416685,0.3791624942098388
1.5,87,5.908179503018386,0.26861431909571065,0.4250824084010656
1.5,88,5.908179503018386,0.29457575671252034,0.20048972024608505
1.5,89,5.908179503018386,0.22790352519659596,0.1655412963537963
1.5,90,5.908179503018386,0.4988332483328084,0.17818406524905636
1.5,91,5.908179503018386,0.19187557317226214,0.2980834154396511
1.5,92,5.908179503018386,0.15017728208335251,0.2965730722122033
1.5,93,5.908179503018386,0.21671322062699683,0.30449532051078604
1.5,94,5.908179503018386,0.3287960693986083,0.25911616629278567
1.5,95,5.908179503018386,0.16054767932097422,0.19571857194441575
1.5,96,5.908179503018386,0.32457703385244335,0.09640564898136668
1.5,97,5.908179503018386,0.24815677024538071,0.2891955167562847
1.5,98,5.908179503018386,0.15638151206063797,0.15161238804652738
1.5,99,5.908179503018386,0.1832094752817431,0.2216051867208854
1.5,100,5.908179503018386,0.31646832572944933,0.13357558789184734
1.5,101,5.908179503018386,0.3964601067305569,0.3013037636923825
1.5,102,5.908179503018386,0.35862641371923615,0.28766797376064157
1.5,103,5.908179503018386,0.4946456629748041,0.1648246996662406
1.5,104,5.908179503018386,0.3837208421614478,0.29707279008808646
1.5,105,5.908179503018386,0.2886191734991955,0.15985550449208616
1.5,106,5.908179503018386,0.18046904654317752,0.12466179136290308
1.5,107,5.908179503018386,0.11008654417981119,0.22107189928583074
1.5,108,5.908179503018386,0.2122243990785678,0.21541821286980226
1.5,109,5.908179503018386,0.2947522892579104,0.14847556454225735
1.5,110,5.908179503018386,0.18771199503102856,0.14014616703935837
1.5,111,5.908179503018386,0.216541450233372,0.2688853758276388
1.5,112,5.908179503018386,0.25436746557728496,0.332565929743194
1.5,113,5.908179503018386,0.40842002324261967,0.1910124719875169
1.5,114,5.908179503018386,0.14469412140974056,0.22428969435720955
1.5,115,5.908179503018386,0.2168207527536267,0.29270238347713845
1.5,116,5.908179503018386,0.1405100279854668,0.11798535072541987
1.5,117,5.908179503018386,0.35559312152689526,0.22999538720840249
1.5,118,5.908179503018386,0.6092994287273056,0.1447794754448292
1.5,119,5.908179503018386,0.20934805649609503,0.13284375704924292
1.5,120,5.908179503018386,0.2745599296626948,0.21911164285501009
1.5,121,5.908179503018386,0.24910188792550247,0.25748031550966555
1.5,122,5.908179503018386,0.31648990715247355,0.6341682287815219
1.5,123,5.908179503018386,0.3378886545241877,0.1377858253068742
1.5,124,5.908179503018386,0.1955238879196378,0.3289406410599542
1.5,125,5.908179503018386,0.2715892614744427,0.15603056906542911
1.5,126,5.908179503018386,0.556078117326969,0.3352773694394275
1.5,127,5.908179503018386,0.24483503313133378,0.6341708492593646
1.6,0,5.538918284079736,0.2004558836408421,0.23937145723557018
1.6,1,5.538918284079736,0.29152211733777617,0.21862667904323188
1.6,2,5.538918284079736,0.26498266846769175,0.3163756022487584
1.6,3,5.538918284079736,0.34841041454679156,0.35126390446643435
1.6,4,5.538918284079736,0.30563667421662766,0.5619763250871584
1.6,5,5.538918284079736,0.1136726923855675,0.08303971899639344
1.6,6,5.538918284079736,0.3565894777554113,0.10640736387927265
1.6,7,5.538918284079736,0.2235539027865821,0.11674085883503514
1.6,8,5.538918284079736,0.22303568519021275,0.206882731130003
1.6,9,5.538918284079736,0.14658312752464375,0.27757798598528527
1.6,10,5.538918284079736,0.19707622259254381,0.33392126280762974
1.6,11,5.538918284079736,0.16147361303484542,0.23515460613937908
1.6,12,5.538918284079736,0.30304625806795343,0.3262552571485498
1.6,13,5.538918284079736,0.1677424370282804,0.3010496716454619
1.6,14,5.538918284079736,0.19745226681922196,0.17976892943166428
1.6,15,5.538918284079736,0.18097081782829488,0.29410806685829033
1.6,16,5.538918284079736,0.09384461354072356,0.2033652791882965
1.6,17,5.538918284079736,0.18345137011316257,0.1337914155628614
1.6,18,5.538918284079736,0.10725993287686299,0.32623467562624187
1.6,19,5.538918284079736,0.22762876603997242,0.1432089958234244
1.6,20,5.538918284079736,0.2773544523967697,0.23389394260172364
1.6,21,5.538918284079736,0.24140914526552043,0.25450414766250873
1.6,22,5.538918284079736,0.21076261394296844,0.2659557674714412
1.6,23,5.538918284079736,0.13531537568482901,0.3119745526907197
1.6,24,5.538918284079736,0.26713469616077323,0.17012728280161288
1.6,25,5.538918284079736,0.11518167592685605,0.2466720136174524
1.6,26,5.538918284079736,0.22154405686725073,0.25566607424009014
1.6,27,5.538918284079736,0.15975341837516263,0.47819618755764887
1.6,28,5.538918284079736,0.1845324275131026,0.3049236919494962
1.6,29,5.538918284079736,0.379960900484141,0.15575286354495346
1.6,30,5.538918284079736,0.11076262251929947,0.13084202852641325
1.6,31,5.538918284079736,0.1378435370728128,0.16533008994215462
1.6,32,5.538918284079736,0.33702725134522077,0.20479881449010168
1.6,33,5.538918284079736,0.10935823766949802,0.22565257061954155
1.6,34,5.538918284079736,0.18418792612297244,0.5272958949266169
1.6,35,5.538918284079736,0.11742290437148295,0.14196615132051088
1.6,36,5.538918284079736,0.2138921088594649,0.12506040140044647
1.6,37,5.538918284079736,0.1520771363602655,0.34914445274790745
1.6,38,5.538918284079736,0.3954049850151048,0.2538004130964225
1.6,39,5.538918284079736,0.3909571327569981,0.13312751886139923
1.6,40,5.538918284079736,0.2189119580485819,0.198218620367535
1.6,41,5.538918284079736,0.4993364656882621,0.15192039156916876
1.6,42,5.538918284079736,0.3052221320258919,0.40047879096038436
1.6,43,5.538918284079736,0.2823196983906053,0.1634490277660918
1.6,44,5.538918284079736,0.1825118409214322,0.2821063527988594
1.6,45,5.538918284079736,0.2262405608362245,0.14943203018849582
1.6,46,5.538918284079736,0.20182790828265956,0.37026763879858887
1.6,47,5.538918284079736,0.10078611561643076,0.234821497756894
1.6,48,5.538918284079736,0.18637819817587026,0.17588293360644525
1.6,49,5.538918284079736,0.18777759136140237,0.1660944906359888
1.6,50,5.538918284079736,0.26301295010849,0.17469330232928562
1.6,51,5.538918284079736,0.3229444571179661,0.2659932244668763
1.6,52,5.538918284079736,0.3970277576701764,0.12952855611987543
1.6,53,5.538918284079736,0.2258851757895898,0.3678839935491466
1.6,54,5.538918284079736,0.16731090357704653,0.13085847446493623
1.6,55,5.538918284079736,0.10296741395201546,0.12158080614067648
1.6,56,5.538918284079736,0.17538905173631048,0.29051190700484814
1.6,57,5.538918284079736,0.18000338295481424,0.1371623158275061
1.6,58,5.538918284079736,0.12146695552902612,0.16831888703595838
1.6,59,5.538918284079736,0.13928473464883318,0.17905618343353594
1.6,60,5.538918284079736,0.20180781878834464,0.20611917454753714
1.6,61,5.538918284079736,0.24920524001563235,0.23932084988978225
1.6,62,5.538918284079736,0.17938983627041363,0.17087454897558713
1.6,63,5.538918284079736,0.2646637837375394,0.16988547059596548
1.6,64,5.538918284079736,0.36039456263114267,0.1466220773228351
1.6,65,5.538918284079736,0.10833852486758322,0.15987062712114572
1.6,66,5.538918284079736,0.33825186707958066,0.3263099445762957
1.6,67,5.538918284079736,0.23334560168880006,0.17254125662161982
1.6,68,5.538918284079736,0.27495210199286424,0.24997352788993998
1.6,69,5.538918284079736,0.14106492052412475,0.18114592007236446
1.6,70,5.538918284079736,0.23487613770001947,0.18680252971406228
1.6,71,5.538918284079736,0.22823740435805276,0.18782380369269247
1.6,72,5.538918284079736,0.17954235036255276,0.2450783267576164
1.6,73,5.538918284079736,0.16555528880489687,0.1213441068702088
1.6,74,5.538918284079736,0.2231838773402509,0.3829432931422176
1.6,75,5.538918284079736,0.25989298223981416,0.09366083123148049
1.6,76,5.538918284079736,0.36321546895394363,0.2069932435983786
1.6,77,5.538918284079736,0.49393784248968037,0.4227539856543443
1.6,78,5.538918284079736,0.31597212928172747,0.19778519434827244
1.6,79,5.538918284079736,0.23695521133847056,0.19505806233721534
1.6,80,5.538918284079736,0.1750692651372449,0.29562931165182044
1.6,81,5.538918284079736,0.3964112894773034,0.20594305564917045
1.6,82,5.538918284079736,0.1379109724041692,0.4867680654661403
1.6,83,5.538918284079736,0.12078470475943005,0.1869835614867498
1.6,84,5.538918284079736,0.22764986348041655,0.18661815618307614
1.6,85,5.538918284079736,0.08859567562128977,0.1807202794640173
1.6,86,5.538918284079736,0.14264935035707943,0.26255111810266546
1.6,87,5.538918284079736,0.21516296886046343,0.12982060127829867
1.6,88,5.538918284079736,0.2514248551976567,0.2369548530909412
1.6,89,5.538918284079736,0.2392840740222477,0.15492753317011385
1.6,90,5.538918284079736,0.24190631853483824,0.34504630056470015
1.6,91,5.538918284079736,0.23304140895729109,0.18038358692522086
1.6,92,5.538918284079736,0.18430601401833466,0.11038175160934457
1.6,93,5.538918284079736,0.2623015774970483,0.23444967314411275
1.6,94,5.538918284079736,0.30883736516096133,0.1761668438479683
1.6,95,5.538918284079736,0.19206951873179126,0.1466356623030086
1.6,96,5.538918284079736,0.20435041028485817,0.23693562564249973
1.6,97,5.538918284079736,0.16004475746055408,0.12612484542676752
1.6,98,5.538918284079736,0.1898519172513329,0.12405073312174451
1.6,99,5.538918284079736,0.1963785902211846,0.21014268672874845
1.6,100,5.538918284079736,0.3796065593779278,0.2114990193213042
1.6,101,5.538918284079736,0.09755081844668896,0.1436666059808979
1.6,102,5.538918284079736,0.27285938344687694,0.25652231392855496
1.6,103,5.538918284079736,0.16795974013728823,0.13054288267064146
1.6,104,5.538918284079736,0.44241946561305157,0.09188652102305492
1.6,105,5.538918284079736,0.16248321848747208,0.13112598263586633
1.6,106,5.538918284079736,0.23694416301986132,0.24449726169442149
1.6,107,5.538918284079736,0.20283225779247605,0.16558805989326306
1.6,108,5.538918284079736,0.2771925635302608,0.1943941167383805
1.6,109,5.538918284079736,0.1784125065912998,0.2108825903251633
1.6,110,5.538918284079736,0.1395768478545857,0.41478940172733847
1.6,111,5.538918284079736,0.28193344951991606,0.15792110547968702
1.6,112,5.538918284079736,0.4066864969059969,0.2681156189091967
1.6,113,5.538918284079736,0.13997409717765408,0.19302439293840223
1.6,114,5.538918284079736,0.3439638040010566,0.4316996313743319
1.6,115,5.538918284079736,0.15553572631278115,0.18155569092213225
1.6,116,5.538918284079736,0.14083637879594088,0.14659148152097312
1.6,117,5.538918284079736,0.4533916125430053,0.1711987989878549
1.6,118,5.538918284079736,0.12520163160507264,0.192037834511979
1.6,119,5.538918284079736,0.27998566312931183,0.2770520124778673
1.6,120,5.538918284079736,0.18169849045837616,0.12608314703152323
1.6,121,5.538918284079736,0.2172228586116114,0.31329446229524055
1.6,122,5.538918284079736,0.12471353485671337,0.15855574522509705
1.6,123,5.538918284079736,0.2857672054995371,0.15994438536629088
1.6,124,5.538918284079736,0.1612934627185079,0.09453323957036396
1.6,125,5.538918284079736,0.32105050614270286,0.17303658823337542
1.6,126,5.538918284079736,0.1300317127912632,0.21926067060584734
1.6,127,5.538918284079736,0.2692601795633978,0.2671581554843722
1.7,0,5.213099561486811,0.2836389822931527,0.19058067467165882
1.7,1,5.213099561486811,0.29897315550843084,0.14686303172356996
1.7,2,5.213099561486811,0.36432941819035514,0.2431407744288753
1.7,3,5.213099561486811,0.2107806827287414,0.14363023379821924
1.7,4,5.213099561486811,0.13524354551459467,0.18518756361418812
1.7,5,5.213099561486811,0.3551607214387237,0.4252504859991072
1.7,6,5.213099561486811,0.40430881921704065,0.19373466183620672
1.7,7,5.213099561486811,0.19098983042481826,0.12382563072792446
1.7,8,5.213099561486811,0.1427578917896075,0.1809895640078259
1.7,9,5.213099561486811,0.1569776458176877,0.22332351116350602
1.7,10,5.213099561486811,0.19663981704013173,0.18499321420174608
1.7,11,5.213099561486811,0.45807983467735464,0.2608725699616171
1.7,12,5.213099561486811,0.34566827366245895,0.12083500314454883
1.7,13,5.213099561486811,0.09755509152176405,0.09709252165971366
1.7,14,5.213099561486811,0.12031908738441993,0.2408200730878572
1.7,15,5.213099561486811,0.3045159241814992,0.26942638409091973
1.7,16,5.213099561486811,0.22542852841075986,0.1191612531107578
1.7,17,5.213099561486811,0.13800676504308612,0.19974772780751154
1.7,18,5.213099561486811,0.24156095252786236,0.3762850406286799
1.7,19,5.213099561486811,0.41004069737347376,0.193623835784926
1.7,20,5.213099561486811,0.14650711649165987,0.18240633122558114
1.7,21,5.213099561486811,0.30150299456948454,0.20812069854626444
1.7,22,5.213099561486811,0.38158932734828177,0.3425805384568516
1.7,23,5.213099561486811,0.15548181662741759,0.14931110176472198
1.7,24,5.213099561486811,0.34912243992721625,0.17080551713727413
1.7,25,5.213099561486811,0.16252044794996573,0.12132091490495525
1.7,26,5.213099561486811,0.1873052795595381,0.21288109026691318
1.7,27,5.213099561486811,0.1679883646535159,0.18041367078287363
1.7,28,5.213099561486811,0.12789358118995192,0.1573090188605498
1.7,29,5.213099561486811,0.11504656768796884,0.1221820928638323
1.7,30,5.213099561486811,0.5239388575894282,0.24447407217609626
1.7,31,5.213099561486811,0.20527663615799352,0.1401240277587597
1.7,32,5.213099561486811,0.13481348510255242,0.11690582216152753
1.7,33,5.213099561486811,0.17302227556130084,0.11770426906150976
1.7,34,5.213099561486811,0.3750664626063901,0.23580363207215085
1.7,35,5.213099561486811,0.17348709451813765,0.21492037670369032
1.7,36,5.213099561486811,0.23948738000478823,0.13954987975982733
1.7,37,5.213099561486811,0.1807067235756984,0.20422030979408273
1.7,38,5.213099561486811,0.5595161344477044,0.4581155668325247
1.7,39,5.213099561486811,0.13589695550577852,0.25143874977685965
1.7,40,5.213099561486811,0.1688026637785243,0.14828755595016355
1.7,41,5.213099561486811,0.3070539857129576,0.213271186711799
1.7,42,5.213099561486811,0.3219473940017895,0.17598415617832797
1.7,43,5.213099561486811,0.11988924552925635,0.22218543305494332
1.7,44,5.213099561486811,0.19865395129506835,0.15536564115148643
1.7,45,5.213099561486811,0.19786137759754738,0.14517597078537994
1.7,46,5.213099561486811,0.1279213007426091,0.24754124731860683
1.7,47,5.213099561486811,0.19636689950069036,0.22943150469833484
1.7,48,5.213099561486811,0.23003445188026045,0.11972443816303244
1.7,49,5.213099561486811,0.2001390899775706,0.2187581379783336
1.7,50,5.213099561486811,0.13715050265969486,0.13254130945287154
1.7,51,5.213099561486811,0.17802480298395826,0.305498462964699
1.7,52,5.213099561486811,0.1799776373736731,0.13704657208464135
1.7,53,5.213099561486811,0.47027933308047737,0.32514938067826354
1.7,54,5.213099561486811,0.14343974634648476,0.17124806362612036
1.7,55,5.213099561486811,0.16850735199080266,0.15957527195950352
1.7,56,5.213099561486811,0.2443878161023938,0.1738769591008401
1.7,57,5.213099561486811,0.3515704687212084,0.17755923245742056
1.7,58,5.213099561486811,0.1531124540552817,0.28348483771078603
1.7,59,5.213099561486811,0.40462741092444465,0.10425193192747075
1.7,60,5.213099561486811,0.1423146808457443,0.4094183137144612
1.7,61,5.213099561486811,0.220035688866606,0.3070542529999742
1.7,62,5.213099561486811,0.20687571330491328,0.17390438136872702
1.7,63,5.213099561486811,0.22397665521799154,0.19805554426215194
1.7,64,5.213099561486811,0.12015890942686021,0.19961180380323065
1.7,65,5.213099561486811,0.222973904424915,0.23401712400356764
1.7,66,5.213099561486811,0.3108744590318897,0.17834689644177124
1.7,67,5.213099561486811,0.22737852656502533,0.32978173425854646
1.7,68,5.213099561486811,0.31110814000865783,0.45265272203629975
1.7,69,5.213099561486811,0.13812005386205753,0.16857783687639682
1.7,70,5.213099561486811,0.16944904397858582,0.1471697104087765
1.7,71,5.213099561486811,0.4537205380064341,0.17122159055925268
1.7,72,5.213099561486811,0.18024132635299256,0.25369880418032487
1.7,73,5.213099561486811,0.14322867645773923,0.19164207665218433
1.7,74,5.213099561486811,0.3071641750702988,0.32394795083386735
1.7,75,5.213099561486811,0.23764651012267612,0.582378040998402
1.7,76,5.213099561486811,0.20963312249860608,0.13616030903404902
1.7,77,5.213099561486811,0.16482701860975346,0.11467566863607583
1.7,78,5.213099561486811,0.10187534090656729,0.12801458854320946
1.7,79,5.213099561486811,0.11313153563075701,0.17578733668665478
1.7,80,5.213099561486811,0.19589888883242515,0.2229993603315801
1.7,81,5.213099561486811,0.18142120553336502,0.19637904651715268
1.7,82,5.213099561486811,0.098714335670741,0.25517144899823596
1.7,83,5.213099561486811,0.221010734130057,0.15947425510549887
1.7,84,5.213099561486811,0.20914558313256373,0.11334499140372317
1.7,85,5.213099561486811,0.3966938528971535,0.12787583796853902
1.7,86,5.213099561486811,0.18853327052369132,0.18841731328812691
1.7,87,5.213099561486811,0.1819304960146461,0.22027583669330691
1.7,88,5.213099561486811,0.3223889132906022,0.19437930114432644
1.7,89,5.213099561486811,0.26940567279594085,0.19090536786164627
1.7,90,5.213099561486811,0.2059649941316629,0.3137927525977794
1.7,91,5.213099561486811,0.32019339242088846,0.16597720124070497
1.7,92,5.213099561486811,0.13591076676244793,0.1807755408528787
1.7,93,5.213099561486811,0.2563808838083412,0.44462565350505917
1.7,94,5.213099561486811,0.1797990132878827,0.17951435991442105
1.7,95,5.213099561486811,0.18130544254728304,0.1379738353160117
1.7,96,5.213099561486811,0.3170633689452384,0.13702218262354388
1.7,97,5.213099561486811,0.36119911741514105,0.19001283633920404
1.7,98,5.213099561486811,0.12206319238771757,0.14242624511644109
1.7,99,5.213099561486811,0.26168818136229016,0.22749876075385544
1.7,100,5.213099561486811,0.25030307403176005,0.21074706725638115
1.7,101,5.213099561486811,0.2515949326599745,0.1755538568695009
1.7,102,5.213099561486811,0.2928515249810708,0.21445018768622554
1.7,103,5.213099561486811,0.1722223937048771,0.1453629914328861
1.7,104,5.213099561486811,0.12180772083810626,0.1048988360022503
1.7,105,5.213099561486811,0.4312609544682257,0.14126886792162288
1.7,106,5.213099561486811,0.33322262291009747,0.20571448903704476
1.7,107,5.213099561486811,0.5165325219138133,0.24483748230604932
1.7,108,5.213099561486811,0.41808680366096235,0.1370124737385152
1.7,109,5.213099561486811,0.22127386800789425,0.16238727339475256
1.7,110,5.213099561486811,0.16528858186303028,0.28478706965651973
1.7,111,5.213099561486811,0.35910266441711747,0.10043548195502586
1.7,112,5.213099561486811,0.3910436191566859,0.196941804125519
1.7,113,5.213099561486811,0.49628180368204744,0.13614086590399313
1.7,114,5.213099561486811,0.19204159368038162,0.17619567771793299
1.7,115,5.213099561486811,0.1384578520719492,0.18255688808569207
1.7,116,5.213099561486811,0.19475363157213774,0.31336682976348784
1.7,117,5.213099561486811,0.2622774542044924,0.12112715140257238
1.7,118,5.213099561486811,0.25885966371127467,0.3905783692871731
1.7,119,5.213099561486811,0.15361072290990965,0.49446018587599233
1.7,120,5.213099561486811,0.13946168627283223,0.29117110304366867
1.7,121,5.213099561486811,0.21927363062288033,0.24841433646538225
1.7,122,5.213099561486811,0.15738886575418268,0.13336675268726597
1.7,123,5.213099561486811,0.19490545225219416,0.31071127752672323
1.7,124,5.213099561486811,0.22530335686943972,0.1879722482872957
1.7,125,5.213099561486811,0.18035054605067144,0.11667631435216881
1.7,126,5.213099561486811,0.31406260854531576,0.1379693361308234
1.7,127,5.213099561486811,0.1687399859734232,0.1782782714225154
1.8,0,4.923482919181988,0.1260164908296986,0.22366408760091716
1.8,1,4.923482919181988,0.2709873727303817,0.15917573984480016
1.8,2,4.923482919181988,0.1949556199636937,0.2373537258547285
1.8,3,4.923482919181988,0.22694851427448332,0.1337390476568968
1.8,4,4.923482919181988,0.1971197877557031,0.3542160292410147
1.8,5,4.923482919181988,0.1651428279359717,0.2302929507195959
1.8,6,4.923482919181988,0.14016973848777578,0.18002388756086088
1.8,7,4.923482919181988,0.17149197828968044,0.13035112019372
1.8,8,4.923482919181988,0.16357600913441678,0.17008818742438522
1.8,9,4.923482919181988,0.1401073959744982,0.41131714037073297
1.8,10,4.923482919181988,0.10925710102574623,0.17949827368399104
1.8,11,4.923482919181988,0.12923083471195984,0.21112507662615618
1.8,12,4.923482919181988,0.28559581706129267,0.24172871018003972
1.8,13,4.923482919181988,0.4878075120926079,0.16571567108972898
1.8,14,4.923482919181988,0.2165365933712872,0.17500833082168113
1.8,15,4.923482919181988,0.15669630628150713,0.29001839994860207
1.8,16,4.923482919181988,0.19650009954102612,0.15294949041344183
1.8,17,4.923482919181988,0.19595692194114367,0.19192192485590318
1.8,18,4.923482919181988,0.16651195226015197,0.2334280025883305
1.8,19,4.923482919181988,0.21874444943843632,0.11535938761242062
1.8,20,4.923482919181988,0.15683277925497582,0.13198611661468182
1.8,21,4.923482919181988,0.1539530399865612,0.22128548279748156
1.8,22,4.923482919181988,0.19166775087304114,0.18781381295391505
1.8,23,4.923482919181988,0.11481630479991656,0.21933663821825347
1.8,24,4.923482919181988,0.19451758695511437,0.26093204228403777
1.8,25,4.923482919181988,0.14099296712075635,0.21964356758443426
1.8,26,4.923482919181988,0.11816233937669085,0.21062796765686398
1.8,27,4.923482919181988,0.17750605450193252,0.22818640956785294
1.8,28,4.923482919181988,0.3019715894668534,0.19863128951266887
1.8,29,4.923482919181988,0.16798660334678223,0.1169665235705807
1.8,30,4.923482919181988,0.14815154986441365,0.13140679533522173
1.8,31,4.923482919181988,0.2243198940198385,0.16568887120497644
1.8,32,4.923482919181988,0.14807366307598716,0.16713981173957945
1.8,33,4.923482919181988,0.15310824091033887,0.18074924060507339
1.8,34,4.923482919181988,0.30185354414461674,0.17375759356977963
1.8,35,4.923482919181988,0.11823053405683419,0.28786629092305027
1.8,36,4.923482919181988,0.10749636715250786,0.24214739166239008
1.8,37,4.923482919181988,0.1340454340193649,0.39430346910803554
1.8,38,4.923482919181988,0.2206637846843545,0.167784578761456
1.8,39,4.923482919181988,0.3095413401508294,0.30187074974948436
1.8,40,4.923482919181988,0.14115313387047937,0.1000483838491011
1.8,41,4.923482919181988,0.3294499801994578,0.15452850968658582
1.8,42,4.923482919181988,0.25437396746967056,0.11828289573403418
1.8,43,4.923482919181988,0.24421075656947283,0.12978296069095832
1.8,44,4.923482919181988,0.2565326131575365,0.15699509943580045
1.8,45,4.923482919181988,0.12014338859347834,0.14471461227310878
1.8,46,4.923482919181988,0.38373207657303776,0.13933834909382753
1.8,47,4.923482919181988,0.11525011237652383,0.1618682370495072
1.8,48,4.923482919181988,0.14132851904363788,0.1474856251791845
1.8,49,4.923482919181988,0.17830920760648122,0.23945800487731433
1.8,50,4.923482919181988,0.27740824986695767,0.13265797048036326
1.8,51,4.923482919181988,0.16119344947566766,0.13239952985591033
1.8,52,4.923482919181988,0.258543858902444,0.2106512282567177
1.8,53,4.923482919181988,0.2552717239726408,0.12364102598841853
1.8,54,4.923482919181988,0.16510163189386282,0.10950632026306227
1.8,55,4.923482919181988,0.11697850093740142,0.13230692720999515
1.8,56,4.923482919181988,0.12560463487839488,0.10010094011209783
1.8,57,4.923482919181988,0.13594455762175314,0.2908192768386788
1.8,58,4.923482919181988,0.21944012929830486,0.15911672874571986
1.8,59,4.923482919181988,0.23746447199019632,0.15393443396312503
1.8,60,4.923482919181988,0.26854473451955635,0.21071073999103515
1.8,61,4.923482919181988,0.2140754871410537,0.3301438111921319
1.8,62,4.923482919181988,0.22050262548602348,0.223364832042892
1.8,63,4.923482919181988,0.15236195128111474,0.12446215662157055
1.8,64,4.923482919181988,0.293450934766902,0.1794556037954879
1.8,65,4.923482919181988,0.15075874235339334,0.2155197633378167
1.8,66,4.923482919181988,0.2461280792255309,0.19428868166269567
1.8,67,4.923482919181988,0.22312878011488316,0.24002817334323434
1.8,68,4.923482919181988,0.2697342062718928,0.1820830877254583
1.8,69,4.923482919181988,0.20562363006197001,0.13176644638849921
1.8,70,4.923482919181988,0.23979903225773996,0.16899034507666894
1.8,71,4.923482919181988,0.31497283661120107,0.25339096853600235
1.8,72,4.923482919181988,0.49991210082720167,0.3208222776589653
1.8,73,4.923482919181988,0.1709638084532345,0.2023447379544137
1.8,74,4.923482919181988,0.1590311829267522,0.3656245193618157
1.8,75,4.923482919181988,0.09163738941843792,0.14289630785547483
1.8,76,4.923482919181988,0.2489028630284057,0.2971322840214073
1.8,77,4.923482919181988,0.17242468256774948,0.12921146872257241
1.8,78,4.923482919181988,0.1448679515513632,0.20420363347680387
1.8,79,4.923482919181988,0.3403155922635586,0.2746209602396487
1.8,80,4.923482919181988,0.34031734403549113,0.29387995223045194
1.8,81,4.923482919181988,0.1926375966306186,0.3587024508404978
1.8,82,4.923482919181988,0.09676353174115446,0.09748529941693376
1.8,83,4.923482919181988,0.20623512921229056,0.10743087622646182
1.8,84,4.923482919181988,0.10428283801063151,0.12178979448471754
1.8,85,4.923482919181988,0.2900372169634504,0.17945150060792595
1.8,86,4.923482919181988,0.3120878991389021,0.19837460757119774
1.8,87,4.923482919181988,0.20086208788531598,0.42328543987011924
1.8,88,4.923482919181988,0.1538425717588395,0.3402951440885612
1.8,89,4.923482919181988,0.13739950157234665,0.26977864483503966
1.8,90,4.923482919181988,0.11814387046017003,0.1062212613404283
1.8,91,4.923482919181988,0.22400878384748227,0.21142455943286337
1.8,92,4.923482919181988,0.23863704039623185,0.2341879045203244
1.8,93,4.923482919181988,0.15268685212166905,0.3542350638761313
1.8,94,4.923482919181988,0.23538494292764087,0.16549801474410736
1.8,95,4.923482919181988,0.12092139905168667,0.136013733124326
1.8,96,4.923482919181988,0.20231625298922007,0.1303422600846455
1.8,97,4.923482919181988,0.1776049292662859,0.20589631081451182
1.8,98,4.923482919181988,0.1816656713914173,0.1713232715622441
1.8,99,4.923482919181988,0.12917945826018967,0.1283237367578716
1.8,100,4.923482919181988,0.3633127798726305,0.30184438858683593
1.8,101,4.923482919181988,0.20765353514655727,0.21995461373983335
1.8,102,4.923482919181988,0.1220454632804979,0.1386093035243753
1.8,103,4.923482919181988,0.3270070668580407,0.19390356496165032
1.8,104,4.923482919181988,0.10976336314448312,0.13953752300271738
1.8,105,4.923482919181988,0.3061436277755329,0.2619439106967496
1.8,106,4.923482919181988,0.1937940705367301,0.2949776266973241
1.8,107,4.923482919181988,0.3393554267859813,0.20080462255008605
1.8,108,4.923482919181988,0.2166269162646945,0.13908005870990064
1.8,109,4.923482919181988,0.17608581702481485,0.16099852149846258
1.8,110,4.923482919181988,0.3249034587483045,0.1906252122317283
1.8,111,4.923482919181988,0.49611042980196995,0.1939491046475359
1.8,112,4.923482919181988,0.0988047109975449,0.12688161247392693
1.8,113,4.923482919181988,0.146473555156698,0.17357530161460916
1.8,114,4.923482919181988,0.17589022458126657,0.1812873227530913
1.8,115,4.923482919181988,0.22404849691615775,0.1417840475294389
1.8,116,4.923482919181988,0.327501869079658,0.18825651665267865
1.8,117,4.923482919181988,0.12890445670884645,0.2978589469640274
1.8,118,4.923482919181988,0.29745389084018903,0.24717865237469722
1.8,119,4.923482919181988,0.16135144265137422,0.09912841866117833
1.8,120,4.923482919181988,0.13440000923692272,0.26927348616981617
1.8,121,4.923482919181988,0.1447916123923211,0.14601509606570964
1.8,122,4.923482919181988,0.28240708642658874,0.21830803035315055
1.8,123,4.923482919181988,0.2922647779691117,0.16067185542096216
1.8,124,4.923482919181988,0.17678503128952358,0.2499404946920615
1.8,125,4.923482919181988,0.11558666464010764,0.12030171099399917
1.8,126,4.923482919181988,0.1278533614832839,0.11329880199545897
1.8,127,4.923482919181988,0.22208351782406957,0.352221451338781
1.9,0,4.664352239225042,0.31684841219769866,0.16662128089290826
1.9,1,4.664352239225042,0.11247014201002899,0.17823658306118506
1.9,2,4.664352239225042,0.17185282935495624,0.2555191087552953
1.9,3,4.664352239225042,0.1633258201828231,0.34147399106035214
1.9,4,4.664352239225042,0.2554862945460387,0.17682420471369564
1.9,5,4.664352239225042,0.23412020109716422,0.17655431038952388
1.9,6,4.664352239225042,0.360230729614127,0.11332952445389367
1.9,7,4.664352239225042,0.31721526151423807,0.16452591059914323
1.9,8,4.664352239225042,0.25410743229212845,0.1401431132962006
1.9,9,4.664352239225042,0.37156576944694775,0.12384119301798871
1.9,10,4.664352239225042,0.2637434803061078,0.16525100296118952
1.9,11,4.664352239225042,0.1432993288066585,0.13372371431484784
1.9,12,4.664352239225042,0.27413441454272713,0.22495513885883256
1.9,13,4.664352239225042,0.1481542815868091,0.1769453518942478
1.9,14,4.664352239225042,0.2314191242858465,0.13488647608241294
1.9,15,4.664352239225042,0.21161659453502832,0.23093480274031514
1.9,16,4.664352239225042,0.10237594305544698,0.16097427477298384
1.9,17,4.664352239225042,0.18023208626139967,0.40546198889824137
1.9,18,4.664352239225042,0.4210434884785894,0.18398206392232833
1.9,19,4.664352239225042,0.36480907882295394,0.11303088997197518
1.9,20,4.664352239225042,0.24407448576177898,0.13269852747362185
1.9,21,4.664352239225042,0.2512479610859505,0.10950161340281107
1.9,22,4.664352239225042,0.1314109540040915,0.16574085167734667
1.9,23,4.664352239225042,0.12274388651715283,0.11298987109173599
1.9,24,4.664352239225042,0.18590411655178696,0.12501388212008124
1.9,25,4.664352239225042,0.1653931183986711,0.25364084634289297
1.9,26,4.664352239225042,0.14929901912726498,0.2855028587863762
1.9,27,4.664352239225042,0.1272265876291516,0.15079468469404686
1.9,28,4.664352239225042,0.34985657232150524,0.15371320679471095
1.9,29,4.664352239225042,0.14429895254918107,0.318222164895169
1.9,30,4.664352239225042,0.1619581502177948,0.1639821904624798
1.9,31,4.664352239225042,0.20809973200759888,0.2549189632062778
1.9,32,4.664352239225042,0.2161247226864036,0.16025981151631333
1.9,33,4.664352239225042,0.17764523419629163,0.13278258196821918
1.9,34,4.664352239225042,0.17506413107671073,0.34549466342464785
1.9,35,4.664352239225042,0.12347739885127587,0.25670040041039566
1.9,36,4.664352239225042,0.13283461302576188,0.32242903820595537
1.9,37,4.664352239225042,0.16484777407207224,0.5006794346174451
1.9,38,4.664352239225042,0.3961887504325199,0.4223032187016306
1.9,39,4.664352239225042,0.2480024835769032,0.09712509415331651
1.9,40,4.664352239225042,0.225630577918954,0.14003580458064466
1.9,41,4.664352239225042,0.12158137696660007,0.11727315028520931
1.9,42,4.664352239225042,0.14536289658660057,0.11175896901988616
1.9,43,4.664352239225042,0.09659293737878007,0.23475551341604486
1.9,44,4.664352239225042,0.16793787692250273,0.16308779594553954
1.9,45,4.664352239225042,0.21943497991532618,0.27240837678232477
1.9,46,4.664352239225042,0.16581839619404487,0.25270175538026124
1.9,47,4.664352239225042,0.08293311178848069,0.2158324238230205
1.9,48,4.664352239225042,0.15985781558854295,0.16085211783228234
1.9,49,4.664352239225042,0.33628026846648845,0.12344267920939582
1.9,50,4.664352239225042,0.20316347449274522,0.19813436462599576
1.9,51,4.664352239225042,0.16734165761571723,0.16151851392070035
1.9,52,4.664352239225042,0.22495671290681224,0.17302034123699755
1.9,53,4.664352239225042,0.20778788507067067,0.37368878715305304
1.9,54,4.664352239225042,0.09713114070615843,0.23269708263897113
1.9,55,4.664352239225042,0.272204523159958,0.25294459126865076
1.9,56,4.664352239225042,0.1633048027281842,0.213008912124741
1.9,57,4.664352239225042,0.15408040567113337,0.15137328615480808
1.9,58,4.664352239225042,0.22100983714169903,0.1272398338120955
1.9,59,4.664352239225042,0.11977016796921501,0.14812899112049724
1.9,60,4.664352239225042,0.14879147788924127,0.17900349735614066
1.9,61,4.664352239225042,0.21498647044764124,0.19149981547800304
1.9,62,4.664352239225042,0.16545793732763975,0.20763600562877219
1.9,63,4.664352239225042,0.1586017197777081,0.13455249940142905
1.9,64,4.664352239225042,0.1778693989386773,0.2747332883617079
1.9,65,4.664352239225042,0.17001511506461459,0.3203406872366008
1.9,66,4.664352239225042,0.16296398611167826,0.1340518379130596
1.9,67,4.664352239225042,0.2676394231646452,0.12761301637440867
1.9,68,4.664352239225042,0.2917080711997883,0.1421095872086372
1.9,69,4.664352239225042,0.19151793186421853,0.14705466107756993
1.9,70,4.664352239225042,0.19567107540047984,0.21660461949311077
1.9,71,4.664352239225042,0.2474117783214344,0.2713726005794314
1.9,72,4.664352239225042,0.1967202252929443,0.27477647091394725
1.9,73,4.664352239225042,0.2770997786321968,0.13724478881622965
1.9,74,4.664352239225042,0.18344692185644842,0.16435733029466698
1.9,75,4.664352239225042,0.15750738418558272,0.17728276473864524
1.9,76,4.664352239225042,0.19995291696717987,0.13360061019039324
1.9,77,4.664352239225042,0.19950500947305153,0.14977333088159914
1.9,78,4.664352239225042,0.20190720071022467,0.13493790229100033
1.9,79,4.664352239225042,0.23693761019099976,0.12177978240479959
1.9,80,4.664352239225042,0.14611473546630183,0.18645091976960368
1.9,81,4.664352239225042,0.17433113831641783,0.16847247099198556
1.9,82,4.664352239225042,0.1760087463830968,0.3493132630728836
1.9,83,4.664352239225042,0.08829256646678202,0.09711184892682108
1.9,84,4.664352239225042,0.18949510581720436,0.22494724200019306
1.9,85,4.664352239225042,0.2220369564779055,0.2747759400989555
1.9,86,4.664352239225042,0.14034254227817428,0.18477104554980348
1.9,87,4.664352239225042,0.13435095860834545,0.2756094003926733
1.9,88,4.664352239225042,0.20750535186880187,0.2531589945803473
1.9,89,4.664352239225042,0.20617926664628256,0.16443649055490644
1.9,90,4.664352239225042,0.12104508718854202,0.2503332626209944
1.9,91,4.664352239225042,0.3224269684044849,0.2898666114820169
1.9,92,4.664352239225042,0.33893734541305415,0.29117474953528416
1.9,93,4.664352239225042,0.23329231009161108,0.11452712351071576
1.9,94,4.664352239225042,0.13702680353444288,0.4943043533548857
1.9,95,4.664352239225042,0.3592393677420037,0.1250364732067278
1.9,96,4.664352239225042,0.1422405839025251,0.12851345998164873
1.9,97,4.664352239225042,0.23429758196798767,0.19168086583982072
1.9,98,4.664352239225042,0.1885315367413484,0.1230482633746446
1.9,99,4.664352239225042,0.16289670649562782,0.42098938329834973
1.9,100,4.664352239225042,0.2633442698544673,0.1124419367729498
1.9,101,4.664352239225042,0.2560987100465307,0.40631177531321716
1.9,102,4.664352239225042,0.22137502473349863,0.16406784017151638
1.9,103,4.664352239225042,0.27680682426866166,0.1357576973884825
1.9,104,4.664352239225042,0.13621912263298103,0.24518588334344285
1.9,105,4.664352239225042,0.15080985662579968,0.24685441461934382
1.9,106,4.664352239225042,0.15723381282651572,0.18920540216579831
1.9,107,4.664352239225042,0.12668011095747497,0.16456847741470046
1.9,108,4.664352239225042,0.17398542711763257,0.13604085447946457
1.9,109,4.664352239225042,0.12882430518722612,0.20906608755895217
1.9,110,4.664352239225042,0.1153120954502297,0.26946055892849996
1.9,111,4.664352239225042,0.10151927390511147,0.12295921691466281
1.9,112,4.664352239225042,0.313651844749182,0.1437694692530468
1.9,113,4.664352239225042,0.12386754057801411,0.3430309464504886
1.9,114,4.664352239225042,0.37577518350123246,0.15100202187369663
1.9,115,4.664352239225042,0.1259812687608189,0.321585270595072
1.9,116,4.664352239225042,0.21349186931032493,0.29093059831559703
1.9,117,4.664352239225042,0.15509477834959712,0.1447509361055928
1.9,118,4.664352239225042,0.3165652487178449,0.19897131598681111
1.9,119,4.664352239225042,0.3467648747066912,0.3996766481751565
1.9,120,4.664352239225042,0.24293933258315423,0.22862603155432643
1.9,121,4.664352239225042,0.1564054574482868,0.158620734665261
1.9,122,4.664352239225042,0.14708705449730833,0.14236837789576887
1.9,123,4.664352239225042,0.11930401124735927,0.156196580105944
1.9,124,4.664352239225042,0.33563956658257943,0.2564579401029785
1.9,125,4.664352239225042,0.214960209795035,0.2793933137736032
1.9,126,4.664352239225042,0.24106417041544162,0.12226503196054801
1.9,127,4.664352239225042,0.11769994971636763,0.17695505708369222
2.0,0,4.4311346272637895,0.17877684339497701,0.12702517650206788
2.0,1,4.4311346272637895,0.2074375499871182,0.09603513060654556
2.0,2,4.4311346272637895,0.10575346889465626,0.14947207432175733
2.0,3,4.4311346272637895,0.23712431350018867,0.2823078916053877
2.0,4,4.4311346272637895,0.21890948191252096,0.2619114316842496
2.0,5,4.4311346272637895,0.1895502297079169,0.11269538526558066
2.0,6,4.4311346272637895,0.13047378272855656,0.1374755379310918
2.0,7,4.4311346272637895,0.1453066121984778,0.1712531341663891
2.0,8,4.4311346272637895,0.43057682218563753,0.1368779874003634
2.0,9,4.4311346272637895,0.1662778257613146,0.14601558448793323
2.0,10,4.4311346272637895,0.12870029171509778,0.14259323515410957
2.0,11,4.4311346272637895,0.13307784986155735,0.21370404619006533
2.0,12,4.4311346272637895,0.19152297859066997,0.25693817976395195
2.0,13,4.4311346272637895,0.12916785443260898,0.257463810082301
2.0,14,4.4311346272637895,0.3569118807859547,0.13066772716818686
2.0,15,4.4311346272637895,0.21557111957751832,0.14394290728968845
2.0,16,4.4311346272637895,0.19471308311469343,0.1590848005124917
2.0,17,4.4311346272637895,0.2663518530229031,0.2039552641329681
2.0,18,4.4311346272637895,0.1681475563328379,0.30804668929647444
2.0,19,4.4311346272637895,0.10149641439816776,0.09815311699634441
2.0,20,4.4311346272637895,0.41857551287146144,0.25537767100376063
2.0,21,4.4311346272637895,0.1931658738321944,0.18211842630909306
2.0,22,4.4311346272637895,0.13071500111899453,0.1502065776809362
2.0,23,4.4311346272637895,0.11729261749794109,0.1681029574125112
2.0,24,4.4311346272637895,0.41760308420212533,0.13218766901806384
2.0,25,4.4311346272637895,0.26644570043157845,0.2005441116773906
2.0,26,4.4311346272637895,0.18491094988230872,0.15968741428910516
2.0,27,4.4311346272637895,0.1684279419254497,0.16347897803970723
2.0,28,4.4311346272637895,0.21368169166859907,0.1494868443713333
2.0,29,4.4311346272637895,0.3197420003441386,0.22923577235498707
2.0,30,4.4311346272637895,0.20532786548936627,0.1302874020478635
2.0,31,4.4311346272637895,0.22156512512804935,0.15580636200406084
2.0,32,4.4311346272637895,0.11733260129416366,0.1462853104391007
2.0,33,4.4311346272637895,0.4235968141579425,0.11727736920082123
2.0,34,4.4311346272637895,0.2739951347731061,0.23875383629964297
2.0,35,4.4311346272637895,0.15378127005729625,0.12707049339409393
2.0,36,4.4311346272637895,0.12293436359079375,0.2214788051083423
2.0,37,4.4311346272637895,0.08762601968317135,0.13702292042344622
2.0,38,4.4311346272637895,0.18600785913465212,0.17589522536779192
2.0,39,4.4311346272637895,0.1612821696458116,0.1797140931637247
2.0,40,4.4311346272637895,0.29361610937635707,0.24639300619913446
2.0,41,4.4311346272637895,0.1304992948790748,0.2378966760098745
2.0,42,4.4311346272637895,0.13755590756957453,0.12893396939344726
2.0,43,4.4311346272637895,0.10260393375625143,0.19948343550804748
2.0,44,4.4311346272637895,0.3006942979944313,0.2824901954804422
2.0,45,4.4311346272637895,0.15054064676142132,0.21137959364056352
2.0,46,4.4311346272637895,0.15725431087954206,0.2286686796906103
2.0,47,4.4311346272637895,0.19252267593831776,0.14909931370387736
2.0,48,4.4311346272637895,0.18795816544509014,0.24181161474024204
2.0,49,4.4311346272637895,0.21534480563120795,0.2716786816363894
2.0,50,4.4311346272637895,0.24494216562564103,0.2521416780957496
2.0,51,4.4311346272637895,0.15639213967630183,0.1738529675835812
2.0,52,4.4311346272637895,0.22373343911318688,0.1464264661973309
2.0,53,4.4311346272637895,0.18418593092193394,0.19921970383677837
2.0,54,4.4311346272637895,0.2515289613823216,0.25626782719194907
2.0,55,4.4311346272637895,0.1493328661638244,0.1380019975239367
2.0,56,4.4311346272637895,0.14126859487635687,0.14234095541667507
2.0,57,4.4311346272637895,0.21613935690057734,0.2730550619919849
2.0,58,4.4311346272637895,0.3712404997639571,0.38936625473197994
2.0,59,4.4311346272637895,0.15882910116182056,0.21374943658234413
2.0,60,4.4311346272637895,0.2566439224664583,0.2137103004081524
2.0,61,4.4311346272637895,0.2526431106983375,0.16128131495299394
2.0,62,4.4311346272637895,0.1262216210140023,0.09562443072622064
2.0,63,4.4311346272637895,0.1428490302067803,0.28147606424465077
2.0,64,4.4311346272637895,0.3029275238935639,0.4435789961995042
2.0,65,4.4311346272637895,0.16926046995846467,0.1614941282738763
2.0,66,4.4311346272637895,0.15178274681859827,0.1882569014575317
2.0,67,4.4311346272637895,0.10896496911974846,0.23720966200105098
2.0,68,4.4311346272637895,0.1869102615290347,0.1917931125597333
2.0,69,4.4311346272637895,0.1060047536101287,0.1490845469026615
2.0,70,4.4311346272637895,0.24557306608302587,0.11939864875633019
2.0,71,4.4311346272637895,0.17832454072629225,0.18050041660060312
2.0,72,4.4311346272637895,0.17283529103310344,0.15320340887250605
2.0,73,4.4311346272637895,0.20443444191068838,0.17104477610257102
2.0,74,4.4311346272637895,0.1748453840545096,0.11414115280089321
2.0,75,4.4311346272637895,0.23092100474462582,0.1652871426568706
2.0,76,4.4311346272637895,0.18948506323958103,0.17369711724811682
2.0,77,4.4311346272637895,0.13617949240218802,0.19933641669628377
2.0,78,4.4311346272637895,0.22836363887744007,0.24215750985571655
2.0,79,4.4311346272637895,0.1421542094913872,0.16152326609902692
2.0,80,4.4311346272637895,0.37095521774037266,0.2376157298827953
2.0,81,4.4311346272637895,0.15301020249060202,0.21370991890052407
2.0,82,4.4311346272637895,0.19403127594591613,0.4390391994270164
2.0,83,4.4311346272637895,0.2152651754321769,0.29838699038705574
2.0,84,4.4311346272637895,0.09995730401105266,0.24651144169473704
2.0,85,4.4311346272637895,0.19257545200405468,0.15926341653463424
2.0,86,4.4311346272637895,0.10233193611301075,0.1529634683944765
2.0,87,4.4311346272637895,0.15218488037638084,0.2381508715641089
2.0,88,4.4311346272637895,0.1674436765662221,0.38941461302065616
2.0,89,4.4311346272637895,0.15474731961858865,0.14909779195625722
2.0,90,4.4311346272637895,0.22546419271456686,0.11208069138675118
2.0,91,4.4311346272637895,0.2592862283764503,0.15200458722188329
2.0,92,4.4311346272637895,0.1432088191656456,0.29432510303113496
2.0,93,4.4311346272637895,0.11845931622012634,0.18101815830802415
2.0,94,4.4311346272637895,0.128850969095621,0.271672017113498
2.0,95,4.4311346272637895,0.4755768456051826,0.21643682824957539
2.0,96,4.4311346272637895,0.12894898885327885,0.15220189818027913
2.0,97,4.4311346272637895,0.1575886612386101,0.16066255220280856
2.0,98,4.4311346272637895,0.25004814253866425,0.21354553853346747
2.0,99,4.4311346272637895,0.1682941673771625,0.28214280019995835
2.0,100,4.4311346272637895,0.19991407281700208,0.13928407904640394
2.0,101,4.4311346272637895,0.23594566200646777,0.3894078183813723
2.0,102,4.4311346272637895,0.11939201755899188,0.12324549658843839
2.0,103,4.4311346272637895,0.21290114384002168,0.2624220423337603
2.0,104,4.4311346272637895,0.3015423064869319,0.09223176594162272
2.0,105,4.4311346272637895,0.21679749689507538,0.18865819155780733
2.0,106,4.4311346272637895,0.2119443851914496,0.3031302447312707
2.0,107,4.4311346272637895,0.26920225008927945,0.222424180299089
2.0,108,4.4311346272637895,0.2104212319772924,0.2079209396492086
2.0,109,4.4311346272637895,0.16306328610492682,0.12550805584739422
2.0,110,4.4311346272637895,0.23923545918799655,0.26938279025222245
2.0,111,4.4311346272637895,0.18166313687111152,0.21288125261223567
2.0,112,4.4311346272637895,0.15046147173105556,0.18159481275760583
2.0,113,4.4311346272637895,0.10198071195094166,0.15066951375163123
2.0,114,4.4311346272637895,0.22056774627017703,0.27477273319926987
2.0,115,4.4311346272637895,0.24034070565378668,0.29431756266693554
2.0,116,4.4311346272637895,0.10694180920079778,0.26292590610997846
2.0,117,4.4311346272637895,0.10827385082707904,0.1740528449125036
2.0,118,4.4311346272637895,0.1249456673192289,0.23404317116491155
2.0,119,4.4311346272637895,0.09636743165261323,0.32063041770889056
2.0,120,4.4311346272637895,0.14913443058893217,0.11669338974879492
2.0,121,4.4311346272637895,0.1870479703226151,0.1806850855534354
2.0,122,4.4311346272637895,0.15632172333993563,0.12157792708511167
2.0,123,4.4311346272637895,0.19116554133651148,0.42182752344492946
2.0,124,4.4311346272637895,0.20905909220797247,0.16209721916324488
2.0,125,4.4311346272637895,0.11364925155606946,0.1254616753086091
2.0,126,4.4311346272637895,0.27169900071594755,0.24924937453934326
2.0,127,4.4311346272637895,0.14064125788310147,0.11124862951251624
2.1,0,4.220128216441704,0.17381584486571888,0.1853793619718417
2.1,1,4.220128216441704,0.2271006099313134,0.24464370240413658
2.1,2,4.220128216441704,0.23621452379251237,0.24765922402386295
2.1,3,4.220128216441704,0.267624985436559,0.14685065884667356
2.1,4,4.220128216441704,0.23195532234979238,0.19616504046775407
2.1,5,4.220128216441704,0.1342281360288819,0.15806415963311643
2.1,6,4.220128216441704,0.13942566697055597,0.15365083337817437
2.1,7,4.220128216441704,0.22950506369411824,0.17781392390507395
2.1,8,4.220128216441704,0.28572212463070934,0.14780342563232637
2.1,9,4.220128216441704,0.15116307742191085,0.12793596850733518
2.1,10,4.220128216441704,0.09578242946877054,0.13911040216030804
2.1,11,4.220128216441704,0.40175587916716965,0.1328599383807512
2.1,12,4.220128216441704,0.15468463414579545,0.18094291910548016
2.1,13,4.220128216441704,0.13756642769154898,0.18154771473127396
2.1,14,4.220128216441704,0.13641808886024434,0.3563618293484698
2.1,15,4.220128216441704,0.12382312767121224,0.13642411033928556
2.1,16,4.220128216441704,0.1323680162602359,0.11916418532731589
2.1,17,4.220128216441704,0.16492250363641958,0.1073377232816738
2.1,18,4.220128216441704,0.13840155330835058,0.13026993720066363
2.1,19,4.220128216441704,0.14779760073833845,0.1391409504207378
2.1,20,4.220128216441704,0.2600263127002705,0.37086839826305773
2.1,21,4.220128216441704,0.1804882001465983,0.09503466832348122
2.1,22,4.220128216441704,0.13327887731751636,0.12222767641256303
2.1,23,4.220128216441704,0.10012220853403987,0.3044435352476812
2.1,24,4.220128216441704,0.22445430268851896,0.16422419863400384
2.1,25,4.220128216441704,0.4529770468747337,0.2302214212093189
2.1,26,4.220128216441704,0.10332975806395006,0.20898163661046762
2.1,27,4.220128216441704,0.1835383884086173,0.15170932366968456
2.1,28,4.220128216441704,0.2768526795285082,0.1772539668129765
2.1,29,4.220128216441704,0.09935925460373284,0.11474969620806184
2.1,30,4.220128216441704,0.2144696816617022,0.21939300924958496
2.1,31,4.220128216441704,0.08736868059483266,0.14092304031713207
2.1,32,4.220128216441704,0.20206088119232962,0.1599826734984199
2.1,33,4.220128216441704,0.18665017162766123,0.1328964659534815
2.1,34,4.220128216441704,0.18308701638118446,0.21129519380370182
2.1,35,4.220128216441704,0.11783858889159245,0.14784351715903446
2.1,36,4.220128216441704,0.30695459789961543,0.21664998616906517
2.1,37,4.220128216441704,0.18962731943333766,0.09924116970618424
2.1,38,4.220128216441704,0.22117445664415888,0.13697337952774846
2.1,39,4.220128216441704,0.2380917109776433,0.13002994234480905
2.1,40,4.220128216441704,0.15925242233399295,0.10594447151669749
2.1,41,4.220128216441704,0.1436053090821365,0.1301507035979741
2.1,42,4.220128216441704,0.19676795709354614,0.09711714687733011
2.1,43,4.220128216441704,0.18584323030496638,0.16465526196677072
2.1,44,4.220128216441704,0.2998343585817616,0.2431857816549922
2.1,45,4.220128216441704,0.27327381613614504,0.1781345918919948
2.1,46,4.220128216441704,0.27219954641771665,0.3598313553706627
2.1,47,4.220128216441704,0.38722721787357,0.25093821777948144
2.1,48,4.220128216441704,0.07685317246243177,0.32201928595110274
2.1,49,4.220128216441704,0.2924600966817578,0.20352435950990286
2.1,50,4.220128216441704,0.23126644204426147,0.16365439601071727
2.1,51,4.220128216441704,0.13290344933209663,0.17815499371764534
2.1,52,4.220128216441704,0.12217159794959503,0.1928511006814518
2.1,53,4.220128216441704,0.302088302893124,0.14851766962921825
2.1,54,4.220128216441704,0.10892564007924942,0.09963630652295802
2.1,55,4.220128216441704,0.20347688300084635,0.3793793389165246
2.1,56,4.220128216441704,0.1771230076306665,0.2593176207854054
2.1,57,4.220128216441704,0.2556836475962398,0.21592838824669247
2.1,58,4.220128216441704,0.1538432552801924,0.14235145245844685
2.1,59,4.220128216441704,0.3437921220086822,0.11072255286138522
2.1,60,4.220128216441704,0.34797673460911893,0.15231733714551823
2.1,61,4.220128216441704,0.08849830622031475,0.1840287618420692
2.1,62,4.220128216441704,0.12875960296725578,0.1868142317696742
2.1,63,4.220128216441704,0.11169895627691658,0.3036505772758014
2.1,64,4.220128216441704,0.17478293492912542,0.18549678657239174
2.1,65,4.220128216441704,0.22586462573319208,0.129604176316296
2.1,66,4.220128216441704,0.2308623477956189,0.1466542165683215
2.1,67,4.220128216441704,0.12590137723090278,0.13549689662688016
2.1,68,4.220128216441704,0.17492159385625067,0.1256281179685155
2.1,69,4.220128216441704,0.19556721327708887,0.17058157712563757
2.1,70,4.220128216441704,0.32831410372796666,0.23717195023572107
2.1,71,4.220128216441704,0.10245730758538306,0.30530156205569997
2.1,72,4.220128216441704,0.1484049798732385,0.17346925070770644
2.1,73,4.220128216441704,0.08547503225895518,0.16615361451466137
2.1,74,4.220128216441704,0.12231930683748139,0.12100941685635587
2.1,75,4.220128216441704,0.17984321549713295,0.15391976491684392
2.1,76,4.220128216441704,0.18534593397813207,0.1163081574795992
2.1,77,4.220128216441704,0.18518944896161454,0.11511892628721397
2.1,78,4.220128216441704,0.14271338107966286,0.1522066132436904
2.1,79,4.220128216441704,0.16548885660090543,0.11402903472948267
2.1,80,4.220128216441704,0.23936793973610063,0.16629671755661296
2.1,81,4.220128216441704,0.19796785461013888,0.253721146565469
2.1,82,4.220128216441704,0.17831554197606136,0.15428691811726214
2.1,83,4.220128216441704,0.1538986605265349,0.1072956248857299
2.1,84,4.220128216441704,0.08787023419363506,0.1600892204613116
2.1,85,4.220128216441704,0.2659530672276703,0.1269602610536417
2.1,86,4.220128216441704,0.13915152810801987,0.11823337252756447
2.1,87,4.220128216441704,0.452929322937056,0.16565802978534352
2.1,88,4.220128216441704,0.16195098579894926,0.13046959435242272
2.1,89,4.220128216441704,0.19055673953718272,0.1807428808688273
2.1,90,4.220128216441704,0.17628747130820124,0.13795566939998796
2.1,91,4.220128216441704,0.25582369673515265,0.12590194695986517
2.1,92,4.220128216441704,0.23101509119097235,0.17906151477832935
2.1,93,4.220128216441704,0.11063202471103092,0.11189573744318951
2.1,94,4.220128216441704,0.1922584409195116,0.17045930892579444
2.1,95,4.220128216441704,0.12099469650414714,0.20337464186717683
2.1,96,4.220128216441704,0.10730913728979248,0.10973445255774232
2.1,97,4.220128216441704,0.3472032914248419,0.21306136707006207
2.1,98,4.220128216441704,0.1999003002261384,0.13944861623663668
2.1,99,4.220128216441704,0.20886489984777964,0.14780614677360202
2.1,100,4.220128216441704,0.09907501277324701,0.1955479855942278
2.1,101,4.220128216441704,0.21442807326328578,0.17315833481270282
2.1,102,4.220128216441704,0.12134884379466959,0.16529887766597337
2.1,103,4.220128216441704,0.2551392440917057,0.15089615691457112
2.1,104,4.220128216441704,0.17342093324738395,0.1364536940686395
2.1,105,4.220128216441704,0.20857785174236076,0.12692787072634532
2.1,106,4.220128216441704,0.26596394836301207,0.28833463962826295
2.1,107,4.220128216441704,0.12078595926311028,0.1374565134384216
2.1,108,4.220128216441704,0.16074146291091135,0.20163350308640612
2.1,109,4.220128216441704,0.08274012800585151,0.13504126720218362
2.1,110,4.220128216441704,0.22817723459785985,0.17500627845451328
2.1,111,4.220128216441704,0.1072977836465758,0.09255698880666446
2.1,112,4.220128216441704,0.091369255737391,0.2249434407098346
2.1,113,4.220128216441704,0.25875898095143374,0.11002510537900544
2.1,114,4.220128216441704,0.171916498594319,0.1933095653335376
2.1,115,4.220128216441704,0.15777860857279924,0.12307800587702089
2.1,116,4.220128216441704,0.43520509210849295,0.2993843536010668
2.1,117,4.220128216441704,0.15669101271927882,0.2308026602101885
2.1,118,4.220128216441704,0.14321970740670384,0.1829134333828715
2.1,119,4.220128216441704,0.2294762208064337,0.20261608029820363
2.1,120,4.220128216441704,0.17816458140349,0.1310554431814036
2.1,121,4.220128216441704,0.2201844883112901,0.2767392991389151
2.1,122,4.220128216441704,0.2118285453237252,0.19255606462286542
2.1,123,4.220128216441704,0.1959711235477363,0.12212680634750574
2.1,124,4.220128216441704,0.12125521591606918,0.13744194267432758
2.1,125,4.220128216441704,0.2207932397607865,0.14894329780392385
2.1,126,4.220128216441704,0.12309897216953662,0.272233459940494
2.1,127,4.220128216441704,0.16011535396195767,0.10307071296171175
2.2,0,4.028304206603445,0.15339422212923884,0.14096409687688471
2.2,1,4.028304206603445,0.2052909559451348,0.16093139701123954
2.2,2,4.028304206603445,0.21553965919644089,0.1866705971142533
2.2,3,4.028304206603445,0.2898189074476177,0.4323956792048557
2.2,4,4.028304206603445,0.12617662739444896,0.13555750072443098
2.2,5,4.028304206603445,0.1685923405495214,0.2275290548239223
2.2,6,4.028304206603445,0.22324366776279028,0.16952130330145337
2.2,7,4.028304206603445,0.12226120831173139,0.15575086456659634
2.2,8,4.028304206603445,0.21905619009734223,0.16372237340082965
2.2,9,4.028304206603445,0.21829267888971532,0.26754041566158365
2.2,10,4.028304206603445,0.20219776249912583,0.12261082297277814
2.2,11,4.028304206603445,0.08016600940601841,0.1866566637848844
2.2,12,4.028304206603445,0.2143995517971586,0.2277550490436161
2.2,13,4.028304206603445,0.4324090183013795,0.20268738119771557
2.2,14,4.028304206603445,0.1991081039374206,0.31640536625195126
2.2,15,4.028304206603445,0.4323579492176419,0.289868955096038
2.2,16,4.028304206603445,0.4469266143554599,0.2866285122220924
2.2,17,4.028304206603445,0.2118982001560554,0.24604053309452667
2.2,18,4.028304206603445,0.09588341652131475,0.1847484099482096
2.2,19,4.028304206603445,0.090479936982977,0.08918306732107355
2.2,20,4.028304206603445,0.1093311653442337,0.2267525086764591
2.2,21,4.028304206603445,0.1428810950112146,0.18490612196948114
2.2,22,4.028304206603445,0.3991450603640789,0.2006889702421415
2.2,23,4.028304206603445,0.184741104540509,0.17407027902278607
2.2,24,4.028304206603445,0.22482998606209184,0.19303361582731546
2.2,25,4.028304206603445,0.18530240339995405,0.16220823299172726
2.2,26,4.028304206603445,0.09855892193773148,0.13295039903284364
2.2,27,4.028304206603445,0.12352596101692763,0.11538210960764289
2.2,28,4.028304206603445,0.24288275600484155,0.15276993025695507
2.2,29,4.028304206603445,0.16411637946619648,0.1439782739337768
2.2,30,4.028304206603445,0.19153825861246088,0.15281999536824886
2.2,31,4.028304206603445,0.14822803397340928,0.14683512042783137
2.2,32,4.028304206603445,0.1302180776475594,0.24705311464138163
2.2,33,4.028304206603445,0.21029671566429325,0.23685255524572835
2.2,34,4.028304206603445,0.1132640850882811,0.09020126867250808
2.2,35,4.028304206603445,0.10046168616180948,0.0951266026671503
2.2,36,4.028304206603445,0.2029320810192964,0.2922026304589333
2.2,37,4.028304206603445,0.13861111163360393,0.21107329573506398
2.2,38,4.028304206603445,0.21829207817375507,0.14939847936943773
2.2,39,4.028304206603445,0.09059006569766298,0.13536043485490235
2.2,40,4.028304206603445,0.34015654707357773,0.1287515363940148
2.2,41,4.028304206603445,0.15915838647688557,0.19824416650529564
2.2,42,4.028304206603445,0.2899114846343249,0.2228121535209674
2.2,43,4.028304206603445,0.11153510760034385,0.2863339379944027
2.2,44,4.028304206603445,0.21867163997714165,0.13287780386903242
2.2,45,4.028304206603445,0.08722056439788352,0.12868732207300315
2.2,46,4.028304206603445,0.17642952245164004,0.266914363822468
2.2,47,4.028304206603445,0.2670228863965694,0.20708465040104967
2.2,48,4.028304206603445,0.18750052381300183,0.0963098177676716
2.2,49,4.028304206603445,0.1722971084262548,0.14684987226152674
2.2,50,4.028304206603445,0.10983877719764058,0.16704952776641913
2.2,51,4.028304206603445,0.3045586098293317,0.11307749294344671
2.2,52,4.028304206603445,0.30166392304174,0.08651076304387305
2.2,53,4.028304206603445,0.09870064444974357,0.16258100942802226
2.2,54,4.028304206603445,0.1655468056580382,0.16895911706263467
2.2,55,4.028304206603445,0.19625108529325536,0.2588523934847386
2.2,56,4.028304206603445,0.3540217082924655,0.26501385279289247
2.2,57,4.028304206603445,0.12367182681039178,0.12442580394474247
2.2,58,4.028304206603445,0.2558604438360431,0.17138956508872022
2.2,59,4.028304206603445,0.2324381488081861,0.11936931619733361
2.2,60,4.028304206603445,0.14479225465527196,0.13943247666838338
2.2,61,4.028304206603445,0.18665784093931773,0.19427894991808017
2.2,62,4.028304206603445,0.09901713215916386,0.20537310531802727
2.2,63,4.028304206603445,0.27966579623742105,0.16311464269454082
2.2,64,4.028304206603445,0.21903861882306633,0.2127674743700801
2.2,65,4.028304206603445,0.16552397416185016,0.19241403597823006
2.2,66,4.028304206603445,0.23764256536147407,0.10210297810724428
2.2,67,4.028304206603445,0.21581236591008565,0.17444758704465887
2.2,68,4.028304206603445,0.13924080874380995,0.10763903344846634
2.2,69,4.028304206603445,0.11871032942204988,0.15288490414941214
2.2,70,4.028304206603445,0.16457783785734556,0.13648827806772929
2.2,71,4.028304206603445,0.14911147699839075,0.2649480483595176
2.2,72,4.028304206603445,0.13332901230865626,0.2762765553746336
2.2,73,4.028304206603445,0.12995830375952808,0.2600551669150183
2.2,74,4.028304206603445,0.13218117303954224,0.1391835447764669
2.2,75,4.028304206603445,0.1826266193276752,0.11687180713185324
2.2,76,4.028304206603445,0.1059074003210251,0.15803753834146847
2.2,77,4.028304206603445,0.3150954571075794,0.17447114118982462
2.2,78,4.028304206603445,0.183378348708993,0.16426803804302503
2.2,79,4.028304206603445,0.3494358009731985,0.2790967584600216
2.2,80,4.028304206603445,0.2632511107303493,0.1812026755716368
2.2,81,4.028304206603445,0.18182114985587697,0.2469782910610945
2.2,82,4.028304206603445,0.11836284675449237,0.23729577360243795
2.2,83,4.028304206603445,0.12635949444437877,0.13237623794593104
2.2,84,4.028304206603445,0.14534222782374392,0.13115980204898145
2.2,85,4.028304206603445,0.2469757318947955,0.16124582739115656
2.2,86,4.028304206603445,0.15636437799440295,0.15088522689872028
2.2,87,4.028304206603445,0.19617092073714845,0.20396796200510764
2.2,88,4.028304206603445,0.10819113258262668,0.2122782784038661
2.2,89,4.028304206603445,0.12359367412690943,0.18837534543624138
2.2,90,4.028304206603445,0.17162368067469375,0.1809693800416253
2.2,91,4.028304206603445,0.17843426817363864,0.2047806218599012
2.2,92,4.028304206603445,0.20209836971795606,0.1038104558776282
2.2,93,4.028304206603445,0.18020279772835218,0.14536642596035027
2.2,94,4.028304206603445,0.11449868385390309,0.1468460899487221
2.2,95,4.028304206603445,0.23728776165171497,0.19251468705922475
2.2,96,4.028304206603445,0.2869000096608664,0.10713060320351943
2.2,97,4.028304206603445,0.14098121435123212,0.27287391836593156
2.2,98,4.028304206603445,0.16170282921315268,0.1941236142162433
2.2,99,4.028304206603445,0.19351740206245238,0.14794609876156478
2.2,100,4.028304206603445,0.15619054146486575,0.21000619393668313
2.2,101,4.028304206603445,0.11885246970156493,0.19423885310081568
2.2,102,4.028304206603445,0.1024370927938701,0.18350261003668578
2.2,103,4.028304206603445,0.3206331799493793,0.2072695788222611
2.2,104,4.028304206603445,0.2280984290128759,0.10921553184079635
2.2,105,4.028304206603445,0.1305966463714262,0.24596997832834955
2.2,106,4.028304206603445,0.23650265546812702,0.3401239867172686
2.2,107,4.028304206603445,0.19497214840031454,0.16195667296386954
2.2,108,4.028304206603445,0.19427693332684554,0.3203755919254897
2.2,109,4.028304206603445,0.17417098172437318,0.17786312196278942
2.2,110,4.028304206603445,0.12378411051232523,0.15097665562856918
2.2,111,4.028304206603445,0.13556892145851912,0.16929442320562055
2.2,112,4.028304206603445,0.16223135421954424,0.0912506753393002
2.2,113,4.028304206603445,0.1528313441687387,0.11564541973063713
2.2,114,4.028304206603445,0.1563330722040016,0.16192074706524862
2.2,115,4.028304206603445,0.136882922005876,0.2784611278474575
2.2,116,4.028304206603445,0.13973807591984497,0.18852438126594986
2.2,117,4.028304206603445,0.339119569846195,0.199074078976602
2.2,118,4.028304206603445,0.14158000681350258,0.1367260617458144
2.2,119,4.028304206603445,0.2908156023204107,0.23728976872140856
2.2,120,4.028304206603445,0.10676296973381982,0.1788835912016152
2.2,121,4.028304206603445,0.17809160272044502,0.12184802397271276
2.2,122,4.028304206603445,0.1442002473866132,0.2149766344309736
2.2,123,4.028304206603445,0.13433265381443651,0.261717442408611
2.2,124,4.028304206603445,0.1928547694617871,0.18464350356546524
2.2,125,4.028304206603445,0.1916414328865343,0.12610322980350472
2.2,126,4.028304206603445,0.19952134579535577,0.1640114484299278
2.2,127,4.028304206603445,0.13820090519693365,0.15117856197464705
2.3,0,3.853160545446774,0.14598855860795976,0.11054145611601614
2.3,1,3.853160545446774,0.11498475007269829,0.2863631901133984
2.3,2,3.853160545446774,0.13875631136138097,0.19345419861775068
2.3,3,3.853160545446774,0.222962312752833,0.16452722911477646
2.3,4,3.853160545446774,0.12038234810875523,0.09751740209632015
2.3,5,3.853160545446774,0.1104746266549886,0.24376205101969758
2.3,6,3.853160545446774,0.26524538898441674,0.17332828922501853
2.3,7,3.853160545446774,0.1878496930150966,0.10733657168517438
2.3,8,3.853160545446774,0.2554970192715709,0.18712803207689194
2.3,9,3.853160545446774,0.12456892947955958,0.16691869183431737
2.3,10,3.853160545446774,0.23335770995782706,0.2663790711767186
2.3,11,3.853160545446774,0.09151606332070275,0.19888421476129078
2.3,12,3.853160545446774,0.17853480442002673,0.11625312316594631
2.3,13,3.853160545446774,0.12241828670382468,0.1854768242707678
2.3,14,3.853160545446774,0.14473259078790437,0.19967969697421015
2.3,15,3.853160545446774,0.16731995124799448,0.4304510238401649
2.3,16,3.853160545446774,0.13145214496900717,0.17943943742695745
2.3,17,3.853160545446774,0.21901279600908763,0.2268208121866796
2.3,18,3.853160545446774,0.13191252214550875,0.1451812331004352
2.3,19,3.853160545446774,0.1583704503563052,0.14155680993089692
2.3,20,3.853160545446774,0.12595909712982958,0.1279202470781887
2.3,21,3.853160545446774,0.07147619985994004,0.1635407244132564
2.3,22,3.853160545446774,0.17992582000726642,0.1817421235117214
2.3,23,3.853160545446774,0.164798557231138,0.07349345890624823
2.3,24,3.853160545446774,0.15999742346262583,0.10811296227581425
2.3,25,3.853160545446774,0.0939596703833974,0.16371313202187968
2.3,26,3.853160545446774,0.1823820868382526,0.1531850502418834
2.3,27,3.853160545446774,0.0980053561123393,0.1338063792860311
2.3,28,3.853160545446774,0.07988068162438518,0.11191284139416069
2.3,29,3.853160545446774,0.17869331040057176,0.312648444423262
2.3,30,3.853160545446774,0.3668339159785313,0.1800834316013096
2.3,31,3.853160545446774,0.09395321653200855,0.08901591118638383
2.3,32,3.853160545446774,0.18262334435120917,0.2012703435861719
2.3,33,3.853160545446774,0.1336775157358322,0.1797720464534984
2.3,34,3.853160545446774,0.10727552832743784,0.2981906059273433
2.3,35,3.853160545446774,0.17626225359828962,0.13219325050741265
2.3,36,3.853160545446774,0.10195462162003782,0.11637038493046938
2.3,37,3.853160545446774,0.16508277726498705,0.14044738851170374
2.3,38,3.853160545446774,0.2766564671632746,0.3817769798701148
2.3,39,3.853160545446774,0.20954783154108003,0.16746649764914728
2.3,40,3.853160545446774,0.1791108562524599,0.14094449708020435
2.3,41,3.853160545446774,0.2559267411125883,0.17123345186058014
2.3,42,3.853160545446774,0.25588952701927836,0.11827650747455332
2.3,43,3.853160545446774,0.13964371383833996,0.08300189199063297
2.3,44,3.853160545446774,0.10141051430075312,0.15437926070135655
2.3,45,3.853160545446774,0.20952447892871273,0.14431813934945484
2.3,46,3.853160545446774,0.129027808344959,0.16109015271361832
2.3,47,3.853160545446774,0.1658534329563587,0.1573072911182266
2.3,48,3.853160545446774,0.10686605144093281,0.16959766625593312
2.3,49,3.853160545446774,0.2038670625619003,0.17909942846281635
2.3,50,3.853160545446774,0.1105227644423355,0.10753271057700844
2.3,51,3.853160545446774,0.10945653032965783,0.13107475543750974
2.3,52,3.853160545446774,0.33860474010731645,0.1275584775002534
2.3,53,3.853160545446774,0.15261940623215528,0.1941447415971914
2.3,54,3.853160545446774,0.16265682969157397,0.10846353894280748
2.3,55,3.853160545446774,0.12487491643519039,0.14060454491711075
2.3,56,3.853160545446774,0.14669171757982036,0.10538505655661409
2.3,57,3.853160545446774,0.11965520295858514,0.10185526886831282
2.3,58,3.853160545446774,0.14001934901949406,0.17085720387896178
2.3,59,3.853160545446774,0.14079025695277209,0.16982561297047377
2.3,60,3.853160545446774,0.15836915578070399,0.1769781409710875
2.3,61,3.853160545446774,0.3917081391160665,0.1592740197769175
2.3,62,3.853160545446774,0.18585693826394756,0.3668443660879769
2.3,63,3.853160545446774,0.2131380902833391,0.09225242397642396
2.3,64,3.853160545446774,0.11176006975655892,0.26364510257864643
2.3,65,3.853160545446774,0.1648077034952049,0.15948385514895932
2.3,66,3.853160545446774,0.14030168748456104,0.2771944880004938
2.3,67,3.853160545446774,0.18138042239673025,0.2742564947805346
2.3,68,3.853160545446774,0.18171069255610262,0.1186342122144236
2.3,69,3.853160545446774,0.15809898488363425,0.14057807074381562
2.3,70,3.853160545446774,0.12458067911150664,0.15836494843744153
2.3,71,3.853160545446774,0.10789537440629077,0.1649996132800588
2.3,72,3.853160545446774,0.1583742688461986,0.1690270960259867
2.3,73,3.853160545446774,0.2217235641046055,0.1307591929036353
2.3,74,3.853160545446774,0.14431660259679563,0.0977873666569137
2.3,75,3.853160545446774,0.1228824615905384,0.16483343035634274
2.3,76,3.853160545446774,0.15777757774927467,0.36597292970217377
2.3,77,3.853160545446774,0.11736490352485358,0.226979745592105
2.3,78,3.853160545446774,0.13960446813855273,0.14961321997635482
2.3,79,3.853160545446774,0.23141981368120615,0.2432972856358466
2.3,80,3.853160545446774,0.13917154397801026,0.1453763911586498
2.3,81,3.853160545446774,0.13627549756048113,0.22365495571111277
2.3,82,3.853160545446774,0.20955331777120034,0.15420481492691607
2.3,83,3.853160545446774,0.11049572072436445,0.15835133807907248
2.3,84,3.853160545446774,0.3817734281995269,0.2200553197442972
2.3,85,3.853160545446774,0.3755090843669454,0.24362571164770405
2.3,86,3.853160545446774,0.14373808263618448,0.10157318162802405
2.3,87,3.853160545446774,0.1885146353277264,0.12211960393762374
2.3,88,3.853160545446774,0.15166952810880152,0.1853250523106333
2.3,89,3.853160545446774,0.19278723294853456,0.1794447945088838
2.3,90,3.853160545446774,0.17925122396233922,0.1466454970400453
2.3,91,3.853160545446774,0.1398191018642893,0.29596921745875016
2.3,92,3.853160545446774,0.1418200588051832,0.1108512717823945
2.3,93,3.853160545446774,0.14615680727219793,0.09999280345229294
2.3,94,3.853160545446774,0.16627616644684787,0.3385918104631856
2.3,95,3.853160545446774,0.2885239048655947,0.12968823483188222
2.3,96,3.853160545446774,0.1583681080506845,0.16166499988463956
2.3,97,3.853160545446774,0.10982091262551733,0.11927173233094575
2.3,98,3.853160545446774,0.08854977066556989,0.21571843448259667
2.3,99,3.853160545446774,0.1606667428758086,0.13437687110670313
2.3,100,3.853160545446774,0.2706510011892141,0.28855003001831525
2.3,101,3.853160545446774,0.17485825549284545,0.1591440763691306
2.3,102,3.853160545446774,0.1580735713652914,0.12613387351999747
2.3,103,3.853160545446774,0.21082970365992812,0.18310937920176604
2.3,104,3.853160545446774,0.12326798951007525,0.1866107264466183
2.3,105,3.853160545446774,0.31404418827354336,0.2772262358906869
2.3,106,3.853160545446774,0.144385347487468,0.19195139337596015
2.3,107,3.853160545446774,0.3817723151658895,0.18394532467725128
2.3,108,3.853160545446774,0.12502665305918095,0.11931572177427792
2.3,109,3.853160545446774,0.17489822308511854,0.1868372436449071
2.3,110,3.853160545446774,0.1845857132853668,0.266322293306225
2.3,111,3.853160545446774,0.2304981298512935,0.21839965506827388
2.3,112,3.853160545446774,0.14290180505330713,0.12454106930115298
2.3,113,3.853160545446774,0.17855159292584347,0.17279427100479738
2.3,114,3.853160545446774,0.16025139637722693,0.12222454722582438
2.3,115,3.853160545446774,0.2486086986366221,0.124294982736084
2.3,116,3.853160545446774,0.20141222932815503,0.20720166431572157
2.3,117,3.853160545446774,0.22604360346180782,0.2283961425305547
2.3,118,3.853160545446774,0.1391011962434308,0.12839409569011964
2.3,119,3.853160545446774,0.21217955006206565,0.1372182947193233
2.3,120,3.853160545446774,0.09940126905591726,0.13901619862215583
2.3,121,3.853160545446774,0.1570560453318677,0.13252362945810353
2.3,122,3.853160545446774,0.23976250953246506,0.1349278548205412
2.3,123,3.853160545446774,0.2694925991862625,0.1364266563977919
2.3,124,3.853160545446774,0.18209950385150517,0.26636396046674826
2.3,125,3.853160545446774,0.1925661071656032,0.12412659306899379
2.3,126,3.853160545446774,0.21664195384596016,0.18583536729053
2.3,127,3.853160545446774,0.11600738224004668,0.18164178107153522
2.4,0,3.6926121893864914,0.12972180048586804,0.21792068763617986
2.4,1,3.6926121893864914,0.10869366727067313,0.1352042151103315
2.4,2,3.6926121893864914,0.2007905631012624,0.21567466958222647
2.4,3,3.6926121893864914,0.244034777207424,0.28650380893346405
2.4,4,3.6926121893864914,0.21750722075834414,0.22674478736529222
2.4,5,3.6926121893864914,0.10638901870272745,0.20175692762352113
2.4,6,3.6926121893864914,0.17108817973034435,0.12935225276605086
2.4,7,3.6926121893864914,0.22718819084660197,0.38081720814775744
2.4,8,3.6926121893864914,0.2945164344441212,0.11937407827831185
2.4,9,3.6926121893864914,0.09776666358681792,0.12426153870020935
2.4,10,3.6926121893864914,0.2705403470937861,0.13458444504947678
2.4,11,3.6926121893864914,0.13669221942095047,0.2175183079412423
2.4,12,3.6926121893864914,0.12767771269625902,0.1508542117535561
2.4,13,3.6926121893864914,0.14299849171560636,0.23485591936461186
2.4,14,3.6926121893864914,0.23098753992304175,0.1378105455957001
2.4,15,3.6926121893864914,0.16000589301669615,0.09429033386098475
2.4,16,3.6926121893864914,0.3245231578759862,0.1804777006511067
2.4,17,3.6926121893864914,0.11735278238940583,0.2165411716611354
2.4,18,3.6926121893864914,0.11308537252126827,0.13592190581007066
2.4,19,3.6926121893864914,0.11341466439439707,0.15922179293104818
2.4,20,3.6926121893864914,0.16862132358521795,0.25928482105495654
2.4,21,3.6926121893864914,0.09399584567941757,0.09757449518049159
2.4,22,3.6926121893864914,0.24975330792374542,0.18794050856872715
2.4,23,3.6926121893864914,0.10245897268003056,0.14007117983194492
2.4,24,3.6926121893864914,0.32450091023241656,0.23191562725505993
2.4,25,3.6926121893864914,0.10466624655160363,0.22639098213701545
2.4,26,3.6926121893864914,0.14010788320656675,0.14056102125483594
2.4,27,3.6926121893864914,0.1068250171146829,0.11592340765650479
2.4,28,3.6926121893864914,0.1578817637299499,0.14009448541279873
2.4,29,3.6926121893864914,0.1998107133994187,0.32326822587792786
2.4,30,3.6926121893864914,0.10474589719673143,0.22640012371771842
2.4,31,3.6926121893864914,0.21218102172693665,0.14277277169575178
2.4,32,3.6926121893864914,0.20475005080421513,0.28939492475719425
2.4,33,3.6926121893864914,0.15297128643364666,0.2878064598422352
2.4,34,3.6926121893864914,0.12660657313124965,0.17658574130984916
2.4,35,3.6926121893864914,0.09773879064110001,0.1038578069451495
2.4,36,3.6926121893864914,0.2765129937959022,0.164141156123835
2.4,37,3.6926121893864914,0.2117449182045379,0.10115725970456244
2.4,38,3.6926121893864914,0.13136036172686424,0.17819177471349987
2.4,39,3.6926121893864914,0.13652708202811065,0.10633759477435913
2.4,40,3.6926121893864914,0.13712425426969674,0.18789582824704165
2.4,41,3.6926121893864914,0.12252739109054898,0.1863699051777576
2.4,42,3.6926121893864914,0.1338765575771504,0.27651058428625797
2.4,43,3.6926121893864914,0.13607437205800774,0.24525648224146454
2.4,44,3.6926121893864914,0.08228386316654827,0.1579589858422084
2.4,45,3.6926121893864914,0.14192657775266268,0.14625784155191796
2.4,46,3.6926121893864914,0.16994741226845297,0.2781993199388623
2.4,47,3.6926121893864914,0.12181450780003447,0.2574868905999848
2.4,48,3.6926121893864914,0.17809353693134833,0.11258387080319936
2.4,49,3.6926121893864914,0.14228627446519335,0.14560103034188446
2.4,50,3.6926121893864914,0.1255345946753761,0.14006741260580033
2.4,51,3.6926121893864914,0.11820973051698275,0.12439623250955724
2.4,52,3.6926121893864914,0.16825503465015956,0.1588004039169908
2.4,53,3.6926121893864914,0.08098877351252264,0.14928148447579737
2.4,54,3.6926121893864914,0.14444309193494811,0.31178537651466415
2.4,55,3.6926121893864914,0.12541641055985164,0.13885078147457236
2.4,56,3.6926121893864914,0.3361485050951319,0.2422672875494018
2.4,57,3.6926121893864914,0.25523350454267624,0.17811076685170268
2.4,58,3.6926121893864914,0.14635749815809393,0.21027847779628156
2.4,59,3.6926121893864914,0.14210777739628191,0.16432262723881658
2.4,60,3.6926121893864914,0.10266228010120282,0.18655188562351868
2.4,61,3.6926121893864914,0.11935930196692558,0.11596587429636226
2.4,62,3.6926121893864914,0.14010398445340716,0.2655648628453349
2.4,63,3.6926121893864914,0.1856805804667455,0.15604326264630825
2.4,64,3.6926121893864914,0.14743174355498126,0.2678431718114607
2.4,65,3.6926121893864914,0.1188436407060863,0.21752368889455015
2.4,66,3.6926121893864914,0.19719233202460112,0.21751651287843565
2.4,67,3.6926121893864914,0.26569065974226314,0.21754494918743647
2.4,68,3.6926121893864914,0.1770750883147036,0.27466162440817754
2.4,69,3.6926121893864914,0.12932180702868484,0.1698637267351577
2.4,70,3.6926121893864914,0.11136530666114175,0.17108394308633823
2.4,71,3.6926121893864914,0.11158460261588082,0.138581298485084
2.4,72,3.6926121893864914,0.18351156005311703,0.11767865639802987
2.4,73,3.6926121893864914,0.2010805202837487,0.14683258797976229
2.4,74,3.6926121893864914,0.14002026077702037,0.1525640490338423
2.4,75,3.6926121893864914,0.08067008251273876,0.14750033843010263
2.4,76,3.6926121893864914,0.17812461299516189,0.1649481727964857
2.4,77,3.6926121893864914,0.10376185699228936,0.15429325617901307
2.4,78,3.6926121893864914,0.12811464916243742,0.3658787924805689
2.4,79,3.6926121893864914,0.14006002063838469,0.12467550452573531
2.4,80,3.6926121893864914,0.18091497772136253,0.217527452411318
2.4,81,3.6926121893864914,0.21506869976964818,0.18844266709651566
2.4,82,3.6926121893864914,0.18891369843267974,0.19627153266539907
2.4,83,3.6926121893864914,0.08846066239193424,0.2192483320724482
2.4,84,3.6926121893864914,0.27651596255402583,0.20442347660873583
2.4,85,3.6926121893864914,0.12037860120232417,0.28554380837360094
2.4,86,3.6926121893864914,0.16982644464944177,0.10275449571755677
2.4,87,3.6926121893864914,0.36942239113890635,0.19777567701301418
2.4,88,3.6926121893864914,0.09095574705658606,0.1293228767583339
2.4,89,3.6926121893864914,0.16369428399555364,0.2007699305884882
2.4,90,3.6926121893864914,0.20372754879315316,0.1345841094817472
2.4,91,3.6926121893864914,0.11929202383588948,0.21749584671737626
2.4,92,3.6926121893864914,0.12843869595690113,0.1072340111330275
2.4,93,3.6926121893864914,0.17576722218613824,0.10487730187801303
2.4,94,3.6926121893864914,0.13461190248361316,0.13573058366297946
2.4,95,3.6926121893864914,0.1508391952778673,0.2065247443696928
2.4,96,3.6926121893864914,0.21050511644125156,0.10463677585716295
2.4,97,3.6926121893864914,0.08968162040949919,0.07299127556750523
2.4,98,3.6926121893864914,0.2229752359908947,0.17810590358721787
2.4,99,3.6926121893864914,0.20793484738009152,0.20423402075493277
2.4,100,3.6926121893864914,0.09392800858943692,0.11113710053950783
2.4,101,3.6926121893864914,0.11630560253593411,0.20338495767207015
2.4,102,3.6926121893864914,0.13158372299575793,0.11561070862606204
2.4,103,3.6926121893864914,0.20167211332502097,0.2552706163874604
2.4,104,3.6926121893864914,0.17184393436681988,0.2720573380103881
2.4,105,3.6926121893864914,0.08194129745316468,0.24236035402096134
2.4,106,3.6926121893864914,0.2122923405762641,0.12469245121431832
2.4,107,3.6926121893864914,0.08920859602248031,0.12425734434052853
2.4,108,3.6926121893864914,0.13848226244708303,0.1293106232996584
2.4,109,3.6926121893864914,0.1315881122450291,0.2462553951137655
2.4,110,3.6926121893864914,0.19210443079024486,0.12647636191793596
2.4,111,3.6926121893864914,0.10072149745156785,0.2824767921130291
2.4,112,3.6926121893864914,0.20016847429483078,0.13458838906446904
2.4,113,3.6926121893864914,0.172237219505454,0.10590985578843956
2.4,114,3.6926121893864914,0.09721896550384358,0.18464101511923234
2.4,115,3.6926121893864914,0.11937159036504025,0.10158672048937799
2.4,116,3.6926121893864914,0.10605693314122601,0.258631608056902
2.4,117,3.6926121893864914,0.19048024538361058,0.15278277374333335
2.4,118,3.6926121893864914,0.20953671149204597,0.18195974031401144
2.4,119,3.6926121893864914,0.21339743151547907,0.13876085054049989
2.4,120,3.6926121893864914,0.15314086139734784,0.11578530162584413
2.4,121,3.6926121893864914,0.10831904293718128,0.2179315459533461
2.4,122,3.6926121893864914,0.07688597625951711,0.21406094679550236
2.4,123,3.6926121893864914,0.11936806074188372,0.13595364386045705
2.4,124,3.6926121893864914,0.15396487077686885,0.21436424494303433
2.4,125,3.6926121893864914,0.09154503828418994,0.27275989815167095
2.4,126,3.6926121893864914,0.3658618557032541,0.3670949730324897
2.4,127,3.6926121893864914,0.13051002177801918,0.16803142929303266
2.5,0,3.5449077018110318,0.2388914173044198,0.3115174268562648
2.5,1,3.5449077018110318,0.16618264731243365,0.10823799351328663
2.5,2,3.5449077018110318,0.1535583240077684,0.19989375294886508
2.5,3,3.5449077018110318,0.18119803047209454,0.11079169252847385
2.5,4,3.5449077018110318,0.20020752302203096,0.12392080624844053
2.5,5,3.5449077018110318,0.2640324257258708,0.12101562166978197
2.5,6,3.5449077018110318,0.08441074769186044,0.11869572122226708
2.5,7,3.5449077018110318,0.12790373716213566,0.15975681675765827
2.5,8,3.5449077018110318,0.17157718148058104,0.2905384632307791
2.5,9,3.5449077018110318,0.14030033945241815,0.2158689957112656
2.5,10,3.5449077018110318,0.3573444814783847,0.3512640801098675
2.5,11,3.5449077018110318,0.12375536769014776,0.1844491117663644
2.5,12,3.5449077018110318,0.2173369482091701,0.17846076913578496
2.5,13,3.5449077018110318,0.23305172797527232,0.24060143379670434
2.5,14,3.5449077018110318,0.14276565811805916,0.20389480161068857
2.5,15,3.5449077018110318,0.13126700733708235,0.17845036720581742
2.5,16,3.5449077018110318,0.17098849370297659,0.19064243096513933
2.5,17,3.5449077018110318,0.16097555112976158,0.11679177920242734
2.5,18,3.5449077018110318,0.11080183757054099,0.15161106739713753
2.5,19,3.5449077018110318,0.15164723676787562,0.17566912210327615
2.5,20,3.5449077018110318,0.1457208647624602,0.1553476947535734
2.5,21,3.5449077018110318,0.16619252650168867,0.1709947164540239
2.5,22,3.5449077018110318,0.23441590061398948,0.1216179763112141
2.5,23,3.5449077018110318,0.2756096444437783,0.3374701450044853
2.5,24,3.5449077018110318,0.16629584531619965,0.21734390117113275
2.5,25,3.5449077018110318,0.1986935053491791,0.3113649343058567
2.5,26,3.5449077018110318,0.2617376473994879,0.13997987641434095
2.5,27,3.5449077018110318,0.23421207032012722,0.20880486445978907
2.5,28,3.5449077018110318,0.3427805343781066,0.12608820172390503
2.5,29,3.5449077018110318,0.15113399304250832,0.1381619916601729
2.5,30,3.5449077018110318,0.19549461525668463,0.18418251068884053
2.5,31,3.5449077018110318,0.14566163204653798,0.09738419229604003
2.5,32,3.5449077018110318,0.21404567032990082,0.13448750449764618
2.5,33,3.5449077018110318,0.13119335272909566,0.14633864049637246
2.5,34,3.5449077018110318,0.16817434748349108,0.14821638657582187
2.5,35,3.5449077018110318,0.09886159144493997,0.10001097628364759
2.5,36,3.5449077018110318,0.0882755061385438,0.20198857868486364
2.5,37,3.5449077018110318,0.18691726566730119,0.3115516959644525
2.5,38,3.5449077018110318,0.1711328101114481,0.10073976690548048
2.5,39,3.5449077018110318,0.150887747572715,0.10328199286152913
2.5,40,3.5449077018110318,0.2257783264584566,0.2748475615256404
2.5,41,3.5449077018110318,0.19361262454288325,0.13424242697226868
2.5,42,3.5449077018110318,0.3115032541398687,0.09321018574264077
2.5,43,3.5449077018110318,0.1561877555882262,0.21732916901948157
2.5,44,3.5449077018110318,0.17792506812040462,0.16795973303806375
2.5,45,3.5449077018110318,0.24455011963437556,0.21880407143390582
2.5,46,3.5449077018110318,0.15165261670457486,0.11886543303206545
2.5,47,3.5449077018110318,0.11371890338236015,0.17097384101762403
2.5,48,3.5449077018110318,0.2354409328571158,0.19432196280490194
2.5,49,3.5449077018110318,0.08730356465643621,0.16566304617527908
2.5,50,3.5449077018110318,0.08734146296155172,0.09382159239144375
2.5,51,3.5449077018110318,0.13051252802118607,0.1437660746308281
2.5,52,3.5449077018110318,0.26757246332747675,0.24614881127018676
2.5,53,3.5449077018110318,0.10100777814389739,0.14566726845125127
2.5,54,3.5449077018110318,0.2876423465618328,0.18024030563057966
2.5,55,3.5449077018110318,0.39047389918468445,0.14413166136700944
2.5,56,3.5449077018110318,0.20407162768793025,0.1779851291041444
2.5,57,3.5449077018110318,0.1941160415768891,0.1735087473570322
2.5,58,3.5449077018110318,0.14916465148097316,0.15090854695547024
2.5,59,3.5449077018110318,0.25952253084471827,0.1687146413501846
2.5,60,3.5449077018110318,0.17307293143616853,0.16547658133070212
2.5,61,3.5449077018110318,0.10136394706344243,0.131114242072774
2.5,62,3.5449077018110318,0.14187622063807018,0.13910402139990238
2.5,63,3.5449077018110318,0.26459501322527457,0.15381803971771824
2.5,64,3.5449077018110318,0.11977444045496757,0.1512467662297335
2.5,65,3.5449077018110318,0.1313782623297483,0.1436789746979315
2.5,66,3.5449077018110318,0.11342928136011192,0.1495150903018922
2.5,67,3.5449077018110318,0.16554458179360518,0.13494596754540958
2.5,68,3.5449077018110318,0.11459928826014525,0.11249354096794872
2.5,69,3.5449077018110318,0.2087934189226864,0.17097866369619025
2.5,70,3.5449077018110318,0.19273918900468867,0.12215872455862002
2.5,71,3.5449077018110318,0.2143323829482175,0.1581446060736869
2.5,72,3.5449077018110318,0.11280060941356092,0.1092737016973742
2.5,73,3.5449077018110318,0.19222845365448454,0.275190363816871
2.5,74,3.5449077018110318,0.11490241116740325,0.0924289193520983
2.5,75,3.5449077018110318,0.14641162003833794,0.11713544867296166
2.5,76,3.5449077018110318,0.10255710091944828,0.12960246797278888
2.5,77,3.5449077018110318,0.13295069577014468,0.2507724970917676
2.5,78,3.5449077018110318,0.12354625068051721,0.16683218437192343
2.5,79,3.5449077018110318,0.1326295966231724,0.10458706302901151
2.5,80,3.5449077018110318,0.10883276149192316,0.1361161983624733
2.5,81,3.5449077018110318,0.1140845949890035,0.3512314021903575
2.5,82,3.5449077018110318,0.13449050200231263,0.19276418265226541
2.5,83,3.5449077018110318,0.3115383801931234,0.22200128135708136
2.5,84,3.5449077018110318,0.11460960481207279,0.11987765209513519
2.5,85,3.5449077018110318,0.1805334726600119,0.14356433021985843
2.5,86,3.5449077018110318,0.11967902636860395,0.1991455740696546
2.5,87,3.5449077018110318,0.1735458869317416,0.25602428819666284
2.5,88,3.5449077018110318,0.1241263713427736,0.13741042056785005
2.5,89,3.5449077018110318,0.16425684765476012,0.10358554192184796
2.5,90,3.5449077018110318,0.3115185045247998,0.15725257816968635
2.5,91,3.5449077018110318,0.11238391993537858,0.16468329532831522
2.5,92,3.5449077018110318,0.09819550237992951,0.2476079444384763
2.5,93,3.5449077018110318,0.12606325070675148,0.10690401866523243
2.5,94,3.5449077018110318,0.17858691462636392,0.12926133420846525
2.5,95,3.5449077018110318,0.16267779152500889,0.24899137489745268
2.5,96,3.5449077018110318,0.1553343930454667,0.10115996791464195
2.5,97,3.5449077018110318,0.10995344692168141,0.1927529409195481
2.5,98,3.5449077018110318,0.23296649122566498,0.12255951515681307
2.5,99,3.5449077018110318,0.1827814899628483,0.20144643750476057
2.5,100,3.5449077018110318,0.23720228284306533,0.10078857930367802
2.5,101,3.5449077018110318,0.11352114587576226,0.2762949935917894
2.5,102,3.5449077018110318,0.19158580238692163,0.1394369883514789
2.5,103,3.5449077018110318,0.12227367649901119,0.147133186288706
2.5,104,3.5449077018110318,0.1146247112737363,0.16711609216800322
2.5,105,3.5449077018110318,0.129689263304512,0.09383507884547175
2.5,106,3.5449077018110318,0.16252637199819991,0.3804681622406179
2.5,107,3.5449077018110318,0.2032970137047308,0.1981688274261271
2.5,108,3.5449077018110318,0.12407646151363752,0.11122148599094217
2.5,109,3.5449077018110318,0.18891938587285054,0.18211881170553262
2.5,110,3.5449077018110318,0.14815435439721805,0.25504602859239006
2.5,111,3.5449077018110318,0.16425249627553667,0.1709620688687568
2.5,112,3.5449077018110318,0.2165152986656099,0.13445793191270689
2.5,113,3.5449077018110318,0.1196528230188724,0.16459294563363214
2.5,114,3.5449077018110318,0.1061154314078081,0.09974944430309729
2.5,115,3.5449077018110318,0.10327855793236149,0.08919431842648877
2.5,116,3.5449077018110318,0.10649162585673462,0.1491093642906641
2.5,117,3.5449077018110318,0.08433578171056512,0.07813954375603431
2.5,118,3.5449077018110318,0.23612883735040174,0.10463365211579496
2.5,119,3.5449077018110318,0.18604197392945135,0.11370612615527169
2.5,120,3.5449077018110318,0.19279136143226078,0.21441082651278612
2.5,121,3.5449077018110318,0.12245187019326882,0.1145792714156904
2.5,122,3.5449077018110318,0.08789971131236299,0.18328498433638435
2.5,123,3.5449077018110318,0.15758115727342062,0.22870713099331214
2.5,124,3.5449077018110318,0.10527407289504173,0.12287064099583059
2.5,125,3.5449077018110318,0.16955699871528346,0.17897731434425432
2.5,126,3.5449077018110318,0.27627245757401936,0.1395023231165852
2.5,127,3.5449077018110318,0.10766992676572529,0.1306175487815738
3.0,0,2.954089751509193,0.13871498954960462,0.1404159756307426
3.0,1,2.954089751509193,0.24590034080058784,0.10000626199024837
3.0,2,2.954089751509193,0.14886064872953622,0.20239831895809093
3.0,3,2.954089751509193,0.16966516360166173,0.2051475636311961
3.0,4,2.954089751509193,0.11454249001691168,0.1263471169070062
3.0,5,2.954089751509193,0.13195462211155284,0.1636966073253265
3.0,6,2.954089751509193,0.10767570699576573,0.14248405022003832
3.0,7,2.954089751509193,0.1685934139731564,0.1081285813011303
3.0,8,2.954089751509193,0.10668820818121853,0.23412596396962357
3.0,9,2.954089751509193,0.20609439617218064,0.2978159654694378
3.0,10,2.954089751509193,0.175203585772539,0.21263293591579635
3.0,11,2.954089751509193,0.13219565095854352,0.11206753641026317
3.0,12,2.954089751509193,0.10013768841089982,0.26136222011367777
3.0,13,2.954089751509193,0.2927014994448615,0.23024974415768662
3.0,14,2.954089751509193,0.17256547843867542,0.23966013707048525
3.0,15,2.954089751509193,0.07050150674771141,0.12067734295026751
4.0,0,2.2155673136318947,0.17746556156038334,0.21169818976484017
4.0,1,2.2155673136318947,0.08576946416258724,0.08983738294317659
4.0,2,2.2155673136318947,0.19469784682397057,0.10266799899690537
4.0,3,2.2155673136318947,0.09494037734784594,0.1680210456566982
4.0,4,2.2155673136318947,0.12093256036161733,0.20487355174349842
4.0,5,2.2155673136318947,0.1618416243545277,0.19470307202811954
4.0,6,2.2155673136318947,0.11708604428956047,0.08435603628529442
4.0,7,2.2155673136318947,0.10758577637431002,0.17151926505727935
4.0,8,2.2155673136318947,0.13049977015935177,0.10685806592502496
4.0,9,2.2155673136318947,0.16142667819345113,0.08941213578451786
4.0,10,2.2155673136318947,0.08228258626089738,0.15941485302727015
4.0,11,2.2155673136318947,0.17267347985834935,0.0807419654340932
4.0,12,2.2155673136318947,0.21950872975690672,0.10816804236994765
4.0,13,2.2155673136318947,0.14263556360271715,0.18708785567894828
4.0,14,2.2155673136318947,0.09374387486398723,0.10285003889032535
4.0,15,2.2155673136318947,0.0880823407026417,0.165916470774925
8.0,0,1.1077836568159474,0.093525358295111,0.10136951412495507
8.0,1,1.1077836568159474,0.0923826954450826,0.06912727697926871
8.0,2,1.1077836568159474,0.05560540082317139,0.11840386012226917
8.0,3,1.1077836568159474,0.07970553423136253,0.08505421136660049
8.0,4,1.1077836568159474,0.08295623596133053,0.10545396762779322
8.0,5,1.1077836568159474,0.09811103946091308,0.07780892917731412
8.0,6,1.1077836568159474,0.05772160957599285,0.07658108423164338
8.0,7,1.1077836568159474,0.07432398843919215,0.07969654372447374
8.0,8,1.1077836568159474,0.07742174278619954,0.070954832141744
8.0,9,1.1077836568159474,0.07095848286780393,0.09735362242492128
8.0,10,1.1077836568159474,0.07051706946601607,0.06580338439931405
8.0,11,1.1077836568159474,0.06023953656757182,0.0797029306190197
8.0,12,1.1077836568159474,0.0797064052682856,0.08135019811653171
8.0,13,1.1077836568159474,0.0978336770146871,0.06494959920370744
8.0,14,1.1077836568159474,0.07287506634435571,0.0925625486417837
8.0,15,1.1077836568159474,0.09681124739474499,0.09734138126049675
