sigma,sigma_index,realization,h0_bottleneck,h0_total_persistence_absent,h0_total_persistence_present,h0_total_persistence_delta,h0_max_persistence_absent,h0_max_persistence_present,h0_max_persistence_delta,h0_persistence_entropy_absent,h0_persistence_entropy_present,h0_persistence_entropy_delta,h0_n_persistent_absent,h0_n_persistent_present,h0_n_persistent_delta,h0_landscape_l2_absent,h0_landscape_l2_present,h0_landscape_l2_delta,h1_bottleneck,h1_total_persistence_absent,h1_total_persistence_present,h1_total_persistence_delta,h1_max_persistence_absent,h1_max_persistence_present,h1_max_persistence_delta,h1_persistence_entropy_absent,h1_persistence_entropy_present,h1_persistence_entropy_delta,h1_n_persistent_absent,h1_n_persistent_present,h1_n_persistent_delta,h1_landscape_l2_absent,h1_landscape_l2_present,h1_landscape_l2_delta
0.25,0,0,0.26104789399627765,423.0326622854819,421.0023706508181,-2.030291634663797,0.8503715660163867,0.8503715660163552,-3.1530333899354446e-14,7.265109395432104,7.262555208120227,-0.0025541873118770653,1740.0,1742.0,2.0,2.311922162561539,2.306483027400145,-0.005439135161394049,0.26914440689634517,781.3771127127865,778.2610771313257,-3.1160355814607783,1.0359534215326975,0.9861955826567133,-0.049757838875984284,7.780852535510624,7.7800908149380295,-0.0007617205725942711,2959.0,2955.0,-4.0,3.4429094682871764,3.426307789332604,-0.016601678954572208
0.25,0,1,0.24141577219238047,405.6527271913096,403.0387245973349,-2.6140025939747034,0.8416490664950991,0.853210438138073,0.011561371642973883,7.2317486884661974,7.228773976287984,-0.0029747121782133235,1686.0,1680.0,-6.0,2.221304002332957,2.209576347306861,-0.011727655026096073,0.1633304144814941,771.7411854404937,769.0192804840722,-2.721904956421554,1.1023909326211003,1.1023909326211003,0.0,7.7759274040875335,7.773837631085666,-0.002089773001867634,2943.0,2940.0,-3.0,3.405670820195749,3.397598170457467,-0.0080726497382817
0.25,0,2,0.22292036300812515,419.4959468138543,416.78906261717225,-2.70688419668204,0.9479177553367398,0.9938858561079053,0.04596810077116542,7.238194447998849,7.2356749543967,-0.00251949360214887,1697.0,1692.0,-5.0,2.3324423416963365,2.3251151155823697,-0.007327226113966745,0.21476278476315003,778.5095888765136,775.7126764731049,-2.796912403408669,1.213688519484284,1.2136885194843239,3.9968028886505635e-14,7.772120091390294,7.771187978799347,-0.000932112590946943,2929.0,2929.0,0.0,3.4263695713817555,3.415609094382399,-0.010760476999356339
0.25,0,3,0.2291574839377595,409.0910010617813,406.98668076418465,-2.1043202975966437,0.8811466320997606,0.8997505723691258,0.018603940269365182,7.240486405231503,7.237325011054438,-0.003161394177065624,1705.0,1698.0,-7.0,2.2486151100320653,2.241807475948283,-0.006807634083782155,0.2419235907112516,771.2352571609484,768.555704730729,-2.6795524302194735,0.9828763505084437,0.9263358564634501,-0.05654049404499362,7.778987024022617,7.778144494022428,-0.000842530000189079,2942.0,2944.0,2.0,3.3692414071905947,3.3553904805240617,-0.013850926666532981
0.25,0,4,0.23450956452710547,422.70653562614996,420.0220654668807,-2.6844701592692672,0.8512006810401586,0.8708873506849901,0.019686669644831567,7.266874712056935,7.265626679759649,-0.0012480322972860947,1754.0,1754.0,0.0,2.2977637432899862,2.2791753322677333,-0.01858841102225295,0.25138366543182555,787.8459281794246,785.7099888676073,-2.1359393118173102,1.0031960629682857,1.0031960629682857,0.0,7.797701124208384,7.796208132096176,-0.0014929921122082135,2989.0,2985.0,-4.0,3.4247902049040517,3.4192667672379504,-0.005523437666101305
0.25,0,5,0.21121226772025173,419.95862485461413,417.3609282321154,-2.597696622498745,0.929273608915672,1.015174877783293,0.08590126886762095,7.234825666796871,7.232385892027122,-0.0024397747697486594,1686.0,1682.0,-4.0,2.3315687526057847,2.322351815790185,-0.009216936815599652,0.23281355623979555,788.1347689266042,786.743870606458,-1.3908983201462206,1.1047057356824361,1.1047057356824361,0.0,7.780013952136258,7.77980503762452,-0.00020891451173810083,2985.0,2982.0,-3.0,3.536391964469562,3.529586750851909,-0.00680521361765285
0.25,0,6,0.2203567643706267,416.48605462259127,413.47682183085436,-3.009232791736906,0.8611739886922294,0.8959588355421861,0.03478484684995675,7.246390893912433,7.24561002358056,-0.0007808703318730181,1715.0,1714.0,-1.0,2.269450205492387,2.253278915402204,-0.01617129009018292,0.23648447285785829,774.3327708054188,772.0267099164541,-2.30606088896468,1.0786109214148083,1.0785372922621541,-7.362915265418657e-05,7.781902625517551,7.7816995180434,-0.00020310747415130948,2960.0,2961.0,1.0,3.3917013344165263,3.376810967144211,-0.014890367272315519
0.25,0,7,0.28881068366296864,414.5403214689942,412.7378949673757,-1.80242650161847,0.8493783122948814,0.8494988866676916,0.00012057437281021155,7.251505942651988,7.249727159180956,-0.0017787834710327743,1695.0,1691.0,-4.0,2.235012953911943,2.228017004589324,-0.006995949322619044,0.26327198687949643,780.1064823796221,777.8464903719139,-2.259992007708206,0.9954978720459478,0.9954978720459775,2.9753977059954195e-14,7.787960981305703,7.787682793437266,-0.0002781878684370298,2947.0,2945.0,-2.0,3.4026267759428777,3.388790090852612,-0.01383668509026581
0.25,0,8,0.23045282029768438,400.6735622591774,398.5738073795278,-2.099754879649595,0.838336027098722,0.8429027455085124,0.0045667184097903935,7.228409454067688,7.225743312430665,-0.0026661416370235003,1698.0,1693.0,-5.0,2.1947073225431932,2.186892372904961,-0.00781494963823226,0.2769296850563402,802.2436917938101,800.6029654042696,-1.6407263895404185,1.015169879348391,1.015169879348391,0.0,7.786556894072392,7.785730204830978,-0.000826689241414158,2967.0,2963.0,-4.0,3.5567457855366196,3.545336674540311,-0.011409110996308591
0.25,0,9,0.21558579165287114,427.6848166003221,424.1042427336645,-3.5805738666576303,1.0475050705426134,1.1025463659364176,0.0550412953938042,7.250529036154139,7.246031704060783,-0.004497332093355233,1723.0,1718.0,-5.0,2.367789813173186,2.36012221239555,-0.00766760077763573,0.31956355705059136,782.4505188530838,779.874893378048,-2.5756254750358494,1.182415416301256,1.182415416301256,0.0,7.793109679134487,7.79145379918507,-0.0016558799494168497,2988.0,2985.0,-3.0,3.4018584021074956,3.397141857594447,-0.004716544513048593
0.25,0,10,0.15555152711115378,405.23968588648177,402.5518584297145,-2.687827456767252,0.8390595865654017,0.859925406085144,0.020865819519742312,7.238138142253533,7.23587909431271,-0.002259047940822434,1694.0,1691.0,-3.0,2.19797613660306,2.1879539446198284,-0.010022191983231732,0.3174352906231988,817.0563398758472,815.2256594004808,-1.830680475366421,1.0728513208905803,1.0728513208905803,0.0,7.808794873180192,7.808153811572975,-0.0006410616072169972,3036.0,3034.0,-2.0,3.5674919830567418,3.55929433088136,-0.008197652175381709
0.25,0,11,0.19163327353004844,418.43442619799805,415.83642638026106,-2.5979998177369907,0.846670949062476,0.8491072336795101,0.0024362846170341568,7.254365758018131,7.249682419527749,-0.0046833384903814945,1716.0,1708.0,-8.0,2.244668532438808,2.236380286347491,-0.008288246091316953,0.2087163941310327,784.1235581341114,782.7698154591883,-1.353742674923069,0.9045689362787076,0.9045689362787076,0.0,7.793201475539506,7.793416867611432,0.0002153920719258906,2973.0,2976.0,3.0,3.405649714743264,3.3957935637689967,-0.009856150974267397
0.25,0,12,0.19705935076948855,408.27687118601835,405.70695660084624,-2.569914585172114,0.9197660965936669,0.9197660965936669,0.0,7.245523209697409,7.243430234847196,-0.002092974850213203,1719.0,1715.0,-4.0,2.240573615380405,2.2313074551266117,-0.009266160253793121,0.19997883874264377,787.7960253618435,786.1984389333738,-1.59758642846964,0.9670004716114018,0.9670004716114018,0.0,7.813888750132774,7.813257085270034,-0.0006316648627402444,3047.0,3040.0,-7.0,3.3765248379573,3.367694155069882,-0.00883068288741784
0.25,0,13,0.29922068580543004,413.5654808848879,411.2123158128187,-2.353165072069203,0.9089988484216128,0.9463805466364422,0.037381698214829395,7.218815868118859,7.216414494183168,-0.0024013739356911756,1695.0,1691.0,-4.0,2.333156690817353,2.323012462500289,-0.010144228317063853,0.23924991027308845,776.9650275704407,774.2965742070768,-2.6684533633639376,1.0237883262958096,1.0237883262958096,0.0,7.776395119830813,7.775671553052968,-0.0007235667778449084,2930.0,2928.0,-2.0,3.4237468066065513,3.413805668461109,-0.009941138145442174
0.25,0,14,0.3115713738216628,428.6722146682039,426.25308075273324,-2.4191339154706384,0.9687665600379763,0.9687665600379763,0.0,7.245743583419896,7.242821929008144,-0.0029216544117520726,1715.0,1711.0,-4.0,2.410356877502221,2.402855234808891,-0.0075016426933296465,0.2739533732961504,773.6858461659908,772.0942041906321,-1.591641975358698,0.9938521443694363,0.9938521443694363,0.0,7.781041175097849,7.780326965033084,-0.0007142100647650196,2927.0,2923.0,-4.0,3.361066823987429,3.3553624037264473,-0.005704420260981724
0.25,0,15,0.25022287821143974,413.9335503648465,412.1690196560849,-1.7645307087615834,0.8264041888692184,0.8289125955727689,0.0025084067035504587,7.257737899200105,7.256488323431626,-0.0012495757684787279,1724.0,1725.0,1.0,2.221657859707883,2.214762765782711,-0.00689509392517218,0.3332755392459983,778.3764403225116,777.0377327303196,-1.3387075921920086,0.9063933509555204,0.9063933509555204,0.0,7.786006149931654,7.785551961778972,-0.00045418815268227775,2993.0,2993.0,0.0,3.4248775982591617,3.41678294690635,-0.00809465135281151
0.26131427798810974,1,0,0.24616578258135471,432.5186047662092,430.23684736101563,-2.2817574051935594,1.069415474653379,1.2972569745777982,0.22784149992441916,7.238018212765119,7.235908036251647,-0.002110176513471451,1699.0,1698.0,-1.0,2.4495249524624443,2.4593091474577613,0.00978419499531702,0.2955426206109708,816.4111075720507,813.5456489137428,-2.8654586583079436,0.9345991866786832,0.9676021590807994,0.03300297240211614,7.78778957411109,7.785895139297996,-0.001894434813094037,2969.0,2959.0,-10.0,3.6287638999841536,3.616444352476045,-0.012319547508108819
0.26131427798810974,1,1,0.21185627271297952,432.9444481159098,429.92746448947645,-3.01698362643333,0.9513987119703384,0.9513984338256365,-2.7814470193732177e-07,7.2277901520534416,7.223634628044966,-0.004155524008475631,1695.0,1692.0,-3.0,2.4724829528312053,2.4628720617515247,-0.009610891079680606,0.2756278384499058,824.5260401796047,822.6563075566477,-1.8697326229570308,1.1056849195976008,1.1056849195976008,0.0,7.796982322555195,7.7966790481196435,-0.00030327443555133726,3015.0,3015.0,0.0,3.6886851183183014,3.678789721888501,-0.009895396429800307
0.26131427798810974,1,2,0.3773465782964776,425.3031112684657,423.3685461174749,-1.9345651509908066,0.8601220850662076,0.8777074883682271,0.01758540330201952,7.240685468819038,7.23649137148759,-0.004194097331447821,1707.0,1697.0,-10.0,2.356897019743913,2.3489345355803817,-0.007962484163531514,0.24715169806745385,829.7164036497335,827.5248071146397,-2.1915965350938222,1.1288293038066692,1.1288290925094346,-2.1129723459800687e-07,7.800480114259305,7.7994818892825215,-0.0009982249767839235,3024.0,3025.0,1.0,3.6735363409221238,3.6641020211964324,-0.00943431972569142
0.26131427798810974,1,3,0.30831023426519616,441.1217593683856,438.476637580456,-2.645121787929611,0.926363975479568,0.9697428837370816,0.04337890825751367,7.273259204830653,7.272693606082605,-0.0005655987480484015,1752.0,1751.0,-1.0,2.409842863684298,2.3947522455432595,-0.015090618141038625,0.27794240249221525,809.2552242830357,806.7324248366115,-2.5227994464241874,1.2786433257268124,1.2786433257268124,0.0,7.768084589019624,7.766604221483855,-0.0014803675357688562,2919.0,2916.0,-3.0,3.7055393651021804,3.6897279233923648,-0.015811441709815632
0.26131427798810974,1,4,0.2073592199384254,435.59562373754864,432.4021092875824,-3.1935144499662442,0.9173343391457288,0.9173343391457288,0.0,7.253988986162205,7.25355389150009,-0.0004350946621149987,1721.0,1719.0,-2.0,2.4103907324968876,2.3873027397429825,-0.023087992753905162,0.4617483063278389,802.9569089754905,800.4618784251335,-2.4950305503570007,1.1001623905646025,1.1001623905646025,0.0,7.751525352083512,7.750366414690941,-0.0011589373925708912,2879.0,2875.0,-4.0,3.703208187492118,3.6906483099002796,-0.012559877591838298
0.26131427798810974,1,5,0.12728760143649967,446.06671447028594,443.10844117950194,-2.958273290784007,0.9562148026617425,1.0062051120303568,0.04999030936861426,7.262356246843567,7.257147751536154,-0.005208495307413408,1727.0,1721.0,-6.0,2.473677639504804,2.4698190868935757,-0.003858552611228472,0.3229642815448581,817.3576795186355,814.0104796708781,-3.347199847757338,1.2846264662474656,1.2844166434401632,-0.00020982280730241776,7.780131986662287,7.779479811485102,-0.000652175177185299,2990.0,2988.0,-2.0,3.778808128931296,3.7582368203390244,-0.02057130859227163
0.26131427798810974,1,6,0.2642317573175748,433.37501009707523,431.31344239097,-2.0615677061052224,0.9691228004187908,1.0036998679991889,0.034577067580398024,7.218909316066396,7.215363827014345,-0.0035454890520512095,1676.0,1669.0,-7.0,2.508259728793148,2.5018328006313935,-0.006426928161754386,0.2928626743417607,803.3641612965343,800.5857515727847,-2.7784097237496326,1.0394425785043262,1.014470814699017,-0.0249717638053093,7.780540103591603,7.7783452327717475,-0.0021948708198555877,2952.0,2942.0,-10.0,3.5756674542960685,3.565779306175468,-0.009888148120600349
0.26131427798810974,1,7,0.21534207721512935,434.2164866884747,431.27696134848765,-2.9395253399870285,0.859189642692653,0.8703663148200678,0.0111766721274148,7.236876812485043,7.233302334696214,-0.0035744777888293555,1693.0,1689.0,-4.0,2.4266055383073337,2.4166137186708156,-0.009991819636518073,0.27817260208807215,802.9404675694909,800.1334352740292,-2.8070322954616813,1.1134640232092567,1.1134640232092567,0.0,7.790000675240414,7.78866464655108,-0.0013360286893338014,2996.0,2990.0,-6.0,3.5906432604863436,3.581951027637364,-0.008692232848979575
0.26131427798810974,1,8,0.2901525276566379,436.7908723273305,434.17464494486023,-2.6162273824702424,0.9810054920002803,0.9993733534053302,0.018367861405049868,7.250251143869998,7.244938192883733,-0.0053129509862648305,1717.0,1709.0,-8.0,2.459913838828171,2.4544673198830744,-0.005446518945096734,0.2913514793460953,817.9538616381374,816.4560402817297,-1.4978213564077123,1.0444921177995956,1.0444921177995956,0.0,7.7854940839311615,7.78444826807663,-0.0010458158545318952,2980.0,2976.0,-4.0,3.687933874480514,3.679350186656352,-0.008583687824161856
0.26131427798810974,1,9,0.21790332125949635,429.5962723010631,426.6648056658971,-2.9314666351659753,0.9223446097621015,0.9270424244592047,0.004697814697103175,7.255685825727866,7.252608007799557,-0.003077817928309301,1739.0,1733.0,-6.0,2.382905553853538,2.3711725768118606,-0.011732977041677639,0.3048566077111948,820.6680770739083,818.1274946650037,-2.5405824089045836,1.0086634059678576,1.0086634059678576,0.0,7.792793541631452,7.791183574890725,-0.001609966740726776,2989.0,2986.0,-3.0,3.6734971347700376,3.66371380710957,-0.009783327660467744
0.26131427798810974,1,10,0.22046274560121995,430.3352744506316,427.9448967752122,-2.3903776754193586,0.9286368923608788,0.9286368923606806,-1.9817480989559044e-13,7.234133224056992,7.2317993522833435,-0.0023338717736489656,1706.0,1702.0,-4.0,2.444172444434541,2.4345766143692367,-0.009595830065304511,0.2787244459387131,834.1707894809274,831.5609536781521,-2.609835802775251,1.103952824389594,1.103952824389594,0.0,7.793534358093595,7.792516120679208,-0.001018237414387002,2991.0,2991.0,0.0,3.7463545740368756,3.7354354781366474,-0.010919095900228104
0.26131427798810974,1,11,0.2571684602492582,447.1441749199194,445.19256807213776,-1.9516068477816475,1.0848268356673145,1.1072848052568167,0.02245796958950219,7.263213239472258,7.259589844104452,-0.0036233953678062036,1731.0,1723.0,-8.0,2.5002438207004527,2.5041774996384283,0.003933678937975582,0.24798086248749907,810.9805237454977,808.3460420990696,-2.634481646428185,1.1507358902594689,1.1507358902594689,0.0,7.766826864881828,7.765093126307309,-0.0017337385745195277,2925.0,2924.0,-1.0,3.7421278999885534,3.732493096937068,-0.009634803051485452
0.26131427798810974,1,12,0.17650679616914677,428.08166082929233,425.02642953014924,-3.055231299143088,0.8643673706583067,0.8694396777666435,0.005072307108336838,7.2192489095347785,7.216144077064383,-0.00310483247039528,1674.0,1670.0,-4.0,2.4575579230112727,2.442236806437198,-0.015321116574074534,0.31072778934117684,804.7116637001526,802.6250019178015,-2.0866617823511433,1.0630247508698292,1.0630247508698316,2.4424906541753444e-15,7.781858268716197,7.781019529259689,-0.0008387394565074757,2959.0,2959.0,0.0,3.5961674674665813,3.587669553663557,-0.008497913803024115
0.26131427798810974,1,13,0.22284485650402464,429.9366871152234,427.84922479589306,-2.0874623193303137,0.8932692500806941,0.8953713246842107,0.002102074603516524,7.247648985534134,7.245723732928686,-0.001925252605448513,1718.0,1715.0,-3.0,2.380312229699762,2.375475327566359,-0.00483690213340271,0.3944950996147092,834.8389476055977,832.2256625946211,-2.613285010976597,1.0991751303878394,1.0991751303876978,-1.4166445794216997e-13,7.806551450028443,7.806562608606624,1.1158578181458267e-05,3016.0,3018.0,2.0,3.697709393480327,3.681452428122213,-0.01625696535811416
0.26131427798810974,1,14,0.3135684650637111,436.0528135124855,433.4562927845751,-2.596520727910388,0.9739675450243647,0.9790016156193951,0.005034070595030471,7.234314411015109,7.230390111705544,-0.003924299309565171,1715.0,1708.0,-7.0,2.512104771880149,2.5097739654123283,-0.0023308064678206897,0.2960325797154424,828.878928693762,826.7323291376712,-2.1465995560907913,1.0710835918253787,1.0710835918253787,0.0,7.795119240595389,7.7935439330360285,-0.001575307559360084,2993.0,2988.0,-5.0,3.699049721803008,3.68930643898428,-0.009743282818728272
0.26131427798810974,1,15,0.3230142244444708,426.84041957063073,424.52086515557795,-2.319554415052778,0.9473430115158906,1.0694276418546638,0.12208463033877315,7.2477794034281295,7.246264097748149,-0.0015153056799803721,1724.0,1722.0,-2.0,2.3865210741787313,2.3852103360694663,-0.001310738109264964,0.29536588027826133,809.9894056416954,807.9692009183967,-2.0202047232986615,1.2111969757164607,1.211197010643648,3.492718736453071e-08,7.786356572588071,7.786020140832142,-0.0003364317559286789,2979.0,2976.0,-3.0,3.6342553964691704,3.6218401050683737,-0.012415291400796669
0.2731406075217884,2,0,0.2766615467688414,457.12408802064647,455.07731851885785,-2.046769501788617,0.9997335900458909,1.034842845171772,0.035109255125881034,7.254429422212535,7.2527891017538995,-0.0016403204586357134,1746.0,1743.0,-3.0,2.620216885364372,2.612738658769585,-0.007478226594787252,0.3383164190717247,882.2107645733145,880.5662185702997,-1.6445460030147387,1.2696580977096028,1.2696580977096028,0.0,7.810828000950443,7.810971728748087,0.00014372779764393329,3061.0,3058.0,-3.0,4.007249674915787,3.9994279934234958,-0.007821681492291344
0.2731406075217884,2,1,0.3897877337469843,451.4771473776303,449.05000152991255,-2.427145847717725,0.9547062008966344,0.9859338945471989,0.031227693650564547,7.263161486356527,7.262156373018729,-0.0010051133377979582,1741.0,1742.0,1.0,2.528436921906663,2.5226440374943144,-0.005792884412348709,0.3182575062829369,857.9412505522723,856.1218946953195,-1.819355856952825,1.1277699522772575,1.1277699522772575,0.0,7.7746463301694,7.773929664464754,-0.0007166657046457914,2947.0,2943.0,-4.0,4.004716614508106,3.991945755143241,-0.012770859364864773
0.2731406075217884,2,2,0.2785385896296457,468.62513218875466,466.4215368035188,-2.2035953852358716,0.9867024118375868,0.9996369649443312,0.012934553106744406,7.245382962251542,7.243159889871839,-0.002223072379702984,1715.0,1714.0,-1.0,2.7387391934220404,2.731806590693462,-0.006932602728578541,0.331531237154683,865.3292382415971,863.5355032261083,-1.7937350154887781,1.0057095398501708,0.9769821007997728,-0.028727439050397985,7.799102971628304,7.799301705876188,0.0001987342478848575,3017.0,3018.0,1.0,3.9275915552288443,3.910370056788311,-0.017221498440533445
0.2731406075217884,2,3,0.37277226884246667,453.5383977685983,451.61628807658747,-1.9221096920108494,0.9373952534908495,1.0131968544026948,0.07580160091184529,7.238725007425221,7.239087232471211,0.00036222504598981686,1696.0,1695.0,-1.0,2.600389516929734,2.5851363246885226,-0.015253192241211355,0.25782007406528973,853.6878673462801,852.0746825833428,-1.6131847629372942,1.2215646779112763,1.2215646779112763,0.0,7.789313993946948,7.7890975828002,-0.00021641114674775253,2978.0,2978.0,0.0,3.937095413655617,3.926557210821439,-0.010538202834178279
0.2731406075217884,2,4,0.22265457323498009,456.10956701427415,453.6981314856964,-2.4114355285777265,1.0328773132120255,1.0569961912564019,0.0241188780443764,7.251052238925005,7.24858441920742,-0.002467819717584696,1746.0,1744.0,-2.0,2.6437230369198734,2.6411530973648545,-0.0025699395550189408,0.31683841077165575,854.9712062570461,853.1437999333291,-1.827406323717014,1.1707154629494974,1.1707154629494974,0.0,7.785196661484488,7.785144427264681,-5.2234219806379656e-05,2974.0,2973.0,-1.0,3.928733659451495,3.9149752583287696,-0.013758401122725417
0.2731406075217884,2,5,0.2656548420150887,456.9140690061063,454.87807635292796,-2.0359926531783117,1.0227332229476578,1.0227332229476578,0.0,7.2568732943345715,7.254854332819318,-0.0020189615152537144,1743.0,1741.0,-2.0,2.6032208440358686,2.5991830214170784,-0.0040378226187902655,0.30080387409002507,854.7439534338738,852.8845924078174,-1.8593610260563764,1.1629257230496943,1.1629257230496943,0.0,7.791169975248669,7.789266551763605,-0.0019034234850643372,2999.0,2991.0,-8.0,3.8697530294678932,3.864129912347023,-0.005623117120870269
0.2731406075217884,2,6,0.3388080448588864,453.556698337786,450.8024559709918,-2.7542423667941875,0.9048133431115725,0.9370159809858221,0.032202637874249596,7.238113244123955,7.235598170222857,-0.002515073901098397,1703.0,1699.0,-4.0,2.611446807019643,2.599056279774154,-0.012390527245488947,0.33841083156099716,846.319464802126,843.9692132147724,-2.3502515873536822,1.0507073188347795,1.0507063527362401,-9.660985393900035e-07,7.787105346263157,7.78615705635718,-0.0009482899059776173,2964.0,2957.0,-7.0,3.8634877457290995,3.8514891995573315,-0.011998546171767988
0.2731406075217884,2,7,0.2602716163306835,448.14013690174977,446.1543604705042,-1.985776431245597,0.9694462803140503,1.071658565169996,0.10221228485594558,7.2234954502889686,7.221153523177227,-0.0023419271117415263,1687.0,1685.0,-2.0,2.632710601720488,2.6304107247093915,-0.002299877011096463,0.3068612926158454,866.5413345506912,865.0774710038186,-1.4638635468726306,1.104248832035145,1.0560516991143145,-0.04819713292083039,7.787033910001056,7.787479097878531,0.0004451878774753837,2962.0,2961.0,-1.0,3.9556926891193425,3.937334015152359,-0.018358673966983652
0.2731406075217884,2,8,0.25927542072431337,461.0304966911536,459.77070479984457,-1.2597918913090211,1.0310647004305444,1.1068706834656508,0.07580598303510633,7.25870664478731,7.256422546170365,-0.0022840986169452293,1726.0,1722.0,-4.0,2.6353055891807906,2.6394515491987893,0.004145960017998718,0.30378464801510185,839.6031705787452,837.5626878375608,-2.0404827411844053,1.211188711184237,1.211188711184237,0.0,7.775975710548993,7.775855652848534,-0.00012005770045853126,2947.0,2950.0,3.0,3.8564124575241236,3.847496504252336,-0.008915953271787735
0.2731406075217884,2,9,0.29306077251374135,451.07862400560833,448.29871763458243,-2.779906371025902,0.9894522964347593,1.0762760027421172,0.08682370630735792,7.241710208559458,7.238155246056921,-0.0035549625025366183,1714.0,1709.0,-5.0,2.6061273626854784,2.605340679947953,-0.0007866827375253571,0.3459310599583788,851.5931218170387,848.4218419820935,-3.171279834945153,1.2853285088504502,1.2853288369331917,3.280827414187115e-07,7.780239961344428,7.779782084229047,-0.0004578771153811445,2955.0,2950.0,-5.0,3.9445275648651683,3.925563302970598,-0.018964261894570456
0.2731406075217884,2,10,0.2338881663300863,457.65002473624884,455.8473024954457,-1.8027222408031207,0.9361139767468648,0.9373934103025046,0.001279433555639753,7.2516661217608815,7.250620765871864,-0.0010453558890173298,1736.0,1733.0,-3.0,2.6195474228676856,2.608115624771493,-0.011431798096192658,0.24664314661674341,861.8951496504734,860.1370663008577,-1.758083349615731,1.2800612912979867,1.2800612912979867,0.0,7.7737632709758095,7.7729093106868845,-0.0008539602889250375,2921.0,2920.0,-1.0,3.9958173204542513,3.9861100176268773,-0.009707302827373976
0.2731406075217884,2,11,0.19574759956052992,459.77378629572644,457.0567054322547,-2.717080863471722,1.0250081375550202,1.0250081375550202,0.0,7.239644409263221,7.237901381045933,-0.0017430282172874456,1718.0,1716.0,-2.0,2.693380015729632,2.678334425519519,-0.01504559021011298,0.29087043864068085,859.223740109261,856.3625565069408,-2.8611836023202386,1.1235043569150693,1.1266004062698285,0.003096049354759156,7.801941680146859,7.801224814016667,-0.000716866130192173,3020.0,3012.0,-8.0,3.893234483509592,3.8737869286305693,-0.01944755487902272
0.2731406075217884,2,12,0.2591540000722534,462.64713628043904,460.0861879496682,-2.5609483307708274,1.015467472673477,1.0158298973261486,0.0003624246526716668,7.253018865100916,7.252747182925956,-0.0002716821749597642,1724.0,1725.0,1.0,2.6568582636078033,2.645786444903753,-0.011071818704050163,0.31655629756261894,865.4537928359711,863.697375089886,-1.7564177460850487,1.1069142140879988,1.1069142140780144,-9.984457705058958e-12,7.786422090019874,7.785512295841578,-0.000909794178296508,2960.0,2957.0,-3.0,3.966114796436504,3.9601856520432945,-0.005929144393209462
0.2731406075217884,2,13,0.28170124770123384,462.54157101121746,460.63130430691007,-1.9102667043073893,1.068168464450073,1.068168464450073,0.0,7.222331862530253,7.221286221677421,-0.001045640852831653,1687.0,1684.0,-3.0,2.7660146248110205,2.7541467132540185,-0.011867911557001953,0.21000318918621316,845.5607875397762,843.2673261006105,-2.2934614391657533,1.0675329235511288,1.0201739991712453,-0.04735892437988354,7.788688809983732,7.788128676504966,-0.000560133478765934,2952.0,2948.0,-4.0,3.823494180263817,3.812641073485835,-0.010853106777982013
0.2731406075217884,2,14,0.2067659628397438,449.62392643789417,447.0965522114408,-2.5273742264533894,0.9368897548952968,1.0155623338371706,0.07867257894187385,7.237347530053777,7.233969797895208,-0.003377732158568847,1692.0,1684.0,-8.0,2.569079718986885,2.561611682632993,-0.007468036353892149,0.27750286015364656,860.2065341817694,857.9028700316046,-2.3036641501647637,1.0803302228772182,1.0803302228772182,0.0,7.77557900069615,7.77354207104959,-0.002036929646560104,2940.0,2935.0,-5.0,4.002245808012979,3.996694957019716,-0.005550850993262468
0.2731406075217884,2,15,0.2302764751904797,448.1214544066256,445.34989974929834,-2.771554657327272,1.056614035799986,1.1701902253888303,0.1135761895888443,7.2416036683667215,7.237474321572736,-0.004129346793985356,1723.0,1714.0,-9.0,2.5947715836747265,2.593149880859308,-0.0016217028154184021,0.25687689156104776,877.175101055233,874.8975670761831,-2.2775339790498492,1.2486949799470677,1.2487219810476202,2.7001100552537238e-05,7.793552497946719,7.792847091304404,-0.0007054066423144434,2993.0,2988.0,-5.0,4.044345195591142,4.031962326293897,-0.012382869297245414
0.2855021625751592,3,0,0.33795494420223615,464.52722978650553,462.42800862278193,-2.0992211637235982,0.9477631825376978,0.9477631825376923,-5.440092820663267e-15,7.252686894879488,7.250690323301256,-0.001996571578231965,1729.0,1726.0,-3.0,2.6682344405636953,2.6599141407348856,-0.008320299828809663,0.3306324860128934,896.4780845695575,893.8775745946114,-2.600509974946135,1.127463546014507,1.127463546014507,0.0,7.791897758816619,7.790976976490937,-0.0009207823256822678,2986.0,2981.0,-5.0,4.182624968506062,4.167891113422011,-0.01473385508405034
0.2855021625751592,3,1,0.2746373607731083,465.732937566047,463.54632811903247,-2.1866094470145185,0.9222023909528896,1.027655510384243,0.10545311943135349,7.235930046661529,7.233961710235921,-0.0019683364256080083,1707.0,1706.0,-1.0,2.7306279450866753,2.721569868004793,-0.009058077081882221,0.2924902738430931,875.8693633358873,873.8436896886959,-2.025673647191411,1.1285588475001922,1.1285588402103637,-7.289828518608488e-09,7.7721486243253946,7.772325290962575,0.0001766666371807446,2935.0,2934.0,-1.0,4.14108225275947,4.124540302675731,-0.016541950083738932
0.2855021625751592,3,2,0.1886815133930826,461.8997971407056,459.2952006090563,-2.6045965316492925,1.0075593687994986,1.0279822726046255,0.020422903805126902,7.231294658842903,7.229586757431857,-0.0017079014110459312,1683.0,1681.0,-2.0,2.7157905134207385,2.707757459968277,-0.008033053452461303,0.2133512738298836,888.5354784266343,886.9902324823499,-1.5452459442843747,1.1533293930672002,1.1533293930672002,0.0,7.764030533466102,7.762950452658032,-0.0010800808080704272,2921.0,2922.0,1.0,4.263445844763087,4.259411995675594,-0.00403384908749338
0.2855021625751592,3,3,0.2644297162674225,473.22001646966334,470.8967939851144,-2.3232224845489213,1.0152823272006515,1.1115441143084983,0.09626178710784683,7.249636544555752,7.248762943604368,-0.0008736009513841125,1733.0,1731.0,-2.0,2.75965853533233,2.751619393166269,-0.008039142166060831,0.23376289582308607,879.7531967510101,877.1663729672148,-2.586823783795353,1.2924147877582108,1.2924147877582108,0.0,7.77697149883856,7.776909502569408,-6.199626915215362e-05,2916.0,2917.0,1.0,4.127961138303854,4.1105237496561156,-0.01743738864773814
0.2855021625751592,3,4,0.2836656653804104,467.43676560750725,465.4238114930776,-2.012954114429647,0.9683921231666723,1.0780644964863457,0.10967237331967339,7.2541632848572535,7.252198317581296,-0.0019649672759571857,1725.0,1720.0,-5.0,2.705980114608079,2.701907035163788,-0.004073079444290695,0.21437494633934784,898.4122039199327,896.2233777751786,-2.1888261447541026,1.2403662088253122,1.2403662088115626,-1.3749668070772714e-11,7.79264764272285,7.792915615916224,0.0002679731933739049,2993.0,2994.0,1.0,4.2416823576283935,4.22636716052498,-0.01531519710341378
0.2855021625751592,3,5,0.31933621358813374,464.87126558911274,462.26834435775385,-2.6029212313588914,1.0314037800246867,1.0349389934784268,0.0035352134537400826,7.235242645931207,7.23238368976908,-0.0028589561621270576,1695.0,1686.0,-9.0,2.728020652266711,2.71139495617112,-0.01662569609559128,0.24502438637826293,903.4191708137818,901.1533646590103,-2.2658061547714397,1.2559943954906145,1.2559943954906145,0.0,7.778469410909622,7.776666586465598,-0.0018028244440237984,2954.0,2950.0,-4.0,4.302086551451334,4.297135248611965,-0.004951302839368843
0.2855021625751592,3,6,0.287585585426681,476.83527729139666,475.11268065183503,-1.7225966395616297,0.9609454204356488,1.081004367121024,0.12005894668537531,7.253990871831065,7.2508507167958545,-0.00314015503521059,1716.0,1709.0,-7.0,2.7507726355282407,2.750309734518826,-0.0004629010094148178,0.1905372899668752,906.5216825782215,904.9367251885485,-1.5849573896730362,1.2573795905639817,1.2573795905639817,0.0,7.800781302488844,7.800746541556847,-3.476093199772379e-05,2981.0,2983.0,2.0,4.182633741794012,4.174423206030976,-0.008210535763035764
0.2855021625751592,3,7,0.22189406843672302,482.0474226525727,479.5865834673306,-2.4608391852420937,1.0227211531667544,1.1452746213527043,0.12255346818594992,7.248724614527752,7.244906107946405,-0.003818506581347414,1729.0,1724.0,-5.0,2.834591915396477,2.8365206587693446,0.0019287433728676362,0.20755823929076883,892.859794421715,889.9271317659784,-2.9326626557366353,1.1589653716389263,1.1597182375747008,0.0007528659357745049,7.791268386753691,7.790279317181376,-0.0009890695723147047,2975.0,2970.0,-5.0,4.17872397334648,4.164151115836661,-0.01457285750981896
0.2855021625751592,3,8,0.23962147292450192,483.1538165572414,480.85468089521083,-2.299135662030551,1.098352316956015,1.117742070867526,0.0193897539115111,7.253435354507813,7.251717626751345,-0.001717727756467724,1737.0,1734.0,-3.0,2.861653206362707,2.853398543746236,-0.008254662616471009,0.3154981279765018,900.7066373049487,898.6397741278083,-2.0668631771403625,1.1882170661160105,1.188217066108466,-7.544631586142714e-12,7.7948115288302455,7.795163792603174,0.00035226377292829625,2979.0,2979.0,0.0,4.179141080501818,4.16270147495003,-0.01643960555178836
0.2855021625751592,3,9,0.182197794892678,467.7476984364141,465.35144610077225,-2.3962523356418615,0.9673786298799781,1.0541612061704384,0.08678257629046027,7.243117653282435,7.238862197659252,-0.004255455623183302,1726.0,1721.0,-5.0,2.7408677313690832,2.740513741937493,-0.0003539894315900405,0.30934218898591376,897.8441625561089,895.9258807562403,-1.9182817998686232,1.1956844031999703,1.1956844008991496,-2.3008206451180513e-09,7.787469727217983,7.786474625569298,-0.000995101648685548,3001.0,3002.0,1.0,4.218506287278733,4.214973652287475,-0.003532634991257666
0.2855021625751592,3,10,0.23269410083435582,481.9199611413139,480.41173436801193,-1.508226773301942,1.03583431077907,1.09392931107162,0.05809500029254999,7.254428611628091,7.251895139894116,-0.0025334717339751123,1740.0,1733.0,-7.0,2.820426686168872,2.8196281163788246,-0.0007985697900472211,0.265069299445972,893.5773451468951,890.6610420682316,-2.916303078663532,1.1017568853364144,1.1017568853005042,-3.591016373150069e-11,7.799839919577493,7.7989161408079815,-0.0009237787695113298,3003.0,2996.0,-7.0,4.1182582863502954,4.101610681624475,-0.016647604725820386
0.2855021625751592,3,11,0.21071555176569096,477.16473608245485,475.5845499652287,-1.5801861172261624,1.0380587953995373,1.1285049413847972,0.09044614598525991,7.265852540630035,7.263189080842598,-0.0026634597874366506,1727.0,1723.0,-4.0,2.743063030995402,2.7451520762392616,0.0020890452438595553,0.22754343129597282,921.9769462112581,919.9571326894861,-2.0198135217719937,1.133078119521762,1.133078119521762,0.0,7.8048091186353,7.8039530504841,-0.0008560681511999846,3055.0,3050.0,-5.0,4.335874977810412,4.318158330056938,-0.017716647753474035
0.2855021625751592,3,12,0.3074870023979547,477.66318325069926,475.4288130532088,-2.2343701974904775,1.1156021775112337,1.1156021775094696,-1.7641443861293737e-12,7.256945710825158,7.255237429732575,-0.0017082810925828085,1723.0,1723.0,0.0,2.7928051754763503,2.7883339676790615,-0.004471207797288823,0.2722104575117733,901.8593846741837,900.1747090205206,-1.6846756536631347,1.1659767699192058,1.1659767699538008,3.459499353652973e-11,7.79577654838613,7.795489502266898,-0.0002870461192321372,2983.0,2981.0,-2.0,4.186741066959391,4.174129597975271,-0.012611468984120577
0.2855021625751592,3,13,0.2634178566871653,476.4224532659972,473.82182792557444,-2.6006253404227664,0.9564716906505357,1.0190785356028658,0.06260684495233004,7.249408540515959,7.247599088837505,-0.0018094516784543657,1717.0,1713.0,-4.0,2.755264337011716,2.7467759957510944,-0.008488341260621368,0.3319208567130084,895.7040554568812,893.3197598467622,-2.384295610119011,1.1973367306428968,1.200544158406431,0.0032074277635341097,7.7826123317315865,7.781978718786818,-0.0006336129447683803,2935.0,2932.0,-3.0,4.197311150477119,4.184978190178026,-0.012332960299092477
0.2855021625751592,3,14,0.2484209377486843,479.37411032659656,477.1845799980635,-2.189530328533067,1.0267188131659843,1.1235796473937252,0.09686083422774083,7.258270745798027,7.257095934975775,-0.001174810822252681,1749.0,1749.0,0.0,2.803065052615587,2.794300512353855,-0.008764540261732012,0.27026362013734506,909.8916370203726,907.2450076874023,-2.646629332970292,1.3201800204016565,1.3201800204016565,0.0,7.789479227940895,7.788074033494309,-0.0014051944465860444,2982.0,2977.0,-5.0,4.310902817338395,4.301719494124025,-0.009183323214370098
0.2855021625751592,3,15,0.30677890337368885,478.0594254166134,474.8541555298572,-3.2052698867561844,1.0383984273033546,1.0416017245938012,0.0032032972904465495,7.2469726473421705,7.24761787201356,0.0006452246713894993,1700.0,1702.0,2.0,2.7992720094582455,2.774840279858992,-0.024431729599253327,0.27859639559156973,911.2086380409796,909.5076279689565,-1.7010100720231094,1.1661701396900912,1.1661701396900888,-2.4424906541753444e-15,7.799349185824747,7.799666044497809,0.0003168586730621925,3010.0,3009.0,-1.0,4.257686642943532,4.243912166299984,-0.013774476643547473
0.29842316590948664,4,0,0.3631692595666062,508.70839185034947,506.6003659781954,-2.108025872154087,1.036223206082634,1.1459288251581436,0.10970561907550969,7.266823917153833,7.264694553135171,-0.002129364018662372,1758.0,1753.0,-5.0,3.004386398950284,2.9969419946538154,-0.007444404296468754,0.3272578252024365,931.4592121416454,929.21010094718,-2.2491111944653994,1.3415458813754553,1.3415458813754553,0.0,7.790386059562369,7.790146918624169,-0.00023914093820032178,2991.0,2990.0,-1.0,4.4738495511486125,4.456374755326813,-0.01747479582179956
0.29842316590948664,4,1,0.2316765431030507,490.1922430382872,487.8223563452837,-2.3698866930034796,1.0430669861214248,1.108176539883241,0.06510955376181626,7.2489869848244926,7.2452931461795105,-0.0036938386449820726,1709.0,1702.0,-7.0,2.8963952753533624,2.8905785628248633,-0.005816712528499135,0.37342129238557653,928.7004858905956,926.0458891308369,-2.654596759758647,1.2269773889963178,1.2269773889962958,-2.19824158875781e-14,7.787021515185607,7.785900343689972,-0.0011211714956349539,2964.0,2957.0,-7.0,4.422430360131601,4.409196847473124,-0.013233512658477053
0.29842316590948664,4,2,0.2077932764191774,510.10447740034385,507.08661636737753,-3.017861032966323,1.016032428963888,1.016032428963888,0.0,7.261140272302638,7.259015983225986,-0.00212428907665263,1754.0,1751.0,-3.0,3.0726732528862897,3.0608923897810874,-0.011780863105202322,0.3172089471659134,953.6707829465105,951.0054847726906,-2.665298173819906,1.438859463633841,1.4388594636338992,5.81756864903582e-14,7.799499499551526,7.798247590239137,-0.0012519093123897207,3014.0,3008.0,-6.0,4.589753176207523,4.579418776549198,-0.010334399658325388
0.29842316590948664,4,3,0.2389370028265536,492.7149514163332,490.4947040342878,-2.220247382045386,1.069167635596993,1.1322428751427864,0.06307523954579342,7.245136737266358,7.240977938238209,-0.004158799028148863,1715.0,1707.0,-8.0,2.9592200665547144,2.9598015533676247,0.0005814868129103701,0.19881351577783413,927.9225233107111,925.447387848561,-2.4751354621500923,1.1779280694635452,1.2040016246866712,0.026073555223125933,7.773932097185438,7.772933922702398,-0.0009981744830396266,2935.0,2936.0,1.0,4.459329549480751,4.451231165884991,-0.008098383595759984
0.29842316590948664,4,4,0.2680692301751792,489.058963849294,486.94420580302415,-2.1147580462698556,1.0470031820626466,1.0308655491226943,-0.016137632939952296,7.2494695915373635,7.247463320437944,-0.002006271099419088,1717.0,1717.0,0.0,2.9082897894794026,2.905145451189029,-0.0031443382903737493,0.24193708891400867,935.4672433721838,933.7131232086595,-1.7541201635243624,1.1843233707202454,1.1843233707202454,0.0,7.783667245840034,7.783251077006977,-0.00041616883305728436,2957.0,2961.0,4.0,4.475329680237388,4.469149813681651,-0.006179866555736879
0.29842316590948664,4,5,0.28120713825465643,495.4514595815983,493.5178661331828,-1.933593448415479,1.036115875105495,1.135710553210639,0.099594678105144,7.246564958386735,7.242690290426266,-0.0038746679604688694,1724.0,1719.0,-5.0,2.964379691778379,2.965890982771327,0.001511290992947778,0.2727000401785501,928.3164370196553,926.1916049563623,-2.1248320632929563,1.2864634410338172,1.2864634410338172,0.0,7.7836097057032605,7.782917753448407,-0.0006919522548534118,2955.0,2953.0,-2.0,4.459881607477369,4.449064573290224,-0.01081703418714497
0.29842316590948664,4,6,0.3140834682960566,500.10957276517877,498.2763845214439,-1.8331882437348668,1.0398458177360914,1.0422383595556806,0.0023925418195891446,7.241458626258016,7.241820000008441,0.0003613737504251091,1701.0,1698.0,-3.0,3.0054995528941073,2.986930984980447,-0.01856856791366024,0.25495385191223785,909.7870657843648,907.9898706941215,-1.7971950902433491,1.2736539801599163,1.2736539801599163,0.0,7.7524466630871345,7.752094760707705,-0.0003519023794291698,2882.0,2878.0,-4.0,4.463419200697218,4.449546892359449,-0.013872308337768757
0.29842316590948664,4,7,0.27379169665950503,495.0357649133365,492.1183397161506,-2.917425197185878,1.020063200930202,1.1097727489364244,0.08970954800622244,7.251152500324635,7.249922071768212,-0.001230428556423746,1716.0,1715.0,-1.0,2.9307083264911205,2.922397729632043,-0.008310596859077535,0.43037920342610114,924.5224371541195,921.8958048010372,-2.6266323530823,1.291581554248055,1.291581554248055,0.0,7.787711384009309,7.786434261646365,-0.00127712236294375,2970.0,2964.0,-6.0,4.415848536453166,4.407316187382478,-0.008532349070687673
0.29842316590948664,4,8,0.34768372485181676,482.7250751851228,480.42181936905945,-2.30325581606337,1.129404350695547,1.2110565716864778,0.08165222099093095,7.236384351151571,7.233676191694352,-0.002708159457219139,1687.0,1685.0,-2.0,2.8793844782040168,2.875148064504315,-0.004236413699701735,0.21527810061951325,936.8851618945519,933.745494709261,-3.1396671852908185,1.1422014957201772,1.1422014957201772,0.0,7.79242595092314,7.791219767658236,-0.0012061832649035154,2992.0,2989.0,-3.0,4.475717161062631,4.460835664042373,-0.014881497020257761
0.29842316590948664,4,9,0.305916935014544,513.6426336936895,511.8481060848969,-1.7945276087925777,1.0564309981303788,1.0564309981303788,0.0,7.258925920208324,7.256647428407035,-0.0022784918012890287,1744.0,1743.0,-1.0,3.0805000872337924,3.0771639057839684,-0.0033361814498240605,0.26530491314575466,947.2485675527018,944.5883388331031,-2.660228719598763,1.110306590796835,1.110306590796835,0.0,7.789977879336263,7.7893044890807435,-0.0006733902555193794,2978.0,2976.0,-2.0,4.520031908839524,4.505083517378018,-0.014948391461506283
0.29842316590948664,4,10,0.3645338814565473,492.5659847597754,490.1523088376798,-2.4136759220955923,1.1604857203714654,1.193285747299258,0.0328000269277926,7.246973402792811,7.245764095831396,-0.0012093069614156349,1718.0,1718.0,0.0,2.939685748495762,2.9280545693638658,-0.011631179131896374,0.19844016015943883,946.6686180431221,944.6521059664625,-2.0165120766596374,1.43076930221859,1.430547463336256,-0.00022183888233384685,7.79974277329671,7.797949373481259,-0.0017933998154511244,3015.0,3013.0,-2.0,4.53405176519152,4.533424545168793,-0.0006272200227268598
0.29842316590948664,4,11,0.18877337412326622,505.0140558524495,502.44071216646944,-2.573343685980035,1.0441768121891217,1.0441768121891197,-1.9984014443252818e-15,7.242364568901724,7.239179530432325,-0.003185038469399437,1700.0,1694.0,-6.0,3.0272966394945486,3.0194880760890617,-0.007808563405486968,0.25922627495581696,925.6912111316368,922.2837858289495,-3.4074253026873293,1.3271252508693894,1.3271252508693894,0.0,7.788260670678008,7.7864970949909225,-0.001763575687085961,2957.0,2949.0,-8.0,4.3876766463170025,4.3693151227675635,-0.018361523549438985
0.29842316590948664,4,12,0.29365217156777856,496.62995888338594,495.4846587132263,-1.1453001701596577,1.108883671393908,1.3511551706373681,0.24227149924346003,7.241592306875678,7.239794293483026,-0.0017980133926513986,1710.0,1705.0,-5.0,2.9959812954641887,3.0045543472804397,0.00857305181625101,0.31273864404549045,940.7797905409493,939.2137915913632,-1.56599894958606,1.2121636821490853,1.212163682148617,-4.68292071786891e-13,7.8053247590001495,7.805583499381024,0.00025874038087447815,3029.0,3034.0,5.0,4.4683133877236445,4.458507576113127,-0.009805811610517523
0.29842316590948664,4,13,0.3955355758364195,480.49323699800954,478.1688468549988,-2.32439014301076,1.0972989163957136,1.0972989163957136,0.0,7.231216534294125,7.2290508590153975,-0.0021656752787277966,1696.0,1693.0,-3.0,2.900095934215531,2.8860700790329457,-0.014025855182585367,0.3166852278886999,921.9690893739771,919.6884818955075,-2.2806074784696193,1.1480695964191063,1.1480695964191063,0.0,7.785547613582488,7.7854073352061235,-0.00014027837636465534,2971.0,2967.0,-4.0,4.381591536802251,4.365884973420259,-0.0157065633819915
0.29842316590948664,4,14,0.33264381393283887,502.28214547520395,500.23198325704993,-2.0501622181540142,1.0890217596401008,1.2429182615837795,0.15389650194367865,7.260951915790857,7.25739830165504,-0.003553614135817007,1743.0,1738.0,-5.0,3.0014118008070665,3.007362501140208,0.005950700333141601,0.23077106453263557,943.0637885291942,940.831815849878,-2.2319726793161863,1.1571931453138442,1.1573280851457886,0.00013493983194434733,7.790730324109729,7.790821867712111,9.154360238206039e-05,2978.0,2978.0,0.0,4.504508914811562,4.4861173033727555,-0.01839161143880652
0.29842316590948664,4,15,0.294462011725376,497.4391400403526,496.00928429682784,-1.4298557435247403,1.0833905431760744,1.201030984152807,0.11764044097673265,7.207957267075196,7.2056392471411375,-0.0023180199340586682,1670.0,1669.0,-1.0,3.106168879554982,3.110919734436702,0.004750854881720112,0.30189489734558084,929.6614615572922,928.2138436860422,-1.4476178712500314,1.155534620796753,1.155534620796753,0.0,7.7861601549423485,7.784822580184594,-0.0013375747577546448,2972.0,2969.0,-3.0,4.455345970369706,4.45111944305519,-0.004226527314515671
0.31192893653825365,5,0,0.2553627284014196,522.207491051702,519.2325510775192,-2.974939974182803,1.0727087743651753,1.072575502083456,-0.00013327228171933214,7.24831268061333,7.246645806861411,-0.0016668737519189847,1718.0,1715.0,-3.0,3.2063057102897896,3.1912931187315157,-0.015012591558273947,0.22304403663473765,972.0903703442502,969.8041110061008,-2.2862593381494207,1.2090209769671445,1.2090209769671445,0.0,7.794476004934015,7.794029826051874,-0.0004461788821412682,3018.0,3018.0,0.0,4.7498974370340505,4.734945556037776,-0.01495188099627498
0.31192893653825365,5,1,0.33086377668813605,514.6616757528234,511.9613845478694,-2.7002912049539987,1.1052458735576483,1.1052334401600126,-1.2433397635680521e-05,7.245174152033554,7.242283164867805,-0.0028909871657489816,1723.0,1720.0,-3.0,3.1625025769876576,3.153572982257301,-0.008929594730356705,0.30691127207876223,992.8579771225932,989.9033596714926,-2.954617451100603,1.4203340971480214,1.4203340971480243,2.886579864025407e-15,7.793307405986631,7.791844029569896,-0.0014633764167353291,2975.0,2971.0,-4.0,4.867026648957023,4.855508388794543,-0.011518260162480587
0.31192893653825365,5,2,0.354796981172694,522.803494956411,521.0697321113075,-1.7337628451034561,1.0981443435718545,1.0981443435718545,0.0,7.2504215300614785,7.2480510934089395,-0.0023704366525389986,1731.0,1729.0,-2.0,3.229141915672687,3.2200726983236954,-0.009069217348991465,0.31750248643748336,989.2129093030162,987.2347785663695,-1.9781307366466763,1.3049600827774508,1.3049600827774508,0.0,7.792146403865791,7.791435711731896,-0.0007106921338948524,2969.0,2966.0,-3.0,4.808763448412434,4.800836739876663,-0.007926708535770821
0.31192893653825365,5,3,0.22694261209537442,531.3624230503486,528.2699904442643,-3.092432606084344,1.1624681464216162,1.1653574241586406,0.0028892777370244094,7.247875674520582,7.245043072692398,-0.0028326018281843446,1723.0,1719.0,-4.0,3.275887007714776,3.269689046418847,-0.006197961295928867,0.21340733667326534,973.7998299358176,970.7620584801914,-3.037771455626171,1.4198296658266978,1.4198296658266978,0.0,7.79381771654112,7.793050948461856,-0.0007667680792646792,2997.0,2996.0,-1.0,4.791634298555118,4.777909278144937,-0.013725020410181088
0.31192893653825365,5,4,0.31075437129653294,514.305787189454,512.0275385978126,-2.278248591641386,1.086115222020132,1.116568470327151,0.03045324830701901,7.244311346302234,7.243289399649122,-0.0010219466531120602,1727.0,1729.0,2.0,3.142682946384601,3.134659595317559,-0.008023351067042217,0.1915483514256367,984.6469221733007,982.5487925535981,-2.098129619702604,1.3869849602376376,1.3869849602376376,0.0,7.806861299782689,7.806200540879022,-0.0006607589036669026,3020.0,3017.0,-3.0,4.755747994849296,4.7478195816347455,-0.00792841321455029
0.31192893653825365,5,5,0.22359688025492042,524.8276398746721,522.4391891857917,-2.3884506888803116,1.1075294993772975,1.2288262957776013,0.12129679640030377,7.253648938255486,7.2509981498853815,-0.002650788370104351,1721.0,1715.0,-6.0,3.1880110515769453,3.18822652240872,0.00021547083177475557,0.3055505909180571,993.071220663991,990.5415107336136,-2.5297099303774075,1.2068925736734235,1.2068925736734235,0.0,7.789526888318115,7.788916797197357,-0.0006100911207571613,2945.0,2945.0,0.0,4.8668817367336885,4.850842692128616,-0.01603904460507266
0.31192893653825365,5,6,0.3190394760909791,525.8938394955464,523.8037817263655,-2.0900577691809303,1.1070386233422898,1.1164348475647843,0.009396224222494531,7.265845850610772,7.263608516255458,-0.0022373343553141467,1744.0,1740.0,-4.0,3.183471207480658,3.1739829072880026,-0.009488300192655341,0.2621646163188073,990.9006346224264,988.2450656604574,-2.6555689619690384,1.1722343614976714,1.1722343614976714,0.0,7.792401519085608,7.791085334956241,-0.0013161841293669596,2973.0,2972.0,-1.0,4.83662798100068,4.826111140672532,-0.010516840328147481
0.31192893653825365,5,7,0.2968820018585826,531.0422959739401,529.3396717551773,-1.7026242187628213,1.3110967412079244,1.3110967412079244,0.0,7.24330137269136,7.24143090646678,-0.0018704662245800918,1712.0,1713.0,1.0,3.3080579308837903,3.309360864317245,0.0013029334334548892,0.20534035988536387,979.0269121571604,976.4485835711217,-2.5783285860386513,1.374780705966919,1.374778556130016,-2.149836902942681e-06,7.798774299103865,7.79761900001801,-0.0011552990858554324,2990.0,2990.0,0.0,4.743831556386188,4.731786798109179,-0.012044758277008683
0.31192893653825365,5,8,0.26845413051815714,507.61534656912295,505.7637074799617,-1.8516390891612673,1.1378351928268176,1.1378351928268176,0.0,7.242001529949006,7.240288903112989,-0.0017126268360163621,1714.0,1709.0,-5.0,3.102162959996462,3.0938563049462915,-0.008306655050170697,0.2657022043839583,977.3099443932158,975.2311432146779,-2.0788011785379013,1.2143516808766193,1.2143516808766193,0.0,7.779655858123834,7.778436086524254,-0.0012197715995805325,2955.0,2955.0,0.0,4.857596376860104,4.85108499603548,-0.006511380824623991
0.31192893653825365,5,9,0.3390177276062313,521.4010770367368,518.9776313845712,-2.423445652165583,1.0926429835139726,1.1222810820116327,0.02963809849766008,7.240889915992274,7.238643526322171,-0.002246389670102822,1720.0,1719.0,-1.0,3.2205326628593425,3.215725009209732,-0.004807653649610444,0.40338300222062196,962.0991214641886,959.3400975681141,-2.7590238960744955,1.1539894304234888,1.1539922752740759,2.8448505871025986e-06,7.774172241430186,7.773004949200045,-0.0011672922301411148,2919.0,2919.0,0.0,4.713526744916894,4.700664427017409,-0.012862317899485554
0.31192893653825365,5,10,0.35221992123463136,530.8068423901068,528.845056924538,-1.9617854655688234,1.1285998681324034,1.4315528959194046,0.3029530277870012,7.254531612619368,7.253713774123447,-0.00081783849592032,1727.0,1722.0,-5.0,3.2565568353191097,3.257532172977264,0.0009753376581542739,0.3068467684773709,975.0054015421591,972.913920793002,-2.0914807491570855,1.3302916595935685,1.3302916595935685,0.0,7.795202666818682,7.794417962219247,-0.0007847045994351376,2994.0,2989.0,-5.0,4.7346242870112425,4.722593347336246,-0.012030939674996688
0.31192893653825365,5,11,0.3041032812102889,517.2729895564399,515.7166401146292,-1.5563494418107666,1.1664280644667582,1.1735682964498981,0.007140231983139955,7.239058598035845,7.237816199555423,-0.0012423984804215138,1701.0,1700.0,-1.0,3.213382069720804,3.209336254923325,-0.004045814797478897,0.3672003192962441,986.0169953025091,984.1727876140066,-1.8442076885025926,1.2700400292334946,1.156758238091242,-0.11328179114225256,7.79541253396116,7.795685346776246,0.0002728128150852882,2963.0,2965.0,2.0,4.784107498121315,4.770420925461915,-0.013686572659400653
0.31192893653825365,5,12,0.3189234955048783,520.8891757862274,518.7159121324763,-2.1732636537510643,1.090298922086311,1.1448467133460585,0.0545477912597474,7.238296212288752,7.236273546396308,-0.002022665892443598,1710.0,1709.0,-1.0,3.2275334268287836,3.2227425863094297,-0.004790840519353967,0.25270471590835525,970.4323435316819,967.9491741471929,-2.483169384488974,1.237387001161641,1.237387001161641,0.0,7.788315900086064,7.786837435292477,-0.0014784647935872641,2975.0,2968.0,-7.0,4.724126626472321,4.714884180449404,-0.009242446022916795
0.31192893653825365,5,13,0.2716374585133056,513.5153277021786,510.7161055874323,-2.7992221147463283,1.1095044383697905,1.2655900058388991,0.15608556746910862,7.2402187065776324,7.2358753757727925,-0.004343330804839951,1708.0,1699.0,-9.0,3.146587300158514,3.1445936413215776,-0.001993658836936252,0.22968462159910075,978.4506375316914,975.8168510817188,-2.633786449972604,1.3630949181601657,1.3630949181601657,0.0,7.785912609209646,7.785655403398435,-0.0002572058112111364,2954.0,2952.0,-2.0,4.780537397737425,4.7631498802335175,-0.017387517503907546
0.31192893653825365,5,14,0.2538273338820509,515.9080909332426,513.2130253768316,-2.6950655564110093,1.037076217582475,1.0370762181436044,5.611293651952565e-10,7.242828848223352,7.238550170015691,-0.004278678207660924,1705.0,1700.0,-5.0,3.138184905384078,3.13239614745675,-0.005788757927327914,0.2950039664343095,968.4080060296246,966.134255648436,-2.27375038118862,1.229763807587819,1.2138909375773301,-0.01587287001048887,7.77325439747983,7.772163850163071,-0.0010905473167586166,2944.0,2943.0,-1.0,4.784721552700042,4.77449478846355,-0.010226764236492158
0.31192893653825365,5,15,0.34037093415064845,518.1296948161164,515.8482820773315,-2.2814127387848657,1.111924831588385,1.111924831588385,0.0,7.250286787304432,7.252246406065513,0.0019596187610808613,1714.0,1717.0,3.0,3.1543580472511397,3.1314001026393212,-0.022957944611818437,0.2841132858884406,984.0626009564654,980.0221874602162,-4.0404134962492435,1.3802136074048106,1.3802136074048106,0.0,7.786970754955554,7.787406736561872,0.0004359816063175259,2970.0,2976.0,6.0,4.860868141775093,4.836794295086227,-0.02407384668886614
0.3260459393403706,6,0,0.2588944416908127,556.5141660109279,553.7981061824419,-2.7160598284859816,1.1149589067440175,1.1205983594492395,0.005639452705221926,7.2588780054067,7.257640357415239,-0.0012376479914610883,1731.0,1729.0,-2.0,3.4734048032985467,3.4634676689402273,-0.009937134358319444,0.24527000046271313,1016.044344982454,1013.1194397900678,-2.9249051923862908,1.3017148373648002,1.3017148373648002,0.0,7.789901223337221,7.789726585811596,-0.0001746375256255206,2974.0,2968.0,-6.0,5.036047756428527,5.0179499191927635,-0.018097837235763414
0.3260459393403706,6,1,0.32035553291892194,549.6697582154861,546.684230482916,-2.9855277325701763,1.0980805828932503,1.2289452953490676,0.13086471245581732,7.245868203425211,7.24434845483227,-0.001519748592940573,1714.0,1714.0,0.0,3.4561721971219224,3.4463996016110174,-0.009772595510904925,0.28867483300167013,1020.646825935286,1018.6901750365191,-1.9566508987668385,1.328360325307468,1.328360325307468,0.0,7.793900652044742,7.793185289775717,-0.0007153622690250216,2998.0,2995.0,-3.0,5.066090315327224,5.0569651821156665,-0.00912513321155739
0.3260459393403706,6,2,0.2716744492033254,559.9033068838535,557.6407161441975,-2.262590739655934,1.205244238729622,1.2601058226411312,0.05486158391150919,7.268542636106304,7.267047636995949,-0.0014949991103545557,1744.0,1740.0,-4.0,3.491952649827073,3.486812513366161,-0.005140136460911826,0.3809729567892943,1032.3988597907,1030.3108683676937,-2.087991423006315,1.422419160863188,1.4224210912854296,1.9304222416138828e-06,7.776782420717904,7.775975252879813,-0.000807167838090983,2951.0,2947.0,-4.0,5.23424739837144,5.220689957965435,-0.013557440406004595
0.3260459393403706,6,3,0.36500695472048605,533.5315855183137,532.1337755554686,-1.3978099628451446,1.158458635907531,1.158458635907531,0.0,7.24560758104805,7.245271379500091,-0.00033620154795954704,1718.0,1721.0,3.0,3.350741430548466,3.3468918860245944,-0.0038495445238715398,0.25647068429947306,1026.3599485380032,1024.4586017975394,-1.9013467404638504,1.3876161835382887,1.3876161835382887,0.0,7.787147159616666,7.78760292843106,0.00045576881439401973,2976.0,2978.0,2.0,5.155129504527451,5.134682219408565,-0.020447285118885716
0.3260459393403706,6,4,0.41351308971166867,537.6920761269741,535.242579801243,-2.449496325731161,1.2126583441054561,1.275421110025439,0.06276276591998275,7.2345069004408495,7.2349005121377346,0.0003936116968850101,1684.0,1683.0,-1.0,3.3811481671259727,3.3603245195864644,-0.020823647539508272,0.2658498027500076,1009.7739885709101,1008.2485317544424,-1.5254568164676812,1.1732012664067706,1.1732012711338824,4.727111813096485e-09,7.796315240562645,7.796032772840426,-0.0002824677222195149,2990.0,2986.0,-4.0,4.960721324221787,4.948564744116724,-0.012156580105062709
0.3260459393403706,6,5,0.24573069000364972,539.3200383401584,537.6518409285063,-1.668197411652045,1.1194770228697026,1.214652947306202,0.09517592443649936,7.25233783189889,7.250552501114686,-0.0017853307842043975,1715.0,1712.0,-3.0,3.3200185034735754,3.319041823469255,-0.000976680004320496,0.22222322847735856,1005.1933386379144,1002.7807873358522,-2.412551302062184,1.3870026751049878,1.3870026751049878,0.0,7.775014084362989,7.773179713989723,-0.0018343703732659478,2935.0,2927.0,-8.0,5.027962050707784,5.015735751745159,-0.012226298962625393
0.3260459393403706,6,6,0.39144514570651334,557.4484069966232,555.5057467811158,-1.9426602155074306,1.1144541040998777,1.191541709777803,0.07708760567792527,7.252216055255284,7.250774036802771,-0.0014420184525123503,1724.0,1727.0,3.0,3.496426060397059,3.495514498006001,-0.0009115623910580517,0.3455453470442024,1003.8476427455871,1002.1571173918561,-1.6905253537310045,1.2785927692558923,1.306146483443554,0.027553714187661837,7.777153772685155,7.776090067331802,-0.0010637053533528729,2940.0,2938.0,-2.0,5.030596873192797,5.025154562771095,-0.005442310421702068
0.3260459393403706,6,7,0.2600772658598049,561.0661871800683,559.6005098567998,-1.4656773232684372,1.1420997241862598,1.211830636126105,0.06973091193984526,7.272143576708179,7.271112157267367,-0.001031419440812087,1753.0,1749.0,-4.0,3.4505545594120868,3.4468282151656506,-0.003726344246436142,0.21882362780471495,1004.6939031761746,1003.4194605867067,-1.274442589467867,1.4057855162405526,1.4057855162405526,0.0,7.779834362156065,7.779193644556042,-0.0006407176000235992,2961.0,2965.0,4.0,5.05352433533083,5.049615655752577,-0.003908679578253249
0.3260459393403706,6,8,0.2901104263642165,542.1533569025769,539.334299421293,-2.819057481283835,1.1322314720404838,1.1371583320719358,0.0049268600314520405,7.22794618368331,7.226505079094746,-0.001441104588563391,1682.0,1681.0,-1.0,3.417824622431812,3.4037864283455166,-0.014038194086295253,0.36926794844052824,1040.6150466470608,1039.1068210885987,-1.5082255584620725,1.2536542643291513,1.2536542643291513,0.0,7.796062083372686,7.795853211700629,-0.000208871672056965,2989.0,2990.0,1.0,5.148480632075975,5.1411998649104325,-0.007280767165542379
0.3260459393403706,6,9,0.2093181678558728,553.1936026717353,549.7731265421808,-3.4204761295545723,1.2229216981639315,1.2434892376654327,0.020567539501501253,7.2501121771600285,7.246722057665712,-0.003390119494316224,1740.0,1736.0,-4.0,3.4896041299647473,3.482574653291492,-0.007029476673255264,0.33288749610698587,1022.0916920698583,1019.407837713454,-2.683854356404254,1.3409809882728394,1.3409809866784275,-1.5944119358124453e-09,7.783945463021462,7.782287831825997,-0.0016576311954654699,2987.0,2984.0,-3.0,5.148714489747191,5.138106851921811,-0.010607637825380323
0.3260459393403706,6,10,0.22581080587213403,542.8478144768494,541.0581962650466,-1.7896182118028037,1.1705321689130939,1.2328964493721744,0.06236428045908049,7.241133375032009,7.237573555619381,-0.0035598194126276184,1701.0,1690.0,-11.0,3.40952083279552,3.411333035468377,0.0018122026728568663,0.24211501985370193,1014.6776362274312,1012.8721012733379,-1.805534954093332,1.4419963653581653,1.4419963653581653,0.0,7.790349906555923,7.7896526583305565,-0.0006972482253662093,2999.0,2999.0,0.0,5.0877648729534375,5.082335825222241,-0.005429047731196235
0.3260459393403706,6,11,0.4407065381748508,551.0687658337115,548.6453487835022,-2.4234170502093093,1.1220217496288434,1.1327446020645568,0.01072285243571347,7.245040374225019,7.244343093252119,-0.0006972809729006713,1726.0,1723.0,-3.0,3.4845713101773623,3.4654210240051846,-0.019150286172177733,0.24530845048618372,1022.9160151612167,1020.8572201856273,-2.0587949755894215,1.4780213168332645,1.4849464678570659,0.0069251510238013125,7.783578035225289,7.783372930631765,-0.0002051045935234086,2971.0,2970.0,-1.0,5.123015523466965,5.1113923683375875,-0.011623155129377949
0.3260459393403706,6,12,0.28255175603269,559.6550953012937,558.3537726757049,-1.3013226255887957,1.361108534902089,1.3712364715750414,0.010127936672952309,7.252908374318773,7.253060801885303,0.00015242756652966705,1727.0,1729.0,2.0,3.526698499534091,3.5241187578451085,-0.002579741688982562,0.301913954282675,1020.7030253081668,1018.6030876953835,-2.0999376127833784,1.385457511584736,1.385457511584736,0.0,7.786088123842115,7.785276076073522,-0.0008120477685924499,2958.0,2958.0,0.0,5.09865705469098,5.090236093659596,-0.008420961031384344
0.3260459393403706,6,13,0.3917267065958267,557.0484035574639,554.6542076843956,-2.39419587306827,1.2161250266594639,1.2763367654134654,0.06021173875400154,7.264467130673417,7.261257433964062,-0.0032096967093551143,1747.0,1742.0,-5.0,3.4941246899030487,3.4870367170430403,-0.007087972860008396,0.3265119380638356,1023.0730929120265,1020.4522535911252,-2.6208393209012684,1.3825845395700922,1.3825845395700938,1.5543122344752192e-15,7.792183411931496,7.791170402444161,-0.0010130094873348483,2974.0,2969.0,-5.0,5.080177961397648,5.068424978174167,-0.01175298322348084
0.3260459393403706,6,14,0.3585254034636587,551.6527858641589,549.8614189283185,-1.791366935840415,1.153751765479106,1.168456179884268,0.014704414405162014,7.2630957484415815,7.2618002387685685,-0.0012955096730129512,1760.0,1758.0,-2.0,3.4531001322055133,3.438792359933161,-0.01430777227235236,0.3186607438357154,1019.0648633484498,1017.0543967569274,-2.010466591522345,1.33219525932521,1.3321537751888137,-4.148413639626369e-05,7.783957306568462,7.784157110066344,0.00019980349788184526,2978.0,2973.0,-5.0,5.112588158065067,5.094977134250153,-0.017611023814914084
0.3260459393403706,6,15,0.4397752816844457,529.7623599774465,527.8803674374205,-1.8819925400259763,1.1941574010941307,1.1941475703900435,-9.83070408722142e-06,7.238344709841964,7.235387431549955,-0.0029572782920093132,1705.0,1701.0,-4.0,3.329184444221203,3.333896127868233,0.004711683647030007,0.2910319697213294,1032.3212875866811,1030.4671714938022,-1.8541160928789395,1.241502470384308,1.2415024703831743,-1.1337597527472099e-12,7.7972004299881235,7.7970564191238925,-0.0001440108642309923,2971.0,2967.0,-4.0,5.108560880708038,5.093363795331911,-0.015197085376127184
0.340801836918736,7,0,0.46950317795816676,568.9934164772557,566.5368265815573,-2.4565898956983574,1.2200133781664884,1.3252481270281922,0.10523474886170381,7.253245485553029,7.251925749938205,-0.0013197356148237915,1718.0,1716.0,-2.0,3.5839878215678436,3.5692435796783535,-0.014744241889490084,0.3891020095989275,1041.6628671628991,1039.7935021062565,-1.869365056642664,1.493218196226057,1.493218196226057,0.0,7.779787859069154,7.778503503126243,-0.0012843559429116524,2955.0,2953.0,-2.0,5.334319146775318,5.332159094328324,-0.002160052446994243
0.340801836918736,7,1,0.3007278779322342,568.3242922058292,566.5834422842989,-1.7408499215302982,1.224387062780427,1.224387062780427,0.0,7.235742098968767,7.232372961006929,-0.003369137961837687,1700.0,1699.0,-1.0,3.6743645045405087,3.685983204817569,0.011618700277060245,0.34080492080395636,1059.1466200353648,1056.8940525593428,-2.2525674760220227,1.3681584340125346,1.36814997674962,-8.457262914651764e-06,7.781877181497585,7.781487176487544,-0.0003900050100407171,2941.0,2940.0,-1.0,5.433511197068821,5.416969339774368,-0.016541857294453344
0.340801836918736,7,2,0.23988637095871118,581.8113824527805,578.8567722020684,-2.9546102507121077,1.161072566239087,1.161072566239087,0.0,7.241633497206237,7.240483132377358,-0.0011503648288790913,1719.0,1720.0,1.0,3.804847757261711,3.780115600015825,-0.024732157245886288,0.2240917333838263,1058.3604774884245,1055.3691944000134,-2.991283088411137,1.2516012012277278,1.271104937426302,0.01950373619857415,7.780124294042901,7.779173660452684,-0.000950633590217187,2954.0,2953.0,-1.0,5.42167726240588,5.403575557857196,-0.018101704548683983
0.340801836918736,7,3,0.24433451099632508,574.4045392387591,571.7996301815438,-2.604909057215309,1.3534670016742183,1.4819087280416796,0.12844172636746132,7.260902850368922,7.259730027338021,-0.001172823030900716,1750.0,1752.0,2.0,3.7114713016835212,3.7131486978722537,0.0016773961887324162,0.2921263178845718,1056.6459826221112,1054.1522129232014,-2.493769698909773,1.4992111665493113,1.4992111665493113,0.0,7.775761693912937,7.775528981232458,-0.0002327126804786417,2937.0,2936.0,-1.0,5.4597880689823315,5.438569538571073,-0.021218530411258207
0.340801836918736,7,4,0.41366779865792513,592.5105403651628,589.7712805000201,-2.739259865142685,1.2385324025004607,1.4217860386078056,0.1832536361073449,7.268931799476376,7.2672125812130055,-0.0017192182633705144,1749.0,1747.0,-2.0,3.7591569820840864,3.753510514419501,-0.00564646766458532,0.31044624543456445,1057.1056667748107,1053.703958562914,-3.4017082118966755,1.4979774065066702,1.4979774065066702,0.0,7.76380645464405,7.762505970207956,-0.001300484436094429,2911.0,2907.0,-4.0,5.547203028293011,5.532688883867955,-0.014514144425056053
0.340801836918736,7,5,0.30993233883699634,559.1937104217767,557.0561562833715,-2.1375541384052212,1.3293368974378623,1.3712070089218384,0.041870111483976125,7.242545591534686,7.242871822937478,0.00032623140279230967,1706.0,1707.0,1.0,3.5908724077019905,3.5778779121767874,-0.012994495525203043,0.26861478173525277,1079.5844376972082,1078.4506814451206,-1.1337562520875508,1.375511098854705,1.375511098854705,0.0,7.7779217263390015,7.777858802884321,-6.292345468050797e-05,2958.0,2959.0,1.0,5.636667403831817,5.625024346167707,-0.011643057664110223
0.340801836918736,7,6,0.26903610229653796,568.1966212001166,566.3621654199867,-1.8344557801299288,1.189577682884552,1.2163436732238564,0.02676599033930449,7.236933060531726,7.233568118595368,-0.0033649419363577238,1702.0,1695.0,-7.0,3.667736302470643,3.6688516901177652,0.001115387647122379,0.2489953698102808,1090.0922975482204,1088.35857483666,-1.7337227115604037,1.4660603890231796,1.4660603890231796,0.0,7.802151487539536,7.800875992613448,-0.0012754949260882498,3030.0,3023.0,-7.0,5.590216929284049,5.5915275306085706,0.0013106013245218762
0.340801836918736,7,7,0.31574654306903416,589.3785388807175,586.762518185264,-2.616020695453585,1.1738871043208292,1.1882863783257465,0.01439927400491725,7.263665022931502,7.262298742377524,-0.0013662805539773615,1739.0,1737.0,-2.0,3.7307912170915114,3.7181236736756746,-0.012667543415836757,0.34451707243103613,1037.9007191795954,1036.3096748135813,-1.5910443660141027,1.548753604077715,1.5488011676149425,4.756353722745743e-05,7.768182912939071,7.767395376769354,-0.0007875361697173844,2912.0,2907.0,-5.0,5.388121519242073,5.379674748567712,-0.008446770674360948
0.340801836918736,7,8,0.3156700290668631,568.5649512776749,566.699762719968,-1.8651885577069152,1.2192860443493203,1.296942598181427,0.07765655383210679,7.249790756781675,7.247567466789437,-0.0022232899922371985,1714.0,1711.0,-3.0,3.627042039528458,3.623910439505334,-0.0031316000231242924,0.3286800893762377,1088.2323070689713,1085.778264694711,-2.4540423742603252,1.2872421062071464,1.2872421062071464,0.0,7.78721612486712,7.786736198801194,-0.0004799260659265059,2969.0,2966.0,-3.0,5.60374928430628,5.586581131541661,-0.01716815276461947
0.340801836918736,7,9,0.2693449521193162,568.5997183184669,566.4780811664292,-2.1216371520376924,1.163631461808466,1.3022572743061527,0.13862581249768668,7.2482743254870785,7.246878908740679,-0.001395416746399647,1724.0,1722.0,-2.0,3.620061743978137,3.6146481825009964,-0.0054135614771406715,0.4302006246011156,1038.2635537037868,1035.9940763838486,-2.2694773199382325,1.5374840468299276,1.5374840468299276,0.0,7.783027654191182,7.7830429410912085,1.528690002672306e-05,2978.0,2975.0,-3.0,5.312594439883338,5.294299708736471,-0.01829473114686664
0.340801836918736,7,10,0.3411891361526302,570.8398217579181,567.8930545646931,-2.946767193225014,1.135737059197276,1.1389911619194713,0.0032541027221952845,7.248540803249742,7.2466495994109525,-0.0018912038387890462,1714.0,1711.0,-3.0,3.6732926976700497,3.656031348126017,-0.0172613495440328,0.37429718741498286,1070.5520418636038,1067.1468837758255,-3.405158087778318,1.3540986758592213,1.354099806515105,1.130655883807563e-06,7.790734703717009,7.790141297135966,-0.000593406581042899,2992.0,2990.0,-2.0,5.492215627277961,5.475168590257775,-0.01704703702018584
0.340801836918736,7,11,0.43887730828545096,580.226814989672,578.78774627957,-1.439068710101992,1.284483605337316,1.4573016067070836,0.17281800136976755,7.254412370053654,7.252386426152835,-0.002025943900818561,1724.0,1721.0,-3.0,3.7278514823890707,3.7355615314522645,0.007710049063193836,0.27338085517704336,1088.148599228525,1086.8129974036751,-1.3356018248498458,1.5715646564105021,1.5715646564105021,0.0,7.805892381875949,7.806055372277146,0.00016299040119704955,2996.0,2996.0,0.0,5.416541384045395,5.405613909239469,-0.010927474805925819
0.340801836918736,7,12,0.2820924485522845,563.7849271155927,562.1966024549395,-1.5883246606532566,1.2478251522327828,1.260794439280451,0.01296928704766831,7.238557230481713,7.236969560171724,-0.0015876703099886313,1709.0,1707.0,-2.0,3.650505101302927,3.6448944908658074,-0.005610610437119412,0.3647237364443454,1045.6693688003002,1043.4922502065588,-2.1771185937413975,1.514426201669727,1.514426201669727,0.0,7.780648451961041,7.779790648821002,-0.0008578031400396924,2955.0,2953.0,-2.0,5.30902225494315,5.296564647249853,-0.012457607693296957
0.340801836918736,7,13,0.27765834450775606,563.0819251408942,560.994928577066,-2.0869965638281656,1.2572555631006788,1.5013324007744588,0.24407683767378008,7.239581411790602,7.235795912758676,-0.00378549903192571,1698.0,1694.0,-4.0,3.622319482512571,3.6327856886850154,0.010466206172444537,0.3383601581939796,1065.6899870827858,1063.007229031193,-2.6827580515928275,1.4141352485518288,1.4141352485518288,0.0,7.794347644018543,7.794435568168053,8.792414951042105e-05,2975.0,2972.0,-3.0,5.398305960226446,5.376191362882063,-0.022114597344383036
0.340801836918736,7,14,0.24414419017200117,571.9462013245404,570.5464619124922,-1.399739412048234,1.2316810696418614,1.4061922562250992,0.17451118658323783,7.249855673380939,7.249573352859103,-0.0002823205218360769,1723.0,1727.0,4.0,3.6454317175390947,3.651290726518575,0.005859008979480329,0.23535645770597552,1085.6516108010114,1083.899199909894,-1.7524108911175063,1.4718909446117074,1.4718909446117074,0.0,7.79687703818901,7.796685030556407,-0.00019200763260229792,3021.0,3019.0,-2.0,5.562285800673138,5.54875986407183,-0.013525936601308075
0.340801836918736,7,15,0.40099463042746486,573.8864222714744,572.0852490441254,-1.801173227349068,1.1747949623298812,1.231356345410207,0.05656138308032577,7.2450097203970305,7.244058999993146,-0.0009507204038845529,1721.0,1721.0,0.0,3.720925848399791,3.7096655781899153,-0.011260270209875856,0.3384528245150925,1066.0650548164797,1064.655198088351,-1.409856728128716,1.6434561224940565,1.6502183023113297,0.006762179817273228,7.7871905120252425,7.785706365106934,-0.0014841469183082268,2955.0,2948.0,-7.0,5.461201227242499,5.4601886361081835,-0.0010125911343150662
0.3562255438057641,8,0,0.3643912447614186,603.5203944967453,601.4423378265449,-2.0780566702004535,1.2462138221477759,1.3006103860955938,0.05439656394781789,7.253002137704889,7.2510339257559835,-0.001968211948905285,1718.0,1717.0,-1.0,3.9318423709060677,3.926569528695772,-0.005272842210295892,0.32960907911860643,1122.4054433351384,1120.2979114935338,-2.1075318416046684,1.401392161021835,1.4035070810197847,0.0021149199979497713,7.792191866948539,7.791974346128029,-0.00021752082050952026,2984.0,2984.0,0.0,5.842105662676678,5.825995728920776,-0.016109933755902084
0.3562255438057641,8,1,0.23621494645264904,580.4899456850612,578.4955308557169,-1.9944148293443504,1.3186508649337272,1.3220045442476702,0.0033536793139430365,7.239951122247309,7.238841886199062,-0.0011092360482463093,1717.0,1716.0,-1.0,3.8401182551140596,3.836848015287984,-0.0032702398260755494,0.3601189151573222,1125.0417810030335,1122.633922866839,-2.4078581361945908,1.7883594930601665,1.7883127104967016,-4.678256346490883e-05,7.795892905135561,7.79501902787962,-0.0008738772559411245,2982.0,2983.0,1.0,5.873046029576906,5.863776159839936,-0.009269869736970193
0.3562255438057641,8,2,0.3731925086349039,598.8371400789013,597.2164362942328,-1.6207037846684216,1.2428077000263769,1.352092675563932,0.10928497553755512,7.26119866045629,7.259493278828749,-0.0017053816275405254,1756.0,1752.0,-4.0,3.914812590290846,3.90694501081038,-0.007867579480465903,0.3105415788982104,1110.6849465230134,1108.6503517333865,-2.034594789626908,1.4048832815569772,1.4048832837615928,2.204615601186788e-09,7.785036233335632,7.783916893157206,-0.001119340178426853,2964.0,2961.0,-3.0,5.882981778287004,5.878288977821177,-0.00469280046582643
0.3562255438057641,8,3,0.3328991284872187,603.8304766587115,601.8237664951013,-2.0067101636102507,1.2057492635499505,1.4304847959478377,0.22473553239788724,7.231663733960864,7.229842943586426,-0.0018207903744373866,1700.0,1700.0,0.0,4.018103471816224,4.020432572948004,0.002329101131779865,0.28763197259261297,1109.8298455023405,1108.3366654788422,-1.4931800234983257,1.3552889692471033,1.3552889692471033,0.0,7.787819376107191,7.787404742792277,-0.00041463331491442545,2953.0,2951.0,-2.0,5.753474385626105,5.74204682385653,-0.011427561769575156
0.3562255438057641,8,4,0.24226970893328237,606.8330030283557,604.8166332667934,-2.0163697615623732,1.3723949725884206,1.4624156735813856,0.090020700992965,7.249443260377695,7.247221608542934,-0.0022216518347608627,1713.0,1714.0,1.0,3.9977457734236976,4.0004627135142306,0.0027169400905329155,0.27482053630000436,1126.2037898929057,1124.3879336003306,-1.815856292575063,1.3925297089699666,1.3925297089699666,0.0,7.791704850473706,7.79196576962289,0.00026091914918424663,2948.0,2951.0,3.0,5.814794315630113,5.798364865639059,-0.01642944999105378
0.3562255438057641,8,5,0.43835175855138964,596.7570974924222,594.5050022233271,-2.2520952690950935,1.2772272139980203,1.3510209139846348,0.07379369998661445,7.2475873050118205,7.245512852347586,-0.0020744526642344496,1738.0,1734.0,-4.0,3.9336466473363148,3.931472795722458,-0.0021738516138567476,0.26038077508946855,1080.4719900086275,1078.2777638807552,-2.194226127872298,1.5708638680380036,1.5708638680380036,0.0,7.7745325029113825,7.774141176009258,-0.0003913269021245114,2956.0,2955.0,-1.0,5.718174442905239,5.706987753092472,-0.01118668981276727
0.3562255438057641,8,6,0.4253420596285432,586.9468098415956,585.7791091381223,-1.1677007034733151,1.1153818392176866,1.229057254191813,0.11367541497412637,7.259658747304499,7.25920771419085,-0.00045103311364869114,1734.0,1735.0,1.0,3.7698327065763424,3.761861068204467,-0.007971638371875311,0.34429652469674044,1119.9365191457205,1118.9683783287408,-0.9681408169797123,1.2854741712562332,1.28547417124359,-1.2643219804431283e-11,7.80450287519599,7.804126594900459,-0.00037628029553093967,2985.0,2980.0,-5.0,5.678827537963496,5.666953979341932,-0.011873558621563696
0.3562255438057641,8,7,0.39240003221257125,588.4263620403656,586.9528847436628,-1.4734772967027538,1.2540918984853975,1.2675109433871183,0.013419044901720856,7.259930093689314,7.259678951192588,-0.00025114249672597566,1746.0,1745.0,-1.0,3.811426612831523,3.793641954809311,-0.01778465802221163,0.2964423752357298,1108.3060496403182,1106.6331126195241,-1.672937020794052,1.3680180838592995,1.3680180838592995,0.0,7.787825837966636,7.787057475332083,-0.0007683626345533767,2969.0,2964.0,-5.0,5.763130587822924,5.757929748663591,-0.00520083915933256
0.3562255438057641,8,8,0.4337431467770796,602.0997596622706,600.7509205742838,-1.3488390879867893,1.3754704352073022,1.3754686748609901,-1.760346312051908e-06,7.267522042255534,7.266591170444272,-0.0009308718112617242,1786.0,1785.0,-1.0,3.9687606908486646,3.963754259437344,-0.005006431411320733,0.4059355713495554,1097.4119375648584,1096.5062852424956,-0.9056523223628119,1.4658649660786331,1.4658649660786331,0.0,7.789275767089543,7.789491053606287,0.00021528651674440624,2974.0,2973.0,-1.0,5.679472619303751,5.669406245170602,-0.010066374133148592
0.3562255438057641,8,9,0.31261986602059616,586.326860357917,585.0715561366652,-1.2553042212517767,1.3735660060935462,1.4366874635999332,0.06312145750638698,7.260733309521398,7.259217845702267,-0.0015154638191310355,1740.0,1738.0,-2.0,3.799001011350735,3.8058763934642554,0.006875382113520345,0.2030433193900733,1126.8784522393976,1124.912144307126,-1.9663079322715475,1.5672375078049072,1.5672902549979228,5.274719301562314e-05,7.786467202864932,7.785299710964399,-0.001167491900533335,2966.0,2966.0,0.0,5.941197739922811,5.937648265532793,-0.003549474390017515
0.3562255438057641,8,10,0.2370817955522465,587.1717697378622,584.5277024174078,-2.6440673204543828,1.211081495879553,1.3226309506878164,0.11154945480826339,7.238471166155877,7.236503526516591,-0.001967639639286034,1699.0,1694.0,-5.0,3.8570633033402553,3.8482711629344646,-0.008792140405790683,0.3606385512693384,1143.1839835689238,1141.2183402548142,-1.965643314109684,1.4526424040618844,1.4526424040592174,-2.666977749754551e-12,7.781533449209444,7.781706542774136,0.00017309356469130677,2946.0,2947.0,1.0,6.0643507945624835,6.051727680152374,-0.012623114410109437
0.3562255438057641,8,11,0.3468442720838656,605.9808135263089,604.3432685751562,-1.6375449511526767,1.2964938688590804,1.3002594197254622,0.0037655508663818615,7.252809849895343,7.2515683668562945,-0.0012414830390481413,1710.0,1709.0,-1.0,3.9800902273051024,3.971704462213029,-0.008385765092073338,0.3325910627211352,1118.1927970612196,1116.6763933582884,-1.5164037029312567,1.54363596109112,1.54363596109112,0.0,7.795224180182751,7.795158015722187,-6.616446056373348e-05,2979.0,2984.0,5.0,5.816118816057852,5.80889757196889,-0.0072212440889618534
0.3562255438057641,8,12,0.3832787996373785,586.7323930143378,585.0962853463815,-1.6361076679563666,1.220442628293742,1.4232542720333854,0.20281164373964344,7.247297513758451,7.245766530540717,-0.001530983217734594,1704.0,1703.0,-1.0,3.7985874064129885,3.8040755983845287,0.005488191971540157,0.2641573334836992,1107.6928474020854,1105.832372423479,-1.8604749786063621,1.5312160324164592,1.5312160324164592,0.0,7.783114702941101,7.781574114117162,-0.0015405888239392596,2956.0,2950.0,-6.0,5.831180898148258,5.828070890509141,-0.0031100076391163967
0.3562255438057641,8,13,0.29073751319695496,597.4948200211029,595.6464635036427,-1.8483565174601608,1.2640071722081125,1.3223205832959122,0.05831341108779964,7.2452029885169935,7.244288193064982,-0.0009147954520116741,1723.0,1722.0,-1.0,3.9032549170788675,3.899545731572246,-0.0037091855066213597,0.3765310780064036,1128.1269292219654,1126.5974089559338,-1.529520266031568,1.295765543886316,1.2957640438181397,-1.500068176341074e-06,7.801773345075997,7.801264776534667,-0.0005085685413295238,3011.0,3007.0,-4.0,5.80175567480565,5.789689421724069,-0.012066253081580491
0.3562255438057641,8,14,0.3720357903642347,587.5185427582053,585.8344866461443,-1.6840561120609436,1.1524906505365649,1.2008602566630102,0.048369606126445364,7.256779267555842,7.255400148557931,-0.0013791189979110996,1748.0,1745.0,-3.0,3.8111281582077265,3.801901084229874,-0.009227073977852385,0.35114006074053905,1118.684449870887,1116.919469486126,-1.7649803847609746,1.53342980575542,1.53342980575542,0.0,7.796923342349594,7.796780762145615,-0.00014258020397850402,2963.0,2964.0,1.0,5.752180412462467,5.737873913115393,-0.014306499347074286
0.3562255438057641,8,15,0.30938648769279825,594.1705341621272,591.6119098621618,-2.558624299965345,1.2615404711616673,1.380847249069999,0.11930677790833166,7.238754672759485,7.236356459805059,-0.0023982129544259934,1697.0,1693.0,-4.0,3.891361757715981,3.8845168926722917,-0.006844865043689197,0.3629648792497987,1124.4280284833858,1122.225334799498,-2.202693683887901,1.484903662645396,1.49718513187924,0.012281469233843989,7.79773812700299,7.796988885682373,-0.0007492413206175996,2976.0,2968.0,-8.0,5.8102961715843895,5.79314881001779,-0.01714736156659935
0.3723472831221001,9,0,0.331416000687236,632.8651959828574,630.9829120295028,-1.8822839533545448,1.451215522682303,1.5909844126665862,0.13976888998428327,7.26275781595714,7.2616971979830796,-0.0010606179740602073,1737.0,1739.0,2.0,4.223032026360095,4.225704941412205,0.002672915052110092,0.30572692478097807,1176.1418260040334,1174.047194106036,-2.0946318979974876,1.5651572256872486,1.5651572256872486,0.0,7.788493761997644,7.788079220788344,-0.0004145412093006229,2966.0,2965.0,-1.0,6.30025076203191,6.289598097045618,-0.010652664986292137
0.3723472831221001,9,1,0.33192555283296327,635.2127019015777,633.2787755461845,-1.9339263553931687,1.3547802056526437,1.4916610178490308,0.13688081219638715,7.254437442318366,7.253152780767891,-0.0012846615504749082,1734.0,1732.0,-2.0,4.254959169954634,4.258466888009205,0.003507718054571285,0.36989173696793226,1161.2913143271242,1159.0491768417828,-2.2421374853413454,1.590409596378306,1.590409596378306,0.0,7.786215255755642,7.786174788240786,-4.046751485553557e-05,2956.0,2954.0,-2.0,6.193283482121363,6.17385579147531,-0.01942769064605354
0.3723472831221001,9,2,0.27673580839574025,614.8583374084442,613.01818928527,-1.840148123174231,1.3177597122894897,1.411264870658415,0.09350515836892526,7.244840697156218,7.243705239713807,-0.0011354574424107255,1717.0,1714.0,-3.0,4.158960768687555,4.155858727111452,-0.003102041576102721,0.3671555822526572,1161.2413551066545,1159.2541056687883,-1.9872494378662395,1.5598125827458427,1.5598125827458427,0.0,7.776025206748577,7.7756873002973945,-0.0003379064511825902,2921.0,2921.0,0.0,6.229811206848252,6.214046556199328,-0.01576465064892396
0.3723472831221001,9,3,0.2172378208100515,617.2425789057355,614.4949873164876,-2.747591589247918,1.247524365285918,1.4035402594791924,0.15601589419327433,7.265237320989044,7.263681919280734,-0.0015554017083099225,1757.0,1758.0,1.0,4.057179872647511,4.051586930119935,-0.005592942527576028,0.42559284331723124,1133.0150360515302,1130.2473699380932,-2.767666113436917,1.5072244559657333,1.5072244559657333,0.0,7.757876800250385,7.757123486381514,-0.0007533138688708974,2883.0,2879.0,-4.0,6.1859418525516325,6.163532252394539,-0.02240960015709348
0.3723472831221001,9,4,0.382720482877717,625.0041630311664,624.1285950323606,-0.8755679988057636,1.5480481401378319,1.5479679156350015,-8.022450283040605e-05,7.2408978913172515,7.240507248791186,-0.0003906425260655766,1710.0,1711.0,1.0,4.2222017894754345,4.225913821564442,0.0037120320890071667,0.24822513501404048,1168.9789054484183,1167.1884733262086,-1.7904321222097224,1.4238396068404746,1.42383917290217,-4.33938304622572e-07,7.794471338392622,7.794954150847433,0.0004828124548108548,2981.0,2984.0,3.0,6.200506422599714,6.184580602242726,-0.015925820356987863
0.3723472831221001,9,5,0.36869889620394614,639.4908792294514,636.8517027983058,-2.639176431145529,1.3735221463507123,1.3463247010574868,-0.02719744529322554,7.261769254848042,7.26112858030986,-0.0006406745381823953,1740.0,1737.0,-3.0,4.24646204738164,4.229763810879026,-0.016698236502613817,0.5299425356500619,1136.5124248873524,1134.0623363926752,-2.450088494677175,1.7175630754100266,1.7175630754100266,0.0,7.766434171346686,7.765486390838429,-0.0009477805082562796,2919.0,2917.0,-2.0,6.1577960418292355,6.149586665156586,-0.008209376672649427
0.3723472831221001,9,6,0.34748560755103,610.7204704633053,608.3089927572073,-2.411477706098026,1.3324883380287016,1.3452072165613964,0.012718878532694822,7.236397984063059,7.233795767919685,-0.002602216143373859,1698.0,1696.0,-2.0,4.095453430859619,4.091072320810961,-0.00438111004865771,0.3167021340159458,1191.1914778778475,1189.0679635073166,-2.123514370530984,1.5173624871019913,1.5173624871019913,0.0,7.814329937139709,7.8138908264337275,-0.00043911070598134927,3036.0,3035.0,-1.0,6.240690722910602,6.224404901190503,-0.01628582172009896
0.3723472831221001,9,7,0.38047429970476004,631.0123560180459,629.5659341634296,-1.4464218546163465,1.4015574302858247,1.4279724554816524,0.026415025195827724,7.237067940048627,7.235973274500981,-0.0010946655476464784,1697.0,1697.0,0.0,4.290431295886679,4.291262760629876,0.0008314647431975075,0.24910510575832273,1189.8375227593076,1188.7277373369864,-1.109785422321238,1.6189830178363056,1.6189830178363056,0.0,7.798278881961905,7.797390564469744,-0.000888317492161228,3020.0,3017.0,-3.0,6.357501722009878,6.352192695919207,-0.005309026090670521
0.3723472831221001,9,8,0.39387495847793996,627.0978836312036,624.2085322679827,-2.8893513632208396,1.2515003974980434,1.3217166928566622,0.07021629535861873,7.267956349751105,7.2663459510217265,-0.001610398729378737,1752.0,1746.0,-6.0,4.104393989111586,4.0914593738156375,-0.01293461529594886,0.27650998425118817,1173.0398166830919,1170.5173825573802,-2.5224341257116976,1.5720583243735182,1.5720583243735182,0.0,7.778774438912835,7.778826389885707,5.195097287202799e-05,2934.0,2935.0,1.0,6.312060270891166,6.295261584712835,-0.01679868617833158
0.3723472831221001,9,9,0.3371056679979476,625.4307994155888,623.454684664415,-1.9761147511737818,1.3117998010777006,1.448593954708596,0.13679415363089542,7.244613803789455,7.243213697917995,-0.001400105871459445,1706.0,1703.0,-3.0,4.2099595984956775,4.209682684537094,-0.0002769139585838687,0.36507704706793304,1159.96384288139,1157.5962454826379,-2.3675973987521957,1.6817985808894427,1.6817985808894427,0.0,7.7713249834628435,7.771057249461031,-0.0002677340018122365,2931.0,2929.0,-2.0,6.353879665003156,6.337494385180748,-0.01638527982240756
0.3723472831221001,9,10,0.2797013037267245,627.3103107143297,625.8833244271598,-1.4269862871699388,1.2854243748723495,1.3837992323567456,0.09837485748439612,7.2501915173756135,7.250508626195158,0.0003171088195443872,1735.0,1736.0,1.0,4.275154378710525,4.269607344485955,-0.005547034224569813,0.24693621367596585,1147.2937611389332,1146.3514140193306,-0.942347119602573,1.5703664804209718,1.5913954364744771,0.0210289560535053,7.7819147236329425,7.7821161896446895,0.00020146601174708678,2976.0,2978.0,2.0,6.158014838624678,6.1509329351719,-0.007081903452777816
0.3723472831221001,9,11,0.3083563827149637,602.7734708177368,600.3720094507153,-2.4014613670215113,1.295406827715287,1.3775996017635888,0.08219277404830172,7.230013590221315,7.226987581036759,-0.0030260091845555337,1675.0,1672.0,-3.0,4.027585517859215,4.027463089247786,-0.0001224286114291928,0.3099526900175623,1165.9010566979687,1163.4682958315616,-2.4327608664070794,1.5292718639936416,1.5292718639936416,0.0,7.789467767678682,7.788794339110032,-0.0006734285686498254,2986.0,2983.0,-3.0,6.2452573953704364,6.234084798101558,-0.011172597268878093
0.3723472831221001,9,12,0.22872617653742192,637.4056828562907,634.6269109346555,-2.7787719216352116,1.2793397703825589,1.2793397703825589,0.0,7.255004651569868,7.252500274924459,-0.0025043766454091454,1730.0,1730.0,0.0,4.284148788169244,4.273340118532596,-0.010808669636647394,0.31126724888612967,1160.2774334452263,1157.473327865357,-2.8041055798692014,1.5516194812534096,1.5516194812534096,0.0,7.773444115998387,7.772426270867185,-0.0010178451312023995,2921.0,2919.0,-2.0,6.274181248929119,6.258843506541893,-0.015337742387226072
0.3723472831221001,9,13,0.3806782801337121,630.4318873027069,628.8866550811837,-1.5452322215231789,1.2482948385333432,1.2697216548043029,0.02142681627095966,7.251979663523405,7.251720036218305,-0.00025962730509920817,1738.0,1736.0,-2.0,4.247496475968072,4.234464151549767,-0.013032324418304597,0.3066415296160582,1154.7036811230882,1153.6139372643527,-1.0897438587355737,1.6798240938364934,1.6550833000720941,-0.024740793764399305,7.771204437820259,7.771561194059235,0.00035675623897546416,2950.0,2945.0,-5.0,6.250854769005669,6.240704689987319,-0.01015007901835041
0.3723472831221001,9,14,0.3142139024032611,599.0227340069005,597.1022566161257,-1.9204773907747494,1.256723058875194,1.256723058875194,0.0,7.24429731487608,7.242449752510361,-0.0018475623657190354,1713.0,1713.0,0.0,3.9694018555753763,3.9616762187966854,-0.00772563677869087,0.21536919017868314,1156.0404827215193,1154.5536908184622,-1.4867919030571102,1.6098260036384378,1.6098260036384378,0.0,7.777115769706148,7.775701085385565,-0.001414684320582893,2953.0,2948.0,-5.0,6.281436124307889,6.279598431084939,-0.0018376932229493548
0.3723472831221001,9,15,0.4742508411761569,631.6502183003204,630.641933271445,-1.0082850288753207,1.3483197459656018,1.7516714578436963,0.4033517118780945,7.244664480821898,7.241430196165329,-0.003234284656569386,1716.0,1714.0,-2.0,4.242901392582187,4.276462207784206,0.033560815202019256,0.3039683905583227,1140.6074059971147,1139.222252376157,-1.3851536209576807,1.473091709243979,1.473091709243979,0.0,7.7707943893826155,7.770584643000235,-0.00020974638238069332,2962.0,2959.0,-3.0,6.1860090336656945,6.17617412594259,-0.009834907723104358
0.38919864579954344,10,0,0.32727476673232475,656.6907966235528,654.618526487558,-2.0722701359948132,1.3922189704723325,1.5871618207173699,0.19494285024503744,7.269622943208027,7.268382070408395,-0.0012408727996326974,1751.0,1751.0,0.0,4.439657400510729,4.436899148209445,-0.0027582523012839033,0.38829892857550097,1246.0942611466414,1243.8230675109492,-2.2711936356922706,1.5689752328394229,1.568975232840592,1.1690648449302898e-12,7.81049354155378,7.8114141825793135,0.0009206410255337971,3040.0,3043.0,3.0,6.777979982156799,6.75030944052748,-0.027670541629318812
0.38919864579954344,10,1,0.342231961187201,663.3876697604409,661.4181369895728,-1.9695327708681134,1.331987179535621,1.3989024186940133,0.06691523915839226,7.267755021178497,7.265067797059577,-0.002687224118920639,1736.0,1733.0,-3.0,4.419612814230521,4.422304586389111,0.0026917721585899557,0.27254550209054806,1219.252980650373,1217.4780221223007,-1.774958528072375,1.641246449821602,1.641246449821602,0.0,7.794966319741005,7.795139374762877,0.00017305502187259236,2984.0,2983.0,-1.0,6.612963730961781,6.591352353429169,-0.021611377532611442
0.38919864579954344,10,2,0.4118225659918361,658.7649004314164,655.8312394217946,-2.933661009621801,1.3721201974304276,1.3721178586252534,-2.3388051741957128e-06,7.248875726117125,7.246570761472614,-0.0023049646445105765,1733.0,1731.0,-2.0,4.558526896771579,4.549412910353656,-0.009113986417923492,0.23225384457835785,1190.6920657506566,1189.1540749548026,-1.537990795854057,1.7853705942619227,1.785370594852453,5.905302913333799e-10,7.773194991333678,7.772246365292743,-0.0009486260409357072,2932.0,2930.0,-2.0,6.542316181997399,6.534347018252253,-0.007969163745145558
0.38919864579954344,10,3,0.3621537959199518,650.4423835611774,647.9661154382235,-2.476268122953911,1.3493626061693471,1.3677826169761453,0.018420010806798226,7.240673688156562,7.240010834282816,-0.0006628538737460943,1714.0,1713.0,-1.0,4.5145371803672205,4.499501352849915,-0.015035827517305478,0.313084395418615,1192.6974721177335,1190.8772701130515,-1.8202020046819598,1.713980899166551,1.713980899166551,0.0,7.779983513534144,7.7802634257925956,0.0002799122584518088,2941.0,2937.0,-4.0,6.515998063983434,6.497803272528557,-0.018194791454877013
0.38919864579954344,10,4,0.36879837643730173,653.1501618744696,651.917526185421,-1.2326356890486068,1.3567672228756695,1.4432938536569382,0.08652663078126865,7.265358127822334,7.263619489282709,-0.0017386385396251924,1728.0,1728.0,0.0,4.3900731224093805,4.398285387463416,0.00821226505403505,0.2294726995162304,1212.3250012533765,1209.9125213709551,-2.412479882421394,1.664740619316863,1.664740619316863,0.0,7.789356947399382,7.7887390827197915,-0.0006178646795902409,2978.0,2979.0,1.0,6.599973866386048,6.587763494871226,-0.012210371514822072
0.38919864579954344,10,5,0.3368879413874142,644.2372894499911,642.1226231061357,-2.1146663438553333,1.3865232887122623,1.3865232887122623,0.0,7.246227050753517,7.2439955438381,-0.0022315069154172917,1720.0,1717.0,-3.0,4.433115272731126,4.4275295255983576,-0.005585747132768049,0.27775249744734265,1232.608704933095,1230.6920119838423,-1.9166929492525924,1.633283608617093,1.633383131361966,9.952274487301516e-05,7.795940117942353,7.7952358811220215,-0.0007042368203311611,2995.0,2989.0,-6.0,6.712447598234442,6.696724518746797,-0.015723079487644398
0.38919864579954344,10,6,0.28200310482104585,660.877797605264,658.9174077005559,-1.9603899047081086,1.6060961431316594,1.6151260012084008,0.009029858076741393,7.251831639670337,7.249926777549907,-0.00190486212042984,1710.0,1707.0,-3.0,4.519510628825955,4.520965963024652,0.0014553341986971446,0.40901734461455186,1192.7572438514926,1190.97526584817,-1.7819780033225925,1.617840453291389,1.6178403418802683,-1.1141112077339699e-07,7.77921447343748,7.778549986869491,-0.0006644865679890088,2957.0,2957.0,0.0,6.54378318154333,6.53393005492316,-0.009853126620170016
0.38919864579954344,10,7,0.23501895088053604,649.7093567592665,648.1321655050002,-1.5771912542662676,1.3046784778348122,1.3046782665375845,-2.1129722771462411e-07,7.250378685183367,7.24924925208856,-0.0011294330948077302,1723.0,1718.0,-5.0,4.451064657164802,4.448227108231816,-0.0028375489329866,0.38294799215036174,1214.139215028252,1212.3397357198446,-1.799479308407399,1.6271922807067616,1.6271922807096506,2.8890223546795823e-12,7.786782911119173,7.786213661685792,-0.0005692494333802145,2977.0,2977.0,0.0,6.6252738355795175,6.615515076322527,-0.009758759256990324
0.38919864579954344,10,8,0.3393734342755963,652.2244064472784,650.9119489453219,-1.3124575019564872,1.3635927188270573,1.35825228749649,-0.005340431330567386,7.253213788193369,7.252337919791362,-0.0008758684020069296,1725.0,1722.0,-3.0,4.455590952384005,4.451506946705538,-0.0040840056784672285,0.4014607569626467,1241.1929844419803,1239.0921608649987,-2.100823576981611,1.558732752852821,1.558732752852821,0.0,7.799971511463465,7.800035641923965,6.413046050024462e-05,2994.0,2995.0,1.0,6.720172734197889,6.701465372603739,-0.018707361594150207
0.38919864579954344,10,9,0.46389951772508037,657.6435177416855,655.4343010017324,-2.209216739953149,1.5254304102643201,1.544711404830382,0.019280994566061915,7.262386749838441,7.260388919405588,-0.001997830432853398,1741.0,1739.0,-2.0,4.473687710868903,4.467607752554321,-0.006079958314582079,0.2188188196596954,1183.0891233238121,1180.7662801530932,-2.3228431707188975,1.5790734388345504,1.5790734388308774,-3.673061854669868e-12,7.752397479289254,7.751783127348592,-0.0006143519406620612,2891.0,2889.0,-2.0,6.612271618155769,6.5968464418149635,-0.015425176340805535
0.38919864579954344,10,10,0.3314960702019508,640.155613034786,637.50411176785,-2.651501266936066,1.3453053742648422,1.3762941348836168,0.030988760618774647,7.244610394541596,7.242914630742008,-0.0016957637995878017,1720.0,1720.0,0.0,4.377830098067385,4.372330408985679,-0.005499689081705839,0.3321671263333329,1223.465333947355,1221.1845697377653,-2.2807642095897336,1.5920895417953016,1.5920895418185674,2.326583370404478e-11,7.790317597208567,7.789988364011694,-0.00032923319687316877,2976.0,2975.0,-1.0,6.656108448242847,6.644957125017486,-0.011151323225361054
0.38919864579954344,10,11,0.3670511732439953,646.1693866071805,644.0370256526292,-2.132360954551359,1.4120362999179081,1.6683630146699862,0.256326714752078,7.268207387671632,7.267788586612693,-0.000418801058938989,1765.0,1767.0,2.0,4.380399986982102,4.376032530194695,-0.004367456787407242,0.3505408926652509,1215.3153414189044,1213.350484438215,-1.9648569806893192,1.6427876608365968,1.6427876608365968,0.0,7.781907831512126,7.782049002517871,0.00014117100574484454,2964.0,2963.0,-1.0,6.65682784801278,6.63288382870905,-0.02394401930372947
0.38919864579954344,10,12,0.3238835884131794,652.1138735698704,649.4006428226082,-2.7132307472621733,1.4946839462500086,1.5325028978041721,0.03781895155416359,7.230499925962563,7.230097350553091,-0.00040257540947141734,1709.0,1706.0,-3.0,4.565689744691866,4.5577824490326,-0.007907295659266289,0.1903416442043952,1201.593299957715,1199.2948474054624,-2.2984525522526837,1.4423683637780589,1.4423683637780589,0.0,7.782755878276495,7.782845918702401,9.004042590632366e-05,2972.0,2974.0,2.0,6.591577243936465,6.568166840781389,-0.0234104031550757
0.38919864579954344,10,13,0.288796732920236,662.186383107351,659.8688798611822,-2.317503246168826,1.4095122891767011,1.4095122891767011,0.0,7.260844314658315,7.260587558131597,-0.00025675652671797167,1742.0,1743.0,1.0,4.526541093614781,4.506453702294487,-0.02008739132029369,0.4032827459694138,1189.1193611696444,1186.6944157561973,-2.424945413447176,1.4890759451500901,1.4890759451500901,0.0,7.772366138618453,7.771206652398817,-0.0011594862196355749,2944.0,2938.0,-6.0,6.521460190860262,6.509547630474362,-0.01191256038590005
0.38919864579954344,10,14,0.347093440941511,643.4887905887259,641.3723485954993,-2.1164419932266583,1.411837149981151,1.420894204550191,0.009057054569040046,7.234607704688231,7.232753515757265,-0.0018541889309657833,1722.0,1719.0,-3.0,4.50700377046212,4.502268356021157,-0.004735414440962593,0.3856052516248787,1194.9276376051453,1193.009515302634,-1.918122302511165,1.6075989207448613,1.6075989207448613,0.0,7.781118826808639,7.780982366278777,-0.00013646052986171497,2941.0,2940.0,-1.0,6.501829476619582,6.488582939853371,-0.013246536766210681
0.38919864579954344,10,15,0.4651578641224111,657.8639576510562,655.708039987979,-2.1559176630772754,1.3779021298779317,1.3779021298857326,7.8008710602262e-12,7.248604288515148,7.2470725516863865,-0.0015317368287615096,1704.0,1701.0,-3.0,4.479348559245783,4.470203344320611,-0.009145214925172063,0.3327526276823821,1263.630534318524,1261.9007878029583,-1.7297465155656937,1.7980407320482437,1.7980407320482437,0.0,7.808354507795938,7.808289225611424,-6.528218451418155e-05,3039.0,3041.0,2.0,6.862146808429848,6.851410253779742,-0.010736554650105923
0.4068126524842311,11,0,0.4816825427557019,695.9135578165701,694.5498211623167,-1.3637366542534437,1.3636583403874138,1.390179163474178,0.026520823086764178,7.269170439140446,7.268257720199776,-0.0009127189406701319,1750.0,1750.0,0.0,4.7931578377589314,4.792066564644192,-0.0010912731147394439,0.22343299722045268,1284.7672975960847,1282.5984563010024,-2.168841295082302,1.7218675125835958,1.6407672789011847,-0.08110023368241115,7.794996233684146,7.7938914497700855,-0.0011047839140605475,2988.0,2986.0,-2.0,7.090247875039957,7.084820791710792,-0.005427083329164972
0.4068126524842311,11,1,0.4092231184556666,682.6315837573593,680.2392337665412,-2.3923499908180474,1.437289287472738,1.437289287472738,0.0,7.244980971200588,7.243673519114895,-0.0013074520856930505,1710.0,1704.0,-6.0,4.790463578088995,4.776103159241101,-0.014360418847894074,0.3026474822691432,1252.8141910114268,1250.0853091082604,-2.728881903166439,1.7786861853787597,1.7786861853787597,0.0,7.782080377640794,7.781562002554308,-0.0005183750864858894,2984.0,2986.0,2.0,7.069047556539985,7.056037169003756,-0.013010387536229295
0.4068126524842311,11,2,0.40532946056380115,688.8954944954221,687.1689750853532,-1.7265194100689314,1.4917649498330268,1.5742690830301607,0.0825041331971339,7.2577034990348075,7.255689304811792,-0.0020141942230154086,1736.0,1735.0,-1.0,4.841676918849507,4.851344069695258,0.009667150845750427,0.2501096310563337,1252.7527737235882,1250.2662594235157,-2.4865143000724856,1.8579433176031672,1.8579433176031672,0.0,7.775801589104844,7.775099443583107,-0.0007021455217373074,2960.0,2957.0,-3.0,7.09364741254224,7.075115891941289,-0.01853152060095109
0.4068126524842311,11,3,0.3641545852397658,693.1931052571667,690.4790139575728,-2.7140912995939743,1.538316453124354,1.6015576116804124,0.06324115855605839,7.266031300540987,7.265601386254587,-0.000429914286399935,1742.0,1743.0,1.0,4.797248955374306,4.7857490083089935,-0.0114999470653121,0.3757121852177969,1262.2510551428004,1259.587056261526,-2.6639988812744377,1.6598124189355727,1.6695890951775334,0.009776676241960658,7.765405036032153,7.765158980918294,-0.0002460551138590006,2909.0,2906.0,-3.0,7.220616661069227,7.2033579294178205,-0.017258731651406123
0.4068126524842311,11,4,0.24902646422288935,692.6007106606143,691.6388306294566,-0.9618800311576479,1.5828992785284681,1.5828992785284681,0.0,7.2654979004979605,7.263370157017656,-0.0021277434803046447,1741.0,1737.0,-4.0,4.815801664000855,4.821272644433208,0.005470980432352945,0.4406723876164734,1265.4158020099462,1263.3737967805382,-2.042005229408005,1.5507219188251304,1.5358755504870438,-0.014846368338086613,7.806697100287438,7.806336180380697,-0.0003609199067406976,3034.0,3030.0,-4.0,6.9090256620559165,6.892488375957256,-0.016537286098660786
0.4068126524842311,11,5,0.2555600397886969,661.8861565237883,660.0251426192663,-1.8610139045219967,1.393328911515762,1.4323931352140185,0.03906422369825635,7.235619283675276,7.235326644406686,-0.00029263926859002254,1694.0,1691.0,-3.0,4.6334480666345135,4.623079881849997,-0.010368184784516288,0.41578813787975694,1275.271819483561,1273.077147314044,-2.194672169517162,1.4854717010390661,1.4854717010390661,0.0,7.789140628150426,7.789067411263806,-7.321688661932058e-05,2970.0,2973.0,3.0,7.099955511076369,7.084916629317898,-0.015038881758471234
0.4068126524842311,11,6,0.29125496324602296,683.496981363205,681.5440309688986,-1.9529503943064128,1.4344024390853278,1.6312122633059385,0.19680982422061066,7.251017901457642,7.248920246124114,-0.0020976553335279036,1721.0,1717.0,-4.0,4.760504201241122,4.766544862306795,0.0060406610656738025,0.34331358392746225,1294.333751842718,1292.6068885575119,-1.7268632852060364,1.5330162030322374,1.5330162030322374,0.0,7.81662072161424,7.816462460443135,-0.00015826117110506743,3042.0,3042.0,0.0,7.053050709754146,7.039915660660393,-0.013135049093753182
0.4068126524842311,11,7,0.20020078000210034,696.8088370487425,694.1801137441687,-2.628723304573782,1.3840450029118012,1.3762989411463775,-0.007746061765423695,7.259993491100239,7.257537330340023,-0.002456160760216264,1735.0,1732.0,-3.0,4.844731568870437,4.839768962307041,-0.004962606563396754,0.20251547342936765,1268.2471380293537,1266.1767338058453,-2.070404223508376,1.7733840376075936,1.7733840376075936,0.0,7.7904822903458255,7.790657291823505,0.00017500147767979257,2988.0,2988.0,0.0,7.074272968251344,7.059597633669587,-0.014675334581756516
0.4068126524842311,11,8,0.3436780280379166,695.3031281675985,694.0638230616913,-1.2393051059071922,1.3773075092553173,1.3773075092553173,0.0,7.259278335108108,7.258247994323829,-0.0010303407842782164,1741.0,1740.0,-1.0,4.832670349723661,4.827317417520128,-0.005352932203533278,0.2491223974756249,1273.8905925310696,1272.163830892428,-1.7267616386416194,1.686453040728884,1.6864530407184921,-1.039190955509639e-11,7.779675866750981,7.778983013986977,-0.0006928527640042148,2942.0,2936.0,-6.0,7.168042744506593,7.1585874584415174,-0.009455286065075619
0.4068126524842311,11,9,0.37283130948009513,687.1376575466526,686.2341540586629,-0.9035034879897239,1.4755674529890481,1.4755674529885512,-4.969358258222201e-13,7.25129024984518,7.24951721481168,-0.0017730350334996814,1753.0,1751.0,-2.0,4.874084052777361,4.882880958170003,0.008796905392641996,0.34099066435161857,1280.2176496774132,1278.3781984857155,-1.8394511916976626,1.6785954648100048,1.6785954648100048,0.0,7.778530344399505,7.778212979716631,-0.00031736468287402175,2971.0,2971.0,0.0,7.274376823295369,7.263926590278843,-0.0104502330165257
0.4068126524842311,11,10,0.3294910275123018,670.7352646555942,668.7155831439416,-2.019681511652607,1.3728621485828723,1.3968293435462718,0.023967194963399496,7.258530245137788,7.256029430258847,-0.002500814878940716,1733.0,1729.0,-4.0,4.6071819963971725,4.606472457072889,-0.0007095393242835257,0.30208641799559516,1263.224634869149,1261.2361360663756,-1.9884988027733925,1.9222606566922515,1.9222606566922515,0.0,7.784582460349252,7.784146987446157,-0.00043547290309575715,2946.0,2944.0,-2.0,7.123129159925776,7.106394490050361,-0.016734669875415165
0.4068126524842311,11,11,0.3726300720790777,677.339809497256,675.4513298420813,-1.8884796551747058,1.5617302059066183,1.5549404187212417,-0.0067897871853765945,7.237335029006866,7.236677662020128,-0.0006573669867382392,1709.0,1710.0,1.0,4.828282016182708,4.8242547899115,-0.0040272262712086615,0.45811229867110514,1288.1701068005007,1285.4826841585996,-2.687422641901094,1.57326034507916,1.57326034507916,0.0,7.792085466062553,7.7910839325916434,-0.001001533470909699,2987.0,2981.0,-6.0,7.169312642378703,7.153000187904974,-0.016312454473728977
0.4068126524842311,11,12,0.4263882467503971,688.1123042346695,685.5302012830907,-2.582102951578804,1.4733969286756796,1.4733969286756796,0.0,7.262758494524662,7.26083933729369,-0.001919157230972246,1751.0,1748.0,-3.0,4.8180701039738,4.802710450859449,-0.015359653114351168,0.28053680983173623,1268.0845866093746,1264.9149866833436,-3.169599926030969,1.466558157578701,1.466544544672766,-1.361290593493436e-05,7.7907399867962415,7.789969228794494,-0.0007707580017477511,3002.0,3002.0,0.0,7.031731787921431,7.013978547342134,-0.017753240579296836
0.4068126524842311,11,13,0.35386232903875825,670.0286416821007,668.8749550943066,-1.1536865877940272,1.3533814430762565,1.4191756419029327,0.06579419882667614,7.252816904450968,7.252212270448772,-0.0006046340021956809,1737.0,1739.0,2.0,4.6711577898023116,4.672717534549769,0.001559744747457792,0.20011146260733698,1282.6356617869842,1281.3861342613768,-1.249527525607391,1.5922867660921345,1.5922867660921345,0.0,7.79492554988279,7.795288427859233,0.00036287797644263264,3006.0,3005.0,-1.0,7.141376016165712,7.129969261999995,-0.01140675416571657
0.4068126524842311,11,14,0.33756213078322583,682.8476082743409,680.7851887339382,-2.0624195404027432,1.4838748678364073,1.4943835272671642,0.01050865943075685,7.25412783140667,7.253242331220061,-0.000885500186608823,1734.0,1735.0,1.0,4.766063757444509,4.763094560180693,-0.00296919726381617,0.3261730209990489,1238.5666970781967,1236.482871284299,-2.0838257938976312,1.9832763982585213,1.78292297460488,-0.20035342365364128,7.768939325825907,7.7682967505169165,-0.0006425753089907005,2933.0,2926.0,-7.0,6.981069187491805,6.952504616641053,-0.028564570850751814
0.4068126524842311,11,15,0.33573953222200137,675.46457156764,673.465097874051,-1.999473693588925,1.331887026213414,1.3939155446946796,0.06202851848126567,7.2436972119978815,7.243733000065618,3.5788067736852724e-05,1709.0,1708.0,-1.0,4.7190208521368096,4.701101097955865,-0.01791975418094438,0.4248844739031628,1252.721556890107,1250.602126785181,-2.1194301049258684,1.8346048767631347,1.8346048767631347,0.0,7.7819247856431435,7.782228723025912,0.00030393738276845994,2976.0,2980.0,4.0,7.027110855162878,7.0085462634768705,-0.018564591686007326
0.4252238182413786,12,0,0.22615311222624873,708.2026532115528,706.5035189156297,-1.6991342959231588,1.4868863009254125,1.5109040146995565,0.024017713774143967,7.234047869709681,7.23228321969369,-0.0017646500159909095,1707.0,1702.0,-5.0,5.131954369397311,5.135194305687254,0.003239936289943124,0.3445170817951121,1323.14345474242,1321.5657838716597,-1.5776708707603575,1.9004536163684111,1.9004536163684111,0.0,7.798018991319479,7.797514338278072,-0.0005046530414070105,2990.0,2988.0,-2.0,7.436698926582768,7.425943998101205,-0.010754928481562231
0.4252238182413786,12,1,0.19665590042554965,712.7607239952281,709.6957630315438,-3.064960963684257,1.6627563293938366,1.662769245472251,1.2916078414360044e-05,7.244893137411989,7.241931379450568,-0.00296175796142073,1715.0,1711.0,-4.0,5.121723377739309,5.114158251319647,-0.007565126419662782,0.21936037885216345,1337.9066960581085,1335.5766062666921,-2.3300897914164125,1.8053754241729134,1.8053754241729134,0.0,7.785361373251777,7.784185441083552,-0.0011759321682252022,2968.0,2965.0,-3.0,7.652854956075709,7.643669084814478,-0.009185871261230716
0.4252238182413786,12,2,0.44928214317049125,722.8459456184856,721.4197620302724,-1.4261835882132345,1.566470662041721,1.6864186726728525,0.11994801063113147,7.256014415876694,7.253911426330636,-0.0021029895460582537,1725.0,1721.0,-4.0,5.148879940739934,5.150636429063375,0.0017564883234406636,0.2814098253133085,1341.5431950758177,1339.3998182770765,-2.143376798741201,1.7560540760570187,1.756054073752825,-2.3041937247114674e-09,7.795082275725598,7.794624090235825,-0.00045818548977294427,3005.0,3006.0,1.0,7.695665886184461,7.682423603606205,-0.013242282578255882
0.4252238182413786,12,3,0.35971213267097607,715.6463359220786,713.625576639047,-2.020759283031566,1.4588501722368634,1.4981091466420193,0.03925897440515591,7.2658019997695895,7.265951110929304,0.000149111159714721,1763.0,1764.0,1.0,5.132849040961313,5.115630575914978,-0.017218465046334508,0.33343934500805417,1333.1524508479527,1331.1700079877526,-1.9824428602000808,1.963607030943746,1.963607030943746,0.0,7.80254265041815,7.801946787557615,-0.0005958628605355898,2996.0,2994.0,-2.0,7.450373061113053,7.43718446030185,-0.013188600811202988
0.4252238182413786,12,4,0.3716287315141644,697.4870270054087,695.5748361857812,-1.9121908196274262,1.4573548145805881,1.6259087952336637,0.16855398065307559,7.247037272088194,7.243784256361391,-0.0032530157268038096,1720.0,1716.0,-4.0,4.938098884102578,4.951148699232032,0.013049815129454245,0.3449294060613866,1292.6718870617347,1290.0271874953132,-2.644699566421423,1.6847042664554561,1.6847042664554994,4.3298697960381105e-14,7.7839755188004105,7.783324422141828,-0.0006510966585828726,2969.0,2965.0,-4.0,7.311398962363053,7.292880939637073,-0.018518022725979577
0.4252238182413786,12,5,0.4530064427255564,741.001236551836,739.3652854157548,-1.6359511360811894,1.4659509392208623,1.530430412846779,0.06447947362591666,7.273676629408776,7.2727826731504965,-0.0008939562582792604,1756.0,1758.0,2.0,5.250637580671881,5.248225928554268,-0.0024116521176127392,0.3028635036752193,1344.1906862855992,1342.519898698626,-1.6707875869731197,1.8279642920650658,1.8279642920650658,0.0,7.799756617675618,7.799549477488753,-0.00020714018686440738,2998.0,2999.0,1.0,7.624670524338398,7.611228089937372,-0.013442434401025771
0.4252238182413786,12,6,0.32549481457380997,710.1209569925078,708.0147952169359,-2.106161775571877,1.5060535953488905,1.532643462382347,0.02658986703345656,7.2404950669093555,7.238853697632482,-0.0016413692768733057,1704.0,1701.0,-3.0,5.100827999849265,5.099098162561422,-0.0017298372878435941,0.30116694779382625,1335.6705671510463,1332.789502029291,-2.8810651217552277,1.679980140842956,1.679979135317189,-1.0055257670948947e-06,7.793506867161141,7.793099003897433,-0.0004078632637076751,2999.0,2998.0,-1.0,7.638835967011469,7.620116438813078,-0.018719528198391622
0.4252238182413786,12,7,0.4601775646690929,698.8161218850053,695.9778537315657,-2.8382681534395715,1.455792780685222,1.6627348680017815,0.2069420873165595,7.250818294657904,7.249340308951571,-0.0014779857063329516,1726.0,1724.0,-2.0,4.99246219763179,4.978514864050664,-0.013947333581126209,0.3396586845462213,1330.096015772664,1328.326075597664,-1.7699401750001016,1.5942051950985552,1.5942051950985552,0.0,7.787343762288346,7.786627523140181,-0.0007162391481649877,2961.0,2960.0,-1.0,7.56605626908891,7.55594766436681,-0.010108604722099734
0.4252238182413786,12,8,0.35821154711820835,724.378426062546,722.6540898374398,-1.724336225106299,1.5106760546608218,1.5146836494879947,0.0040075948271729445,7.2699570603745265,7.26827793169556,-0.0016791286789663573,1765.0,1760.0,-5.0,5.10253940324007,5.099584768318131,-0.0029546349219389256,0.3442157046333086,1324.795458889405,1322.574646459669,-2.2208124297358154,1.639899740504404,1.6306362069932683,-0.009263533511135735,7.7876434614405134,7.787759564202201,0.00011610276168738665,2958.0,2957.0,-1.0,7.538229393252889,7.516055341190764,-0.02217405206212497
0.4252238182413786,12,9,0.33006987385291475,715.2905629835343,714.3634165616354,-0.9271464218988967,1.6580751019440305,1.6580751019440305,0.0,7.247392233405513,7.246950009747934,-0.00044222365757917714,1722.0,1725.0,3.0,5.1159092177588885,5.122349561738048,0.00644034397915938,0.26515267747296767,1331.5137962838521,1329.6051480688197,-1.9086482150323718,2.0740840781954546,2.0740840781954546,0.0,7.784433496763549,7.7835667717112536,-0.0008667250522957914,2957.0,2956.0,-1.0,7.625217416599605,7.6120384937983445,-0.013178922801260207
0.4252238182413786,12,10,0.4714725602902309,726.942689775766,724.8668924683325,-2.075797307433504,1.5097413092820133,1.6362403360245175,0.12649902674250413,7.249963362745131,7.248811559311823,-0.0011518034333075633,1710.0,1708.0,-2.0,5.2585730728769144,5.246732246062988,-0.011840826813926064,0.32932079931336594,1315.2015669520993,1313.762090766491,-1.4394761856083278,2.040964297368624,2.0103490485751703,-0.030615248793453897,7.782475205045213,7.782260710848734,-0.00021449419647900925,2980.0,2976.0,-4.0,7.6212954911609065,7.608882029556618,-0.012413461604288578
0.4252238182413786,12,11,0.4672485503211304,709.9960676124547,708.8728259514022,-1.1232416610524751,1.5875881866648844,1.7037519109246404,0.11616372425975596,7.252469914286545,7.2510457334236635,-0.001424180862881208,1724.0,1727.0,3.0,5.024246954829673,5.03657717809264,0.012330223262966733,0.21909070810861303,1336.9141009806274,1335.7123966820282,-1.2017042985992248,1.751032190341054,1.7510321910692253,7.281713010343083e-10,7.772246285762879,7.772438214692549,0.00019192892967012654,2930.0,2930.0,0.0,7.836657762314535,7.8279477791936225,-0.008709983120912312
0.4252238182413786,12,12,0.2867654747681808,725.3534678914954,723.3291043013187,-2.0243635901766766,1.5045123170625814,1.5045123170625814,0.0,7.236665341615099,7.236189034825171,-0.0004763067899284934,1698.0,1699.0,1.0,5.295552648904825,5.28425103404996,-0.011301614854864361,0.4516463476576047,1292.7067584382844,1290.854135808764,-1.8526226295202832,1.6008304584621396,1.6008304584621396,0.0,7.772017586258167,7.772399288667774,0.0003817024096068877,2926.0,2928.0,2.0,7.381138950849336,7.359661549377708,-0.021477401471628355
0.4252238182413786,12,13,0.3885639877256243,701.3643696871569,699.423536912182,-1.940832774974865,1.4881753166478389,1.6933653596199576,0.20519004297211874,7.2253493304592595,7.224782884317579,-0.0005664461416801103,1678.0,1679.0,1.0,5.104292194042749,5.103282222075244,-0.0010099719675054075,0.3253284549859481,1337.7431821544112,1335.6494271361084,-2.0937550183027724,1.918170434943412,1.9181704349434126,4.440892098500626e-16,7.784103185875522,7.782976118612095,-0.0011270672634271506,2958.0,2957.0,-1.0,7.70276140476718,7.694370877060423,-0.008390527706757744
0.4252238182413786,12,14,0.33583461482106103,718.1081782993975,715.8776476160868,-2.2305306833106897,1.5515975218172122,1.6711133432064014,0.11951582138918915,7.241267747294229,7.240231642261829,-0.0010361050323997034,1708.0,1707.0,-1.0,5.205463337738936,5.197797325171526,-0.007666012567410618,0.3747115044150777,1333.6101726012796,1331.1909790498494,-2.419193551430226,1.8278502933669092,1.827850293366899,-1.021405182655144e-14,7.7866657731648665,7.785970813942023,-0.0006949592228435719,2968.0,2964.0,-4.0,7.635229534855628,7.617015653724775,-0.018213881130852982
0.4252238182413786,12,15,0.2891460771574555,718.0824128112324,716.6433971823639,-1.4390156288685603,1.4685576366135602,1.5271648862363918,0.05860724962283159,7.274251929653342,7.273516749599852,-0.0007351800534900477,1749.0,1749.0,0.0,4.971773147517056,4.969453904788199,-0.002319242728857418,0.2966345867991156,1358.950853803341,1356.1058306955906,-2.8450231077504213,1.6460580229479618,1.646058057814758,3.486679611697241e-08,7.80217745037972,7.802375515948199,0.00019806556847967727,2989.0,2985.0,-4.0,7.657751571260116,7.634081478849122,-0.023670092410993604
0.4444682201883723,13,0,0.36268523414231135,742.3359405595684,740.3464832836986,-1.9894572758697677,1.6394776072173702,1.6597442718399882,0.020266664622617947,7.228877942543086,7.2279668282603176,-0.000911114282768466,1702.0,1698.0,-4.0,5.5430976867848,5.529324436969612,-0.013773249815187683,0.24797139643189864,1369.021292257814,1366.883417694489,-2.1378745633248855,1.9025916505614067,1.9025916505600389,-1.3677947663381929e-12,7.779578106922296,7.77894520887039,-0.0006328980519061389,2957.0,2957.0,0.0,7.997646798461231,7.982255040503038,-0.015391757958193253
0.4444682201883723,13,1,0.42533212492093864,745.9787120701237,743.7619928196104,-2.216719250513279,1.6758221211353443,1.9273522179023421,0.2515300967669978,7.228769084363318,7.228058772633634,-0.0007103117296836103,1687.0,1684.0,-3.0,5.602921146583138,5.599053774135712,-0.0038673724474262983,0.30590703538303954,1376.875577914218,1374.6652646851921,-2.2103132290258145,1.9600134641847977,1.960013462595067,-1.5897307914514158e-09,7.775021065749129,7.775261331116209,0.00024026536707921764,2941.0,2944.0,3.0,8.151786065081394,8.131749169892377,-0.0200368951890173
0.4444682201883723,13,2,0.34146553978493555,740.2111247728035,738.5039636007955,-1.707161172008,1.512905695234522,1.7978745254528883,0.2849688302183664,7.249241995834144,7.246982363615812,-0.0022596322183314754,1723.0,1721.0,-2.0,5.396951507390371,5.408286666509615,0.011335159119243876,0.1895464532750747,1391.268326076833,1389.647674944543,-1.6206511322900496,1.8148105948319115,1.8148105948319115,0.0,7.786072830607297,7.785188032384953,-0.0008847982223434414,2970.0,2968.0,-2.0,8.144592908845292,8.13647547194672,-0.008117436898571029
0.4444682201883723,13,3,0.4242573743000141,748.7389576774513,746.3956592542366,-2.3432984232146055,1.5213152929691256,1.6678217931642376,0.14650650019511202,7.258173652031275,7.255472706825648,-0.0027009452056274696,1723.0,1718.0,-5.0,5.37115939239216,5.373584002275193,0.0024246098830325025,0.4874041824845894,1405.995222121564,1404.24022789943,-1.7549942221339734,1.7486761684326235,1.7486761684326235,0.0,7.785881127481829,7.785601527522556,-0.0002795999592732912,2966.0,2964.0,-2.0,8.226545206978278,8.221234096517732,-0.005311110460546331
0.4444682201883723,13,4,0.42571855009830983,742.891386418155,741.330294730606,-1.5610916875489238,1.5197074165249616,1.7898335323474133,0.2701261158224517,7.2397328416998885,7.2389888263853015,-0.0007440153145870099,1710.0,1709.0,-1.0,5.454707698851527,5.464913041145255,0.010205342293728492,0.5253695489496056,1393.2348371380353,1392.0250005780745,-1.209836559960877,1.8442746932088832,1.8442746932088832,0.0,7.78683039269224,7.786152695173169,-0.0006776975190705414,2975.0,2975.0,0.0,8.16553669351663,8.159369928129626,-0.006166765387003892
0.4444682201883723,13,5,0.3529610792722273,757.7558399364256,756.2308202908831,-1.525019645542443,1.6776188502956377,1.6638028678096486,-0.013815982485989142,7.243002681590386,7.242637236171078,-0.0003654454193080525,1718.0,1717.0,-1.0,5.652410291713034,5.6516083810522115,-0.0008019106608223581,0.2531869949056931,1441.2297169544636,1440.0109356984808,-1.2187812559827762,1.9472225939607168,1.9472225939607168,0.0,7.809353898945224,7.809967006200357,0.000613107255133194,3025.0,3028.0,3.0,8.328928618859253,8.31275546140321,-0.016173157456043086
0.4444682201883723,13,6,0.3128062387697303,738.9131659653585,737.0633931687069,-1.8497727966516777,1.6195069715788721,1.8972933915185632,0.2777864199396911,7.2413964082106865,7.240191933688257,-0.001204474522429777,1715.0,1713.0,-2.0,5.438421859266052,5.4515958319267,0.013173972660648126,0.2648655852720999,1389.1096146985042,1387.5609618635817,-1.54865283492245,1.8929791057750445,1.8929791057750445,0.0,7.787441686077174,7.787003190641635,-0.0004384954355387549,2999.0,2999.0,0.0,8.151690465329468,8.143042224041027,-0.008648241288440772
0.4444682201883723,13,7,0.26376471847916705,736.9308328242978,734.6945204494,-2.236312374897807,1.5687298265276124,1.5995859995046464,0.030856172977034024,7.257429740287847,7.2562238065134474,-0.0012059337743997034,1733.0,1732.0,-1.0,5.33437469630818,5.331876774332986,-0.002497921975194828,0.2360121145954392,1374.6433385730152,1372.5442257418524,-2.0991128311627563,1.8987650749764644,1.8987650749762663,-1.9806378759312793e-13,7.778002275827258,7.7774371557384825,-0.000565120088775295,2936.0,2935.0,-1.0,8.058870848093495,8.050600581384288,-0.008270266709207164
0.4444682201883723,13,8,0.3147976895146709,729.4840997534134,727.1160738020094,-2.368025951403979,1.4566811744041048,1.4655050492298431,0.00882387482573832,7.244527667522997,7.2426110946326805,-0.001916572890316104,1731.0,1729.0,-2.0,5.301203774447006,5.298243957901175,-0.0029598165458315506,0.3901995423977057,1406.8174344557872,1403.9194486479728,-2.8979858078143934,1.8955773797636235,1.8955773797636235,0.0,7.784313512081524,7.784472022372453,0.00015851029092939228,2939.0,2936.0,-3.0,8.268008199190096,8.238493517775378,-0.02951468141471736
0.4444682201883723,13,9,0.387474779398884,728.94543294454,727.1104847381982,-1.8349482063417781,1.5900283381395315,1.5900283381395315,0.0,7.240718299716094,7.23955496931838,-0.0011633303977136578,1702.0,1700.0,-2.0,5.343059308354597,5.324360025056286,-0.01869928329831083,0.36247797364073686,1385.311562935703,1383.2241077790368,-2.0874551566662376,1.7357577911989797,1.7357577911989797,0.0,7.792630309603105,7.792721862797057,9.155319395226513e-05,2978.0,2981.0,3.0,7.980907526823193,7.959779354188478,-0.021128172634715447
0.4444682201883723,13,10,0.39169158562948464,742.9559160367643,741.1482208632583,-1.8076951735059765,1.7492341704787315,1.7491570916236507,-7.707885508079215e-05,7.245281402315133,7.244219654270094,-0.0010617480450383354,1722.0,1724.0,2.0,5.48255547547066,5.479560472927424,-0.002995002543236147,0.5196221778679855,1383.7973939535268,1381.694823496759,-2.1025704567678076,1.9740099385025174,1.9740099385025174,0.0,7.773220563056993,7.772609658340539,-0.0006109047164546411,2912.0,2914.0,2.0,8.074521090312436,8.06425512823735,-0.0102659620750849
0.4444682201883723,13,11,0.42430295175832367,756.1357800233991,754.1323488198836,-2.003431203515447,1.711883114821377,1.730244557916389,0.018361443095012087,7.241848605646664,7.242786276540892,0.0009376708942276935,1718.0,1719.0,1.0,5.5773365102256935,5.556441118624603,-0.02089539160109055,0.36301085845826564,1370.6947149720354,1369.7244749502722,-0.9702400217631748,1.9214586660173874,1.9214586660177764,3.8902214782865485e-13,7.781808087787802,7.782721186192717,0.000913098404915047,2950.0,2951.0,1.0,7.970490454332277,7.9543910181507,-0.01609943618157761
0.4444682201883723,13,12,0.37554959221322504,750.3286088549789,748.4320588546886,-1.89655000029029,1.5898051478558406,1.59393878321682,0.004133635360979326,7.2442774915744135,7.242227744154919,-0.0020497474194947074,1709.0,1705.0,-4.0,5.510899508532086,5.512036681723545,0.0011371731914593397,0.42821179654700703,1413.3983550953674,1410.9216784224982,-2.476676672869189,1.6669854477338555,1.6669675351808686,-1.791255298688732e-05,7.80829653567136,7.80743887037306,-0.0008576652982998922,3015.0,3015.0,0.0,8.1100636159653,8.10055520601285,-0.009508409952450947
0.4444682201883723,13,13,0.5420476343648513,748.210731536253,747.2893713848252,-0.9213601514277343,1.4980027502978774,1.4980027502978774,0.0,7.26278861858719,7.2622104038971615,-0.0005782146900283891,1732.0,1731.0,-1.0,5.391841413521197,5.392597088999077,0.0007556754778796915,0.24718943901290893,1366.9026074081469,1365.6346388760335,-1.2679685321134002,1.6560434667917696,1.6560434667917696,0.0,7.787746040219476,7.787511688278857,-0.00023435194061871556,2966.0,2966.0,0.0,7.898712447568747,7.885508635355917,-0.01320381221283018
0.4444682201883723,13,14,0.4294132606780726,743.5055801588734,741.6806826287007,-1.8248975301727342,1.5784248652413986,1.5784248652413986,0.0,7.249002098809223,7.248066459201455,-0.0009356396077677687,1729.0,1728.0,-1.0,5.435982360897337,5.429939089655197,-0.00604327124213988,0.2998917378983148,1369.3263449746903,1367.511713380466,-1.8146315942242381,1.8055772718857819,1.8276951124463867,0.02211784056060484,7.779678720984496,7.779503673228485,-0.00017504775601118183,2961.0,2958.0,-3.0,8.021285224963897,8.009150818274113,-0.012134406689783717
0.4444682201883723,13,15,0.4169377716214757,742.6122596231937,741.7405222301365,-0.8717373930571739,1.5163616998728626,1.5163616998728993,3.6637359812630166e-14,7.250972255135144,7.2499696084412655,-0.0010026466938786172,1722.0,1719.0,-3.0,5.425332962665277,5.428844785367084,0.0035118227018067216,0.41302272492372955,1407.4923985876428,1407.2749188056798,-0.217479781962993,1.7368676160406404,1.7368676160406404,0.0,7.803998397248184,7.803789834135495,-0.00020856311268868666,3020.0,3019.0,-1.0,8.117439025230182,8.114191917039077,-0.0032471081911040756
0.46458356818873886,14,0,0.33553564837406324,782.8180025656848,780.9638307195128,-1.8541718461719938,1.7174279489529314,1.8700745249941766,0.1526465760412452,7.2563358558165625,7.255100526021766,-0.001235329794796236,1732.0,1730.0,-2.0,5.8549771813311695,5.864619326961399,0.009642145630229138,0.2737403260244605,1436.3213498328141,1434.2761054770463,-2.0452443557678635,1.8133762733104417,1.8133762733104417,0.0,7.777635218961785,7.777601966275375,-3.325268640974599e-05,2936.0,2934.0,-2.0,8.590611016049598,8.56499316618957,-0.02561784986002813
0.46458356818873886,14,1,0.3887735279594612,778.8094292838969,777.1533007876535,-1.6561284962433547,1.5240120255912473,1.6335957604557714,0.10958373486452411,7.260065287511346,7.2591059106528775,-0.0009593768584688078,1731.0,1732.0,1.0,5.71109589653575,5.712690899809438,0.0015950032736880004,0.29928185314710853,1466.4503277493363,1465.0318750763745,-1.4184526729618483,1.9675185616080797,1.9675185616080797,0.0,7.789056252553529,7.789255063982122,0.00019881142859290435,2975.0,2978.0,3.0,8.777707599656512,8.767575910312361,-0.010131689344150985
0.46458356818873886,14,2,0.3224204558512654,772.7849050298291,770.9981584803339,-1.7867465494952057,1.6708938928273,1.649426617887099,-0.021467274940200953,7.233406637489828,7.232237402949489,-0.0011692345403382376,1706.0,1708.0,2.0,5.889789361462237,5.878417705187745,-0.011371656274492103,0.2889533465671235,1455.6525157990718,1453.978385769096,-1.6741300299759132,2.1559897531831633,2.1559897531831633,0.0,7.782343954422913,7.7825321859980825,0.00018823157516933975,2944.0,2944.0,0.0,8.740517587072866,8.71816800333191,-0.02234958374095619
0.46458356818873886,14,3,0.2965377528290698,757.0763289496722,755.7525029154007,-1.3238260342715193,1.7488356568105905,1.7529039910265216,0.004068334215931113,7.251341719365767,7.251311455133308,-3.026423245877652e-05,1728.0,1728.0,0.0,5.571848861895936,5.572594794354992,0.0007459324590559646,0.2511887274810044,1489.2907211518552,1487.902810985263,-1.3879101665922917,2.188468075779336,2.2057399423388606,0.017271866559524618,7.79981956380859,7.800438389890654,0.0006188260820634284,3027.0,3026.0,-1.0,8.932205191591938,8.912351560377317,-0.01985363121462136
0.46458356818873886,14,4,0.4788757427709387,779.3367612455199,777.4408664672972,-1.8958947782227824,1.508093930109319,1.5816719241938624,0.07357799408454335,7.247679301464114,7.246171446634792,-0.0015078548293221417,1720.0,1717.0,-3.0,5.784758646536017,5.777510258542524,-0.007248387993493033,0.19046767086438796,1427.0208457218846,1424.931768441803,-2.0890772800817103,1.9340298070031632,1.9340298070031632,0.0,7.782962143989485,7.782480794128805,-0.00048134986067971397,2968.0,2966.0,-2.0,8.480424594356451,8.471455897403825,-0.008968696952626587
0.46458356818873886,14,5,0.3769439292139914,759.547808744963,757.8109815260455,-1.7368272189175968,1.7156108036442195,1.709085466401761,-0.006525337242458518,7.234416596373254,7.233195318032831,-0.001221278340423737,1687.0,1687.0,0.0,5.7306366315833595,5.728968246987983,-0.0016683845953764376,0.3441130041907975,1456.7306641938333,1453.7640726125119,-2.9665915813213815,1.9831928108095174,1.9831928108095163,-1.1102230246251565e-15,7.779793185329719,7.779557361411308,-0.00023582391841170391,2967.0,2969.0,2.0,8.842030335837293,8.818526972107694,-0.023503363729599158
0.46458356818873886,14,6,0.2929048232318681,771.9573787596469,770.0756115449551,-1.881767214691763,1.9824819334121437,1.9824819334121437,0.0,7.227772506374014,7.227149026358696,-0.0006234800153173126,1711.0,1706.0,-5.0,5.997478044446286,5.996224796633178,-0.0012532478131079827,0.2538068705579793,1470.6040043942348,1468.966133268901,-1.6378711253337315,1.7707883458847695,1.7428145333272769,-0.02797381255749265,7.78971205166945,7.789785231294753,7.317962530350997e-05,2980.0,2981.0,1.0,8.782456452752884,8.766784340416358,-0.01567211233652621
0.46458356818873886,14,7,0.298379035355558,767.6588505134567,765.8182832939735,-1.840567219483205,1.6673066371424807,1.6673066371424807,0.0,7.241844151977872,7.240266938355897,-0.0015772136219744937,1705.0,1703.0,-2.0,5.74540206824512,5.743388534599875,-0.002013533645245147,0.30768650272329157,1462.241828947239,1459.7407100266469,-2.5011189205920346,1.9992152185645338,1.9992152185645338,0.0,7.786956716783321,7.786657304167809,-0.00029941261551158505,2959.0,2957.0,-2.0,8.74352635270392,8.724892187178032,-0.01863416552588859
0.46458356818873886,14,8,0.5214331009501629,777.3994755682356,775.0659281150504,-2.333547453185247,1.580402542501242,1.732087657421181,0.15168511491993897,7.263871916894878,7.2624250534867,-0.001446863408178345,1741.0,1740.0,-1.0,5.689396761333232,5.690486103101005,0.0010893417677726447,0.29982255910342936,1443.9762678214752,1441.6157949642748,-2.3604728572004205,1.9228503596687916,1.9228503009215263,-5.874726527466123e-08,7.782108725378645,7.782286162385505,0.00017743700685990405,2950.0,2955.0,5.0,8.556286732238481,8.535765623889981,-0.020521108348500405
0.46458356818873886,14,9,0.36077667902168004,795.8384330325099,794.329743703868,-1.5086893286419354,1.5529806819058405,1.605863037521072,0.05288235561523158,7.276065404536619,7.2754753371689205,-0.0005900673676988433,1765.0,1765.0,0.0,5.82369582937049,5.819859514737491,-0.0038363146329993825,0.4455494889401612,1446.1745037864694,1444.9425983774881,-1.2319054089812198,1.9928872089879563,2.080953661422007,0.08806645243405065,7.774608201686093,7.774625813492253,1.761180615922342e-05,2927.0,2923.0,-4.0,8.668340527343945,8.659817972516725,-0.008522554827219864
0.46458356818873886,14,10,0.3381831269311859,785.0819390705847,783.01943731254,-2.0625017580446183,1.5990679425813792,1.7987828023115568,0.19971485973017766,7.245356984170752,7.244256676501188,-0.0011003076695637048,1710.0,1708.0,-2.0,5.838528980130814,5.835882948129917,-0.0026460320008974136,0.2751536805856358,1483.7174861341368,1481.7651091631274,-1.9523769710094712,1.9738302711133322,1.9738302711133322,0.0,7.7893525776172226,7.789609437367977,0.00025685975075440126,2962.0,2963.0,1.0,8.82271698017652,8.794486116358922,-0.02823086381759765
0.46458356818873886,14,11,0.34869519781577973,762.9204163431444,760.6116084047019,-2.3088079384425555,1.7701002318023618,1.7701002318329624,3.060063313853334e-11,7.241900718977848,7.240975344891127,-0.0009253740867212201,1709.0,1705.0,-4.0,5.718485954669079,5.710578150595299,-0.007907804073780333,0.31540104412886283,1479.6523344703426,1476.6930883754428,-2.959246094899754,2.059031212542891,2.059031212542891,0.0,7.800970765806602,7.800416853843286,-0.0005539119633155565,3019.0,3018.0,-1.0,8.773530583660552,8.752532670999097,-0.02099791266145523
0.46458356818873886,14,12,0.39102179179618424,757.4770005350491,756.8337958572858,-0.643204677763265,1.7185599709245927,1.718559970925699,1.106226221736506e-12,7.240781202540278,7.239337810319839,-0.0014433922204393212,1704.0,1700.0,-4.0,5.670045688395698,5.677037986291822,0.0069922978961241,0.16967252720077183,1442.451513383606,1441.3966804009642,-1.0548329826417557,2.0697274142461106,2.0697274142461106,0.0,7.7900280735835485,7.789694692488746,-0.0003333810948022986,2977.0,2976.0,-1.0,8.573188022133062,8.571268944289523,-0.0019190778435387301
0.46458356818873886,14,13,0.45287704825548913,770.7254414659027,768.9817430353353,-1.743698430567406,1.6965307837782764,1.7983872920670885,0.1018565082888121,7.243522765906073,7.2414788347706915,-0.0020439311353817047,1713.0,1711.0,-2.0,5.80124987943543,5.807089231240335,0.005839351804905135,0.28854386128888365,1473.1593417314625,1471.7741408849747,-1.3852008464878054,1.9984206022973507,1.9984206003786613,-1.91868942955864e-09,7.791426728408677,7.791943905857432,0.0005171774487546799,2985.0,2987.0,2.0,8.884083582561335,8.860704986813314,-0.023378595748020814
0.46458356818873886,14,14,0.31356053686480523,781.464855264948,780.4258293994866,-1.03902586546144,1.594526633035428,1.5939314985604476,-0.0005951344749803855,7.254777769203558,7.255280246166554,0.0005024769629953241,1736.0,1737.0,1.0,5.865368668944308,5.860742756729225,-0.004625912215082906,0.4125084329722188,1424.768570743572,1423.282604322665,-1.4859664209068342,1.807094077248014,1.807094077248014,0.0,7.787730756328775,7.786650226548183,-0.0010805297805926983,2980.0,2976.0,-4.0,8.46805422376535,8.457826997477529,-0.010227226287820912
0.46458356818873886,14,15,0.2583937369988743,779.5015247268666,777.165079087405,-2.3364456394615445,1.549490200011907,1.524977725478801,-0.02451247453310601,7.264884578792178,7.262859443038685,-0.002025135753493501,1721.0,1717.0,-4.0,5.6547326160898255,5.647342632938117,-0.007389983151708357,0.29334806550898596,1443.4900048694772,1440.9442130809173,-2.5457917885598818,1.9834022425933588,1.9834022425933588,0.0,7.78261099169108,7.782076661841112,-0.0005343298499687066,2941.0,2941.0,0.0,8.570901366434239,8.550705782800724,-0.020195583633514147
0.4856092787455202,15,0,0.316524752032136,798.8163120308518,797.483804359115,-1.3325076717368347,1.9273120637958139,1.9273120637958312,1.7319479184152442e-14,7.241824491250396,7.239478328735359,-0.0023461625150371646,1707.0,1704.0,-3.0,6.121030663961341,6.131888380272593,0.010857716311251764,0.26593844466727834,1537.498760531569,1535.3589726676603,-2.139787863908623,2.1798459572371085,2.0822473744904264,-0.0975985827466821,7.784086512053804,7.78382251555033,-0.0002639965034738623,2957.0,2959.0,2.0,9.495427336677547,9.473202974614829,-0.02222436206271894
0.4856092787455202,15,1,0.3551981532727291,811.312794319948,808.8134660053586,-2.499328314589434,1.6956242667412968,1.7301961249635447,0.03457185822224784,7.251921403579297,7.251146294929342,-0.0007751086499556692,1730.0,1731.0,1.0,6.183118984040959,6.168363052926328,-0.014755931114631693,0.2755686136952331,1511.2244001377712,1509.6234081042278,-1.6009920335434344,2.200968765975737,2.200971670342803,2.9043670659589793e-06,7.783481636144763,7.78246984851225,-0.0010117876325130837,2939.0,2938.0,-1.0,9.197896261987788,9.196282104123474,-0.0016141578643136256
0.4856092787455202,15,2,0.38029728724712974,829.1141426680736,828.0040245528409,-1.1101181152326944,1.700559921934863,1.9229367441454788,0.22237682221061572,7.245995531911245,7.2464451990782655,0.00044966716702088405,1743.0,1745.0,2.0,6.4839682007464186,6.481525733154504,-0.0024424675919147987,0.34909061995622953,1532.8786267112907,1530.853308147832,-2.025318563458768,1.878522599087143,1.8785225968024837,-2.284659350593188e-09,7.813162451086774,7.813135224868882,-2.722621789263968e-05,3018.0,3017.0,-1.0,9.124419803336776,9.103278121431934,-0.021141681904842002
0.4856092787455202,15,3,0.26211591523837224,791.8387042762427,790.1153441177372,-1.723360158505443,1.583131268509184,1.583131268509184,0.0,7.250311198120786,7.247634780467806,-0.002676417652980767,1711.0,1704.0,-7.0,5.934384400206559,5.931558422316068,-0.0028259778904908828,0.35795494877417156,1537.6771716669064,1536.7084270506175,-0.9687446162888591,2.0450245334523096,2.0450245346112244,1.1589147419499568e-09,7.7905643480093785,7.790662013379143,9.76653697648544e-05,2978.0,2974.0,-4.0,9.38455886120858,9.376619207166751,-0.007939654041829058
0.4856092787455202,15,4,0.42142204358186736,833.8066015311617,830.9553390744411,-2.851262456720633,1.6947168292831531,1.6947168292831531,0.0,7.261139219599653,7.2603678391022495,-0.000771380497403662,1741.0,1736.0,-5.0,6.343723435704234,6.31220319578402,-0.03152023992021391,0.3033415252399457,1521.9168235872896,1520.523353984744,-1.393469602545565,1.8467680327196736,1.8467680327192852,-3.8835601401387976e-13,7.780749083133657,7.780151870155628,-0.0005972129780298374,2958.0,2958.0,0.0,9.361209341411119,9.357153699858966,-0.004055641552152878
0.4856092787455202,15,5,0.4215077549369557,809.6541810981793,808.0969350035316,-1.5572460946476667,1.7703782377288908,1.8628671858236499,0.09248894809475905,7.255374028854176,7.2543513649598115,-0.0010226638943642286,1731.0,1729.0,-2.0,6.1142760853384095,6.1219508259563415,0.007674740617932052,0.25368547620863835,1517.231340511043,1515.299289232255,-1.9320512787880944,1.9107072086279386,1.9107072086279386,0.0,7.780273363168427,7.781087404506147,0.0008140413377200062,2962.0,2964.0,2.0,9.328525522939856,9.30541829215141,-0.023107230788445676
0.4856092787455202,15,6,0.6542990994653741,820.6269519583818,818.3089728820803,-2.317979076301526,1.7832084837045776,1.790048193665764,0.006839709961186324,7.255221853836492,7.254976020581014,-0.00024583325547755663,1738.0,1735.0,-3.0,6.37262071143152,6.358207187356944,-0.014413524074575967,0.2981778057242013,1520.171092079011,1518.842104715816,-1.3289873631949831,2.3735018486196253,2.380823184295897,0.007321335676271801,7.7795760077730645,7.779181079462006,-0.0003949283110582513,2967.0,2963.0,-4.0,9.401818798251735,9.390509872035626,-0.011308926216109683
0.4856092787455202,15,7,0.31569244582368383,839.4833141242127,837.3957348961228,-2.0875792280899077,1.6509092284520657,1.6509092284520657,0.0,7.288501988200759,7.287840869364175,-0.0006611188365832632,1774.0,1773.0,-1.0,6.20585160811427,6.199348503702982,-0.0065031044112879854,0.3025794932705829,1519.7244042411296,1517.8136367106904,-1.910767530439216,1.8645169342849228,1.8645169342849228,0.0,7.78688071878199,7.786937331749309,5.6612967318514507e-05,2981.0,2983.0,2.0,9.276269407929087,9.262038622474895,-0.014230785454191874
0.4856092787455202,15,8,0.40318213268483516,778.3780239737193,776.2157949129697,-2.1622290607496097,1.6287737951522474,1.6320453216519064,0.0032715264996590054,7.2356391237912785,7.2346523972913666,-0.0009867264999119385,1701.0,1698.0,-3.0,5.947449685402045,5.931633125819667,-0.01581655958237782,0.47112288193714447,1495.63118131083,1493.1248484572088,-2.5063328536211884,1.947738879875687,1.947738879875689,1.9984014443252818e-15,7.760375845415845,7.759734339907647,-0.0006415055081978593,2897.0,2889.0,-8.0,9.341980225280372,9.32158074150909,-0.02039948377128198
0.4856092787455202,15,9,0.5324633005793031,795.82243497193,793.9397409691458,-1.8826940027842056,1.7914876091296752,1.9148247166793237,0.12333710754964855,7.246528148063293,7.2456299607881425,-0.0008981872751503417,1719.0,1718.0,-1.0,6.027803509982536,6.022924009533284,-0.0048795004492516725,0.4342855974051568,1545.165951861104,1542.4696155678407,-2.696336293263357,1.906977002531744,1.906977002531744,0.0,7.799398658908461,7.799531283260389,0.0001326243519281789,3009.0,3009.0,0.0,9.365477377515822,9.345216070802756,-0.020261306713065252
0.4856092787455202,15,10,0.4646496425886132,796.984320926746,795.8443872899608,-1.1399336367852584,1.5778394362428292,1.591471391807333,0.013631955564503917,7.257027263960693,7.257455391185163,0.0004281272244694989,1737.0,1737.0,0.0,6.029031840217273,6.020481624734329,-0.00855021548294399,0.29415100876215905,1497.642340489798,1496.4585786840678,-1.183761805730228,2.4014104921892003,2.4014104921892003,0.0,7.77534491214837,7.774698271597742,-0.0006466405506273532,2948.0,2948.0,0.0,9.268391653321547,9.261574704523401,-0.006816948798146427
0.4856092787455202,15,11,0.4291029491835013,780.330824410751,778.2724562060189,-2.058368204732119,1.6216893724101322,1.707699040669549,0.0860096682594167,7.230636495982872,7.230818011913724,0.0001815159308522496,1707.0,1707.0,0.0,5.966732724866941,5.955671428735801,-0.01106129613113982,0.4331909548436771,1526.497052462152,1525.0322533562912,-1.4647991058607204,2.272025083083784,2.272025083083784,0.0,7.790285196587101,7.789421755066755,-0.0008634415203463419,2993.0,2986.0,-7.0,9.373378420713323,9.365258010441947,-0.008120410271375889
0.4856092787455202,15,12,0.45304339591736964,824.5510202586909,823.1466823953988,-1.4043378632920849,1.8516755250600125,1.8516755250600123,-2.220446049250313e-16,7.266606271313663,7.265306015423022,-0.001300255890641644,1754.0,1751.0,-3.0,6.223479883157116,6.23881044666722,0.015330563510103978,0.44146027173187286,1511.3494589580816,1509.7868705559504,-1.5625884021312686,1.8890830575852717,1.8890830575852717,0.0,7.80062657211508,7.8008798651410425,0.0002532930259624422,3006.0,3005.0,-1.0,9.120575556722837,9.107160328257818,-0.013415228465019524
0.4856092787455202,15,13,0.36104139247007294,804.4016320184771,803.6955669496251,-0.7060650688520127,1.5617090746082871,1.616281557107393,0.054572482499105845,7.26664793267707,7.265960937212569,-0.0006869954645010168,1749.0,1752.0,3.0,5.989435735399864,5.995350926074941,0.0059151906750773975,0.24253076838925947,1515.3444436376017,1514.0944823781256,-1.2499612594760947,2.0354714797489004,2.0354656351933196,-5.844555580836186e-06,7.7840364730400236,7.783386745280985,-0.0006497277590389317,2970.0,2967.0,-3.0,9.32231643273396,9.316524794273864,-0.005791638460095783
0.4856092787455202,15,14,0.48510470374043524,801.1679154728556,798.8921105853843,-2.2758048874712813,1.7684923544067161,1.866784914960697,0.09829256055398083,7.250040589783903,7.248004816351991,-0.002035773431911636,1718.0,1715.0,-3.0,6.051338662786387,6.050954361254028,-0.00038430153235857745,0.3176305830299446,1534.1818891862904,1531.797135382468,-2.3847538038223774,2.0351912402933254,2.0699190311150004,0.034727790821674986,7.7836825990780225,7.783189724163275,-0.0004928749147472544,2954.0,2950.0,-4.0,9.361527051921927,9.34853128817794,-0.012995763743987254
0.4856092787455202,15,15,0.44311296502679826,817.7522009493008,816.9630749754281,-0.7891259738727285,1.6868618552535495,1.915376650049422,0.22851479479587256,7.252303764470937,7.251065697867258,-0.0012380666036788668,1715.0,1712.0,-3.0,6.1985462956713215,6.21077914133003,0.012232845658708413,0.4123474648255634,1525.0311228983883,1524.048342169859,-0.9827807285291783,2.1694563809240064,2.1694563809240064,0.0,7.776457658579042,7.776456562113768,-1.0964652741307646e-06,2950.0,2952.0,2.0,9.497431717550722,9.489314292022698,-0.008117425528023858
0.5075865522388494,16,0,0.4231006180806569,863.4028128876101,861.7372858421783,-1.6655270454318725,1.9297282904464028,1.9297282904464028,0.0,7.250018162490468,7.2497490524166,-0.00026911007386765107,1723.0,1722.0,-1.0,6.763175922188078,6.761980335188097,-0.0011955869999811242,0.4249691668300732,1602.3113021538088,1600.7838542776276,-1.5274478761812134,1.947436991247959,1.9474369912490879,1.1288747714388592e-12,7.7925094500620276,7.791897517582969,-0.0006119324790585523,2990.0,2989.0,-1.0,9.981585449434688,9.974695799141678,-0.006889650293009808
0.5075865522388494,16,1,0.3329398304737603,856.9009403419656,855.9786804610694,-0.9222598808961493,1.699167934484354,1.7296842232805776,0.03051628879622359,7.262130922536963,7.2614287143915055,-0.0007022081454577389,1744.0,1740.0,-4.0,6.623252125017345,6.618854710881377,-0.0043974141359681695,0.3355472537197446,1583.5087655380212,1582.7964980633153,-0.7122674747058682,2.296703175412275,2.296703063991432,-1.1142084277437903e-07,7.771973511276527,7.770875355855918,-0.0010981554206086486,2959.0,2951.0,-8.0,10.121037416513467,10.120001580269802,-0.0010358362436644342
0.5075865522388494,16,2,0.2351441400924748,840.0964777248862,838.6735289486251,-1.422948776261137,1.6760506963636685,1.6760860538645188,3.535750085026379e-05,7.2296439580285305,7.228959478986413,-0.0006844790421176583,1675.0,1676.0,1.0,6.585631644510453,6.58330172165755,-0.0023299228529030103,0.24949504372887826,1588.9543900912465,1586.927430047464,-2.0269600437825375,1.9763778347391368,1.9763778347391368,0.0,7.778837840188386,7.779080636453259,0.00024279626487366812,2974.0,2977.0,3.0,10.023018574726194,10.006559896139654,-0.016458678586539932
0.5075865522388494,16,3,0.3842104988746978,826.1339582262462,824.1991492383908,-1.9348089878554902,1.535476211099312,1.5477804879084842,0.012304276809172121,7.252951290712282,7.25178032838317,-0.0011709623291125126,1705.0,1703.0,-2.0,6.276522737338729,6.268130468923416,-0.00839226841531282,0.46812396724133265,1605.4164961945337,1603.4514493719767,-1.965046822557042,2.005048554934671,2.005048554934483,-1.8784973576657649e-13,7.797598309984428,7.797885228614527,0.0002869186300991089,3001.0,3001.0,0.0,10.041553077501275,10.020801259993592,-0.020751817507683512
0.5075865522388494,16,4,0.4889400692629275,840.7093326830438,838.4121837866478,-2.2971488963960383,1.756327145591045,1.8796763890287134,0.1233492434376684,7.242338393029324,7.240833020548691,-0.0015053724806328717,1723.0,1720.0,-3.0,6.688206308535016,6.688506681017046,0.0003003724820294096,0.22983492240742295,1584.0289522400703,1582.1439386748998,-1.8850135651705386,1.9548066852314547,1.9548066852314547,0.0,7.787293956426916,7.78738980425369,9.584782677407588e-05,2968.0,2968.0,0.0,9.858404892456527,9.840416929379131,-0.017987963077395364
0.5075865522388494,16,5,0.5256089984771914,846.1497655469626,844.0181459793208,-2.131619567641792,1.685337022574594,1.685337022574594,0.0,7.249840373586621,7.250370918534133,0.000530544947512368,1738.0,1740.0,2.0,6.619817354974863,6.604575226003818,-0.015242128971045155,0.3619288790377535,1612.4702667228148,1609.3991538905248,-3.071112832290055,2.136046645043209,2.136046645043209,0.0,7.80609517681177,7.805908870467605,-0.00018630634416449965,3020.0,3016.0,-4.0,9.904239704203,9.875296985064335,-0.02894271913866575
0.5075865522388494,16,6,0.3593259814440719,842.1696815251429,840.0255288825579,-2.144152642585027,1.8882478153186357,1.8882472851125156,-5.302061201195585e-07,7.251604841334379,7.24966166506363,-0.0019431762707498024,1725.0,1722.0,-3.0,6.522754401967423,6.523587608726106,0.0008332067586831471,0.40410330415982815,1563.3954918191205,1561.0720073522969,-2.323484466823629,2.108490231055228,2.108490233005042,1.9498140879647963e-09,7.792533994856046,7.792613182537722,7.91876816759185e-05,2976.0,2975.0,-1.0,9.66234555874404,9.639613469271346,-0.022732089472693673
0.5075865522388494,16,7,0.48792707138855385,824.1572969825407,821.9426670311575,-2.2146299513832446,1.799138678345295,1.8485365673030216,0.04939788895772668,7.229882929516787,7.228343691539033,-0.0015392379777541265,1709.0,1709.0,0.0,6.603922070941275,6.608715144724887,0.004793073783612378,0.25291491316112447,1583.4354127365782,1581.0234148675872,-2.411997868990966,2.1089443953827036,2.1089444586989208,6.331621715816027e-08,7.800362433381726,7.800141562631529,-0.00022087075019694424,2993.0,2992.0,-1.0,9.668606130749472,9.64992498362385,-0.018681147125622743
0.5075865522388494,16,8,0.35791001999484295,841.5669882034907,839.2570156010595,-2.3099726024312304,1.6444424979549221,1.736473798283887,0.09203130032896478,7.25621203887463,7.254233224013695,-0.0019788148609354295,1717.0,1714.0,-3.0,6.434183857082415,6.435862866513712,0.0016790094312968407,0.3227674704715222,1600.777633394498,1598.8215195823402,-1.9561138121578097,2.097779609448231,2.097779609448231,0.0,7.793676453600666,7.793264118649888,-0.0004123349507780816,3001.0,2999.0,-2.0,10.004246259745448,9.99211578094743,-0.012130478798018984
0.5075865522388494,16,9,0.4265437802381815,857.4457839006928,856.3575792956111,-1.088204605081728,1.85698243218208,1.9081856298888282,0.051203197706748194,7.25446337004185,7.253579278453195,-0.0008840915886549894,1724.0,1723.0,-1.0,6.659399274762059,6.675791383128098,0.016392108366039437,0.2701012711822623,1576.8063825788813,1575.4158584893921,-1.3905240894891904,2.2469380684978306,2.280061834565262,0.033123766067431504,7.782851810855202,7.78281223905744,-3.957179776126196e-05,2958.0,2957.0,-1.0,9.923048607507491,9.911830712947049,-0.011217894560441977
0.5075865522388494,16,10,0.46419345133276624,845.6434386152298,844.5138810394251,-1.1295575758047107,2.0389558072492204,2.0389558072492204,0.0,7.259928155982239,7.259184931723437,-0.0007432242588016891,1740.0,1739.0,-1.0,6.545671234207677,6.540869983398499,-0.004801250809177482,0.22950140431680868,1587.0812185121144,1585.191195900059,-1.890022612055418,2.0258665190402416,2.0258665190402416,0.0,7.789290859333223,7.788969628664251,-0.000321230668971495,3002.0,3005.0,3.0,9.91880953851627,9.90093190637705,-0.017877632139219557
0.5075865522388494,16,11,0.36984156176832816,866.0884523991,864.8607901516318,-1.2276622474681744,1.8986507745976977,1.8986507745976977,0.0,7.248155596718389,7.247498687094876,-0.0006569096235127247,1714.0,1711.0,-3.0,6.794815412064272,6.788494772029678,-0.006320640034593872,0.27772100023774704,1598.8639547871717,1598.1710679051516,-0.6928868820200478,2.1200070818723473,2.1200070818723473,0.0,7.773536565973002,7.772786204960509,-0.0007503610124928173,2924.0,2921.0,-3.0,10.149592163043396,10.148904852582106,-0.0006873104612896697
0.5075865522388494,16,12,0.27020307544246436,852.4537748703497,850.3691102102928,-2.0846646600568874,1.840178385668451,1.840178385668451,0.0,7.237051427780634,7.236307205423125,-0.000744222357509372,1698.0,1698.0,0.0,6.6899182969441355,6.689366721246122,-0.0005515756980134512,0.31771462642153636,1635.5750702839207,1633.328032665639,-2.247037618281638,2.042041612247466,2.0420416339440286,2.1696562768624972e-08,7.800836987067434,7.800680704029359,-0.00015628303807524446,2981.0,2981.0,0.0,10.161568126964521,10.139188414946355,-0.02237971201816613
0.5075865522388494,16,13,0.3718420122659719,861.0767268491194,859.212617202259,-1.8641096468603564,1.9109143897128011,1.9109143897039458,-8.855360889015174e-12,7.261505541611497,7.260742330892169,-0.0007632107193273896,1747.0,1746.0,-1.0,6.705094419164105,6.693007302236969,-0.01208711692713571,0.38295430217102555,1622.3658965850386,1620.377475388065,-1.9884211969736043,2.154857196655844,2.154857196655844,0.0,7.797293806384616,7.797234576194107,-5.923019050868561e-05,3004.0,3004.0,0.0,10.096145292442966,10.076757978930178,-0.01938731351278733
0.5075865522388494,16,14,0.33549590121464984,856.0355680238433,853.7167859608543,-2.318782062989044,1.8039994529580214,1.8045214901096196,0.0005220371515981537,7.226600072803362,7.226387930445764,-0.00021214235759803302,1687.0,1692.0,5.0,6.867951116894035,6.86235212213014,-0.0055989947638943605,0.30206979241990584,1587.4513827983915,1585.3917974875517,-2.0595853108397932,2.169059320502059,2.168974077113642,-8.524338841686685e-05,7.792169937748189,7.791719260910305,-0.000450676837883357,3005.0,3003.0,-2.0,9.9688222765747,9.954059491268346,-0.014762785306354331
0.5075865522388494,16,15,0.4932336690657967,833.4571718311458,832.5855583914001,-0.8716134397457154,1.8294887530945378,1.8294887531023916,7.853717676198357e-12,7.2307790653681,7.230661569943445,-0.00011749542465544494,1681.0,1680.0,-1.0,6.5350051168124095,6.536622269015869,0.001617152203459149,0.39834961542441355,1614.628159490524,1612.89582047791,-1.7323390126139202,2.2689411169909963,2.2689411169909963,0.0,7.795119080217984,7.794951451390198,-0.00016762882778564858,2977.0,2974.0,-3.0,10.05451040237752,10.023699062232675,-0.030811340144845545
0.5305584536590756,17,0,0.4689065388691026,871.4631953908136,869.8989128079453,-1.564282582868259,1.6883123519160115,1.719019704844843,0.030707352928831533,7.253145625619401,7.252914563042093,-0.00023106257730809432,1733.0,1728.0,-5.0,6.849501056562963,6.828148764461696,-0.02135229210126699,0.20688143548775922,1644.506689941421,1643.5282037428456,-0.9784861985754105,2.061255522170786,2.0612671653016097,1.1643130823912884e-05,7.7949381873128925,7.793975441141397,-0.0009627461714956098,2991.0,2987.0,-4.0,10.374970840717632,10.376310039404846,0.0013391986872139938
0.5305584536590756,17,1,0.5400693763557565,894.4398032714093,892.3483879651419,-2.091415306267436,1.829247126512438,1.8694766390559503,0.04022951254351237,7.249326724725215,7.248247079563047,-0.0010796451621679637,1720.0,1716.0,-4.0,7.145424281751363,7.138597267712619,-0.006827014038743862,0.26537410226765884,1658.3144151155593,1656.3274017541062,-1.987013361453137,2.2446868774939195,2.2446906970229596,3.819529040161029e-06,7.782931410315035,7.7827384304869,-0.0001929798281352646,2977.0,2976.0,-1.0,10.641385172622966,10.62284907476168,-0.018536097861286294
0.5305584536590756,17,2,0.39345914088939393,897.9437603582342,896.1528081866439,-1.7909521715902201,1.8778757181274959,1.8778757181274959,0.0,7.26341779715294,7.2619445799484215,-0.0014732172045182068,1749.0,1743.0,-6.0,7.097640035883746,7.089000901686247,-0.008639134197498954,0.4638775826134597,1668.5994851309015,1666.818599430031,-1.7808857008703853,2.125456660660706,2.125456660660706,0.0,7.787030838996477,7.786477617518006,-0.0005532214784711442,2967.0,2965.0,-2.0,10.603231468758077,10.59034204959942,-0.012889419158657489
0.5305584536590756,17,3,0.31394444058147897,877.5311377439979,877.4735142673667,-0.057623476631192716,1.897213353333405,1.8972133588804527,5.547047710052766e-09,7.247337363982504,7.245641275994821,-0.0016960879876828372,1711.0,1708.0,-3.0,6.940016183769335,6.95927444832971,0.01925826456037516,0.16900810087686574,1696.7863112551017,1696.151678325933,-0.6346329291686743,2.276430156990711,2.351213175993763,0.07478301900305206,7.803937423737669,7.803488785413835,-0.0004486383238342384,3012.0,3012.0,0.0,10.770808428274483,10.77560551128523,0.004797083010746661
0.5305584536590756,17,4,0.24955398145238697,869.0884155432205,867.265646411865,-1.8227691313555852,1.8004444566552524,1.8004444566556257,3.7325698087897763e-13,7.245320777247093,7.2430519590447755,-0.002268818202317391,1723.0,1721.0,-2.0,6.938260078553458,6.941861816393847,0.0036017378403894185,0.5919674831385906,1652.603070657542,1650.8090678374751,-1.7940028200669076,2.258373395388665,2.245996234219291,-0.012377161169374151,7.794677339073912,7.7944612820416665,-0.0002160570322455868,3000.0,2998.0,-2.0,10.467389228203507,10.44571571450118,-0.02167351370232673
0.5305584536590756,17,5,0.3667526788172246,890.9810186245262,889.3539547031612,-1.627063921364993,1.8102417783585298,1.8102417783585298,0.0,7.25718689969594,7.2566893871147915,-0.0004975125811483849,1743.0,1742.0,-1.0,7.043215062494949,7.036588390786273,-0.006626671708676035,0.2511653344037764,1657.999970323647,1656.892979527383,-1.1069907962639718,2.1449106821864006,2.1665497918190497,0.021639109632649145,7.806176142722284,7.805202402672604,-0.0009737400496803161,3042.0,3040.0,-2.0,10.410863768044363,10.420884295549842,0.010020527505478327
0.5305584536590756,17,6,0.4411374266037047,887.8294660876597,886.3941348747502,-1.4353312129095457,1.8989681618198588,1.8727487302710808,-0.02621943154877804,7.259469162130056,7.259139715615372,-0.00032944651468458375,1742.0,1743.0,1.0,7.048403204906201,7.048953466795973,0.0005502618897716971,0.26054012974780105,1635.0120401875506,1632.5948598178206,-2.4171803697299765,2.3483907895297564,2.3088355821398956,-0.03955520738986085,7.77863773251495,7.777917230977083,-0.0007205015378666246,2954.0,2952.0,-2.0,10.474307329053566,10.455746812868314,-0.018560516185251785
0.5305584536590756,17,7,0.3992373772644905,891.5799996012167,888.9436983801954,-2.636301221021313,2.005978474019109,2.0059784740191215,1.2434497875801753e-14,7.25157871643337,7.24856600666285,-0.003012709770519706,1734.0,1730.0,-4.0,7.19358247008372,7.197652499317715,0.004070029233995243,0.35600372507591094,1641.8807968587498,1639.3115797312962,-2.569217127453612,2.1124534711391623,2.1124534711391623,0.0,7.795336771356895,7.795638877282059,0.00030210592516421997,2992.0,2993.0,1.0,10.35695367247542,10.326372669172606,-0.03058100330281377
0.5305584536590756,17,8,0.4843509074161373,878.4888770281058,877.1810883287912,-1.3077886993145285,1.8304405021264705,1.8880963639317836,0.057655861805313124,7.245481752281431,7.244860433837001,-0.0006213184444296971,1716.0,1716.0,0.0,7.067390444071085,7.0689586758530485,0.001568231781963192,0.3669031222492732,1681.0622799583157,1679.432437869964,-1.6298420883517792,2.393161891287446,2.393130531997351,-3.1359290095345216e-05,7.784678964044836,7.7848585014346,0.00017953738976395073,2964.0,2964.0,0.0,10.828616176720326,10.81233333718025,-0.016282839540075145
0.5305584536590756,17,9,0.33876643892208597,880.4881440007182,879.3004208832733,-1.1877231174448752,1.9331657409808871,1.9570345634325335,0.023868822451646343,7.2284085765997155,7.2280756495120215,-0.0003329270876939461,1708.0,1706.0,-2.0,7.226750067595285,7.223909546571701,-0.0028405210235842304,0.5584880692589493,1670.1845412277794,1668.2797219629977,-1.904819264781736,2.2347309931689345,2.2347309931689345,0.0,7.786576499580304,7.786284760538697,-0.00029173904160728625,2950.0,2950.0,0.0,10.637696358322797,10.619169591009962,-0.01852676731283509
0.5305584536590756,17,10,0.4622013540151252,879.1234328951638,878.6604570309676,-0.46297586419620984,1.963070497407009,2.0120384166503227,0.04896791924331367,7.253087519331302,7.251395279564438,-0.0016922397668643896,1730.0,1728.0,-2.0,6.949977784508432,6.9711547642965055,0.021176979788073425,0.39501419883894295,1644.4240466916485,1642.853728178133,-1.5703185135155309,2.102045429664123,2.102045429664123,0.0,7.782156126736372,7.78194016485576,-0.00021596188061234756,2974.0,2975.0,1.0,10.61736505627314,10.605013586949145,-0.012351469323995445
0.5305584536590756,17,11,0.5364933116207438,873.166046658624,871.8857591243903,-1.2802875342337074,2.0683722401768945,2.144617944230998,0.07624570405410358,7.251040200310487,7.250709844729666,-0.00033035558082072924,1729.0,1730.0,1.0,6.958356219358321,6.958937420479898,0.0005812011215766688,0.25242866510797757,1694.9130506874658,1693.798032813869,-1.1150178735967984,2.181717706344168,2.181717706344168,0.0,7.788987020021846,7.7890008639122,1.3843890354081623e-05,2984.0,2982.0,-2.0,10.95974425280384,10.949594263909027,-0.010149988894813333
0.5305584536590756,17,12,0.57192689160772,896.4215549658785,894.704038387373,-1.7175165785055242,1.7551709539899865,1.7872642040246887,0.0320932500347022,7.268691971695415,7.267650491370371,-0.0010414803250444749,1767.0,1764.0,-3.0,7.102878822641511,7.092070843263129,-0.010807979378381738,0.30562034195494164,1679.1100810634402,1677.774160443645,-1.3359206197951607,2.3355000079879615,2.3441079239653497,0.008607915977388192,7.7941370597172845,7.794202356072194,6.52963549097052e-05,2998.0,2996.0,-2.0,10.6956553340468,10.675806698244843,-0.019848635801956505
0.5305584536590756,17,13,0.4598722681908154,917.3957267884477,914.9577987573699,-2.4379280310778313,1.7187438094288725,1.7180336361599597,-0.0007101732689127616,7.273870212095444,7.273058455189581,-0.0008117569058629925,1747.0,1745.0,-2.0,7.170820814850207,7.153649365121533,-0.017171449728674126,0.3625559115085169,1673.400754026197,1671.175782082499,-2.224971943698165,2.029020182505453,2.029020182505453,0.0,7.777667058583853,7.776960430354851,-0.0007066282290022485,2936.0,2934.0,-2.0,10.806754811520193,10.789391716501505,-0.017363095018687602
0.5305584536590756,17,14,0.3192809675785389,857.9756727567774,856.7112122730563,-1.264460483721109,1.8314172305025074,1.8936372696054864,0.06222003910297902,7.240936392291498,7.2403253038895965,-0.000611088401901938,1715.0,1716.0,1.0,6.814397772752175,6.811444702236808,-0.0029530705153666403,0.19329986618369996,1692.346550581599,1691.376216870241,-0.9703337113580801,2.2778093563770305,2.2778093563770305,0.0,7.79209794806348,7.792411607500684,0.00031365943720373934,2964.0,2965.0,1.0,10.820747128246037,10.807423193380416,-0.013323934865621112
0.5305584536590756,17,15,0.28673926534636524,895.1628594047612,893.6958752576991,-1.466984147062135,1.9365434394185124,1.9764226998575467,0.039879260439034336,7.2562645143553235,7.256350331944648,8.581758932457717e-05,1731.0,1731.0,0.0,7.137060905372571,7.12757469762354,-0.009486207749030307,0.2378392371113447,1624.052696694855,1623.0472307240534,-1.0054659708016516,2.035195046207919,2.035195046207919,0.0,7.786800584754891,7.787143445997164,0.00034286124227289605,2977.0,2979.0,2.0,10.399012994750812,10.380378550346563,-0.018634444404248995
0.5545699969936373,18,0,0.5252999782976715,905.079717533572,903.3754629537988,-1.7042545797731918,2.2065886545445377,2.2065886545445377,0.0,7.235611488486786,7.2339001921244614,-0.001711296362324255,1685.0,1684.0,-1.0,7.38920458361937,7.4025364676508305,0.013331884031460461,0.23643554543263995,1737.4440151365905,1735.2538522845725,-2.19016285201792,2.463827128462351,2.463827128462351,0.0,7.78755163438672,7.7874236570206685,-0.0001279773660511907,2964.0,2963.0,-1.0,11.322777779225285,11.294115455577039,-0.028662323648246613
0.5545699969936373,18,1,0.48058697425520747,928.9665620258597,926.1923921255037,-2.7741699003560143,2.035708051058594,2.0538004124572007,0.018092361398606815,7.250648445928645,7.250571432203564,-7.701372508073234e-05,1720.0,1722.0,2.0,7.50343239264007,7.4816729976743614,-0.021759394965708445,0.20819038002779022,1743.8055839423926,1741.6210716007815,-2.1845123416110255,2.3912935892080114,2.3912935892080114,0.0,7.797645406900291,7.797621991595394,-2.3415304897689282e-05,2970.0,2969.0,-1.0,11.248991620854154,11.228091606659644,-0.02090001419450971
0.5545699969936373,18,2,0.5552542728080188,925.7819593417471,924.2697715769727,-1.5121877647743531,1.829932513147868,2.189435483342176,0.359502970194308,7.251790693682775,7.250137696069103,-0.0016529976136716584,1724.0,1721.0,-3.0,7.475982058999299,7.494253656159772,0.01827159716047344,0.37141729589261185,1731.6145458695225,1730.0130086765434,-1.6015371929790945,2.1178595413798345,2.1178595413798345,0.0,7.78723111894071,7.787335458695233,0.0001043397545226199,2977.0,2974.0,-3.0,11.21025960106421,11.184552564613462,-0.025707036450748788
0.5545699969936373,18,3,0.4761514040703034,940.2884165517656,939.4034877746146,-0.8849287771510035,1.9646990812630334,1.9612540175910023,-0.0034450636720311234,7.2562212280733425,7.255113675942514,-0.0011075521308283598,1734.0,1734.0,0.0,7.59454585713396,7.6067153489272314,0.012169491793271092,0.22410598784486935,1744.8586980945574,1743.0606768674147,-1.7980212271427263,2.09950538757039,2.09950538757039,0.0,7.803003608918818,7.802094901870978,-0.0009087070478397408,3009.0,3004.0,-5.0,11.233104246976781,11.222513553313634,-0.010590693663147022
0.5545699969936373,18,4,0.4051716771011422,935.3937199804423,934.5246627583954,-0.8690572220468766,1.9476017602726923,1.9600448342670793,0.012443073994387044,7.258576599416607,7.258651166211709,7.456679510209341e-05,1734.0,1734.0,0.0,7.579933601438604,7.586786624575327,0.006853023136722314,0.15676290985842845,1668.676474256337,1667.3091718986827,-1.3673023576543528,2.186002708856393,2.185990212221889,-1.2496634504088888e-05,7.768032424751212,7.768500128245777,0.0004677034945652636,2912.0,2911.0,-1.0,10.879744820935056,10.852916971708858,-0.026827849226197742
0.5545699969936373,18,5,0.33977117497875065,935.5455721222393,934.4670925474776,-1.0784795747616727,2.234713432205213,2.234713316242832,-1.1596238103095402e-07,7.24176130754237,7.240960210619837,-0.0008010969225322739,1701.0,1700.0,-1.0,7.692492511386842,7.68821572281599,-0.004276788570852119,0.2604015418830812,1722.003739985125,1720.1409048595774,-1.86283512554769,2.1617907413083586,2.1617907413083586,0.0,7.790195906524677,7.790010750422521,-0.00018515610215619205,2976.0,2973.0,-3.0,11.16605152803595,11.153943029230074,-0.012108498805876167
0.5545699969936373,18,6,0.3420177363275395,942.0383392883186,940.5303907254349,-1.507948562883712,2.047007106681343,2.047007106681343,0.0,7.254361883334417,7.254001046364129,-0.000360836970287437,1734.0,1733.0,-1.0,7.747175514519012,7.740987861180326,-0.006187653338685983,0.3305539385669828,1742.1034951709312,1739.7604053382747,-2.34308983265646,2.25968737849081,2.25968737849081,0.0,7.794235473536491,7.793810234735502,-0.0004252388009895469,2980.0,2981.0,1.0,11.367215673454332,11.349413283409651,-0.01780239004468065
0.5545699969936373,18,7,0.4013427355305034,926.9182909234921,925.6605406357128,-1.257750287779345,1.8866749644569054,1.9037874166336417,0.017112452176736292,7.252481939269542,7.2512466469688714,-0.00123529230067021,1715.0,1714.0,-1.0,7.475620127105117,7.480325226694754,0.004705099589637385,0.3103331663994281,1730.40700668638,1728.5938495037935,-1.8131571825865649,2.3425979032877566,2.3425979032873157,-4.409805853811122e-13,7.770774778978014,7.770198740579561,-0.0005760383984529938,2937.0,2935.0,-2.0,11.50652354818455,11.49571630942698,-0.010807238757569948
0.5545699969936373,18,8,0.3400928939645291,943.6887699657942,942.5541890240315,-1.1345809417626924,1.9946053005345108,2.0060737937024276,0.01146849316791676,7.249894361542513,7.250251141691697,0.00035678014918438805,1726.0,1726.0,0.0,7.756718534456872,7.750582960849338,-0.006135573607533473,0.24357339174538184,1699.6844521937292,1698.2568753221028,-1.4275768716263428,2.2539766091761804,2.2539765713399986,-3.783618174324488e-08,7.775630859840036,7.775798956498798,0.00016809665876227342,2932.0,2933.0,1.0,11.151422915587442,11.125467922861226,-0.025954992726216375
0.5545699969936373,18,9,0.5632792727461162,924.7218694385267,922.5650625304668,-2.1568069080599344,1.9022991259442552,1.9024206832993427,0.0001215573550874538,7.25116060175794,7.251302686732836,0.00014208497489587302,1717.0,1717.0,0.0,7.505268741849617,7.488441633230018,-0.016827108619599684,0.2934319497034036,1708.1951532040187,1706.129351469796,-2.0658017342227595,2.3897001169113827,2.38970011304134,-3.870042952769381e-09,7.776468724503676,7.776384868627115,-8.385587656078997e-05,2947.0,2944.0,-3.0,11.242580678926208,11.21775864212181,-0.024822036804398095
0.5545699969936373,18,10,0.3915959339122689,926.8723221488722,925.3364126831752,-1.5359094656969319,2.0407682560679214,2.3132928979651886,0.2725246418972671,7.247009662457131,7.246471406519528,-0.0005382559376032603,1702.0,1703.0,1.0,7.4998941172026425,7.507365966546144,0.007471849343501091,0.22813539049865822,1739.2076463317146,1737.3224613429793,-1.8851849887353183,2.313250692218701,2.313250692218701,0.0,7.790379751404593,7.790363376841486,-1.637456310721319e-05,2981.0,2982.0,1.0,11.335492990973165,11.311257162755298,-0.02423582821786674
0.5545699969936373,18,11,0.4814861177521307,914.171945964481,912.1576908747887,-2.0142550896922558,1.981365606381579,2.0363273314874295,0.05496172510585051,7.254637104988057,7.254113510451992,-0.0005235945360650973,1738.0,1733.0,-5.0,7.45698988759935,7.4368979385011205,-0.0200919490982292,0.31931516260425663,1714.9444312773492,1713.1868262119447,-1.7576050654045048,2.3479134280071476,2.3479134280071476,0.0,7.775257413898554,7.7760430779920355,0.000785664093481131,2942.0,2943.0,1.0,11.307699311951021,11.277619611624717,-0.03007970032630425
0.5545699969936373,18,12,0.4493648596928923,918.0861943546552,914.6263131813546,-3.459881173300573,1.928222190610691,1.9856918775648442,0.05746968695415333,7.248007507276901,7.247671371045236,-0.0003361362316649519,1726.0,1725.0,-1.0,7.449149916804278,7.425730480342488,-0.0234194364617899,0.3832101351767375,1747.3480840282355,1744.5713721114744,-2.776711916761087,2.2953284387594692,2.2953284387594692,0.0,7.778657918053879,7.777540571043046,-0.001117347010833214,2978.0,2971.0,-7.0,11.656168144009502,11.634628520679476,-0.02153962333002646
0.5545699969936373,18,13,0.3556121894591193,920.9429671210223,918.8387168502867,-2.1042502707356334,1.9122134355195568,1.9122134355195568,0.0,7.232010621492836,7.231702732938405,-0.0003078885544303134,1686.0,1686.0,0.0,7.552789527619366,7.537221327173614,-0.015568200445751579,0.3544594397523296,1708.3277211143597,1706.372374233153,-1.9553468812066512,2.3236889907250657,2.3236889923302937,1.6052279505629485e-09,7.777419472834275,7.776999014859655,-0.00042045797462009205,2955.0,2951.0,-4.0,11.235080462898049,11.226274557695573,-0.008805905202475373
0.5545699969936373,18,14,0.30311070054452616,938.4719857292303,937.2213373825849,-1.2506483466453346,2.019710582224845,2.0438219283090464,0.02411134608420129,7.265180126100675,7.264572173258721,-0.0006079528419533631,1751.0,1752.0,1.0,7.633429521801083,7.643143331352444,0.009713809551361585,0.33028888279731267,1701.7734196825004,1701.1994137261045,-0.5740059563959221,2.249411244602287,2.249411244608462,6.175060462965121e-12,7.769284582456114,7.769225164702329,-5.941775378559555e-05,2910.0,2910.0,0.0,11.112654463601887,11.103343803497296,-0.009310660104590696
0.5545699969936373,18,15,0.6029927639276236,927.6024544414475,926.3702819764367,-1.2321724650108763,1.8706927054413347,2.1577135281997797,0.287020822758445,7.235169801901337,7.233771557265079,-0.0013982446362579282,1699.0,1698.0,-1.0,7.669724756799476,7.69157150905003,0.021846752250554324,0.38984919901731196,1740.3765474123848,1738.7972877840227,-1.5792596283620242,2.35588432833866,2.3558843270249485,-1.313711361916603e-09,7.7964247292195905,7.796579216105938,0.00015448688634744911,3008.0,3010.0,2.0,11.23332799761649,11.217888920351978,-0.01543907726451188
0.5796682334330422,19,0,0.408879299593658,992.190736822901,989.8650641173072,-2.325672705593888,2.170692047490589,2.1706921039355396,5.644495049139664e-08,7.246603397844214,7.246205829282312,-0.0003975685619019842,1720.0,1719.0,-1.0,8.372027392383085,8.359366653896183,-0.01266073848690219,0.19994477199275468,1792.6685160957384,1790.4641919295093,-2.204324166229071,2.5396025919142136,2.5396025919142136,0.0,7.775091936372641,7.7742857560674405,-0.0008061803052008543,2946.0,2942.0,-4.0,12.054329125315519,12.039548262046882,-0.014780863268637034
0.5796682334330422,19,1,0.4763032112279207,984.9312630495891,983.9312709728222,-0.9999920767669437,2.016094685830898,2.1837654070145134,0.16767072118361526,7.249296935109934,7.247990656081759,-0.001306279028174373,1737.0,1735.0,-2.0,8.273705589218393,8.286869075138748,0.0131634859203551,0.3139193077235106,1807.5697711971857,1805.6030510034675,-1.9667201937181744,2.3757066844661994,2.3757066844661994,0.0,7.784396312160236,7.784741353252596,0.0003450410923599989,2973.0,2975.0,2.0,11.981417726195486,11.958276548019613,-0.023141178175873023
0.5796682334330422,19,2,0.3071549557512624,961.6921777090143,960.588750376105,-1.1034273329092912,1.9762363864281507,1.9762363864281507,0.0,7.24121798359891,7.239218510484289,-0.0019994731146208977,1706.0,1702.0,-4.0,8.059253987435463,8.058103735303638,-0.0011502521318256242,0.33662508602519764,1838.057084054674,1837.10888561132,-0.9481984433541584,2.274651485021996,2.274651485021996,0.0,7.778055606414167,7.7770657136416865,-0.0009898927724805162,2960.0,2953.0,-7.0,12.46267400943377,12.460016799751925,-0.0026572096818444635
0.5796682334330422,19,3,0.6126376043368169,973.5495647413281,971.7378779701055,-1.8116867712226394,2.1695350193695515,2.1941660491503865,0.02463102978083498,7.230606439029315,7.229435623269876,-0.0011708157594387814,1693.0,1690.0,-3.0,8.28405535898759,8.272483611440999,-0.011571747546591737,0.3971829302249913,1799.477715993663,1798.4938015448804,-0.9839144487825706,2.4173388745238116,2.432897696591375,0.015558822067563316,7.768465564765493,7.768510941673383,4.537690788986026e-05,2943.0,2943.0,0.0,12.273495903904658,12.260232896290075,-0.013263007614582989
0.5796682334330422,19,4,0.36322378216846085,929.4341209634266,928.5940472081976,-0.8400737552290138,1.9801176436550754,1.9801176436550754,0.0,7.227323457246354,7.22771673306772,0.0003932758213665011,1667.0,1671.0,4.0,7.703038377552678,7.68981978524901,-0.013218592303668508,0.13214989006802255,1885.1986156726214,1884.2068939170415,-0.9917217555798743,2.2817545542599946,2.281754554278187,1.8192558570717665e-11,7.799631522641517,7.799658540509887,2.7017868369227926e-05,3005.0,3003.0,-2.0,12.659642533496122,12.650864822285797,-0.008777711210324668
0.5796682334330422,19,5,0.3270709416388875,981.5298405127817,980.4239756430909,-1.1058648696907767,2.147405012815835,2.147405012815835,0.0,7.272331720909183,7.271872458681343,-0.00045926222784054005,1763.0,1765.0,2.0,8.0923846355811,8.099793348346994,0.007408712765894165,0.39615224056844517,1846.2063806006333,1844.6266788195007,-1.5797017811325986,2.2929816500570137,2.2929816500570137,0.0,7.801590611077889,7.801827945745859,0.0002373346679700461,3010.0,3009.0,-1.0,12.347910364259263,12.323709909968125,-0.024200454291138485
0.5796682334330422,19,6,0.40675220788028904,965.6398629877212,963.8123126982941,-1.8275502894271085,2.0275010507385662,2.0275010507385662,0.0,7.236473800789005,7.236277424091062,-0.00019637669794292378,1682.0,1679.0,-3.0,8.00624157844844,7.992136309148746,-0.014105269299694356,0.3011632347201164,1794.6396132442783,1793.9141678325475,-0.7254454117307887,2.4413822966665433,2.4413822964718572,-1.9468604506300835e-10,7.786024292082556,7.785832226369843,-0.0001920657127127967,2971.0,2974.0,3.0,12.054242551840227,12.04459554198505,-0.009647009855177302
0.5796682334330422,19,7,0.6029937780276042,957.1371022611797,956.0472658760998,-1.0898363850799342,1.9763958904684973,1.9991814137610566,0.02278552329255934,7.23253893726247,7.2322551207347665,-0.00028381652770370636,1696.0,1693.0,-3.0,8.033395668658402,8.03113386285235,-0.002261805806051953,0.31402882554350053,1814.9622203416209,1813.5498876080878,-1.4123327335330487,2.294489521772277,2.2944895218325785,6.030154153791045e-11,7.798181231332473,7.798126090399835,-5.514093263769837e-05,2993.0,2991.0,-2.0,11.885587555704827,11.874077379296354,-0.011510176408473072
0.5796682334330422,19,8,0.40575355702852695,954.5897745650747,952.2231491076578,-2.3666254574168306,2.0082124680059845,1.9200006597777968,-0.08821180822818775,7.250319853774206,7.250387285719089,6.743194488301185e-05,1724.0,1725.0,1.0,7.909827786649207,7.875490170797347,-0.034337615851860015,0.4559164065665702,1811.103473052727,1808.253147566394,-2.8503254863328493,2.4387585934320026,2.474353265414837,0.03559467198283439,7.772845429816533,7.7723182090753475,-0.0005272207411852747,2942.0,2939.0,-3.0,12.306387777978514,12.293033844220151,-0.013353933758363468
0.5796682334330422,19,9,0.4746341382170184,972.6285215647447,970.518829836235,-2.109691728509688,1.9584012764902574,1.9500822142859904,-0.008319062204267036,7.259426086768529,7.258499010672656,-0.0009270760958726143,1734.0,1735.0,1.0,8.072465676206212,8.058469421535829,-0.013996254670383124,0.49529944921056135,1796.563567823749,1794.4656227056876,-2.0979451180614888,2.2892939989051517,2.2892939990263543,1.212026035091185e-10,7.779901754710225,7.779344352188076,-0.0005574025221486423,2952.0,2951.0,-1.0,12.053380926723527,12.043666188848164,-0.009714737875363255
0.5796682334330422,19,10,0.31291008540325094,971.7394503499072,970.6194348932886,-1.120015456618603,2.4086534131451267,2.4086534131451276,8.881784197001252e-16,7.249090726390967,7.247521283259744,-0.0015694431312223145,1719.0,1714.0,-5.0,8.204674833541356,8.224817264058068,0.02014243051671194,0.36042098275070683,1779.635067692403,1778.314129794554,-1.320937897849035,2.389550968078728,2.3895509680787064,-2.1760371282653068e-14,7.772414371492735,7.772659736328835,0.0002453648361004923,2921.0,2922.0,1.0,11.97283932741283,11.954966858823967,-0.01787246858886249
0.5796682334330422,19,11,0.4719992157126601,968.308997445546,965.5499112636322,-2.7590861819137444,1.8962667503198016,1.8962667503198016,0.0,7.230811110100818,7.230671413250873,-0.00013969684994563636,1700.0,1700.0,0.0,8.284691074158696,8.257070208219577,-0.02762086593911839,0.4014539567892364,1791.541017925564,1788.5932580680765,-2.9477598574874264,2.2970727322676425,2.2970727322676425,0.0,7.784663499422426,7.784193449487035,-0.0004700499353909038,2961.0,2957.0,-4.0,11.93141082670099,11.910475193771516,-0.02093563292947387
0.5796682334330422,19,12,0.3321646518913854,961.1987574629777,959.8593870494204,-1.3393704135572762,2.0476739298583078,2.0476739291370327,-7.212750396945466e-10,7.236346752580233,7.235263460004434,-0.0010832925757986445,1710.0,1707.0,-3.0,8.038067898628007,8.044159421374541,0.006091522746533684,0.2363022734607188,1823.54331545979,1821.6735090364164,-1.869806423373575,2.4228418689863145,2.4228418689863145,0.0,7.792132715191995,7.7920513298301834,-8.138536181157008e-05,2991.0,2989.0,-2.0,12.17413462058077,12.158342970175346,-0.01579165040542385
0.5796682334330422,19,13,0.26119071461680216,963.1026700282133,961.4651642249869,-1.6375058032264178,2.2158047295357006,2.21579787088619,-6.858649510554926e-06,7.256982206872209,7.257246832348425,0.0002646254762161959,1736.0,1737.0,1.0,7.963619840011455,7.952306900530252,-0.011312939481202378,0.285250180068072,1818.3990040065137,1816.5763646187297,-1.8226393877839655,2.299616714444783,2.299616714444783,0.0,7.797378794236773,7.797526128648721,0.0001473344119480302,3005.0,3003.0,-2.0,12.082007865011635,12.052203839283106,-0.029804025728529027
0.5796682334330422,19,14,0.3901784725715518,985.0221785444896,984.4879924807869,-0.5341860637026912,2.1146697482351158,2.114669748235115,-8.881784197001252e-16,7.254823584241599,7.254299798240233,-0.0005237860013664886,1717.0,1720.0,3.0,8.123587327760964,8.14534409914757,0.021756771386606033,0.2788365837022193,1832.7049598523806,1830.808044041625,-1.8969158107556723,2.7748378651187884,2.7748378651187884,0.0,7.779620678446679,7.77882792967107,-0.0007927487756091978,2964.0,2960.0,-4.0,12.45329450192343,12.445698615668999,-0.007595886254431861
0.5796682334330422,19,15,0.4084131554222842,967.6913278739687,966.218254918175,-1.4730729557936684,2.1036504918033554,2.094013610880911,-0.009636880922444302,7.2569269079868395,7.256678040019652,-0.00024886796718703863,1738.0,1737.0,-1.0,8.0434842342516,8.039446380191515,-0.0040378540600851665,0.2830968473322918,1812.6438044525992,1810.8576162500472,-1.7861882025520117,2.718861426987442,2.718861426987442,0.0,7.788868101759669,7.788004487489767,-0.0008636142699023353,2971.0,2964.0,-7.0,12.107060351981309,12.099518031205317,-0.0075423207759914845
0.605902343568794,20,0,0.32259617318325917,1001.3209755777979,1000.1071339444775,-1.213841633320385,2.1313182745672656,2.13131823190709,-4.266017583631765e-08,7.242296733935499,7.2412473473478,-0.0010493865876988195,1706.0,1704.0,-2.0,8.574721308715635,8.56474279581685,-0.009978512898785041,0.32148198429648467,1930.5951290354158,1929.635235567559,-0.959893467856773,2.7841301364143196,2.7841301364143196,0.0,7.799779171271169,7.7997843794180355,5.208146866664265e-06,3003.0,3002.0,-1.0,13.158389239021188,13.146202692486828,-0.012186546534360687
0.605902343568794,20,1,0.46522656656911787,995.2446641591317,994.0694296651637,-1.1752344939679915,2.211916511038712,2.211916511038712,0.0,7.244720690126829,7.243597893782248,-0.0011227963445810119,1733.0,1730.0,-3.0,8.598387827006992,8.609219903232606,0.010832076225614884,0.3900433457711143,1906.9003642698087,1906.0876863055187,-0.8126779642900601,2.5052282514323645,2.5052282514323645,0.0,7.797961692112603,7.798245913082395,0.00028422096979241473,3028.0,3025.0,-3.0,13.042088646408406,13.026382323269475,-0.0157063231389305
0.605902343568794,20,2,0.43058305669232233,1018.9223526114909,1017.4057602069657,-1.5165924045251131,2.156912295583428,2.499699044447718,0.34278674886428995,7.25489202226547,7.2547538596404255,-0.00013816262504473542,1730.0,1731.0,1.0,8.676017420082742,8.68995531887254,0.013937898789798453,0.21888799116587565,1915.8945157582143,1914.1957733648387,-1.6987423933755963,2.5229711218884705,2.5229711218884705,0.0,7.795543494582995,7.795069202089863,-0.0004742924931324666,3014.0,3014.0,0.0,13.108732228650089,13.088587941820432,-0.020144286829657077
0.605902343568794,20,3,0.6610234223150137,1035.498903191054,1034.19581524583,-1.3030879452239787,2.205942904392952,2.4523832475855576,0.24644034319260566,7.262518841325729,7.2626834980008805,0.00016465667515142002,1740.0,1741.0,1.0,8.792907190806215,8.785668172652517,-0.00723901815369743,0.2111631688112534,1948.106206586848,1947.1223836071968,-0.9838229796512223,2.5780700132398455,2.5780700132398455,0.0,7.799269266923122,7.7994273042860325,0.00015803736291086778,2981.0,2984.0,3.0,13.201168562889787,13.195256126104754,-0.0059124367850333925
0.605902343568794,20,4,0.5417251999813537,1002.1599411874059,1000.2884429867773,-1.8714982006285936,2.039514949797143,2.038115314689809,-0.0013996351073339852,7.254664911922315,7.255680463016871,0.0010155510945555335,1730.0,1731.0,1.0,8.481156218323957,8.467935612120465,-0.013220606203491414,0.3153393153944066,1893.8240462811102,1891.7866330890984,-2.0374131920118543,2.3496189697374996,2.3496189697374996,0.0,7.777695337574236,7.777486055988797,-0.00020928158543842557,2941.0,2939.0,-2.0,13.007270725076454,12.986561721942497,-0.020709003133957182
0.605902343568794,20,5,0.44960134836760807,1029.735791393949,1028.234885399287,-1.500905994662162,2.4668340177214834,2.466728271672761,-0.00010574604872237714,7.254825033341648,7.254356543628369,-0.00046848971327939637,1737.0,1732.0,-5.0,8.923516444545342,8.927239641457644,0.0037231969123023845,0.24548415403865614,1897.5183755513044,1896.8379401498794,-0.6804354014250293,2.8393606003939382,2.8393606003939382,0.0,7.7806595665353475,7.780917017949615,0.00025745141426725127,2954.0,2958.0,4.0,13.161840952836984,13.151816823544968,-0.010024129292016681
0.605902343568794,20,6,0.2407468948986612,994.099206988963,993.1729310754894,-0.9262759134736598,2.2579279528506873,2.257927952260157,-5.905302913333799e-10,7.218511176798133,7.2184226865017,-8.849029643265283e-05,1690.0,1693.0,3.0,8.769864625198629,8.761131697001145,-0.008732928197483503,0.2449823963942964,1908.8086252038702,1908.3415158074704,-0.4671093963997919,2.251313567053576,2.2511384404503607,-0.000175126603215503,7.792052485957637,7.792056477229638,3.991272000902768e-06,2993.0,2995.0,2.0,13.0346897332219,13.022491435998072,-0.012198297223827481
0.605902343568794,20,7,0.28030964066629127,996.7701253408088,996.3560975903046,-0.41402775050426044,2.3316560388161065,2.2347517774505943,-0.09690426136551222,7.255179357400085,7.254724676236451,-0.00045468116363345246,1728.0,1728.0,0.0,8.391151975326496,8.4035515537082,0.01239957838170369,0.271027632100026,1904.9867192690972,1903.2589518945156,-1.7277673745816173,2.414478293573959,2.414478293573959,0.0,7.789170175280118,7.787691945542852,-0.0014782297372661901,3002.0,2998.0,-4.0,13.139377661432706,13.143852621391254,0.004474959958548297
0.605902343568794,20,8,0.44832507237662894,988.2975234794343,986.678429082795,-1.6190943966392979,2.114899919747885,2.1148253622066537,-7.45575412310906e-05,7.2250247711129845,7.224412140467248,-0.0006126306457368003,1692.0,1690.0,-2.0,8.62477432140018,8.619481255011127,-0.00529306638905247,0.2558640397315488,1877.2756881168195,1874.9974233384087,-2.2782647784108576,2.4721999170712787,2.4721999169520528,-1.1922596243607586e-10,7.776187446235248,7.776171313814407,-1.6132420840975215e-05,2949.0,2950.0,1.0,12.925871871524647,12.906518315113686,-0.019353556410960593
0.605902343568794,20,9,0.37362318253693105,984.9121799771415,983.955949593637,-0.9562303835044759,2.3111206734391545,2.338172520305505,0.027051846866350537,7.2280394180981045,7.227573885783847,-0.0004655323142577217,1676.0,1676.0,0.0,8.486243071405273,8.485321875437531,-0.0009211959677415393,0.1786803930848169,1851.1036667130875,1850.3873536360043,-0.716313077083214,2.4454606107452728,2.4454606107452728,0.0,7.772093791022916,7.772021334951776,-7.245607114025887e-05,2941.0,2938.0,-3.0,12.762485793144112,12.756668157774554,-0.0058176353695582605
0.605902343568794,20,10,0.2688750695080918,990.1732705632293,987.9804626692085,-2.1928078940208025,2.0555948838848885,2.0555399840380892,-5.4899846799294494e-05,7.240917614088377,7.240481680562375,-0.00043593352600179713,1697.0,1697.0,0.0,8.418045266708925,8.405679703802832,-0.012365562906092364,0.21889011208599748,1832.6756386997865,1829.7701880052311,-2.905450694555384,2.2906883377160834,2.2906883377160834,0.0,7.77625931815029,7.776285687896968,2.636974667868941e-05,2949.0,2948.0,-1.0,12.456700369603881,12.428127653158139,-0.02857271644574233
0.605902343568794,20,11,0.6291787129306992,997.1929485023935,995.6024442082689,-1.590504294124571,2.1965764881605465,2.294711170837832,0.09813468267728531,7.232972764134872,7.232489778597422,-0.0004829855374497427,1688.0,1687.0,-1.0,8.650538224093667,8.645876978949468,-0.004661245144198745,0.38126836200284153,1898.2390236140618,1896.6064882338985,-1.63253538016329,2.610721288551249,2.6107212885495987,-1.6502355038028327e-12,7.797766905639655,7.79836981363125,0.0006029079915945701,3006.0,3005.0,-1.0,12.902976689667232,12.873019693199534,-0.029956996467698005
0.605902343568794,20,12,0.45103309792753843,1001.8192716727697,1000.0700740486285,-1.7491976241411749,2.29214488703138,2.2793569367323783,-0.012787950299001594,7.2396511394188074,7.238897892701001,-0.0007532467178066327,1705.0,1704.0,-1.0,8.630637817277359,8.625453796577686,-0.005184020699672942,0.3849385591433845,1913.206894290335,1910.888284628836,-2.3186096614990674,2.8205759470853105,2.8205759470853105,0.0,7.78171141896495,7.781431413626697,-0.00028000533825345286,2971.0,2971.0,0.0,13.257769560325425,13.24450427024175,-0.013265290083674941
0.605902343568794,20,13,0.3553346555816897,1016.2524287624896,1014.561377839562,-1.6910509229275021,2.132117342526448,2.132117342526448,0.0,7.2401033706514175,7.238621686186367,-0.0014816844650509253,1708.0,1710.0,2.0,8.728146854904038,8.73314829456266,0.005001439658622431,0.2563976444154484,1869.8699823646284,1868.3005599593016,-1.5694224053268044,2.7303386954050293,2.7303386954050293,0.0,7.774272963941077,7.774635432172741,0.0003624682316640815,2954.0,2954.0,0.0,13.017506225655229,13.000468318335361,-0.01703790731986743
0.605902343568794,20,14,0.4148672823559698,1012.869963292607,1011.14702180072,-1.7229414918870134,2.189086858521349,2.189082073403957,-4.785117392103189e-06,7.269905037978108,7.269755912315302,-0.00014912566280589346,1745.0,1745.0,0.0,8.468069110007281,8.46068244983605,-0.007386660171231796,0.43074949884620106,1889.7357453745808,1888.7455511910523,-0.9901941835285015,2.6982123849561814,2.6982123914651637,6.508982242081629e-09,7.791008213152851,7.790852424435418,-0.00015578871743304745,2998.0,3000.0,2.0,12.928490225563895,12.920281172858253,-0.00820905270564154
0.605902343568794,20,15,0.40731176960060145,1032.1841262617745,1031.4430860738084,-0.741040187966064,2.3775942331065925,2.6523878266569296,0.27479359355033717,7.247622011650013,7.24644054819549,-0.0011814634545235236,1722.0,1720.0,-2.0,8.976681895748712,9.0023052625878,0.02562336683908839,0.239037195575229,1858.5580848214825,1857.3491312318129,-1.2089535896695907,2.388555251058175,2.388555251058175,0.0,7.780416265031085,7.780537579161508,0.00012131413042304473,2953.0,2958.0,5.0,12.684320855589737,12.67748627675738,-0.006834578832357607
0.6333237337639321,21,0,0.33651887595135177,1076.4595296692614,1074.6628612533673,-1.7966684158941462,2.12023824454867,2.1302639792604827,0.010025734711812895,7.256705166962247,7.256083950669321,-0.0006212162929255527,1733.0,1733.0,0.0,9.384528171738346,9.382291730054632,-0.002236441683713508,0.3447165741276108,1959.3439915843626,1956.8924297454582,-2.451561838904354,2.602433895143609,2.602433895143609,0.0,7.78245137631448,7.782458994684732,7.618370251982753e-06,2953.0,2953.0,0.0,13.664260460223458,13.636493087468248,-0.027767372755210573
0.6333237337639321,21,1,0.38325480544629087,1044.076349680391,1041.7449007372545,-2.331448943136593,2.0881441648374253,2.088144152976305,-1.1861120086109622e-08,7.266317961319908,7.265824407525194,-0.0004935537947137192,1756.0,1758.0,2.0,8.894070443053945,8.889173926921533,-0.004896516132411932,0.3122723750552139,1993.0133747405273,1990.8877897852722,-2.1255849552551354,2.559230871330319,2.5592308713323924,2.0734525207899424e-12,7.784821251317195,7.784487417897363,-0.00033383341983128645,2995.0,2993.0,-2.0,14.130992766585738,14.110063908646321,-0.0209288579394169
0.6333237337639321,21,2,0.4547211609228548,1055.1893898013338,1053.6781643940901,-1.5112254072437281,2.022134898109718,2.0221348981079306,-1.787459069646502e-12,7.262483857077587,7.26262239153945,0.00013853446186296026,1730.0,1733.0,3.0,8.943989020599158,8.937662297338013,-0.0063267232611448065,0.25827569505061576,1983.7888707564744,1982.2899831392645,-1.4988876172099026,2.3506956635822793,2.350695663577853,-4.426237154575574e-12,7.7800818592328,7.779800831721712,-0.000281027511087828,2962.0,2962.0,0.0,13.944111203994972,13.94003758155614,-0.004073622438831137
0.6333237337639321,21,3,0.2421576911755965,1040.2907312778636,1038.9012638778245,-1.389467400039166,2.2908047974486743,2.2880757983715245,-0.0027289990771497408,7.265195327201937,7.26417374486639,-0.0010215823355466114,1735.0,1733.0,-2.0,8.86153766363871,8.861550040022951,1.2376384241008509e-05,0.1517124131070261,1966.543500129948,1964.7246955592805,-1.818804570667453,2.511698722090246,2.511698722090246,0.0,7.786656706761772,7.786680165263696,2.3458501924089603e-05,2950.0,2953.0,3.0,13.667271740287733,13.650567316033971,-0.01670442425376173
0.6333237337639321,21,4,0.2161731832260441,1064.3960451005883,1062.7798904100225,-1.616154690565736,2.1499656815447508,2.1499656815447508,0.0,7.256743987501837,7.257022319647097,0.00027833214526040706,1746.0,1747.0,1.0,9.204043656768462,9.183320274296408,-0.020723382472054297,0.4568258656422237,1991.4220928052507,1990.022688456022,-1.3994043492286892,2.316170666641602,2.316170666641602,0.0,7.798950130784396,7.799381719804244,0.0004315890198478556,2983.0,2982.0,-1.0,13.580973399958879,13.561953909987587,-0.019019489971292103
0.6333237337639321,21,5,0.3169759889530869,1056.54583470557,1055.3657730224825,-1.1800616830876152,2.3538176309101857,2.3538176309101857,0.0,7.252118175973337,7.251739927080806,-0.000378248892531019,1718.0,1718.0,0.0,9.17996840894134,9.172708655649647,-0.007259753291693372,0.20396016098821523,1910.3174364687507,1909.485234630819,-0.8322018379317342,2.637314920408831,2.62591321068616,-0.011401709722671072,7.766361054826161,7.766244142617186,-0.00011691220897525056,2942.0,2943.0,1.0,13.605901446033283,13.597807913205921,-0.008093532827361472
0.6333237337639321,21,6,0.33849252344030745,1058.2759710692176,1055.997481848034,-2.278489221183463,2.4298590259489057,2.51533921223166,0.08548018628275411,7.25240154330469,7.25124610195869,-0.0011554413460004298,1733.0,1734.0,1.0,9.323915555449753,9.336454244128136,0.012538688678382925,0.18963471291593587,1993.474838405439,1991.9785680220639,-1.4962703833750766,3.1081396997095125,3.1347315947802716,0.026591895070759097,7.790157919396961,7.790214058942068,5.6139545106859146e-05,2978.0,2977.0,-1.0,13.918779068858871,13.906228776068168,-0.012550292790702855
0.6333237337639321,21,7,0.2002723669513588,1063.8290828438949,1061.7176831957959,-2.1113996480989954,2.254061854499033,2.254061854499033,0.0,7.244100629791032,7.243334113761382,-0.0007665160296506102,1721.0,1722.0,1.0,9.381347798422492,9.37467260332395,-0.006675195098543085,0.15814944825804644,1987.295188031069,1985.054635640714,-2.2405523903551057,2.5318220911465756,2.531816907490855,-5.183655720664149e-06,7.786465407010902,7.786389859121925,-7.554788897667919e-05,2952.0,2953.0,1.0,13.79312633321142,13.764478560500566,-0.028647772710854724
0.6333237337639321,21,8,0.26793621242491944,1038.0447522812651,1036.4522920605355,-1.592460220729663,2.3368179458491944,2.3368179458491944,0.0,7.248257796818933,7.248292569703605,3.477288467212958e-05,1730.0,1730.0,0.0,9.058297820092957,9.049746360386681,-0.008551459706275466,0.24866529089385692,1984.5965917761591,1983.6438209963271,-0.952770779832008,2.9199625303965875,2.9199625303965875,0.0,7.766857298876932,7.767225066503716,0.00036776762678414343,2919.0,2920.0,1.0,14.148813224875845,14.125532473718785,-0.023280751157059854
0.6333237337639321,21,9,0.4384408390058163,1057.7605683629167,1054.9587100651484,-2.8018582977683764,2.3045029578892064,2.365708250275251,0.06120529238604444,7.2485999969362,7.246842833430613,-0.001757163505586412,1742.0,1738.0,-4.0,9.319130060809439,9.304584651535812,-0.014545409273626575,0.39893885160565734,1961.094001155739,1958.533690298806,-2.560310856933029,2.80404654840804,2.80404654840804,0.0,7.779336795925988,7.779110218818619,-0.00022657710736861958,2942.0,2942.0,0.0,13.655637458387798,13.634771506952136,-0.0208659514356615
0.6333237337639321,21,10,0.5718085280644268,1070.1437967248403,1067.662670524772,-2.4811262000682746,2.278476600784674,2.3524213562761687,0.07394475549149471,7.25852879500378,7.256835196526087,-0.0016935984776935697,1758.0,1757.0,-1.0,9.357410277794752,9.360257662408307,0.0028473846135543823,0.23519659192550227,2014.2882266051297,2012.2518529498996,-2.036373655230136,2.4701851360354046,2.4701841699371982,-9.66098206323096e-07,7.79906359709846,7.799192815886445,0.00012921878798533015,3015.0,3016.0,1.0,14.052404256216576,14.026413721788092,-0.02599053442848387
0.6333237337639321,21,11,0.3524993743112047,1051.3661560024277,1050.0391375596178,-1.3270184428099583,2.045483137029898,2.045483137029898,0.0,7.260149948545288,7.258963727161567,-0.0011862213837208202,1732.0,1732.0,0.0,9.062242400084186,9.06792761491407,0.005685214829885155,0.2059864964520353,2000.3541314865734,1999.3383066085053,-1.0158248780680879,3.206443811954033,3.206443811954033,0.0,7.793668132512208,7.793959293202622,0.0002911606904145714,3008.0,3004.0,-4.0,14.001555536031105,13.976714814186417,-0.02484072184468822
0.6333237337639321,21,12,0.5597522182748845,1037.2373206399743,1036.3605188685965,-0.8768017713778136,2.349408539260516,2.420273396847589,0.07086485758707273,7.2277374717213165,7.227546986176074,-0.00019048554524214723,1710.0,1710.0,0.0,9.274637440987966,9.290033592456707,0.015396151468740626,0.2592014975170176,1955.8162443136093,1955.2497515000432,-0.5664928135661285,2.4105280336384998,2.4105280336384998,0.0,7.7848339254301715,7.784779650229238,-5.427520093359561e-05,2969.0,2971.0,2.0,13.595888270636616,13.59055858138543,-0.005329689251185599
0.6333237337639321,21,13,0.25531396589690725,1041.6805976602286,1040.055766687366,-1.6248309728625827,2.136086091764023,2.1360860917640085,-1.4654943925052066e-14,7.26538471205088,7.264816117874422,-0.0005685941764577152,1739.0,1740.0,1.0,8.828196132252039,8.818317943706244,-0.009878188545794586,0.20482803068390806,2017.8187438261648,2016.737678939399,-1.0810648867657164,2.4799082117938682,2.4799081910289313,-2.0764936881079166e-08,7.799747899031182,7.799776695918303,2.8796887121096404e-05,3014.0,3012.0,-2.0,13.96841891248612,13.958076011698228,-0.010342900787891907
0.6333237337639321,21,14,0.3822677721098129,1068.1380818931739,1066.7468955624513,-1.3911863307225758,2.119038743200429,2.3456647443968666,0.2266260011964376,7.26642563807652,7.266617372515247,0.0001917344387267761,1753.0,1755.0,2.0,9.193566548115967,9.192899822391606,-0.0006667257243613278,0.22476571018655855,2027.8575652652448,2025.3723969869743,-2.485168278270521,2.5696264119948413,2.5696264119948413,0.0,7.811321382870157,7.810687607983307,-0.0006337748868503468,3039.0,3040.0,1.0,13.873381354115233,13.863343072282818,-0.010038281832414953
0.6333237337639321,21,15,0.4643141901682165,1027.3985543939225,1026.6252821583823,-0.773272235540162,2.147149478700176,2.1949512405012777,0.04780176180110152,7.231703220040522,7.231618300836697,-8.491920382525109e-05,1705.0,1705.0,0.0,9.109568543655355,9.097677916428987,-0.011890627226367911,0.33866318788183686,1995.6386692534331,1995.6451683449118,0.006499091478644914,2.567974957069518,2.567974957069518,0.0,7.802378841735827,7.802584427016005,0.0002055852801783331,3003.0,3001.0,-2.0,13.71068630675181,13.704361983931626,-0.006324322820184136
0.6619861368850231,22,0,0.39350748042272876,1124.0051848989435,1121.9541652714183,-2.051019627525193,2.414596937600986,2.426818031902368,0.01222109430138163,7.254438993630378,7.25392275557451,-0.0005162380558685342,1728.0,1728.0,0.0,10.0419711868246,10.02426078925077,-0.01771039757383086,0.1869146174776919,2066.878588587645,2065.055921634561,-1.8226669530840809,2.6921493034799813,2.6921493034799813,0.0,7.785990382645253,7.785739460761086,-0.00025092188416753203,2990.0,2991.0,1.0,14.931432943620988,14.90747450733335,-0.023958436287639273
0.6619861368850231,22,1,0.47798345197621983,1108.2890401062505,1107.3812638205177,-0.9077762857327798,2.3011806227954126,2.2952346580367644,-0.00594596475864817,7.244476783665093,7.244480270080803,3.4864157099079307e-06,1723.0,1725.0,2.0,10.08178469695432,10.063045091874613,-0.01873960507970729,0.4477669118576609,2067.954286709968,2066.5303490458655,-1.4239376641025956,2.716423355800996,2.716401477166694,-2.187863430203052e-05,7.790907055827324,7.790560145026144,-0.00034691080117976725,2956.0,2954.0,-2.0,14.529611672128766,14.52841757121882,-0.001194100909945206
0.6619861368850231,22,2,0.30376536928328834,1092.4653988082257,1090.5657726670331,-1.8996261411925843,2.1867668395446733,2.1867668379394454,-1.6052279505629485e-09,7.247816839596608,7.24716902535436,-0.0006478142422476907,1726.0,1727.0,1.0,9.689255372730818,9.682564703891787,-0.006690668839031133,0.30708450529356146,2075.2064500907936,2072.720246470021,-2.4862036207728124,3.1020772308621454,3.1020772308621454,0.0,7.779420484377244,7.779611377735227,0.0001908933579830574,2950.0,2947.0,-3.0,14.94657201322812,14.91105098924625,-0.03552102398186996
0.6619861368850231,22,3,0.5617812566378049,1094.7654129902576,1093.1560591553798,-1.6093538348777656,2.1992579617743293,2.2013691431297637,0.0021111813554344216,7.239408736166478,7.238221022085423,-0.0011877140810554465,1702.0,1700.0,-2.0,9.744444467734425,9.744239165516003,-0.00020530221842207652,0.6626293658125564,2064.099232763848,2062.7461268323736,-1.353105931474147,2.8218376157097613,2.8218376157097613,0.0,7.779587663814276,7.779811416888325,0.00022375307404942646,2953.0,2956.0,3.0,14.682658262610149,14.660925829805679,-0.02173243280446968
0.6619861368850231,22,4,0.326188205152113,1102.9613560022863,1100.4918028441414,-2.4695531581448904,2.509950366113243,2.509950366113243,0.0,7.247033431294368,7.245907960415003,-0.001125470879364876,1718.0,1716.0,-2.0,9.948986603293653,9.932439662118153,-0.01654694117550015,0.3695307130775017,2097.109486905246,2095.135411843927,-1.974075061318672,2.774202131187068,2.7742021311870695,1.3322676295501878e-15,7.7918934247175295,7.79184339861152,-5.0026106009681826e-05,2977.0,2980.0,3.0,15.07469637860071,15.060976500734228,-0.013719877866481767
0.6619861368850231,22,5,0.4100606102985787,1100.228983660139,1098.522212931365,-1.7067707287740177,2.533104732098278,2.5411960582302577,0.008091326131979937,7.240422268751401,7.239980859837883,-0.0004414089135185151,1713.0,1712.0,-1.0,9.943762120038864,9.935551844688863,-0.008210275350000629,0.519075141863699,2089.19255402373,2087.420442818049,-1.7721112056806305,2.757384345681473,2.757384345681469,-3.9968028886505635e-15,7.788245405327828,7.78792260216089,-0.0003228031669380016,2955.0,2956.0,1.0,14.931956953447246,14.916707124236861,-0.015249829210384647
0.6619861368850231,22,6,0.38609270667894574,1093.705675841359,1091.7329017776992,-1.972774063659699,2.226558190917652,2.329895942043095,0.10333775112544297,7.242884597628216,7.243010026397545,0.00012542876932908342,1715.0,1714.0,-1.0,9.767057836617756,9.74119029028739,-0.0258675463303657,0.5742788227467955,2038.8075718891587,2037.6682256447489,-1.1393462444098077,2.6350705423258436,2.6350705423258436,0.0,7.775530754276217,7.775699571795939,0.00016881751972164238,2940.0,2940.0,0.0,14.561950610343976,14.551638217308946,-0.010312393035029288
0.6619861368850231,22,7,0.260505563651531,1133.8473381455487,1132.9410190355654,-0.9063191099833148,2.491599800825937,2.491599800825937,0.0,7.259905608805425,7.260541704703497,0.000636095898072675,1736.0,1742.0,6.0,10.156971921027305,10.159152261153325,0.0021803401260207522,0.1647905648209011,2060.8190961608216,2060.1563896972066,-0.6627064636149953,2.5908428129024403,2.5908428129024403,0.0,7.794743300530238,7.795337656624124,0.0005943560938863612,2996.0,2996.0,0.0,14.49523247286875,14.479000417434799,-0.01623205543395123
0.6619861368850231,22,8,0.488613003824268,1104.4123542140119,1102.9215903063755,-1.490763907636392,2.230087857996932,2.391110074699625,0.16102221670269312,7.253583445488205,7.253808229597559,0.00022478410935367066,1736.0,1739.0,3.0,9.829721968121582,9.832455141993092,0.002733173871510175,0.25284948335112056,2046.5735868991567,2045.0220698718867,-1.551517027269938,2.8718381212824644,2.8718381212824644,0.0,7.795660828823216,7.795325877392953,-0.00033495143026307517,2989.0,2986.0,-3.0,14.389872134482355,14.384370121846638,-0.005502012635716369
0.6619861368850231,22,9,0.2857305289041988,1100.8807736479207,1100.2953494641156,-0.5854241838051166,2.38727748342393,2.38722034307188,-5.714035204995582e-05,7.253286910898667,7.2525851047705245,-0.0007018061281423016,1747.0,1746.0,-1.0,9.817673019342068,9.82390364746203,0.0062306281199617786,0.24122796252306433,2012.830253134551,2011.5472222748565,-1.2830308596944633,2.842300081664172,2.842300083269283,1.6051107110115481e-09,7.767676681030054,7.766753528753647,-0.0009231522764077127,2913.0,2912.0,-1.0,14.407880796240182,14.4145933851602,0.006712588920018803
0.6619861368850231,22,10,0.2654868218843718,1086.8705481097277,1085.627486668107,-1.243061441620739,2.4169395588454523,2.4169395588454523,0.0,7.249841614399626,7.24895498822993,-0.0008866261696960365,1731.0,1728.0,-3.0,9.6422722930157,9.649597351722523,0.007325058706822318,0.22819912357245858,2051.1120633587507,2049.764076381248,-1.347986977502842,3.0795288997679813,3.0795288997679813,0.0,7.78061716928132,7.780235283350401,-0.00038188593091881273,2965.0,2964.0,-1.0,14.810618271155226,14.794174526681715,-0.016443744473511046
0.6619861368850231,22,11,0.4598138210749925,1071.0903483100183,1069.4156135310914,-1.6747347789269043,2.2560867443576713,2.2560867443576713,0.0,7.2190658202478755,7.21885413295973,-0.00021168728814568993,1670.0,1670.0,0.0,9.566443734865027,9.548119684237399,-0.018324050627628097,0.3150472191481893,2071.445978317677,2069.3305698645813,-2.1154084530958244,2.7823619445186014,2.7823619445186014,0.0,7.788321028359153,7.788441977999277,0.00012094964012376863,2989.0,2987.0,-2.0,14.942693034823675,14.909757162337943,-0.03293587248573182
0.6619861368850231,22,12,0.544982275543386,1102.8433862327838,1100.9350017574552,-1.908384475328603,2.257946709188533,2.257946709188533,0.0,7.236707930005323,7.235715618289545,-0.0009923117157786265,1700.0,1698.0,-2.0,9.895742318694074,9.89532031655445,-0.00042200213962395594,0.22397373510352322,2117.7897740230096,2116.063085376906,-1.7266886461034119,2.433647621917594,2.433647621917594,0.0,7.800376608882446,7.800075382367414,-0.0003012265150319493,3003.0,3001.0,-2.0,14.914282820191687,14.890882211909906,-0.023400608281781032
0.6619861368850231,22,13,0.32153797053655414,1147.576732489311,1145.9440516878208,-1.6326808014903236,2.329044852922452,2.4800268893617545,0.15098203643930264,7.250640240393814,7.249633376373595,-0.0010068640202192114,1722.0,1723.0,1.0,10.40827053285119,10.41796103503456,0.009690502183369532,0.3785885599014188,2062.4948586676614,2060.2359929316394,-2.258865736022017,2.869508785196107,2.869508785196107,0.0,7.778002839690043,7.778301724277577,0.00029888458753468683,2943.0,2942.0,-1.0,14.808860277495516,14.773896525443492,-0.03496375205202362
0.6619861368850231,22,14,0.2975423460716773,1112.2246740460293,1110.5152127907618,-1.7094612552675699,2.2145282109213893,2.2145282109213893,0.0,7.234444748817241,7.233745972207385,-0.0006987766098562886,1690.0,1688.0,-2.0,10.039543802002333,10.037778142638796,-0.0017656593635368978,0.20043971566707117,2062.79858315374,2061.8686674074615,-0.9299157462783114,2.564697528353818,2.564697528353818,0.0,7.793799386298893,7.793759652883944,-3.973341494933891e-05,2980.0,2978.0,-2.0,14.541929223427724,14.538272575643004,-0.0036566477847195245
0.6619861368850231,22,15,0.3904674321778522,1082.070774691534,1080.3912956967133,-1.6794789948207836,2.2342151810092132,2.2342151810092132,0.0,7.239659364393362,7.239744372317123,8.500792376064936e-05,1694.0,1696.0,2.0,9.648413508896857,9.648690505746977,0.0002769968501201703,0.27397829739793966,2123.952704155412,2122.8637947852812,-1.0889093701307502,2.7963145771021365,2.796314577101923,-2.1360690993788012e-13,7.7982328317189955,7.797997614013143,-0.00023521770585244184,3008.0,3011.0,3.0,15.089541829838188,15.084236079493913,-0.005305750344275495
0.6919457175929912,23,0,0.2149518592811897,1170.0866064411257,1169.1385429996035,-0.9480634415222084,2.260674176594912,2.260674176594912,0.0,7.269838647396638,7.269653179503582,-0.00018546789305595723,1742.0,1740.0,-2.0,10.395815590369027,10.379258304777844,-0.0165572855911833,0.21358530460774383,2179.752814910534,2177.845289439165,-1.907525471369354,2.9640575614436475,2.9640575614436475,0.0,7.797822809668536,7.798082446289042,0.0002596366205063205,2995.0,2999.0,4.0,15.761092701690602,15.730227079973556,-0.03086562171704621
0.6919457175929912,23,1,0.3202894444322568,1155.1533197133817,1153.9117209458482,-1.24159876753356,2.5527983958698224,2.5527983958698224,0.0,7.240353923912122,7.240208104061239,-0.00014581985088302218,1708.0,1708.0,0.0,10.68621726176037,10.673889037089282,-0.012328224671088961,0.2972248048222082,2132.800495097595,2131.603665147186,-1.1968299504092101,3.131701237527957,3.1363687365232944,0.004667498995337471,7.773540751821434,7.773329823379319,-0.00021092844211523243,2951.0,2950.0,-1.0,15.738463429228588,15.723499785051011,-0.014963644177576896
0.6919457175929912,23,2,0.20574195140251184,1158.1108656995589,1157.1345417413477,-0.9763239582111964,2.5023893474988994,2.502389347456758,-4.214140147951184e-11,7.262036274500498,7.261968461509147,-6.781299135116825e-05,1764.0,1766.0,2.0,10.626587650033642,10.625923946887259,-0.0006637031463831988,0.18995016848701468,2204.0884444523917,2202.92327061143,-1.1651738409618702,2.633657760695506,2.6336577606906464,-4.859668223389235e-12,7.792307983116782,7.793011074000667,0.0007030908838849825,2970.0,2973.0,3.0,15.991091450524555,15.97350930970698,-0.017582140817575365
0.6919457175929912,23,3,0.2682595593852405,1126.2638706053465,1124.6867599920201,-1.5771106133263402,2.470898807692065,2.45810963937128,-0.012789168320785027,7.261620384906853,7.261975231743679,0.0003548468368261837,1734.0,1735.0,1.0,9.989053172853048,9.978735748510742,-0.01031742434230587,0.2293019509352663,2196.266113188895,2194.4368133135376,-1.8292998753572647,2.9026548116326074,2.9026548116326074,0.0,7.784725341734774,7.784579020609446,-0.00014632112532808605,2951.0,2953.0,2.0,16.099885229758872,16.090012817929118,-0.009872411829753958
0.6919457175929912,23,4,0.4646884287537856,1148.572373942055,1147.6175639467124,-0.9548099953426572,2.3286274877195723,2.3800791542861495,0.05145166656657718,7.276222178168302,7.275674812754293,-0.0005473654140093487,1760.0,1759.0,-1.0,10.049916876248954,10.046121259080088,-0.0037956171688655616,0.6015967582657471,2158.6028862012827,2158.314665198111,-0.2882210031716568,2.905379838422428,2.905379838422428,0.0,7.791175224410775,7.791041251359065,-0.00013397305171025664,2981.0,2981.0,0.0,15.694838264261131,15.6899434291948,-0.004894835066330927
0.6919457175929912,23,5,0.5229005597370759,1159.6129397546679,1158.2222297999288,-1.3907099547391226,2.5094554905013218,2.5094554905013218,0.0,7.257482843396134,7.25741990267069,-6.294072544399398e-05,1727.0,1729.0,2.0,10.49046933372297,10.49217901004117,0.0017096763181996266,0.45920524446090016,2109.8690388562936,2108.1785358932448,-1.690502963048857,2.607098011183948,2.6070980138657935,2.6818454124111213e-09,7.765119248243894,7.764980628971184,-0.00013861927271019425,2904.0,2903.0,-1.0,15.552510533936868,15.527210335171981,-0.025300198764886872
0.6919457175929912,23,6,0.5059262915538862,1143.9160126836025,1142.3131151503326,-1.6028975332699247,2.5447488815861896,2.5447488815861896,0.0,7.252625087372211,7.252348332368043,-0.0002767550041680167,1721.0,1722.0,1.0,10.35980006288433,10.344158982010523,-0.015641080873807667,0.28305290457478605,2134.83340296349,2133.1277045863917,-1.7056983770980878,3.091401694182639,3.091401694182639,0.0,7.786710000919513,7.786654087555004,-5.59133645090526e-05,2960.0,2961.0,1.0,15.433767351406877,15.42327225806186,-0.01049509334501586
0.6919457175929912,23,7,0.24413709029415318,1112.247943185572,1110.523194252347,-1.7247489332251007,2.5662605558007288,2.5662605558007296,8.881784197001252e-16,7.234090338687021,7.2336522913832555,-0.00043804730376528767,1695.0,1694.0,-1.0,10.153589308523387,10.138486600543326,-0.01510270798006097,0.30879663144863895,2120.7480445945694,2118.6600732966954,-2.0879712978739917,3.11184587526134,3.11184587526134,0.0,7.794112273280183,7.794458512701532,0.00034623942134892616,2985.0,2984.0,-1.0,15.124490000683535,15.093483273172025,-0.031006727511510235
0.6919457175929912,23,8,0.3204045559430103,1184.0279692920744,1182.8693323981938,-1.1586368938806118,2.475911913954924,2.475911913954924,0.0,7.2682786976196745,7.268423631601304,0.00014493398162951365,1754.0,1754.0,0.0,10.779324151713608,10.756513881549523,-0.022810270164084656,0.4805669007522436,2124.827759674368,2123.2780139415836,-1.5497457327842312,2.9474911207684356,2.9474911207684347,-8.881784197001252e-16,7.772652438306257,7.772744966343691,9.252803743375893e-05,2931.0,2933.0,2.0,15.659836464156847,15.647332378996573,-0.012504085160273348
0.6919457175929912,23,9,0.5376266714220279,1137.7067050225153,1136.8615145710824,-0.8451904514329271,2.8222695944824676,2.8222695944824676,0.0,7.2346134436572775,7.234609244671245,-4.1989860326552275e-06,1705.0,1703.0,-2.0,10.560612589494633,10.561108768542429,0.0004961790477953087,0.41830857990147524,2147.4100410101964,2145.6740908032652,-1.735950206931193,2.687256603102338,2.687256603102405,6.705747068735946e-14,7.783731972806153,7.784095680266583,0.0003637074604299073,2951.0,2954.0,3.0,15.651036713783581,15.6254940964857,-0.025542617297881876
0.6919457175929912,23,10,0.2838398201226042,1165.2724245090699,1163.661295381357,-1.6111291277129567,2.2707195978120938,2.270719577047157,-2.0764936881079166e-08,7.259767932649919,7.2593568700990465,-0.0004110625508726429,1737.0,1737.0,0.0,10.466426868755399,10.461992859211893,-0.004434009543505368,0.26289645708169906,2110.7042516424235,2108.6370424309735,-2.067209211450063,3.295745349775404,3.2957453499235703,1.4816636806358474e-10,7.78608265003569,7.78643935483632,0.0003567048006303253,2952.0,2954.0,2.0,15.278635226262136,15.240474143490347,-0.0381610827717882
0.6919457175929912,23,11,0.3635585370433633,1164.0185177309543,1162.316666282928,-1.7018514480262183,2.4743989796833916,2.4639166021634296,-0.01048237751996206,7.255283213593352,7.254455870658757,-0.0008273429345955208,1728.0,1724.0,-4.0,10.531760541263544,10.50491264218243,-0.026847899081113624,0.22351432832857315,2140.774763209207,2139.092633797499,-1.682129411708047,2.9442681019817414,2.9442681019817414,0.0,7.779071537711004,7.779658336568819,0.0005867988578156513,2944.0,2944.0,0.0,15.657242434477688,15.621628344239138,-0.03561409023854978
0.6919457175929912,23,12,0.43038872218093227,1131.5629657968263,1129.6738856545985,-1.88908014222784,2.7554118046699814,2.755410670942843,-1.1337271383915493e-06,7.231086298518833,7.230276020615235,-0.0008102779035983332,1695.0,1693.0,-2.0,10.520793147683609,10.507989556398718,-0.01280359128489117,0.3743313863447139,2119.7868601568944,2118.029985605009,-1.7568745518851756,3.157273588322126,3.157273588322126,0.0,7.766343024762586,7.766232698494022,-0.00011032626856355421,2906.0,2905.0,-1.0,15.54654231664915,15.528076967920642,-0.018465348728508246
0.6919457175929912,23,13,0.7717689379433568,1182.2943840166886,1179.6250899675429,-2.6692940491457193,2.3789586841894064,2.3921930099015647,0.013234325712158324,7.261986134695011,7.261055430391326,-0.000930704303685026,1744.0,1741.0,-3.0,10.636708436767254,10.607594337005771,-0.029114099761482493,0.3094499370264937,2148.093205473089,2145.6984160574666,-2.394789415622199,2.8781499651487152,2.8781499651639755,1.5260237518077702e-11,7.769101443607341,7.768793932784292,-0.00030751082304902866,2916.0,2918.0,2.0,15.908202284222341,15.879931771268106,-0.02827051295423466
0.6919457175929912,23,14,0.43028480910055655,1154.3746426535454,1153.646930616351,-0.7277120371943511,2.5020512026786816,2.5020512026786816,0.0,7.256054228030693,7.2561205644185165,6.633638782371776e-05,1727.0,1725.0,-2.0,10.405688218792688,10.396658444195683,-0.009029774597005158,0.22135783788828212,2135.8157545961403,2135.361065745691,-0.4546888504492017,2.926716664637786,2.926716664637786,0.0,7.780329705456837,7.77988785496566,-0.00044185049117739794,2969.0,2966.0,-3.0,15.683107917923932,15.692988439999969,0.009880522076036513
0.6919457175929912,23,15,0.4705303068770387,1145.6055363686705,1144.6270864877974,-0.9784498808730859,2.446143902792564,2.5314350241066306,0.08529112131406658,7.2488678497082075,7.248821645148825,-4.620455938209034e-05,1729.0,1729.0,0.0,10.447468427320796,10.441443279919994,-0.006025147400801956,0.33067031576144634,2127.418822502479,2126.4407140060193,-0.978108496459754,2.9238815599391788,2.9222584140714103,-0.0016231458677684607,7.755621017852562,7.756373497624232,0.0007524797716698117,2868.0,2872.0,4.0,15.879539538315285,15.85365042037021,-0.025889117945075313
0.723261182399108,24,0,0.300696317099117,1187.7576614171485,1186.2381968960606,-1.5194645210879116,2.386606865287417,2.3866068652874173,4.440892098500626e-16,7.24219325126913,7.2422021116635165,8.860394386189796e-06,1718.0,1715.0,-3.0,11.021518893331574,11.000910415494545,-0.02060847783702968,0.46159400530254363,2265.388467977081,2264.1753771084304,-1.2130908686503972,3.0372063675121392,3.0372063681778716,6.657323581293895e-10,7.785930094099456,7.78622793769721,0.0002978435977540883,2960.0,2962.0,2.0,16.919607498953255,16.895011527261893,-0.02459597169136174
0.723261182399108,24,1,0.26191236200411455,1197.3076660083327,1195.6987879164258,-1.608878091906945,2.5226495664077966,2.5204496707321318,-0.002199895675664809,7.23496015050636,7.234784200749491,-0.000175949756869187,1699.0,1698.0,-1.0,11.245760177288894,11.243896718619402,-0.0018634586694918909,0.27482811025526077,2226.000961868925,2224.243822700478,-1.7571391684468836,3.3786521496621114,3.3786521496621114,0.0,7.772705801503121,7.772155867611525,-0.0005499338915955221,2928.0,2927.0,-1.0,16.721602385561006,16.71708717254536,-0.00451521301564739
0.723261182399108,24,2,0.3441121807355668,1228.3391791937147,1227.7418041348242,-0.5973750588905204,2.8390987330718365,2.886600691687058,0.04750195861522144,7.244029699273831,7.244491420486945,0.0004617212131137194,1717.0,1719.0,2.0,11.64823524859705,11.65017708178336,0.0019418331863096938,0.6461381935722336,2226.1175700162926,2225.078213385489,-1.0393566308034679,2.807158776721838,2.8067604753101447,-0.0003983014116930583,7.787800804600413,7.787574653122788,-0.00022615147762472532,2962.0,2962.0,0.0,16.4535633977623,16.431614695150476,-0.021948702611823023
0.723261182399108,24,3,0.3843478496054921,1213.5004674188458,1212.437828052491,-1.0626393663546878,2.8289268099711604,2.828927021268395,2.1129723437596226e-07,7.240229537798422,7.240862884502393,0.0006333467039709717,1721.0,1722.0,1.0,11.449309338252641,11.437058817934284,-0.012250520318357161,0.24742075359970825,2317.990849091613,2316.3567461806406,-1.634102910972615,2.8812830964153457,2.8812186711136536,-6.442530169215033e-05,7.789914813348059,7.78998160564449,6.679229643147266e-05,2971.0,2971.0,0.0,17.27719270650666,17.259599122013743,-0.017593584492917813
0.723261182399108,24,4,0.42094160729646546,1225.7284528034243,1224.8233385339572,-0.9051142694670489,2.876263997443954,2.876263997443954,0.0,7.237383611106298,7.237331481387415,-5.2129718882909515e-05,1704.0,1706.0,2.0,11.687627566890605,11.675982184325274,-0.011645382565330209,0.33225584674996167,2267.5600003181517,2266.047416833365,-1.5125834847867736,2.8352255412927643,2.8352255412927683,3.9968028886505635e-15,7.779020576471547,7.778934008070523,-8.65684010236123e-05,2948.0,2945.0,-3.0,17.080528157143334,17.060601744571482,-0.019926412571852126
0.723261182399108,24,5,0.37778269583108204,1210.1106036595875,1208.4898907734141,-1.6207128861733509,2.5158264292069177,2.5158264292069177,0.0,7.242977461456898,7.242461237194852,-0.0005162242620464497,1704.0,1702.0,-2.0,11.299236043255778,11.28086805564124,-0.018367987614537284,0.2593706456688133,2253.419279943723,2252.4117327649874,-1.0075471787354218,3.0926657190517215,3.0926657143008622,-4.750859261548612e-09,7.7851845526054735,7.785058554009858,-0.00012599859561568394,2953.0,2952.0,-1.0,16.702887089851096,16.685879660158506,-0.017007429692590392
0.723261182399108,24,6,0.34142170519460213,1243.650850880783,1243.859841608236,0.20899072745282865,2.5417106898033883,2.5417106898033883,0.0,7.249450771321655,7.249615780590811,0.00016500926915608005,1729.0,1731.0,2.0,11.723205032823268,11.732915079287405,0.009710046464137534,0.36640796129755315,2279.3504197707903,2278.9630306189056,-0.38738915188469036,3.4461278311254033,3.446127831125335,-6.838973831690964e-14,7.803483235033825,7.80327745245147,-0.00020578258235559588,3017.0,3017.0,0.0,16.81650523412055,16.81194322892459,-0.00456200519596095
0.723261182399108,24,7,0.2932430555826513,1251.6974585083856,1250.1062773649787,-1.5911811434068568,2.8646939034406844,2.8646939034406844,0.0,7.262791326491337,7.262736473896011,-5.4852595326337905e-05,1751.0,1752.0,1.0,11.857892791068792,11.84189923555377,-0.01599355551502235,0.22192516293013337,2277.7023128058136,2275.617355082126,-2.084957723687694,2.885197557565038,2.885197557565038,0.0,7.786306606166706,7.7858454833393544,-0.0004611228273514456,2958.0,2955.0,-3.0,16.95406579458353,16.931566721137187,-0.022499073446343942
0.723261182399108,24,8,0.19256331889183217,1185.2148809373248,1184.392273752092,-0.822607185232755,2.9584660991716705,2.9584660991716705,0.0,7.235071827265954,7.234943001526105,-0.00012882573984906998,1695.0,1697.0,2.0,11.213075146203515,11.214222737822308,0.0011475916187926316,0.3641730123945088,2277.400868418774,2276.1530679046887,-1.2478005140851565,3.054777597709679,3.054777597709679,0.0,7.790548283278273,7.79042899003036,-0.0001192932479128217,2988.0,2987.0,-1.0,17.03753277427621,17.019046704019203,-0.018486070257008436
0.723261182399108,24,9,0.2518584967525352,1173.91816336676,1173.5097157403263,-0.408447626433599,2.738005111488346,2.738005111493206,4.860112312599085e-12,7.22780696208364,7.227756721304978,-5.0240778661780894e-05,1693.0,1694.0,1.0,11.240116555276284,11.243921940900258,0.0038053856239734785,0.364411503362415,2300.013697399215,2299.9764308582626,-0.037266540952259675,3.0133762610934784,3.0133762459526423,-1.5140836140403735e-08,7.790968703871171,7.790164439677504,-0.0008042641936665262,3003.0,2998.0,-5.0,17.35843333784251,17.36327973158873,0.004846393746220201
0.723261182399108,24,10,0.26575223510116885,1181.3377576129735,1179.6859012522698,-1.6518563607037322,2.427035936467587,2.355285476648811,-0.07175045981877615,7.245388173833269,7.244457158802945,-0.0009310150303241116,1712.0,1711.0,-1.0,10.897548242744715,10.888591263919126,-0.00895697882558899,0.3629749198414288,2267.5141020284436,2266.052334704089,-1.461767324354696,2.715974351921492,2.715974351921492,0.0,7.7908376630163705,7.790492534173891,-0.00034512884247916986,2972.0,2975.0,3.0,16.73471873084457,16.732806013653406,-0.0019127171911641483
0.723261182399108,24,11,0.4068652228566297,1225.830083509094,1223.8727207687336,-1.957362740360395,2.5846039327385104,2.5846039327385104,0.0,7.258852260682939,7.2578682194503115,-0.0009840412326278525,1743.0,1744.0,1.0,11.464442015895434,11.475310140491622,0.010868124596187911,0.3491145348713246,2273.6761599315446,2271.266806035619,-2.4093538959255056,3.1366257842295804,3.1366308825327787,5.0983031982809734e-06,7.777258043182442,7.777677720028739,0.00041967684629629076,2933.0,2937.0,4.0,17.149050982001363,17.112855795725412,-0.03619518627595042
0.723261182399108,24,12,0.4662889379214037,1216.1499911414396,1214.677719852534,-1.472271288905631,2.6150500120321114,2.6150500120321114,0.0,7.245422023084592,7.244592196225689,-0.0008298268589026492,1706.0,1705.0,-1.0,11.272413804853665,11.282041889103274,0.009628084249609259,0.511217579223183,2255.9335916421396,2253.8319128613693,-2.1016787807702713,2.8059046146075493,2.8051321082878196,-0.0007725063197296933,7.804273895857083,7.804012897811086,-0.00026099804599688525,3033.0,3034.0,1.0,16.609668773869284,16.598837003740986,-0.010831770128298501
0.723261182399108,24,13,0.440238566595483,1193.263269344361,1191.649084752046,-1.6141845923150413,2.4434053130719597,2.4434053130719597,0.0,7.254700032664045,7.254539686300438,-0.00016034636360728882,1729.0,1731.0,2.0,10.994560295973269,10.990499499459764,-0.004060796513504883,0.3995240217099383,2246.3387783324456,2244.3759133353587,-1.9628649970868537,3.0447615737333806,3.0447615737333806,0.0,7.784198951814143,7.783766328115534,-0.00043262369860919136,2980.0,2981.0,1.0,16.805714546082715,16.79278586830485,-0.01292867777786455
0.723261182399108,24,14,0.2100042677131635,1159.0029148195413,1158.97567590385,-0.02723891569121406,2.698081430217515,2.698081430217515,0.0,7.230504823275939,7.229830695691837,-0.0006741275841015693,1690.0,1689.0,-1.0,10.796791926013485,10.800100417679149,0.0033084916656633823,0.15057339627071115,2285.1200130575403,2284.8021440375896,-0.3178690199506491,3.6567688408940686,3.6567689285365508,8.764248216053261e-08,7.779734410534337,7.779499030528548,-0.00023538000578859908,2934.0,2933.0,-1.0,17.016399071019155,17.009654082654507,-0.006744988364648208
0.723261182399108,24,15,0.1573098340393192,1224.6155229073702,1222.8319823830493,-1.7835405243208697,2.437759941005906,2.437759941005906,0.0,7.239737812792855,7.239580486184441,-0.0001573266084138325,1694.0,1694.0,0.0,11.498167119026252,11.48316437128746,-0.015002747738792621,0.20034061246756474,2268.1342313893792,2266.271180076884,-1.8630513124953723,3.061488471054645,3.0614884674821443,-3.5725005176345803e-09,7.787141794777108,7.786718863809999,-0.00042293096710910305,2985.0,2982.0,-3.0,16.959526133195574,16.94329378363367,-0.016232349561903447
0.755993894701798,25,0,0.3633113196847937,1265.6424047457385,1264.094268866837,-1.5481358789015758,2.595894339565254,2.595894339425341,-1.3991297009852133e-10,7.249984356232323,7.250354505664248,0.00037014943192481553,1739.0,1737.0,-2.0,12.059875024545232,12.037162982365226,-0.022712042180005554,0.29805354459774624,2385.7887121643544,2383.8090984634555,-1.9796137008988808,3.1024682787817786,3.1024682787817786,0.0,7.800825541854473,7.800258101309947,-0.0005674405445263986,2988.0,2985.0,-3.0,17.901121887375464,17.885416233288037,-0.015705654087426524
0.755993894701798,25,1,0.31667865643551874,1256.6063310289396,1254.1299210206657,-2.476410008273888,2.7278023836809817,2.73227402389233,0.004471640211348493,7.252176929797469,7.251208581370942,-0.0009683484265270437,1734.0,1737.0,3.0,11.950488428367033,11.934129677405627,-0.016358750961405377,0.1959564452442288,2336.456359765668,2333.6529283245964,-2.8034314410715524,3.221667147603979,3.221667147603979,0.0,7.784830711474525,7.784027030278022,-0.0008036811965030921,2943.0,2939.0,-4.0,17.63836259308497,17.623084027437077,-0.015278565647893316
0.755993894701798,25,2,0.5528038070539967,1273.8776709224198,1273.0490915504251,-0.8285793719946923,2.513033956160391,2.5509152960741828,0.037881339913791834,7.252118635336009,7.251605849620096,-0.0005127857159132887,1723.0,1721.0,-2.0,12.154508639828283,12.154443998245542,-6.464158274077647e-05,0.20560673752102124,2331.2386145132027,2330.6233630511233,-0.6152514620794136,3.2844830391611946,3.2844830384705195,-6.906750726898281e-10,7.7843857707743425,7.784457810209437,7.20394350945952e-05,2958.0,2958.0,0.0,17.756762802551314,17.74539898550088,-0.011363817050433767
0.755993894701798,25,3,0.3531161845121358,1223.662630700243,1222.479395786676,-1.1832349135670484,2.838841119151513,2.8227883978728667,-0.01605272127864632,7.222141886901348,7.2210919253566,-0.0010499615447479016,1706.0,1704.0,-2.0,11.986174923033973,11.988159696364765,0.0019847733307916116,0.2346171496368612,2402.3122014721325,2400.163398989288,-2.1488024828445305,2.794808049765779,2.794808049765779,0.0,7.792974774628807,7.792735134144707,-0.00023964048410007877,2952.0,2954.0,2.0,18.07057233306507,18.062891432240598,-0.007680900824471593
0.755993894701798,25,4,0.2549068036158206,1263.0723310403127,1261.5258869640386,-1.546444076274156,2.631877220653201,2.6318772206532004,-4.440892098500626e-16,7.254578658843832,7.253471343254018,-0.0011073155898140286,1750.0,1750.0,0.0,12.068286964229314,12.072044481187184,0.0037575169578705214,0.20244151332889632,2390.674216572104,2389.3187586907966,-1.3554578813073022,3.138304748999256,3.138304748999256,0.0,7.781781096998593,7.781716030195435,-6.506680315787605e-05,2961.0,2959.0,-2.0,18.443790967897375,18.42882765273883,-0.014963315158546209
0.755993894701798,25,5,0.4400734084474416,1229.4932635558157,1228.5199544195061,-0.9733091363095809,2.5784603312895036,2.755478583054922,0.17701825176541863,7.224075165492723,7.222741519636562,-0.0013336458561603592,1681.0,1681.0,0.0,11.829687156098156,11.849990228104923,0.020303072006766953,0.27063631747015315,2355.1207777762193,2353.8212270881945,-1.2995506880247376,3.1134493582049667,3.1134493582049667,0.0,7.794809141279462,7.794570262671824,-0.00023887860763771585,2990.0,2989.0,-1.0,17.779373582965178,17.77280636747311,-0.006567215492069067
0.755993894701798,25,6,0.4819127482112064,1274.7801133258415,1274.2452397674588,-0.534873558382742,2.9428321527384522,2.9428321527384522,0.0,7.257660674428858,7.25792621835944,0.0002655439305820906,1743.0,1747.0,4.0,12.169942299303514,12.180411321554306,0.010469022250791937,0.2888461176863811,2323.8746588968706,2323.324350104871,-0.5503087919996688,2.770331138621425,2.770331138621423,-2.220446049250313e-15,7.792453129374257,7.792094258113407,-0.0003588712608504352,2975.0,2972.0,-3.0,17.324531095666703,17.31939402623601,-0.00513706943069181
0.755993894701798,25,7,0.36144540471906694,1244.2554771192822,1242.9834173517602,-1.2720597675220233,2.592355918796382,2.600642604147589,0.008286685351206913,7.228571940655626,7.228510232770222,-6.170788540416083e-05,1691.0,1693.0,2.0,12.038878867361014,12.036863816733343,-0.0020150506276710445,0.36916283278404094,2377.723097991313,2376.424134360825,-1.2989636304878331,3.3533668234545373,3.3533668234545373,0.0,7.78729101428587,7.787642280269726,0.0003512659838555976,2975.0,2979.0,4.0,18.190255600745775,18.171510434834715,-0.018745165911060013
0.755993894701798,25,8,0.5135569714239703,1262.8808457655073,1260.7380613522876,-2.142784413219715,2.9514368887564078,2.9514368887564078,0.0,7.254169988039903,7.253215273877105,-0.0009547141627983535,1739.0,1736.0,-3.0,12.13628466738061,12.131725442183397,-0.004559225197212413,0.34073382598997165,2371.934326628808,2370.2098199752872,-1.7245066535206206,2.932718659134234,2.9327203702577087,1.7111234749123128e-06,7.783595611042067,7.783407772117184,-0.00018783892488283271,2951.0,2948.0,-3.0,18.049611168448497,18.03042213791113,-0.019189030537365426
0.755993894701798,25,9,0.4322660726800134,1281.0735636282511,1279.8516414551796,-1.2219221730715617,2.723798390630685,2.7237889453940185,-9.445236666572043e-06,7.256621801736534,7.255572388975571,-0.0010494127609632642,1738.0,1737.0,-1.0,12.12237422416084,12.13451763883189,0.012143414671049513,0.4762153444321774,2349.9777425607826,2348.203231886595,-1.7745106741876953,3.471588148216997,3.471588148216997,0.0,7.793508025114065,7.793281072708231,-0.00022695240583381349,2998.0,2994.0,-4.0,17.814535231813768,17.79577524773554,-0.01875998407822621
0.755993894701798,25,10,0.595063986194314,1244.269368722212,1243.8906942889341,-0.3786744332778653,2.6724821704822537,2.7110212149997874,0.03853904451753376,7.261783013819761,7.26131991956769,-0.0004630942520709169,1745.0,1742.0,-3.0,11.63215391742161,11.649244454934713,0.017090537513103854,0.40313070867494,2383.487752028298,2383.19811523255,-0.28963679574781054,3.1109178565886535,3.110917856588653,-4.440892098500626e-16,7.792829279515803,7.7923120721164665,-0.0005172073993362503,2989.0,2985.0,-4.0,18.136718545943392,18.142755845599734,0.006037299656341588
0.755993894701798,25,11,0.20492611921804926,1252.3581300097776,1249.8786138169557,-2.4795161928218477,3.110427011101492,3.1104270110865966,-1.489519618758095e-11,7.253264107621127,7.251553066980443,-0.0017110406406839473,1712.0,1708.0,-4.0,11.823733527222476,11.814840616228743,-0.008892910993733238,0.2028177279315025,2372.6800946552157,2370.265987388689,-2.414107266526571,3.1694529745772844,3.1694529745772844,0.0,7.795616196626572,7.795757211793157,0.00014101516658548974,2978.0,2978.0,0.0,18.066322058037144,18.0284648600195,-0.03785719801764387
0.755993894701798,25,12,0.2890025503318736,1259.1140841242727,1258.2898728245877,-0.8242112996849755,2.7725777771347038,2.7725777771347038,0.0,7.219971575766204,7.22019937028934,0.00022779452313592685,1687.0,1689.0,2.0,12.486790518075027,12.481017317102735,-0.005773200972292614,0.29650325949400425,2421.2017631640897,2419.9669021350423,-1.2348610290473516,2.883297900969509,2.883297900969509,0.0,7.794675943726042,7.7942236606131114,-0.00045228311293055157,2985.0,2982.0,-3.0,18.475315751606477,18.466690909985843,-0.008624841620633816
0.755993894701798,25,13,0.5906904417710035,1286.1138903465671,1284.1899360311759,-1.9239543153912564,2.7447484046657236,2.977511584381481,0.23276317971575722,7.261395172100383,7.262314079094141,0.0009189069937578509,1736.0,1738.0,2.0,12.285498554166196,12.262878886940337,-0.022619667225859175,0.40342981363514746,2413.430483434492,2411.139105052875,-2.2913783816170508,3.9546801769920115,3.9546801769920115,0.0,7.781393971859984,7.781457710708507,6.373884852273193e-05,2973.0,2974.0,1.0,18.839096441097652,18.80682641965063,-0.0322700214470224
0.755993894701798,25,14,0.285538813472502,1251.8285849279068,1251.3010102443427,-0.5275746835641257,2.6817945894321555,2.6817945894321547,-8.881784197001252e-16,7.2334936424094405,7.23282027440978,-0.0006733679996608899,1709.0,1707.0,-2.0,12.207309846929958,12.206613286239458,-0.0006965606904998367,0.27508068271940334,2412.5020929147167,2411.1450894251,-1.3570034896165453,3.0438438462360637,3.043843846236025,-3.863576125695545e-14,7.7931558819111295,7.79271894730152,-0.000436934609609807,2972.0,2970.0,-2.0,18.35209147341063,18.350131768635126,-0.001959704775504889
0.755993894701798,25,15,0.6259306168078477,1288.9101477590514,1287.4469384511358,-1.4632093079155766,2.6998977071335597,2.868312046409223,0.1684143392756634,7.266562655200424,7.266045610782863,-0.0005170444175615074,1740.0,1737.0,-3.0,12.12245779799829,12.11713927218474,-0.005318525813549968,0.3383156858751873,2374.3502012635354,2372.6816604988335,-1.668540764701902,2.9385518537775344,2.9385518537775344,0.0,7.800087503978155,7.799952171129577,-0.00013533284857736305,2994.0,2993.0,-1.0,17.714140827785673,17.697811210908867,-0.01632961687680634
0.7902079950296776,26,0,0.584155600784753,1286.8396522971143,1286.833100864756,-0.006551432358264719,2.8188240743356023,2.819534248724445,0.0007101743888426881,7.221873617580692,7.221447292663924,-0.00042632491676819484,1693.0,1693.0,0.0,12.973202844510547,12.983632489089489,0.010429644578941577,0.4197796375184213,2506.1487211296835,2505.631918891745,-0.5168022379384638,2.9994794117665347,2.9994794117665324,-2.220446049250313e-15,7.7816327357431625,7.781228492631442,-0.00040424311172060357,2943.0,2946.0,3.0,19.790830933646266,19.798081750910544,0.007250817264278453
0.7902079950296776,26,1,0.3327464242324575,1309.6017025339113,1308.2356737969499,-1.3660287369614252,3.0575630519512877,3.0575630519512877,0.0,7.244447750876989,7.243287745671373,-0.0011600052056159882,1706.0,1704.0,-2.0,12.952776311632942,12.963950150288683,0.01117383865574162,0.18886156638673554,2474.0971064217497,2473.3108442814155,-0.7862621403342018,3.5188078658365307,3.5188078658365307,0.0,7.798231754188627,7.798243138037746,1.1383849119361855e-05,3005.0,3005.0,0.0,19.129552069399427,19.11420497492655,-0.015347094472875966
0.7902079950296776,26,2,0.4243233100526771,1305.896792181214,1304.5029380388328,-1.3938541423813149,2.840095689973736,3.1088699506745727,0.26877426070083654,7.239616865206346,7.238947767554931,-0.0006690976514152069,1688.0,1690.0,2.0,12.764494189985,12.785820710370906,0.02132652038590699,0.21253211734420568,2445.2255914249945,2443.0124502704266,-2.213141154567893,3.689240541977653,3.6892405419985654,2.09126049810493e-11,7.787323877145771,7.787050888671391,-0.0002729884743795097,2970.0,2968.0,-2.0,19.112515058248388,19.09153732972094,-0.02097772852744839
0.7902079950296776,26,3,0.2392424200284296,1345.1301965098821,1343.551057287163,-1.57913922271905,2.785405427814574,2.7854054276568228,-1.5775114547977864e-10,7.2531222595348,7.252611576576841,-0.0005106829579588634,1734.0,1735.0,1.0,13.123548201734001,13.11466571359844,-0.008882488135562028,0.14227359130870038,2473.3708136740124,2472.2894950727077,-1.0813186013047016,3.243028750589445,3.243028750589445,0.0,7.788615022529074,7.788225587151062,-0.00038943537801205963,2990.0,2988.0,-2.0,19.30155993255516,19.287088112134125,-0.014471820421036341
0.7902079950296776,26,4,0.16446086829210196,1335.934733900053,1334.8819067632764,-1.0528271367766138,2.809905002054659,2.809905002054659,0.0,7.270614719506929,7.271421087806728,0.0008063682997994093,1742.0,1742.0,0.0,12.810270490198192,12.79031085572746,-0.019959634470732013,0.11330709404911199,2479.1856432913532,2477.633887271784,-1.5517560195694386,3.212956856198039,3.2129572732729392,4.1707490039399886e-07,7.787866213861343,7.78819353819763,0.000327324336287127,2964.0,2967.0,3.0,19.404836387909153,19.380319943089788,-0.024516444819365546
0.7902079950296776,26,5,0.3670159165721312,1279.497828230331,1278.93436387831,-0.5634643520209011,2.948719012325132,2.9946530481574065,0.0459340358322744,7.2340705545601365,7.233774362288868,-0.00029619227126875813,1694.0,1693.0,-1.0,12.610763268989832,12.614078598554293,0.0033153295644616776,0.29280224351183326,2483.3025355401064,2482.2926285120902,-1.0099070280161868,3.3942137972660005,3.3942137972660005,0.0,7.79032664525259,7.79072395548542,0.0003973102328300726,2989.0,2990.0,1.0,19.39980777138451,19.38697344429133,-0.012834327093180775
0.7902079950296776,26,6,0.34978742415003194,1328.9633966342328,1327.1714025746485,-1.79199405958434,2.935760953380644,2.935760953380644,0.0,7.266449504784205,7.26667663805765,0.00022713327344447976,1738.0,1738.0,0.0,12.714954018036604,12.695355386493087,-0.019598631543516376,0.7661790111118685,2473.754623430693,2472.133576178423,-1.6210472522698183,3.0940610887249407,3.0940610887249407,0.0,7.786123492882561,7.786385654722666,0.0002621618401050796,2948.0,2951.0,3.0,19.204598392368624,19.179697070831796,-0.024901321536827226
0.7902079950296776,26,7,0.3615293043050908,1340.2810346469196,1338.97446805367,-1.3065665932494994,2.770306345901299,3.038127952310702,0.2678216064094032,7.283601094859736,7.283087865789302,-0.0005132290704343845,1780.0,1782.0,2.0,12.81110741695712,12.826446580028051,0.01533916307093186,0.254927173855575,2482.206838769839,2480.6727435195044,-1.534095250334758,3.0373409913923664,3.0373409913923664,0.0,7.798471595283237,7.797866852611462,-0.0006047426717747939,2999.0,3002.0,3.0,19.227523156417874,19.225452718368267,-0.0020704380496070485
0.7902079950296776,26,8,0.2639086386353727,1304.8477563415763,1304.04635738843,-0.8013989531464176,2.632134057316822,2.617287688978735,-0.014846368338087057,7.248666169087244,7.2487784022425705,0.00011223315532671307,1720.0,1721.0,1.0,12.570390315533572,12.554788902434975,-0.015601413098597305,0.2540738836294456,2537.5442680719134,2536.440521773425,-1.103746298488204,3.48855507354821,3.4885323020299044,-2.277151830565316e-05,7.798603982655425,7.798761706696395,0.00015772404096914272,3009.0,3007.0,-2.0,19.774593050654406,19.757542199284146,-0.017050851370260744
0.7902079950296776,26,9,0.18092572105930266,1317.7440137522212,1316.3042719195805,-1.4397418326407205,2.83428452909671,2.83428452909671,0.0,7.262628214968751,7.262604764488673,-2.345048007779127e-05,1741.0,1741.0,0.0,12.624315765216723,12.607215345516865,-0.017100419699858094,0.35546519662393206,2454.9669801415957,2452.938692876578,-2.0282872650177524,3.3231866567343866,3.257396972214829,-0.06578968451955758,7.791638054899368,7.79158389196596,-5.416293340765321e-05,2968.0,2969.0,1.0,18.979883961950087,18.94090689720895,-0.03897706474113605
0.7902079950296776,26,10,0.45060634057719784,1305.2021349008962,1304.5100369041404,-0.6920979967558196,2.8090151904413583,2.8090151904413583,0.0,7.241486006703525,7.24101600707446,-0.00046999962906468795,1720.0,1720.0,0.0,12.793554283554439,12.795467871233942,0.0019135876795033369,0.3562017414531358,2465.4208593724275,2464.803814762142,-0.6170446102855749,3.0145113117972384,3.0145113117972384,0.0,7.794128816661748,7.794291699862519,0.0001628832007716241,2986.0,2987.0,1.0,19.031926368437215,19.023961964135047,-0.007964404302168049
0.7902079950296776,26,11,0.503241488563652,1339.624048573212,1338.5139466701216,-1.1101019030902535,3.354859411982665,3.354859411982665,0.0,7.261467504004788,7.260867597189167,-0.0005999068156210541,1750.0,1749.0,-1.0,13.107421598438808,13.112579143583057,0.005157545144248488,0.2018285001600429,2404.5622376312367,2402.7428610188504,-1.8193766123863497,3.24991313639904,3.2506108135136644,0.0006976771146245397,7.777333149919633,7.777415308198143,8.215827851021373e-05,2953.0,2951.0,-2.0,18.65617058979095,18.609415479409346,-0.046755110381603515
0.7902079950296776,26,12,0.5768817219513469,1299.2158776996705,1297.3364708175804,-1.879406882090052,3.2639986003593897,3.2639986003593897,0.0,7.25068789899775,7.249720068440727,-0.0009678305570233192,1738.0,1739.0,1.0,12.646461139228606,12.656548337920018,0.01008719869141217,0.2990330351172079,2467.2307270044157,2465.698765293613,-1.531961710802534,3.6143497736490207,3.6133387184575354,-0.001011055191485255,7.783113175589786,7.783180701983674,6.752639388718507e-05,2939.0,2942.0,3.0,19.368057743037742,19.34183189371564,-0.02622584932210259
0.7902079950296776,26,13,0.24766001648386798,1299.636862284608,1298.523174185727,-1.1136880988810844,2.6549011759066845,2.6549011759066845,0.0,7.24535394716883,7.245614698654817,0.00026075148598714293,1729.0,1730.0,1.0,12.696038648213728,12.68493929965792,-0.011099348555807964,0.3362103652384175,2499.676443838658,2498.311869143927,-1.3645746947308908,3.281166622005985,3.2811666627657354,4.075975024164791e-08,7.781590980028502,7.7814095061678685,-0.00018147386063382953,2943.0,2943.0,0.0,19.638295455240247,19.62573485368209,-0.012560601558156748
0.7902079950296776,26,14,0.2715356855452587,1303.7038465543144,1303.396137730998,-0.30770882331648863,2.924775224351854,2.924775224351854,0.0,7.254810628009486,7.254494211842097,-0.00031641616738919964,1713.0,1715.0,2.0,12.529115308118618,12.534271798066593,0.005156489947975018,0.3769539586563452,2536.6323743706116,2536.2694777985043,-0.36289657210727455,3.229376756572289,3.1401848802506036,-0.08919187632168546,7.804629958898365,7.804166311284447,-0.00046364761391881615,3023.0,3022.0,-1.0,19.612806772174622,19.606430246602724,-0.006376525571898384
0.7902079950296776,26,15,0.3437645088766339,1303.9886657126274,1303.2444676019018,-0.7441981107256197,2.9047853072465224,2.9047853984657452,9.121922284194284e-08,7.255208526222777,7.25541555933411,0.00020703311133285496,1726.0,1725.0,-1.0,12.638363655573214,12.616590152025164,-0.021773503548049078,0.2467386142712677,2493.7214343305177,2493.4249179501035,-0.2965163804142321,3.247881848566081,3.247881848566081,0.0,7.794137885407855,7.793650703383751,-0.000487182024103916,2993.0,2993.0,0.0,19.504652164457,19.50382617976486,-0.0008259846921383485
0.8259705267264483,27,0,0.5179518940686413,1373.1576277844285,1372.106547196165,-1.0510805882636305,2.8350652114644928,2.8350652114644928,0.0,7.231734936512471,7.23140211263657,-0.0003328238759001678,1688.0,1688.0,0.0,13.914484158648659,13.91508567718317,0.0006015185345109586,0.49227460215897395,2644.868715599961,2643.82818821238,-1.0405273875808234,3.7258882987114466,3.7258882987108146,-6.319389456166391e-13,7.804231295131556,7.803771743124205,-0.00045955200735114943,3041.0,3037.0,-4.0,21.180184626772633,21.165441194547125,-0.014743432225508002
0.8259705267264483,27,1,0.4172075669922416,1385.9776196551747,1384.5412336587663,-1.4363859964084895,2.6023200026522124,2.607858511349358,0.005538508697145783,7.273159984533214,7.273901305428458,0.0007413208952442574,1772.0,1774.0,2.0,13.417926512475345,13.393522196417424,-0.024404316057921704,0.33837286605923955,2567.333748303496,2566.175888654294,-1.157859649202237,3.319391287196691,3.319391287196691,0.0,7.778197560176779,7.777984344657039,-0.00021321551974029518,2953.0,2953.0,0.0,20.482749824706367,20.473062811451133,-0.009687013255234689
0.8259705267264483,27,2,0.1280724146529954,1341.4212088903944,1341.2648940303718,-0.15631486002257589,3.249343303228599,3.249343303228599,0.0,7.245193490909674,7.245376530485727,0.00018303957605247945,1703.0,1703.0,0.0,13.221995230486387,13.21533503291162,-0.006660197574767324,0.32311856103827497,2551.5280800320265,2551.020160640215,-0.507919391811356,3.512990440427749,3.512990440427749,0.0,7.773431942547694,7.773446958494112,1.5015946418728277e-05,2937.0,2936.0,-1.0,20.487172598759113,20.484512272255266,-0.0026603265038467327
0.8259705267264483,27,3,0.30716235105852197,1371.4432579378808,1369.63016927986,-1.813088658020888,2.9815763552069363,2.958407640475306,-0.023168714731630402,7.248903080397129,7.248506390142677,-0.0003966902544521034,1725.0,1724.0,-1.0,13.668624981924713,13.636799192843524,-0.03182578908118927,0.21550640108097566,2586.758701166384,2585.783742670355,-0.9749584960291031,2.9638615156549633,2.9638615156549633,0.0,7.78665511189599,7.787091209146444,0.00043609725045445913,2971.0,2970.0,-1.0,20.55421738326037,20.52093080287383,-0.03328658038653742
0.8259705267264483,27,4,0.3300925606952282,1401.1466401350622,1400.624128657947,-0.5225114771151311,3.2552659097615555,3.2552659097667376,5.182076989740381e-12,7.2570868017641645,7.257983926384595,0.0008971246204305672,1738.0,1743.0,5.0,13.89097209648749,13.892679109023641,0.0017070125361513533,0.18215216805158352,2570.270462507025,2569.636622282236,-0.6338402247888553,3.260963107533682,3.260963107533682,0.0,7.7750162558805584,7.774899335469739,-0.00011692041081978743,2954.0,2954.0,0.0,20.88152370402879,20.875418468591477,-0.006105235437313894
0.8259705267264483,27,5,0.47371453927694884,1398.2825836348475,1397.2910964032176,-0.9914872316298897,2.8385889218524536,2.9520657156223384,0.11347679376988484,7.246861359803525,7.245610461457456,-0.0012508983460683964,1709.0,1709.0,0.0,13.892769370381282,13.915252660951777,0.02248329057049503,0.25342632206261995,2678.2295442250224,2677.374420552435,-0.8551236725875242,3.2930694366124453,3.2930694366124453,0.0,7.811268174403606,7.810736210298435,-0.000531964105171312,3036.0,3034.0,-2.0,21.102873904307636,21.11352516761741,0.01065126330977506
0.8259705267264483,27,6,0.552857575570414,1356.5011110497426,1354.0067604184874,-2.4943506312552017,2.7915393326260305,2.888216932887007,0.0966776002609766,7.249976039709264,7.249884502912451,-9.153679681261906e-05,1734.0,1731.0,-3.0,13.54912717523954,13.505948127589914,-0.04317904764962677,0.3721371840673504,2572.8734515654123,2571.233519032449,-1.6399325329634848,3.2169419104062267,3.216942121667551,2.1126132443427537e-07,7.794319702611384,7.794100560316902,-0.00021914229448238842,2989.0,2985.0,-4.0,20.31394338653117,20.291917437929133,-0.02202594860203888
0.8259705267264483,27,7,0.26038385380764106,1380.4559481555325,1379.6242132566433,-0.8317348988891808,3.191202511976826,3.191224390611128,2.187863430203052e-05,7.241258700825466,7.241085285131838,-0.000173415693628165,1703.0,1702.0,-1.0,13.851712012750989,13.847420391868392,-0.004291620882597158,0.22671914019861517,2569.642332952287,2569.32831715444,-0.31401579784687783,3.5011793393945423,3.5011792704525253,-6.894201698415259e-08,7.771283216183933,7.771606699902274,0.00032348371834078904,2909.0,2909.0,0.0,20.482171023725915,20.468494805144555,-0.013676218581359478
0.8259705267264483,27,8,0.6000346673669403,1382.4441805319968,1381.3366116488646,-1.1075688831322168,2.95777907885528,2.95777907885528,0.0,7.243361078020865,7.2435979097965255,0.0002368317756609173,1713.0,1715.0,2.0,13.877015681491716,13.885077190753243,0.008061509261526822,0.21932745210340326,2520.741874160845,2518.767670157601,-1.9742040032438126,2.949768668875719,2.949768668875719,0.0,7.778794679907818,7.77846306647878,-0.0003316134290374251,2944.0,2943.0,-1.0,19.880696621677693,19.86067513697784,-0.02002148469985343
0.8259705267264483,27,9,0.29687000412640074,1352.565299610801,1351.8590920539002,-0.7062075569008357,3.0593540616169026,3.132404133196948,0.07305007158004528,7.2460614483620684,7.244991432346646,-0.001070016015422226,1725.0,1722.0,-3.0,13.453282310495768,13.471289399516799,0.01800708902103132,0.21713462878739803,2549.2687829722804,2547.8296274068484,-1.4391555654319745,3.1866378721384807,3.1866292011853328,-8.670953147937865e-06,7.778062833534701,7.77804419851128,-1.8635023421254004e-05,2937.0,2939.0,2.0,20.248136755570364,20.236706196433204,-0.011430559137160401
0.8259705267264483,27,10,0.24703197419504191,1324.2534210057886,1322.9085191822005,-1.3449018235880885,2.935162682794826,2.9351626792308334,-3.563992656552273e-09,7.2327216649863,7.231978532240548,-0.0007431327457521064,1690.0,1689.0,-1.0,13.159814139699005,13.162719195633473,0.0029050559344678817,0.1670664040616227,2602.3944849291574,2600.8828415937933,-1.5116433353641696,3.2711792642993376,3.2711792642993376,0.0,7.782712961700052,7.782240936116715,-0.00047202558333747646,2953.0,2953.0,0.0,20.88538422141343,20.882895405894143,-0.0024888155192890338
0.8259705267264483,27,11,0.297733626993269,1341.5126083864684,1340.0822626492823,-1.430345737186144,2.9186074777771496,3.169815704888369,0.25120822711121926,7.235992195385729,7.236657860292117,0.0006656649063874198,1699.0,1700.0,1.0,13.349794337684862,13.348419566144258,-0.0013747715406040584,0.3333565565851646,2578.9271098927347,2577.1670125811206,-1.7600973116141176,3.5870485515629964,3.5870487850353934,2.3347239697102395e-07,7.785772633647032,7.785607913166984,-0.0001647204800478974,2981.0,2981.0,0.0,20.628066163533607,20.61021436451496,-0.017851799018647085
0.8259705267264483,27,12,0.46693211129719736,1358.2082340766412,1356.161908595631,-2.0463254810101716,2.885874582995736,2.902251351864933,0.016376768869196923,7.257735856822106,7.256768618684198,-0.0009672381379077777,1747.0,1744.0,-3.0,13.446164729886485,13.441575124811703,-0.004589605074782455,0.3345227419653404,2588.072116564904,2585.8336271032963,-2.2384894616075144,3.3501399871134145,3.350447726565567,0.00030773945215267773,7.784999617223258,7.784940754892355,-5.88623309036862e-05,2940.0,2941.0,1.0,20.54693332199369,20.53151453517383,-0.015418786819861197
0.8259705267264483,27,13,0.3853672889179276,1384.7637664246224,1383.7341003331098,-1.0296660915125813,2.9165167494706967,2.9012202939639806,-0.0152964555067161,7.248145160726724,7.2480531003400674,-9.206038665698912e-05,1728.0,1729.0,1.0,13.790565888485032,13.799599899934572,0.009034011449539747,0.5993248979358902,2552.858960135726,2551.223891888129,-1.6350682475972462,3.335127897182978,3.335127897182978,0.0,7.7825992003530855,7.782546806654449,-5.2393698636521435e-05,2942.0,2943.0,1.0,20.299294990313047,20.275717504002937,-0.02357748631010992
0.8259705267264483,27,14,0.49759560063165476,1352.4725473401209,1351.7609384336654,-0.7116089064554671,2.960164642971458,2.960164642971458,0.0,7.245534906009955,7.246122135261546,0.0005872292515904931,1713.0,1713.0,0.0,13.366086616100242,13.359934589128692,-0.006152026971550484,0.27544953474172795,2600.849367837365,2600.2734441187645,-0.575923718600734,3.621593991170352,3.6215939910646098,-1.0574208175739841e-10,7.777256837602309,7.777443975673678,0.0001871380713689419,2955.0,2953.0,-2.0,21.118381636302104,21.09654499162449,-0.021836644677613037
0.8259705267264483,27,15,0.3653240363840222,1379.9098528562492,1378.0909786439793,-1.818874212269975,2.9777715473084387,2.9777715476887607,3.803219961184823e-10,7.245785618824364,7.245527124334709,-0.00025849448965509225,1722.0,1722.0,0.0,13.774897201476646,13.766022684240866,-0.008874517235780033,0.32307990081936727,2583.5720750697783,2581.394074458084,-2.1780006116941877,3.2324388619231095,3.2543421621648965,0.021903300241786994,7.796937908834958,7.796468673294546,-0.0004692355404118942,2992.0,2990.0,-2.0,20.217902427058284,20.210579840345538,-0.007322586712746215
0.8633515673239223,28,0,0.3051839567749069,1467.3171065082938,1466.5987849205974,-0.7183215876964368,3.319568336460519,3.31956833712634,6.658211759713595e-10,7.24571153007237,7.245301100737187,-0.0004104293351829824,1726.0,1725.0,-1.0,15.140947189990117,15.140362620113516,-0.0005845698766009377,0.3198297975049189,2692.2691729028384,2691.452924797891,-0.81624810494759,3.560903525465924,3.560903525465938,1.4210854715202004e-14,7.778300508149819,7.7781427253928115,-0.0001577827570073964,2929.0,2928.0,-1.0,21.9929021019592,21.984246136387707,-0.008655965571492175
0.8633515673239223,28,1,0.27144537151702536,1438.1479282453913,1435.2846517557714,-2.8632764896199205,3.1123457163015895,3.1123457163015895,0.0,7.244013161161884,7.243659100858596,-0.0003540603032874401,1697.0,1699.0,2.0,14.689815607158591,14.665169352541842,-0.02464625461674963,0.3506779442736563,2663.3972165805453,2661.905691738497,-1.4915248420484204,3.545263273605683,3.545263273605683,0.0,7.765307426574365,7.765597069700004,0.0002896431256385057,2913.0,2910.0,-3.0,22.072426656355383,22.04972430494838,-0.02270235140700194
0.8633515673239223,28,2,0.212136706508046,1447.0666632270181,1445.7762064145,-1.2904568125181868,3.1435331924461716,3.143590425302231,5.723285605929718e-05,7.258949029478081,7.258866308767323,-8.272071075765552e-05,1740.0,1741.0,1.0,14.684772212689397,14.660641831599415,-0.024130381089982222,0.21718155370233222,2701.0303371546274,2699.8113074963694,-1.2190296582580231,4.157977356417119,4.1579773564165805,-5.382361223382759e-13,7.788431610774792,7.788843232307374,0.00041162153258245127,2976.0,2975.0,-1.0,22.059972716821285,22.013082772846207,-0.04688994397507784
0.8633515673239223,28,3,0.3389968138160184,1455.6546847528361,1453.3544084679559,-2.300276284880283,2.9417832496791205,2.9748303581455677,0.033047108466447206,7.249720468869623,7.2484168268681834,-0.00130364200143962,1715.0,1714.0,-1.0,14.775877060724161,14.760208782886377,-0.015668277837784572,0.19538340364387935,2639.49647469578,2637.260950717303,-2.2355239784769765,3.201560697603028,3.058024644491552,-0.14353605311147577,7.782103817484693,7.781814583729675,-0.00028923375501754833,2944.0,2942.0,-2.0,21.214150011974493,21.181978442714087,-0.032171569260405875
0.8633515673239223,28,4,0.500606309595746,1483.8223400107154,1482.6682895067256,-1.1540505039897653,3.219221270408669,3.219221270408669,0.0,7.260509261746942,7.25976484576476,-0.0007444159821821117,1735.0,1733.0,-2.0,15.194750968474947,15.197500193921337,0.0027492254463901133,0.6522150353654839,2650.015302483962,2649.0878939915738,-0.9274084923881674,3.2701037114858074,3.27010371147849,-7.317257910699482e-12,7.772055679720024,7.772065311560148,9.631840123702773e-06,2922.0,2922.0,0.0,21.640212512690255,21.631570965602343,-0.00864154708791176
0.8633515673239223,28,5,0.48718616052272745,1458.5197555216973,1457.7805695072495,-0.739186014447796,2.9473514061354735,2.9677178439389493,0.0203664378034758,7.267920956224645,7.267519578200571,-0.0004013780240743614,1741.0,1738.0,-3.0,14.603146338312735,14.60409601618268,0.0009496778699453756,0.1585533195582855,2712.7139832909443,2711.0790605429756,-1.6349227479686306,3.7340973070740238,3.7340973070740238,0.0,7.801596740327028,7.801642392383772,4.5652056743783476e-05,3030.0,3030.0,0.0,22.060330447146292,22.045381896231493,-0.01494855091479863
0.8633515673239223,28,6,0.7343602360685465,1474.225811790021,1474.1124890232052,-0.11332276681582698,2.9483923229677824,2.962049607095142,0.01365728412735967,7.2527852599639075,7.252357634972312,-0.00042762499159554324,1728.0,1727.0,-1.0,15.016739081226897,15.03442847460483,0.017689393377933627,0.12732250925456462,2662.0587888733658,2661.692444955689,-0.36634391767665875,3.7067272551469372,3.706733099702518,5.844555580836186e-06,7.791099526911105,7.790907717126828,-0.00019180978427701945,2981.0,2984.0,3.0,21.54524789754557,21.548808438487587,0.0035605409420185197
0.8633515673239223,28,7,0.33341192317238877,1442.2323669757475,1440.987516944875,-1.244850030872385,3.019716461529337,3.0506013346709158,0.03088487314157895,7.248381335727781,7.248372500963919,-8.83476386182025e-06,1702.0,1701.0,-1.0,14.523913069820347,14.5243433753995,0.000430305579152801,0.22756213702733635,2678.324829250243,2676.4901338102013,-1.8346954400417417,3.2411399001312438,3.2411399001312438,0.0,7.790586556747826,7.790832802502334,0.0002462457545080454,2967.0,2971.0,4.0,21.45738170404435,21.429023584017973,-0.02835812002637894
0.8633515673239223,28,8,0.5007230067410422,1445.358299368515,1444.149047841211,-1.209251527303877,2.9936529789973814,2.9936529789973814,0.0,7.255008673496873,7.255701314748086,0.0006926412512138214,1731.0,1731.0,0.0,14.58954343361227,14.580122052783747,-0.009421380828523951,0.42203213907087334,2621.935147274671,2620.491584183995,-1.4435630906759798,4.0321367776619015,4.0321367776619015,0.0,7.776211190975304,7.776444467577936,0.00023327660263205985,2952.0,2949.0,-3.0,21.473247396867077,21.435052388868126,-0.038195007998950814
0.8633515673239223,28,9,0.4833088884183895,1469.4056796629957,1468.5614055656672,-0.8442740973284799,3.1091054199027797,3.105700855263578,-0.0034045646392018014,7.261853738878198,7.261294306335842,-0.0005594325423556867,1742.0,1740.0,-2.0,14.728163337555113,14.721358020291094,-0.00680531726401945,0.39125384179096545,2691.511986637222,2691.134777373543,-0.3772092636791058,3.7628475168806297,3.7628475168806297,0.0,7.78495102549192,7.784940599366365,-1.0426125554907628e-05,2952.0,2949.0,-3.0,21.66776099651061,21.650901059508293,-0.016859937002315917
0.8633515673239223,28,10,0.4525935518392902,1434.9865944668009,1433.9956905461088,-0.9909039206920625,3.087081610021569,3.0870502507314734,-3.1359290095345216e-05,7.250408800464289,7.249541983345454,-0.0008668171188350726,1722.0,1722.0,0.0,14.731053209069634,14.737070047077895,0.006016838008260805,0.3148546481699766,2751.9047155991643,2751.1630070615515,-0.7417085376127943,3.617312953242544,3.617312960812968,7.570423843361596e-09,7.782265431332611,7.7820524111555995,-0.00021302017701163578,2950.0,2952.0,2.0,22.75188311940083,22.74729095023269,-0.0045921691681414245
0.8633515673239223,28,11,0.40177849275482713,1425.860944477225,1425.3547284462086,-0.5062160310164927,2.7610377227860012,2.786504039131964,0.02546631634596297,7.236995934592034,7.2372318724110025,0.00023593781896824595,1695.0,1696.0,1.0,14.489697686901424,14.478236048733741,-0.011461638167682864,0.2843857286397855,2685.478604276496,2684.633293254371,-0.8453110221248608,3.6160857617597215,3.6142310018128665,-0.0018547599468550224,7.7742566737499565,7.774272348575437,1.567482548026078e-05,2943.0,2944.0,1.0,22.121319996909676,22.10336402691199,-0.01795596999768634
0.8633515673239223,28,12,0.3059464179163405,1485.582733408433,1484.855109455798,-0.7276239526349855,3.158027334073221,3.173812042818316,0.015784708745095077,7.2381185829664565,7.237920873533999,-0.00019770943245767114,1711.0,1707.0,-4.0,15.498695791858244,15.489646572946178,-0.009049218912066337,0.17047649363498973,2670.9478366946914,2669.657395431808,-1.2904412628836326,3.231596336885369,3.231596336885369,0.0,7.770374711147968,7.770101653915216,-0.000273057232752727,2928.0,2926.0,-2.0,21.972616205205163,21.96592455772782,-0.006691647477342855
0.8633515673239223,28,13,0.41667014348599263,1482.1998626603754,1480.5036239073472,-1.696238753028183,3.1473641130631074,3.3077237607405183,0.16035964767741095,7.239458503106663,7.238684641707502,-0.0007738613991605803,1708.0,1707.0,-1.0,15.544350401864216,15.545308898045082,0.0009584961808659642,0.4074800436601531,2685.5914553484536,2684.209862776418,-1.3815925720355153,4.252985420198147,4.252985419532326,-6.658211759713595e-10,7.784478457434778,7.7843090239945365,-0.00016943344024156204,2974.0,2975.0,1.0,21.959647051807007,21.954918469543287,-0.0047285822637199715
0.8633515673239223,28,14,0.36117467235337897,1463.037979789065,1464.011576671125,0.9735968820600647,3.0688676872469687,3.0688676872469687,0.0,7.260065233850074,7.260540184098687,0.000474950248612771,1749.0,1751.0,2.0,14.975014217675097,14.995052926975074,0.02003870929997653,0.1456084448148483,2734.5279455981604,2735.732196638698,1.204251040537656,3.537656129407523,3.537656129407523,0.0,7.797613204464744,7.797921127565365,0.0003079231006211103,3010.0,3013.0,3.0,22.140759027884567,22.15222720614651,0.011468178261942796
0.8633515673239223,28,15,0.17003956224627093,1492.155129341252,1490.5690660933142,-1.5860632479377728,3.5265048797874274,3.5265027933370905,-2.0864503369466547e-06,7.258581463086967,7.258352693787786,-0.00022876929918158595,1745.0,1744.0,-1.0,15.212954826872043,15.194828580503414,-0.01812624636862914,0.40594587882773747,2766.930706970843,2764.328415922222,-2.6022910486208275,3.3132999889336787,3.313299988933614,-6.483702463810914e-14,7.804535442513824,7.804357694562764,-0.0001777479510600699,3015.0,3017.0,2.0,22.19981042744928,22.174428946107916,-0.025381481341362644
0.9024243658606147,29,0,0.20494365939004505,1492.4297020019678,1491.2182208288377,-1.211481173130096,3.302488483969964,3.3024884839699635,-4.440892098500626e-16,7.234081885183729,7.2345844518381135,0.0005025666543847507,1715.0,1715.0,0.0,15.929273009719967,15.897186670808924,-0.032086338911042844,0.3082499409169228,2851.3034116447593,2850.746756042148,-0.5566556026114995,3.76366200649603,3.763662006495589,-4.409805853811122e-13,7.789333424706136,7.78948688231055,0.00015345760441398681,2970.0,2968.0,-2.0,23.886109093577144,23.878343036810968,-0.007766056766175922
0.9024243658606147,29,1,0.39933559120169565,1496.9863208953298,1495.3924569239725,-1.593863971357223,3.346762438630295,3.346762438630295,0.0,7.243844095891485,7.243740644779225,-0.00010345111225973369,1709.0,1709.0,0.0,15.560999085732721,15.550305004204475,-0.010694081528246357,0.3874749261633264,2827.9031185006747,2826.565638784674,-1.3374797160008711,4.1458789590359,4.148201319308685,0.0023223602727844295,7.785832112109486,7.785590487613741,-0.00024162449574482991,2947.0,2946.0,-1.0,23.597996135161377,23.587921514520332,-0.010074620641045584
0.9024243658606147,29,2,0.2741829084320483,1532.018652925996,1530.288229396373,-1.7304235296230672,3.330371816192091,3.330371816192086,-5.329070518200751e-15,7.251981526395381,7.251401681916687,-0.0005798444786941914,1729.0,1729.0,0.0,16.06470965245444,16.05285857044282,-0.011851082011620662,0.3184701254788669,2833.232346952831,2831.6890675059685,-1.5432794468624706,3.5290692720116144,3.5290692720116144,0.0,7.7853434441197376,7.785320822470455,-2.262164928268362e-05,2972.0,2972.0,0.0,23.74433042769163,23.725594802566963,-0.0187356251246662
0.9024243658606147,29,3,0.5812384195926001,1492.3145264842565,1490.9633768688236,-1.3511496154328597,3.24768070917072,3.24768070917072,0.0,7.239849400448049,7.23928486227352,-0.0005645381745296163,1710.0,1709.0,-1.0,15.753493386199176,15.74982174776932,-0.0036716384298571825,0.41414635985655224,2832.882923345812,2831.506816933245,-1.376106412566969,4.590417591836258,4.59041756877018,-2.3066077936562124e-08,7.791410540742689,7.790956362368119,-0.00045417837456973587,2998.0,2997.0,-1.0,23.632844846845945,23.621453799903126,-0.011391046942819116
0.9024243658606147,29,4,0.7787855199690897,1514.087739770266,1512.5537819799208,-1.5339577903450845,3.1168334648001976,3.323261550133156,0.2064280853329583,7.246913655755106,7.24695813508608,4.447933097395662e-05,1726.0,1727.0,1.0,15.833632506116551,15.821850850764596,-0.011781655351954967,0.3711474670125151,2837.6219048750436,2836.805449997353,-0.8164548776903757,3.5363103486182306,3.5363103486182306,0.0,7.786246368362963,7.786109625888857,-0.00013674247410566664,2966.0,2967.0,1.0,23.71427418026964,23.705237531718296,-0.009036648551344229
0.9024243658606147,29,5,0.45918864688757055,1511.1408772680118,1509.581193255975,-1.5596840120367688,2.8971898746039404,2.858973632213058,-0.03821624239088228,7.248688849696792,7.248743567156416,5.4717459624598064e-05,1722.0,1723.0,1.0,15.869054029217619,15.83694415894644,-0.032109870271177954,0.27958168034669817,2795.5157151484864,2793.6764783999733,-1.8392367485130308,3.9928561057606595,3.9928561057606595,0.0,7.780170939262679,7.780043108604187,-0.00012783065849220066,2968.0,2967.0,-1.0,23.448373294598998,23.433398825348796,-0.01497446925020185
0.9024243658606147,29,6,0.36802221955789427,1444.0796465094452,1442.4896647650803,-1.5899817443648772,2.982716247433012,2.982716247433012,0.0,7.215186271676237,7.215274663474447,8.839179820974152e-05,1675.0,1674.0,-1.0,15.304604788620999,15.287152598762193,-0.017452189858806477,0.3527840512149014,2863.286343510639,2861.478383006918,-1.8079605037210058,3.7621646137165095,3.762164594384721,-1.9331788614351808e-08,7.795867218725338,7.796268497086586,0.0004012783612479254,3009.0,3011.0,2.0,23.786907225964747,23.754439763640246,-0.03246746232450093
0.9024243658606147,29,7,0.5791750384234259,1509.712678344259,1506.7169929715187,-2.995685372740354,3.292895965707971,3.292935831170004,3.98654620328287e-05,7.240865112123914,7.240576033152176,-0.00028907897173802155,1708.0,1707.0,-1.0,15.810993589604006,15.789235843495725,-0.02175774610828185,0.1833355556876256,2850.7061468970815,2848.338033656354,-2.3681132407273253,3.8369310057999044,3.8369310057999044,0.0,7.7980697477508905,7.798239216259497,0.00016946850860666274,2994.0,2997.0,3.0,23.635323076186857,23.601975047594102,-0.033348028592754986
0.9024243658606147,29,8,0.6041334955177808,1534.5561209457628,1533.274504107379,-1.2816168383837976,3.0616962332237048,3.0616962332237048,0.0,7.2749974482218045,7.274919494527492,-7.795369431207178e-05,1770.0,1770.0,0.0,15.881668157696463,15.87422649535296,-0.007441662343502742,0.24808004501989486,2756.947974780982,2755.8328008522035,-1.115173928778404,3.390342228978779,3.390342228978779,0.0,7.765888839342558,7.766305067844347,0.0004162285017894618,2893.0,2891.0,-2.0,22.99835441231103,22.965078549972205,-0.033275862338825846
0.9024243658606147,29,9,0.7076338228321934,1513.2343747975863,1511.5431314676832,-1.6912433299030454,2.825687744168346,2.9702843722000245,0.1445966280316786,7.260755908930779,7.261884609928174,0.0011287009973948159,1725.0,1727.0,2.0,15.35770221101507,15.33010146264603,-0.027600748369039252,0.46421541886296325,2831.4765000697166,2829.5600939189617,-1.9164061507549377,3.5458857736932683,3.547334130068451,0.0014483563751825912,7.786176974319051,7.786224070815159,4.709649610745714e-05,2949.0,2949.0,0.0,23.54441299853512,23.524987124236972,-0.019425874298146795
0.9024243658606147,29,10,0.355598876312531,1501.1697321842976,1499.3147359799677,-1.8549962043298365,3.221718340354466,3.2217165800081538,-1.7603463122739527e-06,7.243792241548375,7.243266101612703,-0.0005261399356717433,1712.0,1709.0,-3.0,15.656858061094717,15.643310161484541,-0.013547899610175662,0.47282929847758937,2832.2924786540107,2831.0116282885147,-1.2808503654960077,3.798642621314326,3.798642621314326,0.0,7.782436569801534,7.782592951100657,0.00015638129912343146,2967.0,2967.0,0.0,23.63407529092827,23.60619773751335,-0.0278775534149176
0.9024243658606147,29,11,0.15711895429060332,1502.5143738845895,1501.260112373694,-1.2542615108955033,3.228925881274282,3.2289252072502017,-6.740240801050845e-07,7.240067498592052,7.240522261515082,0.00045476292303003873,1706.0,1703.0,-3.0,15.765938472774241,15.735326140900401,-0.03061233187384005,0.11167486857049475,2850.302406467911,2848.8708402975763,-1.4315661703349178,3.8691908373885027,3.8691908373885027,0.0,7.78971032717952,7.789226805582556,-0.000483521596963854,3003.0,3000.0,-3.0,23.843680037141,23.833946717631505,-0.009733319509493299
0.9024243658606147,29,12,0.3780566069056372,1494.8599654164518,1494.3102712707223,-0.5496941457295179,3.6875137777272218,3.6875137777264615,-7.602807272633072e-13,7.251461818915044,7.250605223178325,-0.0008565957367192567,1721.0,1721.0,0.0,15.448048296206059,15.47207402177398,0.024025725567920375,0.26904380173575315,2839.3502181871786,2839.086597813794,-0.2636203733845832,4.580512663511724,4.580512663511724,0.0,7.778717864182868,7.778594252317619,-0.00012361186524856294,2954.0,2954.0,0.0,24.073947339909598,24.064938886665225,-0.009008453244373271
0.9024243658606147,29,13,0.3229227476869988,1535.7510326899971,1535.1485161839469,-0.6025165060502786,3.269736394187408,3.269736394187408,0.0,7.258639364633252,7.258265822043419,-0.0003735425898332423,1746.0,1745.0,-1.0,15.972161678356219,15.98012409777191,0.007962419415690647,0.13411343730312908,2834.248521575525,2833.9536586981158,-0.29486287740928674,4.312506762332356,4.3125067623431725,1.0816236795108125e-11,7.799615286958089,7.799690790163537,7.550320544869038e-05,3014.0,3014.0,0.0,23.40502421744542,23.40212347975952,-0.0029007376858984912
0.9024243658606147,29,14,0.6403586236866667,1479.2698241621156,1478.5256115081436,-0.7442126539719993,3.366647399344997,3.411469742541298,0.04482234319630107,7.232710862022599,7.232826910170426,0.00011604814782728567,1706.0,1707.0,1.0,15.671734269091322,15.680489404657095,0.008755135565772676,0.18954774341442998,2761.477762830084,2760.0120880156674,-1.4656748144166158,4.063058238397037,4.063058238397037,0.0,7.761122733406388,7.760948936385477,-0.00017379702091169236,2915.0,2914.0,-1.0,23.504417291002618,23.476684388660953,-0.02773290234166481
0.9024243658606147,29,15,0.2146284924607349,1534.7069279451784,1533.400158857489,-1.3067690876894176,3.126722404643892,3.125263398794105,-0.0014590058497869762,7.277569959135887,7.276989419750667,-0.0005805393852202911,1776.0,1774.0,-2.0,15.73469070255324,15.730069105896813,-0.004621596656425808,0.1801347416032945,2792.4535515595608,2791.619822979028,-0.8337285805328065,3.6636512152525027,3.6636512152525027,0.0,7.774730469192527,7.774636871224542,-9.359796798502629e-05,2954.0,2954.0,0.0,23.55987351617287,23.564830800224005,0.004957284051133826
0.9432654864149774,30,0,0.3349555281564124,1585.8106877209173,1584.6492036484585,-1.1614840724587339,3.572407158035814,3.5724071580360115,1.9761969838327786e-13,7.247031498114706,7.246692866076401,-0.0003386320383045316,1707.0,1707.0,0.0,16.882636972786866,16.884221098579953,0.0015841257930873098,0.29174646071889787,2962.1277617564406,2961.1562157951976,-0.9715459612430095,4.040108931402248,4.040108931402248,0.0,7.793485048212204,7.794210692410366,0.0007256441981624562,2994.0,2996.0,2.0,25.32082675913401,25.279121021084244,-0.041705738049767405
0.9432654864149774,30,1,0.5782169564458663,1549.0678112113187,1548.3808758776845,-0.6869353336342101,3.2960768746966354,3.2960768746966354,0.0,7.219693867505339,7.2200037511231,0.00030988361776085327,1677.0,1678.0,1.0,16.89168369892474,16.88651902134318,-0.00516467758156125,0.600912148895032,2881.175061245981,2879.738294285094,-1.436766960886871,3.986754648905893,3.986754469516088,-1.793898047885989e-07,7.762716379186482,7.762609454542101,-0.00010692464438122329,2900.0,2898.0,-2.0,24.748363720814243,24.72612377388311,-0.022239946931133403
0.9432654864149774,30,2,0.13308149040231312,1601.9981171016143,1600.9334567546987,-1.0646603469156162,3.260736123423782,3.26258105266655,0.001844929242768245,7.26658277636465,7.26679551497464,0.00021273860998949345,1752.0,1752.0,0.0,16.818679934699944,16.80184789502577,-0.016832039674174126,0.259028568088694,3005.1057462664594,3004.214692817596,-0.8910534488632038,3.927215518209244,3.9272155467925227,2.8583278854910077e-08,7.785862015024372,7.785975758963563,0.00011374393919094672,2969.0,2970.0,1.0,25.809450789431555,25.79700679025826,-0.012443999173296305
0.9432654864149774,30,3,0.1584579521031062,1568.843948683445,1568.3086351956863,-0.5353134877586854,3.2103555832160415,3.21035558321158,-4.461320202153729e-12,7.248695772736122,7.248561794592625,-0.0001339781434968046,1718.0,1717.0,-1.0,16.643833407071245,16.64509220248629,0.001258795415044034,0.21931577503085598,2995.315185370998,2995.114118143433,-0.2010672275646357,3.96901051414819,3.96901051414819,0.0,7.804434094545853,7.804420730587376,-1.3363958476730886e-05,3010.0,3012.0,2.0,25.233068254186712,25.225063741923897,-0.008004512262814956
0.9432654864149774,30,4,0.3062533065771499,1582.6992360636405,1582.1151223107943,-0.5841137528461786,3.318405423847962,3.2668810602404057,-0.05152436360755619,7.2563194179529145,7.256420503970556,0.00010108601764180492,1741.0,1740.0,-1.0,16.724414408851977,16.723743472085598,-0.0006709367663795263,0.13956960454148803,2966.2609071636934,2966.446273306213,0.18536614251934225,3.5839861990841912,3.5839861990841912,0.0,7.79967362205123,7.799644895612588,-2.8726438642046048e-05,3010.0,3010.0,0.0,24.985833819915616,24.989434393733138,0.0036005738175219903
0.9432654864149774,30,5,0.364950575727905,1563.8420782131286,1563.1388056294306,-0.7032725836979807,3.2236825059200256,3.2236825059200256,0.0,7.249604840790131,7.249357012882218,-0.00024782790791277876,1709.0,1710.0,1.0,16.42608485867342,16.428260346144576,0.0021754874711561456,0.26871293541705676,2936.074073904683,2935.5187101668284,-0.5553637378543499,3.882815416138576,3.882815416138576,0.0,7.789081901126627,7.789107872587564,2.597146093741287e-05,2983.0,2983.0,0.0,25.00245505622644,24.999777094345255,-0.002677961881186519
0.9432654864149774,30,6,0.41414831623504145,1620.2852253876558,1619.7648671338325,-0.5203582538233604,3.2649471687283387,3.596659597811701,0.3317124290833622,7.256178069993363,7.255488351752394,-0.0006897182409693059,1741.0,1739.0,-2.0,17.277914402215046,17.31457379864823,0.03665939643318339,0.48615184643966924,2953.61161769016,2952.6502116941124,-0.961405996047688,4.057123955380687,4.057123953838401,-1.5422862986724795e-09,7.776411911450028,7.776433291396553,2.1379946525179605e-05,2928.0,2930.0,2.0,25.409327126084655,25.387778312625958,-0.02154881345869697
0.9432654864149774,30,7,0.14985117623819438,1601.6972475236798,1601.4551374541459,-0.24211006953396463,3.718045627851766,3.666700939860963,-0.05134468799080327,7.248258125343024,7.248804039330072,0.0005459139870485075,1714.0,1716.0,2.0,17.176345248136393,17.157506514964723,-0.01883873317166973,0.18196453182279712,2955.4959858821558,2954.702540996398,-0.7934448857577081,3.67808539306009,3.67808524564511,-1.4741498022274868e-07,7.776140924335729,7.776392147310647,0.0002512229749180861,2947.0,2947.0,0.0,25.483983353897994,25.472550914908705,-0.011432438989288585
0.9432654864149774,30,8,0.5369545769584851,1578.498008485999,1577.9055753933626,-0.5924330926363837,3.4933116429690774,3.4933116429690774,0.0,7.265294970079818,7.264373941622548,-0.0009210284572702676,1736.0,1734.0,-2.0,16.455156647683136,16.493165854462404,0.03800920677926811,0.3425287850693982,2933.416542957326,2932.4799356508433,-0.9366073064825287,3.744352766460384,3.744352766460384,0.0,7.791104534768115,7.79097697977772,-0.00012755499039496243,2965.0,2967.0,2.0,24.795856391427346,24.782713581969904,-0.013142809457441729
0.9432654864149774,30,9,0.22883189813677796,1548.5038526392025,1547.4021887449658,-1.101663894236708,3.2783238902313596,3.2783238902313596,0.0,7.251760680013369,7.251270922330828,-0.0004897576825415584,1716.0,1715.0,-1.0,16.350444355343985,16.331691826891184,-0.018752528452800732,0.5039898289822058,3010.5188657788435,3008.863854522885,-1.6550112559584704,3.8896587513757304,3.8896587513757304,0.0,7.814954550184085,7.814695559623617,-0.0002589905604679643,3063.0,3062.0,-1.0,25.245163393404493,25.237384743136484,-0.007778650268008391
0.9432654864149774,30,10,0.19761382858288082,1528.8461873476822,1527.3730418080354,-1.4731455396467936,3.2645299190601844,3.264572465992917,4.2546932732534515e-05,7.2420615822663,7.241805587056765,-0.0002559952095344542,1695.0,1695.0,0.0,16.200608743737618,16.181758325563298,-0.018850418174320538,0.19011945810233544,2983.808542174658,2982.128005442753,-1.6805367319052493,4.1201046463749655,4.120104646374949,-1.687538997430238e-14,7.798497629690971,7.798605946037975,0.00010831634700458892,3002.0,3001.0,-1.0,25.429565123772228,25.418137990852596,-0.011427132919632044
0.9432654864149774,30,11,0.49279802756228697,1574.796355902401,1572.740148678872,-2.0562072235291,3.3575187594985456,3.3575187594627356,-3.58100216146795e-11,7.247400379999213,7.247822493204162,0.00042211320494889293,1730.0,1729.0,-1.0,16.93249439747459,16.905050514058342,-0.027443883416246706,0.1909513633651863,2921.4992264060425,2919.4628825211234,-2.036343884919006,3.600072614635707,3.600072614635707,0.0,7.78906576031764,7.789193750574887,0.0001279902572468572,2975.0,2975.0,0.0,24.525585898890203,24.485591956799464,-0.0399939420907387
0.9432654864149774,30,12,0.2810345331552845,1574.4594652738476,1572.700384319392,-1.7590809544556123,2.9612576073483865,2.961257476601167,-1.307472197176196e-07,7.259884243955113,7.260079323895312,0.00019507994019907215,1737.0,1738.0,1.0,16.37148853791728,16.347838828126736,-0.023649709790543483,0.393334106458452,2916.9135148083365,2915.3603046327394,-1.553210175597087,4.323050423608461,4.323050423608461,0.0,7.777656973673775,7.777600407148233,-5.656652554186792e-05,2958.0,2956.0,-2.0,24.918670187517815,24.897244550690345,-0.021425636827469674
0.9432654864149774,30,13,0.3299568228296438,1556.158118471224,1555.8251353955611,-0.3329830756629235,3.296140898448851,3.296140898448851,0.0,7.246201686293974,7.246648739215808,0.0004470529218343344,1696.0,1696.0,0.0,16.378689595559955,16.358039867524052,-0.02064972803590237,0.13129930363519876,3006.1624498303645,3005.544050507183,-0.6183993231816203,4.216858281065486,4.216858281065486,0.0,7.784400998288953,7.78478329600732,0.000382297718367397,2965.0,2968.0,3.0,25.90952557492231,25.887178083018526,-0.02234749190378338
0.9432654864149774,30,14,0.41983238819180113,1593.8694719998025,1592.9890648892624,-0.8804071105400908,3.470998744338912,3.470998744338109,-8.029132914089132e-13,7.245505442000905,7.24536731551313,-0.00013812648777467018,1719.0,1719.0,0.0,17.1010786223835,17.103430492619832,0.0023518702363318766,0.4564566444642912,2962.600739190183,2961.890635252853,-0.7101039373301319,3.795566005513278,3.795566005513278,0.0,7.7806763285483065,7.780402036552963,-0.0002742919953435674,2940.0,2940.0,0.0,25.33071157590135,25.31485614503179,-0.01585543086956065
0.9432654864149774,30,15,0.3763547106025388,1565.5094859663654,1564.1365729476306,-1.3729130187348346,3.2855724145715786,3.2855724146286565,5.707789796360885e-11,7.245716489668071,7.245701184920167,-1.5304747904565374e-05,1714.0,1712.0,-2.0,16.445283985505263,16.43906120291247,-0.006222782592793408,0.32905899966276736,2898.3661946753127,2897.520472253557,-0.8457224217559087,4.465697057926799,4.465697057926799,0.0,7.784260783889193,7.7842046583118485,-5.612557734480106e-05,2956.0,2954.0,-2.0,24.6637920418614,24.651730328671754,-0.012061713189645218
0.9859549581345319,31,0,0.36177721640291005,1653.4385362859114,1652.177359151959,-1.2611771339522875,3.4628074540419664,3.4628074540419664,0.0,7.255843025048321,7.256096656703483,0.0002536316551617901,1735.0,1734.0,-1.0,17.967227632227132,17.935951466036947,-0.03127616619018525,0.1722866948742597,3110.554138023427,3109.3078890682177,-1.2462489552094667,4.415792884018092,4.415792884018092,0.0,7.780618987937517,7.780168272041511,-0.0004507158960063151,2932.0,2931.0,-1.0,27.124420573876527,27.12006537899336,-0.004355194883167712
0.9859549581345319,31,1,0.3219026525189263,1684.1408542849342,1682.5271831134155,-1.6136711715187175,3.1664237707470932,3.1603212654610693,-0.006102505286023963,7.2773548249932425,7.276510534883977,-0.0008442901092653443,1773.0,1774.0,1.0,18.03373663521745,18.020723505936854,-0.013013129280597724,0.41599782887972203,3055.6084883181575,3054.607388287242,-1.0011000309154952,4.0334116230188775,4.0334116230188775,0.0,7.796679214447392,7.7967294673205405,5.0252873148082244e-05,2991.0,2991.0,0.0,26.13183732908276,26.115530559370058,-0.016306769712702618
0.9859549581345319,31,2,0.24200515002223247,1688.1002722778342,1687.002258648518,-1.098013629316256,3.475578618281775,3.475578618281775,0.0,7.244415814494928,7.244450459308126,3.464481319781498e-05,1725.0,1725.0,0.0,18.771516588851245,18.748356998317927,-0.023159590533317953,0.3859293008714429,3037.3288121729056,3036.257607236521,-1.0712049363846745,3.749409738068557,3.750226907903677,0.0008171698351202572,7.793027702184988,7.793083861908728,5.61597237398459e-05,2969.0,2971.0,2.0,26.08661294796269,26.080123158553416,-0.006489789409272362
0.9859549581345319,31,3,0.7332486673405213,1663.483413496157,1662.324159025233,-1.1592544709239974,3.866689992085095,3.866689992085095,0.0,7.250234972205976,7.249941334555947,-0.0002936376500288773,1725.0,1726.0,1.0,18.305873344499027,18.307108188820717,0.0012348443216900762,0.34547397089135673,3076.6314093742667,3075.2516173393547,-1.3797920349120432,4.329939343450553,4.329939343450553,0.0,7.791664239677917,7.791747075064535,8.283538661757461e-05,2989.0,2990.0,1.0,26.581587510066807,26.568428346321028,-0.013159163745779523
0.9859549581345319,31,4,0.5065626427442694,1658.6021150583776,1657.936358518839,-0.6657565395387337,3.330140055015392,3.330140055015392,0.0,7.2492549660939325,7.248642261992471,-0.0006127041014618584,1723.0,1722.0,-1.0,17.939414291072623,17.949533368613253,0.010119077540629462,0.2640670814480448,3067.1829965877414,3065.8305339060407,-1.352462681700672,3.9576236604250736,3.9576287140060695,5.053580995895146e-06,7.785502986835063,7.785502685747352,-3.0108771031933657e-07,2956.0,2957.0,1.0,26.588854757083073,26.58442296901876,-0.004431788064312769
0.9859549581345319,31,5,0.21135480342952404,1652.735394228725,1652.0687628140408,-0.6666314146841614,3.8963997399755557,3.8963997399755557,0.0,7.233901981161772,7.233758845953326,-0.0001431352084457771,1702.0,1703.0,1.0,18.27157844276107,18.264246678774203,-0.007331763986865525,0.17549921756664288,3068.485220508605,3067.723423086086,-0.7617974225190665,4.440439330663304,4.440439330663304,0.0,7.779868653235147,7.779875377163144,6.723927996610257e-06,2943.0,2942.0,-1.0,26.94871211430248,26.95339132291158,0.004679208609097429
0.9859549581345319,31,6,0.3731048898448398,1614.3949353377036,1613.4741710637586,-0.9207642739449966,4.017635220703745,4.017635220703745,0.0,7.236549306273667,7.235823015227735,-0.0007262910459315819,1708.0,1706.0,-2.0,17.813541851824986,17.819817948631442,0.006276096806455911,0.5433106793045341,3056.061292662197,3054.3129762809376,-1.7483163812594285,4.1329786364519014,4.1329786364519014,0.0,7.783330935248873,7.782805795229652,-0.0005251400192216593,2968.0,2964.0,-4.0,26.89293681672387,26.8876357139092,-0.005301102814669889
0.9859549581345319,31,7,0.2928151295288429,1649.317725375106,1648.1028613370404,-1.2148640380655706,3.8082592787040084,3.8082592787040084,0.0,7.249719037853154,7.2492815409820865,-0.0004374968710676441,1730.0,1728.0,-2.0,17.885671779588222,17.875657457458498,-0.010014322129723752,0.5535991903674766,3111.8353692796213,3110.2757068286205,-1.5596624510008041,3.955453251019811,3.955263538369999,-0.000189712649811824,7.77972500348243,7.7796556614222965,-6.934206013387012e-05,2948.0,2950.0,2.0,27.605205279829843,27.581609724885308,-0.023595554944535024
0.9859549581345319,31,8,0.27907477413305604,1659.969799458647,1658.7577889499714,-1.2120105086755757,3.276288438343732,3.27628843805629,-2.8744207014597123e-10,7.2554602636363175,7.2546212718020895,-0.0008389918342279756,1740.0,1735.0,-5.0,18.08469740492398,18.084751181603043,5.377667906358852e-05,0.23302654912088575,3055.631252293966,3055.4199338523736,-0.21131844159253887,3.860336049732526,3.860336049732526,0.0,7.768794778316487,7.768866594150284,7.181583379711753e-05,2936.0,2933.0,-3.0,26.97812433007976,26.974322686744106,-0.0038016433356524715
0.9859549581345319,31,9,0.3593680993665084,1671.8905080753148,1672.17305704514,0.2825489698252568,3.4120262044417213,3.493799623586101,0.08177341914437974,7.248555087141202,7.248513497857886,-4.158928331676748e-05,1719.0,1721.0,2.0,18.261034478517733,18.283623480333134,0.022589001815401133,0.2588952203421724,3056.182581691962,3056.7159395356425,0.5333578436807329,3.901358942330334,3.9013639959113298,5.053580995895146e-06,7.787152033996744,7.78713092622708,-2.1107769663686327e-05,2978.0,2975.0,-3.0,26.47144960799366,26.47477170749719,0.0033220995035314616
0.9859549581345319,31,10,0.39194592868812894,1642.5641505805665,1640.8140641706955,-1.7500864098710736,3.4795658516803,3.5011807315929016,0.02161487991260147,7.243861964396244,7.2443174569846045,0.0004554925883608618,1728.0,1729.0,1.0,18.13524539653613,18.11482804674466,-0.02041734979147236,0.24538991723813025,3075.974862720651,3074.670614515478,-1.3042482051728257,4.672889908415566,4.672889908415566,0.0,7.777762501437573,7.777882064044315,0.00011956260674139685,2954.0,2957.0,3.0,27.164626183578733,27.155971984698276,-0.008654198880456931
0.9859549581345319,31,11,0.42771290971980613,1619.9704015688137,1619.8589048707302,-0.11149669808355611,3.1386043500697736,3.0960589617052006,-0.042545388364573,7.262319812829042,7.261925110119513,-0.0003947027095287936,1727.0,1726.0,-1.0,17.025217027898158,17.03806613201384,0.012849104115680632,0.2215706868877264,3099.9211764643956,3099.0120581148435,-0.9091183495520454,4.174472472207845,4.174472472207438,-4.0678571622265736e-13,7.788601373726903,7.788669044196102,6.767046919975428e-05,2960.0,2960.0,0.0,26.901587809265383,26.895992553329176,-0.005595255936206911
0.9859549581345319,31,12,0.2161495127177817,1666.5655887121454,1666.0008935254168,-0.5646951867286134,3.6264271610462573,3.6264271610462573,0.0,7.26148206700367,7.2614010868997765,-8.098010389367971e-05,1735.0,1738.0,3.0,18.006657581197025,18.014728597397696,0.0080710162006703,0.3238198814817971,3100.701214278345,3099.092625542311,-1.6085887360341076,4.161689115095326,4.161689115089148,-6.178169087434071e-12,7.796678422214656,7.796855227076593,0.0001768048619368301,3006.0,3005.0,-1.0,26.869043821733346,26.853820053714152,-0.015223768019193784
0.9859549581345319,31,13,0.34126288463894183,1665.6624234793992,1664.6095666526521,-1.0528568267470746,3.270622619440049,3.270622619440049,0.0,7.269496642805199,7.270180965651208,0.0006843228460091666,1758.0,1759.0,1.0,17.586366860737144,17.549047925020602,-0.037318935716541546,0.20812458615476054,3052.5773268767375,3051.78080920287,-0.7965176738675837,3.68009271931606,3.68009271931606,0.0,7.78565374649767,7.7861630437122225,0.0005092972145526176,2967.0,2969.0,2.0,26.336379340580898,26.311569190182066,-0.02481015039883161
0.9859549581345319,31,14,0.2156317663302436,1672.6835507777905,1671.5808176203159,-1.1027331574746313,3.397146708976245,3.397146708976245,0.0,7.2812288832082235,7.280556008011169,-0.000672875197054168,1767.0,1765.0,-2.0,17.62591063803263,17.60338918347273,-0.022521454559900178,0.14873882176031483,3095.579790746796,3094.454788153902,-1.1250025928939067,4.026919902141653,4.026884544640876,-3.535750077698907e-05,7.792090239085528,7.791883302850829,-0.0002069362346990289,3002.0,3002.0,0.0,26.84945727062565,26.83765451401492,-0.011802756610730825
0.9859549581345319,31,15,0.6542895215408996,1686.1457002860652,1683.8928894432333,-2.2528108428318774,3.4304617482079873,3.6216745392925236,0.19121279108453626,7.253284951820649,7.253091432490427,-0.00019351933022182521,1736.0,1738.0,2.0,18.47853263673708,18.44599471334597,-0.03253792339110717,0.42035639715258066,3102.3000488985303,3100.788665257759,-1.511383640771328,4.651556338802578,4.651556338802578,0.0,7.794110284842747,7.794255234556221,0.00014494971347467356,3002.0,3002.0,0.0,27.16121598699403,27.134431844192452,-0.026784142801577815
1.0305764320548887,32,0,0.4584344600104574,1685.8654582056965,1684.3264774255786,-1.5389807801179813,3.2222875140033542,3.29661187634766,0.07432436234430595,7.247834359452792,7.247950517911169,0.00011615845837731342,1710.0,1711.0,1.0,18.424299757292044,18.408748140504898,-0.015551616787146116,0.218921972548607,3229.4556382330366,3228.4360287033505,-1.0196095296860221,4.330532069163346,4.330532069163346,0.0,7.794067141172814,7.793809427120472,-0.0002577140523420951,2980.0,2979.0,-1.0,28.364554731507834,28.353844058343576,-0.010710673164258111
1.0305764320548887,32,1,0.3417115329934587,1718.0445863823165,1717.3017137075922,-0.7428726747243672,3.3852561529765146,3.3852492943270045,-6.858649510110837e-06,7.249527925410257,7.249688526934065,0.0001606015238078129,1717.0,1717.0,0.0,18.897194310906485,18.88314515628065,-0.014049154625833893,0.1779156236215837,3155.372077820557,3154.4966991137417,-0.8753787068153542,3.897533946958961,3.897533946958961,0.0,7.780757117445385,7.781016286170814,0.00025916872542897096,2954.0,2957.0,3.0,27.9821889080125,27.959949958766995,-0.02223894924550507
1.0305764320548887,32,2,0.2860976131563263,1731.5256843782886,1730.2618575192796,-1.2638268590089865,3.71468840162919,3.71468840162919,0.0,7.239741623152155,7.239707874892677,-3.374825947854987e-05,1716.0,1716.0,0.0,19.36255214277863,19.347202102511545,-0.015350040267083642,0.19351891359072546,3327.245865048246,3325.8797058199552,-1.3661592282905985,4.430575117918128,4.430575117918128,0.0,7.794815984846336,7.7949914612578715,0.00017547641153559113,3008.0,3008.0,0.0,29.890113545565672,29.86482652367629,-0.025287021889383254
1.0305764320548887,32,3,0.2118861988807704,1684.5559157493012,1683.2096316787427,-1.3462840705585677,3.709944404509869,3.6460710216345564,-0.06387338287531241,7.235463799914556,7.234796048811755,-0.0006677511028012617,1688.0,1687.0,-1.0,18.709723557664375,18.704695314007,-0.0050282436573745315,0.3014061494559034,3155.29886642202,3153.871380416358,-1.4274860056621037,4.656097418800021,4.655516015024009,-0.0005814037760121238,7.781140719971849,7.781020430026344,-0.00012028994550483674,2962.0,2960.0,-2.0,28.237773580917853,28.22740247257032,-0.01037110834753463
1.0305764320548887,32,4,0.26105834447459353,1775.683594517455,1775.0607685467662,-0.6228259706888366,3.6906037591233107,3.6906037591233107,0.0,7.270011138123982,7.2701278940269285,0.00011675590294668581,1754.0,1753.0,-1.0,19.621681277308934,19.618920544841103,-0.0027607324678307066,0.17407573960892841,3241.925771474466,3240.674314349658,-1.2514571248079847,4.25076512038365,4.250765120376635,-7.014833158791589e-12,7.791759343204037,7.791653674143435,-0.00010566906060205383,2971.0,2971.0,0.0,28.61825432778586,28.599573139679016,-0.01868118810684294
1.0305764320548887,32,5,0.24359627544936585,1727.3330930273112,1726.4857160703696,-0.8473769569416163,3.7855470089923946,3.7855470089923946,0.0,7.247229871196759,7.246725401525383,-0.0005044696713758512,1719.0,1718.0,-1.0,19.42086160370218,19.41793123524302,-0.0029303684591575063,0.28946711419409266,3236.5670675012557,3236.013126693496,-0.5539408077597727,4.2802639970242184,4.2802639970242184,0.0,7.793081797750263,7.793537234027804,0.0004554362775408549,2971.0,2973.0,2.0,28.549548898294912,28.517755475246876,-0.03179342304803612
1.0305764320548887,32,6,0.28651300172464034,1695.4382393540013,1694.7163456837875,-0.7218936702138308,3.633540569538762,3.633540569538762,0.0,7.225617458974132,7.225128485586636,-0.0004889733874966495,1687.0,1687.0,0.0,19.218500421046038,19.208814212096822,-0.009686208949215569,0.1538190187404725,3244.694924268732,3243.8159366322816,-0.878987636450347,4.567705535981204,4.570364014099937,0.0026584781187324324,7.802420544829274,7.802193538810761,-0.00022700601851255442,3001.0,3001.0,0.0,28.667955590996808,28.65968354825253,-0.008272042744277286
1.0305764320548887,32,7,0.2981454518166635,1721.2647961334521,1719.889541198032,-1.3752549354201165,3.3071614050951945,3.3071614049759686,-1.1922596243607586e-10,7.255958470092789,7.256439935078746,0.00048146498595702525,1732.0,1732.0,0.0,18.929061737527054,18.889394065418827,-0.039667672108226526,0.19573847901899988,3183.331464430807,3180.524471830751,-2.806992600056219,4.469274363175976,4.469274363175976,0.0,7.78497214246137,7.784753112045876,-0.00021903041549364843,2984.0,2983.0,-1.0,28.344449971318056,28.316546524995513,-0.0279034463225436
1.0305764320548887,32,8,0.30369053093534776,1703.8722752326453,1703.206280132158,-0.66599510048718,3.588938444351458,3.6605879460259443,0.07164950167448625,7.244345760474118,7.243928054888426,-0.0004177055856926515,1714.0,1715.0,1.0,18.866979886201847,18.883019739587898,0.01603985338605085,0.31751220912988143,3216.768579762123,3215.375827644979,-1.3927521171440276,4.975964824555765,4.975964824555766,8.881784197001252e-16,7.775951224494191,7.776244488128485,0.0002932636342940498,2958.0,2962.0,4.0,29.091616104174587,29.061622020816316,-0.029994083358271695
1.0305764320548887,32,9,0.29840424950269895,1701.2341449058574,1700.3102741700363,-0.9238707358210831,3.750776752693749,3.7054219895732263,-0.04535476312052289,7.249637505479835,7.2497757632440605,0.00013825776422571323,1716.0,1716.0,0.0,18.840845467575168,18.820879105068993,-0.019966362506174562,0.28472423203182795,3269.2930042125195,3268.7656652800215,-0.5273389324979689,4.289496506021198,4.289496506021198,0.0,7.8061729046370845,7.806004479768944,-0.0001684248681401712,3020.0,3021.0,1.0,28.601948640245407,28.5973990747045,-0.004549565540905576
1.0305764320548887,32,10,0.24309663955014416,1658.1197130363444,1657.5599236906464,-0.5597893456979364,3.4618844892283414,3.4618844892283414,0.0,7.2230979630839895,7.223679755981549,0.0005817928975595521,1682.0,1682.0,0.0,18.501333633479717,18.484768947949675,-0.01656468553004231,0.23667062810209333,3303.5143067286654,3302.226526177766,-1.2877805508992424,4.54840813282551,4.54840813282551,0.0,7.794828511383149,7.794602324070097,-0.0002261873130517955,2982.0,2981.0,-1.0,29.425880624338873,29.418739419267727,-0.0071412050711465724
1.0305764320548887,32,11,0.2724024231984577,1737.4937572753931,1735.7201288467522,-1.7736284286409045,4.104759828778092,4.104759037803507,-7.909745853851291e-07,7.24618701853602,7.246047663428367,-0.0001393551076525057,1718.0,1717.0,-1.0,19.519915570132397,19.505394320418887,-0.014521249713510542,0.21092237592023733,3198.294899098806,3196.779308316611,-1.5155907821949768,4.177696375930517,4.177696375930517,0.0,7.797327773815283,7.79719029893937,-0.00013747487591331264,2970.0,2968.0,-2.0,28.02959791577591,28.007620644609055,-0.021977271166853996
1.0305764320548887,32,12,0.16896414336281507,1718.7559272382632,1718.8572907242683,0.10136348600508427,3.5181236829425844,3.5181236830106872,6.81028566873465e-11,7.243181454125122,7.243156804004185,-2.4650120937330655e-05,1709.0,1709.0,0.0,19.333253206699307,19.33476107002806,0.001507863328750858,0.18340523871538217,3089.5117976593656,3089.4339079180563,-0.07788974130926363,4.032367244254253,4.032367244255341,1.0880185641326534e-12,7.774329471672446,7.774436407896611,0.00010693622416546589,2925.0,2927.0,2.0,27.155044752597846,27.160788094192633,0.005743341594786955
1.0305764320548887,32,13,0.30081767855705244,1695.853766920772,1695.8676040134355,0.013837092663607109,3.4656290767285296,3.4656290767285296,0.0,7.22943337653369,7.2292044986558555,-0.00022887787783432145,1694.0,1695.0,1.0,19.161370594737136,19.16840313658872,0.007032541851582863,0.27994349867863755,3302.4741814472945,3302.07850977021,-0.39567167708446505,3.9175101917373345,3.9175101917373345,0.0,7.795980889127053,7.79618939711628,0.0002085079892273356,3003.0,3002.0,-1.0,29.385706472493904,29.37917139931246,-0.006535073181442641
1.0305764320548887,32,14,0.41066173110502036,1689.3207707771503,1687.475490812184,-1.8452799649662666,3.6927405783911897,3.6927405783911897,0.0,7.230281606847947,7.230150520120294,-0.00013108672765316243,1694.0,1694.0,0.0,19.062386794037145,19.04155342354791,-0.020833370489235392,0.1970827887869251,3213.868220495399,3212.1510247446085,-1.7171957507903244,4.453941558108879,4.453941557931015,-1.7786394579388798e-10,7.787075257946816,7.787617222642944,0.0005419646961284386,2979.0,2980.0,1.0,28.8150484716743,28.772466882188585,-0.04258158948571378
1.0305764320548887,32,15,0.6070897429080779,1713.2316717844337,1713.2231471841285,-0.008524600305236163,3.5229385397303528,3.5629335587234285,0.03999501899307578,7.223687027905082,7.223830702046114,0.000143674141032335,1682.0,1684.0,2.0,19.396781916090713,19.401528408632164,0.004746492541450209,0.2473317506420976,3236.8291884701493,3236.8187018616422,-0.01048660850710803,4.567449003013615,4.567449003013615,0.0,7.786030608698876,7.786254422799026,0.0002238141001491556,2984.0,2983.0,-1.0,28.808121640446068,28.79504794613437,-0.013073694311696471
1.0772173450159421,33,0,0.5633951576139993,1816.3319721473526,1814.7764161843409,-1.5555559630117841,3.6320220173292785,3.6784630109078953,0.04644099357861675,7.2522022727777875,7.251352421541848,-0.0008498512359391697,1719.0,1717.0,-2.0,20.531882847752392,20.538366463967595,0.006483616215202659,0.2540934128243886,3341.5131389845114,3340.230161156025,-1.2829778284863096,4.454146850049695,4.454146850004045,-4.5650594415747037e-11,7.77977840448596,7.779992069906833,0.00021366542087353224,2943.0,2943.0,0.0,30.471892436826142,30.443740292826412,-0.028152143999729873
1.0772173450159421,33,1,0.2949152460108832,1825.0389713865857,1824.9870819079338,-0.0518894786519013,4.007150254336325,4.003022569857084,-0.004127684479240834,7.2561657582661505,7.256621084052552,0.0004553257864010618,1757.0,1759.0,2.0,20.929046764499414,20.92435806816298,-0.004688696336433651,0.21088457419280324,3407.176092235811,3406.9307814850144,-0.24531075079676157,4.955004493186893,4.955004493186893,0.0,7.792670550054042,7.792816310566607,0.00014576051256565137,2980.0,2979.0,-1.0,30.74093477803864,30.723742470280598,-0.017192307758040926
1.0772173450159421,33,2,0.3554611819747717,1770.0261935102162,1768.3999987968882,-1.6261947133280046,3.910825037662219,3.910825037662219,0.0,7.230686904660361,7.230049264593511,-0.000637640066850409,1693.0,1693.0,0.0,20.4756027300061,20.468931913221617,-0.006670816784481559,0.24592525842379728,3280.053450537534,3277.991022004487,-2.062428533046841,4.394537308098719,4.394537308098719,0.0,7.7691566680702095,7.769288101893985,0.00013143382377567292,2931.0,2930.0,-1.0,30.509191172176372,30.483128855724804,-0.026062316451568535
1.0772173450159421,33,3,0.12449144953377689,1852.0940398809546,1852.0203349892286,-0.07370489172603811,4.462588188955473,4.462588188954867,-6.057376822354854e-13,7.273761057979385,7.274016428499802,0.0002553705204171308,1756.0,1758.0,2.0,20.784799920370958,20.786295173584072,0.0014952532131147223,0.22644679351856167,3369.0342236841316,3369.2271752060888,0.192951521957184,4.164340403311063,4.178445270860483,0.014104867549420419,7.78036536752538,7.780311358229008,-5.400929637122687e-05,2955.0,2954.0,-1.0,30.861874931574256,30.861618287497095,-0.0002566440771616385
1.0772173450159421,33,4,0.33912360021146193,1820.192256418593,1819.3405235774173,-0.8517328411755898,3.600105338284444,3.6001051269872093,-2.1129723482005147e-07,7.286297171625623,7.286473910848186,0.00017673922256289387,1779.0,1780.0,1.0,20.022314424724375,20.011092999248138,-0.01122142547623639,0.16098592514659493,3489.6270874946085,3488.5956614349457,-1.0314260596628628,4.4732843157701065,4.4732843157701065,0.0,7.79670197908718,7.796572967823697,-0.00012901126348285885,2991.0,2990.0,-1.0,31.939913359011587,31.918818634694592,-0.02109472431699544
1.0772173450159421,33,5,0.5546965387869249,1812.5987382509013,1810.7842506555012,-1.8144875954001236,3.7270061493734943,3.8976750379765535,0.17066888860305918,7.247018777492489,7.246625795324171,-0.00039298216831795685,1728.0,1728.0,0.0,20.770939284318633,20.750465711521937,-0.02047357279669626,0.46174661996938327,3331.9955569687836,3329.7625320662664,-2.2330249025171724,4.3119147169699295,4.311914716969927,-2.6645352591003757e-15,7.788866036384428,7.788947027789788,8.099140535922089e-05,2961.0,2960.0,-1.0,30.071326420433962,30.04289248152327,-0.028433938910691126
1.0772173450159421,33,6,0.6838693740442788,1716.7441453712656,1715.2826481411137,-1.4614972301519629,3.948855692107271,3.948855691983179,-1.24091847908403e-10,7.227121912865443,7.2260397284773745,-0.0010821843880686188,1675.0,1674.0,-1.0,19.4613699964055,19.474707839037936,0.013337842632434871,0.28465124430577976,3397.520888712851,3396.195075688466,-1.3258130243848427,4.657959628039882,4.657959628027073,-1.2809309168915206e-11,7.790265913599116,7.7904144803668895,0.00014856676777341704,3002.0,3004.0,2.0,31.174445685407463,31.156099487689062,-0.01834619771840096
1.0772173450159421,33,7,0.36634770867933786,1839.7398158915719,1838.134787548968,-1.6050283426038732,3.6502450797309183,3.6502449489836986,-1.307472197176196e-07,7.246738135997825,7.246044457630308,-0.0006936783675168812,1714.0,1714.0,0.0,21.047755991767655,21.04150415952535,-0.006251832242305966,0.2711520090962031,3441.3935791215363,3440.0735410895495,-1.320038031986769,4.406861735631857,4.406861735631857,0.0,7.797576394067206,7.797761107990567,0.00018471392336127934,2993.0,2993.0,0.0,31.189432326010472,31.15715875182569,-0.032273574184781495
1.0772173450159421,33,8,0.6072818832108839,1793.2811206759163,1791.7735304790956,-1.507590196820729,3.8986605072009555,3.8500573198542156,-0.04860318734673985,7.2337536240546365,7.234263632968363,0.0005100089137268782,1705.0,1707.0,2.0,20.982647496901812,20.93266803863904,-0.04997945826277217,0.22597231496911174,3273.3836604317285,3272.8935911470135,-0.4900692847149912,4.709102137414432,4.709316036461915,0.00021389904748225774,7.7558610238252195,7.755548462085419,-0.00031256173980054314,2887.0,2885.0,-2.0,30.31537871088567,30.30639830753603,-0.008980403349642785
1.0772173450159421,33,9,0.1845103318112193,1803.7779932939072,1803.4083801595414,-0.3696131343658635,3.782639317809452,3.782639317809452,0.0,7.237922101928772,7.237654107734569,-0.00026799419420342474,1717.0,1719.0,2.0,20.854692097472974,20.857770009390208,0.0030779119172343883,0.18603469894373892,3264.470448361143,3264.383150361983,-0.08729799916000047,3.9928221687553282,3.9928221687553282,0.0,7.787630911402286,7.788030544983082,0.00039963358079564415,2972.0,2973.0,1.0,29.011569393548815,28.999090319088985,-0.01247907445982932
1.0772173450159421,33,10,0.30425462403751957,1780.0299544556522,1778.819735687989,-1.2102187676632639,3.95820968239801,3.958209682300469,-9.75410863190973e-11,7.2387672311838385,7.238455775863818,-0.00031145532002074816,1701.0,1699.0,-2.0,20.281455905854855,20.27055408752631,-0.010901818328544977,0.4391587199280439,3379.4139526729937,3378.8123012973037,-0.6016513756899258,4.525619208830294,4.525619208613589,-2.1670487626579416e-10,7.784111769062599,7.784367130732516,0.0002553616699172423,2957.0,2960.0,3.0,31.067965692958474,31.05616711729637,-0.011798575662105293
1.0772173450159421,33,11,0.38251382053407473,1777.8005440479005,1776.7151819510168,-1.0853620968837276,3.8569864472448936,3.8569864472448936,0.0,7.225014183166953,7.2248112480847535,-0.00020293508219992873,1686.0,1685.0,-1.0,20.624996539633766,20.618397153321325,-0.006599386312441169,0.2691404766637632,3474.150745481994,3472.4141672891274,-1.7365781928665456,4.911223810241476,4.911223810227947,-1.3529621867292008e-11,7.793306561964281,7.79354629272753,0.0002397307632495682,2984.0,2984.0,0.0,31.824892887288517,31.79202367355307,-0.03286921373544516
1.0772173450159421,33,12,0.6649106196437098,1779.7753448803185,1777.9814706394784,-1.7938742408400685,3.6878458186908696,3.687845805317494,-1.3373375740144411e-08,7.245988238318184,7.245685960248155,-0.0003022780700296934,1717.0,1717.0,0.0,20.238780091370817,20.24154794001704,0.0027678486462221485,0.3446988858283032,3364.9789242578254,3364.3115047500905,-0.6674195077348486,4.461613855729916,4.461613855729916,0.0,7.789945762671379,7.790045282083806,9.95194124273624e-05,2972.0,2975.0,3.0,30.661368354910763,30.636883576268154,-0.02448477864260923
1.0772173450159421,33,13,0.19688378540289111,1807.941891468559,1807.1607682078588,-0.7811232607002694,3.8552549797826265,3.8523750806245385,-0.0028798991580880617,7.270873306536422,7.270641432393356,-0.00023187414306580223,1757.0,1758.0,1.0,20.18030066151784,20.18314038958339,0.0028397280655489965,0.502575390887483,3414.4013753770146,3413.7413629298885,-0.6600124471260642,4.915433059032571,4.915433059032571,0.0,7.8010612041552765,7.801491417390443,0.0004302132351661214,3027.0,3027.0,0.0,30.746386352622018,30.70766985692109,-0.03871649570092828
1.0772173450159421,33,14,0.7671748983405421,1869.1638983764974,1867.0562829203361,-2.107615456161284,3.6344330732469445,3.767830344476578,0.1333972712296334,7.258660048555968,7.2584573258021,-0.0002027227538681231,1733.0,1732.0,-1.0,21.12862568395534,21.092407634992384,-0.036218048962957994,0.20427432290141892,3346.8094235586627,3345.0255920218688,-1.7838315367939686,4.481393099810322,4.4813931022050415,2.3947190896933535e-09,7.777513406968519,7.777321167812132,-0.00019223915638733047,2923.0,2925.0,2.0,30.60406332157285,30.59716797992315,-0.0068953416496988496
1.0772173450159421,33,15,0.3114805815356083,1840.833844754103,1840.4079393667178,-0.4259053873852281,4.253808290158126,4.253808290159324,1.198152688175469e-12,7.256142026030281,7.255815889978873,-0.0003261360514077438,1729.0,1731.0,2.0,20.90867831447753,20.924902941614246,0.01622462713671524,0.3886364326611381,3389.318204736414,3389.5672365869223,0.2490318505083451,4.575527702251539,4.575527702251539,0.0,7.7752306760215975,7.775737515305206,0.0005068392836085067,2955.0,2954.0,-1.0,31.550330096830947,31.518047959088012,-0.032282137742935646
1.1259690909964377,34,0,0.5391191609517486,1881.8399086977065,1881.5755856470746,-0.2643230506319014,3.688110221233091,4.076678463035371,0.3885682418022802,7.244889896573266,7.24425964283906,-0.0006302537342062209,1722.0,1721.0,-1.0,21.986376673740587,22.010258303271076,0.023881629530489334,0.15504981119727168,3524.5691165575945,3524.266117683425,-0.3029988741695888,4.60658247211095,4.60658247211095,0.0,7.779829208526619,7.779633510489035,-0.00019569803758479054,2933.0,2932.0,-1.0,32.9272094055127,32.91560650147595,-0.01160290403674935
1.1259690909964377,34,1,0.30572124078839624,1885.0665248163314,1885.318315437373,0.25179062104166405,3.896273162738398,3.8962732105826743,4.7844276096498106e-08,7.237286322884184,7.237300696654316,1.4373770131470565e-05,1707.0,1707.0,0.0,22.40135891968569,22.397246059449976,-0.004112860235714777,0.3143533371262949,3480.296171574586,3480.7643762977937,0.46820472320769113,4.740583902184648,4.740583902184648,0.0,7.781841155629097,7.781626135472776,-0.00021502015632091087,2929.0,2930.0,1.0,32.07888814742492,32.09908481628414,0.02019666885922078
1.1259690909964377,34,2,0.5501108506920205,1945.832316948447,1943.713483288766,-2.1188336596810586,4.456240997140713,4.4439883170094365,-0.012252680131276783,7.260104304524873,7.26019935760637,9.505308149737601e-05,1732.0,1732.0,0.0,22.71139197454593,22.673537921179815,-0.03785405336611447,0.5902035628437472,3482.431256803584,3480.599173736872,-1.8320830667116752,5.4522933442578125,5.4522933442578125,0.0,7.77368203716382,7.773723094693748,4.1057529928778536e-05,2918.0,2919.0,1.0,32.648840340666204,32.62024199539179,-0.028598345274417625
1.1259690909964377,34,3,0.18035595439379282,1850.7544981616954,1850.1360945931285,-0.6184035685669187,3.825562744095904,3.8138282864830866,-0.01173445761281755,7.2449568654872065,7.2452537620884865,0.0002968966012799612,1714.0,1715.0,1.0,21.658490835452227,21.624020690901105,-0.03447014455112196,0.2209040888642751,3566.4557271157523,3566.350342747039,-0.105384368713203,4.509846058264488,4.583523071588966,0.0736770133244784,7.791855089535781,7.7918838825281185,2.8792992337045575e-05,2994.0,2995.0,1.0,33.14446132920565,33.154277924328156,0.009816595122508431
1.1259690909964377,34,4,0.4949160978232978,1833.1035308405262,1832.0772769150208,-1.0262539255054435,3.846744717331823,3.846744717331823,0.0,7.237568616238786,7.237422891300369,-0.00014572493841669143,1700.0,1699.0,-1.0,21.202187036512942,21.190516916901508,-0.01167011961143416,0.3671002851897982,3531.527163331718,3529.5635097535524,-1.9636535781655766,4.309654928656999,4.306914665007364,-0.0027402636496356436,7.796554885682977,7.796443304414721,-0.00011158126825616677,3013.0,3012.0,-1.0,32.539751643201306,32.505447414036986,-0.03430422916432008
1.1259690909964377,34,5,0.9139277583039966,1851.26050344225,1850.8958114294824,-0.3646920127675912,3.7269689997636637,3.7269689997636637,0.0,7.243034632560007,7.242911431728898,-0.00012320083110850533,1716.0,1716.0,0.0,21.458985339196328,21.461524030339106,0.002538691142778049,0.2474189076266975,3515.1173366478097,3514.13645290766,-0.980883740149693,5.123644759706844,5.123644784044122,2.433727797068741e-08,7.792512665699401,7.792815642489492,0.0003029767900910585,2986.0,2989.0,3.0,32.49452007829811,32.47525776445002,-0.019262313848088297
1.1259690909964377,34,6,0.29747001131295314,1940.7801731854563,1939.8265406972387,-0.9536324882176359,3.9032021895795648,3.9032021895795648,0.0,7.26026266668332,7.259628777966323,-0.0006338887169974328,1735.0,1735.0,0.0,22.557610471026866,22.57185179607745,0.014241325050583953,0.31102380016595765,3494.0644067041376,3493.1293211596185,-0.9350855445190973,4.515118764739432,4.515118764739432,0.0,7.7878470625923155,7.787930469324399,8.340673208362404e-05,2968.0,2966.0,-2.0,32.159667303976825,32.14804262904968,-0.011624674927148249
1.1259690909964377,34,7,0.23579070819998466,1842.9525955058584,1842.2708921401145,-0.6817033657439424,4.011368339008074,4.001833268952464,-0.009535070055609829,7.216088260554514,7.215802996107777,-0.0002852644467372656,1679.0,1675.0,-4.0,22.002525543616837,21.996308632687875,-0.0062169109289627045,0.2171793928402997,3504.6879935048714,3503.619210873487,-1.068782631384238,4.289682453521614,4.289682453521614,0.0,7.792662850857903,7.792703215234343,4.0364376439505634e-05,2971.0,2971.0,0.0,32.16891189357817,32.15593707210581,-0.012974821472361953
1.1259690909964377,34,8,0.2067029016249597,1834.3624481739757,1833.787427769619,-0.5750204043567919,3.7870947629741716,3.7870947629741716,0.0,7.2420213521059225,7.241789960745192,-0.0002313913607308038,1698.0,1697.0,-1.0,21.10767270529219,21.097427141230497,-0.010245564061694523,0.3103822529824762,3576.3628715458935,3576.2948032632726,-0.06806828262097042,5.072574414031135,5.072574414031135,0.0,7.789221241658053,7.788922584833454,-0.00029865682459906395,2993.0,2989.0,-4.0,33.657363017332706,33.65922251931325,0.0018595019805474067
1.1259690909964377,34,9,0.41542972034109527,1922.6293647807026,1921.643227846184,-0.9861369345187541,4.39752124986436,4.3975242746354395,3.024771079829236e-06,7.2554366144965465,7.255693686253795,0.00025707175724853926,1739.0,1738.0,-1.0,22.571313076918216,22.578187168010125,0.0068740910919089515,0.28650568067163107,3540.602651676704,3539.921519747986,-0.6811319287180595,4.46395619211145,4.463801041526345,-0.00015515058510473523,7.79671729336728,7.796805173866819,8.788049953878385e-05,2976.0,2975.0,-1.0,32.28671985748711,32.27278408645556,-0.013935771031547972
1.1259690909964377,34,10,0.18655084873308428,1825.9448229609218,1824.9558162333715,-0.9890067275503043,3.8801183972581663,3.9774141443476987,0.09729574708953237,7.239915988515223,7.240136391800084,0.00022040328486028216,1700.0,1700.0,0.0,21.354062560563666,21.330994600064884,-0.023067960498782014,0.254192734286993,3505.221541704646,3504.8097883998807,-0.41175330476517047,4.647986420838008,4.647986415290961,-5.547047265963556e-09,7.777887950907925,7.777589734241068,-0.0002982166668568098,2957.0,2953.0,-4.0,33.023816572516516,33.010826512767494,-0.01299005974902201
1.1259690909964377,34,11,0.329334317636631,1892.1374277475193,1891.302675360818,-0.8347523867012114,3.959655216832588,3.959655216545146,-2.8744207014597123e-10,7.264989923436716,7.264671226728805,-0.0003186967079109593,1757.0,1756.0,-1.0,22.01790813797485,22.000916675025614,-0.01699146294923537,0.18855089845508977,3594.5262166507136,3593.911740393982,-0.6144762567314501,4.869497307594471,4.869497307594471,0.0,7.789240538728993,7.789216367883117,-2.4170845875914893e-05,2954.0,2955.0,1.0,33.54888982483218,33.54313851050938,-0.005751314322800738
1.1259690909964377,34,12,0.3158488795511034,1878.8433678488013,1878.200808199018,-0.6425596497833794,4.277698540561952,4.2430557015296735,-0.03464283903227816,7.233835161996518,7.233962162332887,0.0001270003363682548,1689.0,1689.0,0.0,22.02560629804828,22.01004892564809,-0.015557372400191838,0.21990604570862626,3516.6058196098693,3516.002603594681,-0.6032160151880817,5.244952816464057,5.182290811721904,-0.06266200474215289,7.777724023158138,7.777909553014477,0.00018552985633935037,2960.0,2959.0,-1.0,33.1390477701321,33.141610204676475,0.0025624345443731045
1.1259690909964377,34,13,0.19130892779934372,1861.7382042193315,1860.8240947338186,-0.9141094855128813,4.175647256307306,4.1293724223820565,-0.046274833925249226,7.234166230844266,7.234143455063477,-2.2775780788464317e-05,1688.0,1688.0,0.0,21.69788889055235,21.678522720706642,-0.01936616984570705,0.2108627045063451,3477.2541970970788,3476.1071605224524,-1.147036574626327,4.953870836583336,4.953870836583336,0.0,7.779793654835984,7.779527952271458,-0.00026570256452629337,2957.0,2952.0,-5.0,32.48674496529014,32.48475765545662,-0.0019873098335239092
1.1259690909964377,34,14,0.3105693605318682,1919.662141597355,1918.9306570433973,-0.7314845539576709,3.8726736337633243,3.8726736337633243,0.0,7.255370190483977,7.255202202826436,-0.00016798765754089118,1735.0,1734.0,-1.0,22.17607324027619,22.160996749923093,-0.01507649035309555,0.44864919563700156,3474.5609279135556,3472.8693804129825,-1.6915475005730514,4.176695509315778,4.176695509315777,-8.881784197001252e-16,7.77197107161725,7.771983187015617,1.211539836720732e-05,2916.0,2917.0,1.0,32.378097599403134,32.35703567709312,-0.021061922310011028
1.1259690909964377,34,15,0.15131193496742587,1867.4034618426188,1867.4432230632262,0.03976122060748821,3.818998791586648,3.818998791586648,0.0,7.251344736458272,7.251012832353247,-0.00033190410502470513,1708.0,1708.0,0.0,21.58774015699278,21.598401861376335,0.010661704383554849,0.2191302709859247,3538.5441655987715,3537.8160971441375,-0.7280684546340126,4.3554657281482605,4.454639692813948,0.09917396466568729,7.786046558962573,7.7856242740891295,-0.0004222848734434237,2968.0,2969.0,1.0,33.06651069067875,33.07810475685918,0.011594066180435902
1.1769272002026496,35,0,0.33600288270650935,1915.9534162096568,1915.4349013019137,-0.5185149077431106,4.335754237479054,4.3218995609292845,-0.013854676549769351,7.223248843575914,7.223768858137507,0.0005200145615926743,1682.0,1682.0,0.0,23.343976545683926,23.322416201416445,-0.021560344267481213,0.3032109964860862,3665.436462071899,3665.3748321164508,-0.06162995544809746,4.946145901750634,4.946145901750634,0.0,7.780658946290742,7.780400379916489,-0.00025856637425292206,2966.0,2966.0,0.0,35.12505331695219,35.13938047563259,0.014327158680401908
1.1769272002026496,35,1,0.5940009325332198,1983.664940280487,1981.3574689588743,-2.3074713216126383,3.9161490798510687,3.9179032696306297,0.0017541897795609884,7.256502149081246,7.2562128139029625,-0.0002893351782837783,1725.0,1723.0,-2.0,23.170444492406123,23.139925218340817,-0.030519274065305524,0.4661020595525913,3619.40521397016,3617.7339285987478,-1.6712853714120683,4.704478867697231,4.704393624832565,-8.524286466649045e-05,7.76590938182858,7.765775486459777,-0.00013389536880303865,2921.0,2920.0,-1.0,34.82373248941805,34.7865398900779,-0.037192599340151844
1.1769272002026496,35,2,0.7726820797475114,2012.786161181058,2012.1918828165199,-0.5942783645382406,5.044273999908347,5.044274001868977,1.9606298806706945e-09,7.244386726261599,7.243901850695214,-0.00048487556638487916,1716.0,1715.0,-1.0,24.482257018936487,24.494497211159757,0.01224019222327044,0.29115974855611426,3665.4653526026436,3665.129455354739,-0.33589724790454056,5.023701724879618,5.023701897866307,1.7298668897325342e-07,7.781076508498735,7.781233647145036,0.0001571386463004032,2959.0,2958.0,-1.0,34.85153791792473,34.845275790848966,-0.0062621270757645675
1.1769272002026496,35,3,0.2918150136637372,1978.5112405441405,1978.27770749919,-0.23353304495049088,4.437485562011466,4.437485562732742,7.212754837837565e-10,7.244122280565261,7.2447783416876055,0.000656061122344731,1707.0,1708.0,1.0,23.598318183907868,23.578649797704784,-0.019668386203083088,0.12430751684959859,3605.05176299603,3604.2084074294894,-0.8433555665405947,4.911332758919531,4.911332737307161,-2.1612369671686338e-08,7.7504605462660034,7.75029392888772,-0.0001666173782837177,2864.0,2865.0,1.0,35.231001648817376,35.22940692005416,-0.001594728763215869
1.1769272002026496,35,4,0.4418908588041708,1941.5971983811287,1941.2718289152906,-0.3253694658380937,4.189261472900138,4.189261472900138,0.0,7.255313569784768,7.255334796535024,2.122675025617582e-05,1739.0,1738.0,-1.0,22.961791044214596,22.961626070099804,-0.0001649741147922157,0.5433275798214068,3668.787236158302,3667.96929474624,-0.8179414120622823,5.07096875865077,5.07096875865077,0.0,7.787068526539634,7.786779164061845,-0.0002893624777886572,2950.0,2949.0,-1.0,34.75122915039617,34.750171833463455,-0.0010573169327159349
1.1769272002026496,35,5,0.23441260360695504,2024.4511418504555,2022.7479184053448,-1.7032234451107797,4.126395544882679,4.116848671050727,-0.009546873831951963,7.262783103496383,7.262240415784925,-0.0005426877114578232,1733.0,1733.0,0.0,23.78523030300411,23.807299206919737,0.022068903915627658,0.32291325157713974,3658.941211140398,3657.5657026591552,-1.3755084812428322,4.471751396319696,4.471751396319696,0.0,7.791101844252466,7.791007088740113,-9.475551235382795e-05,2966.0,2968.0,2.0,34.46598846762768,34.46367506336597,-0.0023134042617130035
1.1769272002026496,35,6,0.2097667408516354,1959.8686261037028,1958.6499326524124,-1.2186934512903917,4.686668801406543,4.686668799105723,-2.3008199789842365e-09,7.2327456197457725,7.232256706424715,-0.0004889133210577157,1695.0,1695.0,0.0,23.971328540707844,23.961740797280527,-0.009587743427317719,0.3304053399266633,3747.798642628088,3747.263364078268,-0.5352785498203048,4.701597204998377,4.701597204998377,0.0,7.787630886702569,7.787734127408436,0.00010324070586698042,2972.0,2972.0,0.0,35.695318805199086,35.65199367978398,-0.0433251254151088
1.1769272002026496,35,7,0.1641442552765702,1946.7562226037523,1946.350790552166,-0.405432051586331,3.94530700026327,3.8811100856288356,-0.06419691463443433,7.251539162863948,7.251857817058152,0.00031865419420373797,1708.0,1708.0,0.0,22.489980282233912,22.473037050530394,-0.01694323170351808,0.24035613369486675,3763.9491889752203,3763.867576079472,-0.08161289574809416,4.723045729302158,4.723593494623655,0.000547765321496918,7.799444131103699,7.799498380630319,5.424952662025362e-05,2988.0,2989.0,1.0,35.525653199040875,35.517785785521475,-0.007867413519399236
1.1769272002026496,35,8,0.36925237223877383,1987.9505500840312,1987.0499855011576,-0.9005645828735851,4.26522987337291,4.264519708695131,-0.0007101646777787352,7.2463410203236,7.24698770057541,0.0006466802518101389,1719.0,1719.0,0.0,23.82784941381525,23.798114715226465,-0.0297346985887863,0.43447870172978115,3643.5393900488352,3643.0938076456964,-0.4455824031388147,4.553832665369098,4.553832427132137,-2.3823696171376696e-07,7.782469877139528,7.782250043831752,-0.000219833307776085,2979.0,2979.0,0.0,34.8623818127672,34.873929147756776,0.011547334989579383
1.1769272002026496,35,9,0.26452597539540984,1965.7076397439682,1964.3436566608943,-1.3639830830738902,3.9957268163049267,3.995726813910208,-2.3947186456041436e-09,7.239848604709025,7.239641283151438,-0.0002073215575872922,1713.0,1712.0,-1.0,23.4825243521215,23.459323917830012,-0.023200434291489103,0.3991137368509413,3794.4709541396514,3793.640814575582,-0.8301395640692135,4.876966564023085,4.876966564023085,0.0,7.81293373955624,7.812796015292058,-0.00013772426418245942,3053.0,3054.0,1.0,35.57894787132062,35.56597650165141,-0.01297136966920931
1.1769272002026496,35,10,0.5764984331594891,1920.7163470611058,1920.2928540888877,-0.42349297221812776,4.204449190751687,4.205351999340065,0.0009028085883784343,7.23571483165618,7.234756780048922,-0.0009580516072578149,1703.0,1698.0,-5.0,22.85525142098936,22.86815952552226,0.012908104532897369,0.23348527010476006,3700.5021325802923,3699.6268193649466,-0.8753132153456136,4.523702590870759,4.523702590870759,0.0,7.798307253220058,7.798107948521492,-0.00019930469856532795,2975.0,2974.0,-1.0,34.23619262666895,34.23196827067334,-0.004224355995610551
1.1769272002026496,35,11,0.217408558617519,1973.2782952020527,1971.8875296884094,-1.3907655136433732,3.930320983978139,3.9489053805083345,0.0185843965301955,7.253328608421697,7.253167683796909,-0.00016092462478756175,1729.0,1727.0,-2.0,23.49266827591655,23.471526081276874,-0.02114219463967615,0.2095045963358318,3703.556550964967,3702.3815555922547,-1.1749953727121465,4.587571932622855,4.587571932622855,0.0,7.80057852540542,7.800661069771776,8.25443663554637e-05,2993.0,2993.0,0.0,34.700920390733174,34.68120995035082,-0.019710440382354477
1.1769272002026496,35,12,0.28764778398759744,1963.4586633325046,1962.0110698413548,-1.4475934911497461,4.198637320735594,4.198637320735594,0.0,7.243729188352114,7.2433336876943795,-0.0003955006577349707,1692.0,1692.0,0.0,23.203645933020006,23.205819748409354,0.0021738153893480217,0.2214371544754761,3712.5833828796412,3711.7234160998273,-0.8599667798139308,4.418520697640564,4.358374790358601,-0.060145907281962785,7.7951031089556535,7.79506868837744,-3.4420578213456565e-05,2996.0,2994.0,-2.0,34.93009368679132,34.905067565282685,-0.02502612150863115
1.1769272002026496,35,13,0.25009513478654843,1974.3125556300095,1971.8089715621413,-2.5035840678681325,4.259161595285545,4.226378902459654,-0.03278269282589097,7.262602813984536,7.262451568529499,-0.0001512454550374187,1743.0,1742.0,-1.0,23.177304663121337,23.125112490394752,-0.05219217272658483,0.3299818115001729,3618.3730085200154,3616.3496426903175,-2.023365829697923,5.023272132448233,5.023272132447225,-1.0080825063596421e-12,7.780569162558845,7.780395003727586,-0.00017415883125959652,2957.0,2957.0,0.0,34.51577671536603,34.49309053467465,-0.022686180691380287
1.1769272002026496,35,14,0.20624919802349762,1939.1976657147839,1937.8647069465078,-1.3329587682760575,4.232913174011904,4.232913174011886,-1.865174681370263e-14,7.249834456941242,7.249461840895622,-0.0003726160456203331,1729.0,1730.0,1.0,23.02135959878528,22.994500440623952,-0.026859158161329333,0.164394139823858,3715.179602928177,3713.1482257925127,-2.0313771356641155,5.019036906436992,5.019036906436992,0.0,7.793411413835073,7.793490035728553,7.862189348006865e-05,2984.0,2984.0,0.0,35.23352213294558,35.19193266683619,-0.04158946610939296
1.1769272002026496,35,15,0.33646287686191223,1963.3780028172405,1961.8756324882245,-1.5023703290160029,3.9350788818909685,3.9350788818909685,0.0,7.265053681243367,7.26505548902693,1.8077835637342332e-06,1746.0,1748.0,2.0,22.949199049611373,22.940433175720223,-0.008765873891150022,0.31056462733356033,3742.63754007679,3741.11875197301,-1.5187881037800253,4.7764952661934545,4.7764952661934545,0.0,7.792075274263778,7.791815531837319,-0.0002597424264596526,2975.0,2973.0,-2.0,35.43953565411906,35.424629575607845,-0.014906078511216947
1.2301915262620915,36,0,0.40588934759576445,2078.6739893138174,2077.9423947058463,-0.7315946079711466,4.869086810510048,4.8665089466409714,-0.0025778638690763245,7.247174912852749,7.246655940037309,-0.0005189728154402218,1715.0,1714.0,-1.0,25.389269316177625,25.389580203769647,0.0003108875920219134,0.31990849477134864,3833.1497743982923,3831.902858079179,-1.2469163191130974,4.937626850594734,4.938301667482726,0.0006748168879919803,7.78998700119479,7.789767739771073,-0.00021926142371686552,2986.0,2985.0,-1.0,37.21967868132145,37.20542146070006,-0.014257220621388456
1.2301915262620915,36,1,0.5541183739448006,2075.988841527115,2074.7669588307945,-1.2218826963203355,4.316393728219749,4.316393728219749,0.0,7.244610100243776,7.2442719249449565,-0.00033817529881918773,1718.0,1719.0,1.0,25.47261831304789,25.48297862642046,0.010360313372572705,0.25326574618818676,3902.048734089753,3899.96624544135,-2.0824886484028866,4.9312138720341165,4.931213699038572,-1.7299554411209783e-07,7.797505096850597,7.797346585871168,-0.00015851097942931602,2962.0,2962.0,0.0,37.25529721410223,37.24734952328421,-0.007947690818021158
1.2301915262620915,36,2,0.21071725189245982,2032.1104012150222,2032.209027330488,0.09862611546577682,4.049808732007767,4.045996007577518,-0.003812724430249048,7.250695659728526,7.250138913132759,-0.0005567465957669882,1728.0,1728.0,0.0,24.47632752557657,24.50472299249698,0.028395466920411394,0.1827319471897309,3849.1214133678213,3849.1507259249306,0.029312557109278714,5.006904230564813,5.006904230564813,0.0,7.792084365756903,7.792114527654848,3.0161897944580573e-05,3000.0,3002.0,2.0,37.39401249197419,37.38760805251434,-0.006404439459849698
1.2301915262620915,36,3,0.23439985023064938,2053.73100783344,2053.3052754128703,-0.42573242056960225,4.263679848222229,4.263679848222229,0.0,7.25185219486563,7.2520479856644045,0.00019579079877463101,1718.0,1716.0,-2.0,24.780699538224145,24.77440743391716,-0.006292104306986346,0.24515156372996005,3808.8824416388725,3809.0433335905936,0.16089195172116888,5.653062943768287,5.653062943768287,0.0,7.768959005282389,7.769315238892247,0.00035623360985770347,2934.0,2934.0,0.0,38.017524457771806,38.01336768763886,-0.004156770132944132
1.2301915262620915,36,4,0.12700123971746302,2010.7506807457796,2010.7439922865315,-0.006688459248152867,4.452671687252005,4.452671687252005,0.0,7.24214292156474,7.242883376076005,0.0007404545112645877,1692.0,1692.0,0.0,24.313422521434763,24.27734629532619,-0.036076226108573195,0.20747086586139366,3871.7778201357087,3872.0210087780088,0.2431886423000833,4.958053300120183,4.958053300120183,0.0,7.795647248106814,7.795236133006712,-0.0004111151001016111,2989.0,2990.0,1.0,37.43648741054958,37.45427157616232,0.017784165612738434
1.2301915262620915,36,5,0.36646281350433546,2033.3875259352728,2032.894468182015,-0.4930577532577445,4.500969058176324,4.500969058176324,0.0,7.24280464409869,7.243106348746526,0.0003017046478355212,1702.0,1704.0,2.0,24.537257393249675,24.545227369279985,0.007969976030310022,0.31203473453548725,3822.755150091531,3822.2446191153276,-0.5105309762034267,4.97176680352054,4.97176680352054,0.0,7.781923169752949,7.781877716717931,-4.545303501846121e-05,2973.0,2973.0,0.0,37.613611970282435,37.61313113638297,-0.0004808338994664041
1.2301915262620915,36,6,0.15436336438709958,2021.7023696342753,2021.5748794374183,-0.12749019685702478,4.195830416405685,4.195830416405685,0.0,7.233343950580573,7.233527081034168,0.00018313045359530378,1695.0,1694.0,-1.0,24.662549570082234,24.642633545427216,-0.01991602465501785,0.21153809257981585,3852.135861727461,3851.3544849576288,-0.7813767698321499,5.0201743762202,5.020174376220641,4.4142467459096224e-13,7.795008550379604,7.7949114552338115,-9.709514579281375e-05,3009.0,3009.0,0.0,37.468000484774535,37.47557496337006,0.007574478595522294
1.2301915262620915,36,7,0.20244555195147762,2014.2544474599376,2013.7826151019608,-0.47183235797683665,4.4500992853856705,4.4500992853856705,0.0,7.234178515865876,7.234223136105452,4.4620239576076415e-05,1693.0,1691.0,-2.0,24.57191226005639,24.550704011829083,-0.021208248227306825,0.5886253515100401,3826.1098993350706,3826.175380799268,0.0654814641975463,6.157898238639191,5.664804357951441,-0.4930938806877503,7.7725260552085125,7.772565304647776,3.9249439263144836e-05,2916.0,2917.0,1.0,37.53386843821205,37.49787418306572,-0.03599425514633481
1.2301915262620915,36,8,0.5128136548118013,2089.64793973839,2089.246333501507,-0.4016062368832536,4.038821351668223,4.038821351668223,0.0,7.265024064605711,7.264533058398334,-0.000491006207377076,1750.0,1748.0,-2.0,25.072731649200602,25.080526727810366,0.007795078609763806,0.34733453915361684,3791.411347035826,3790.390921877174,-1.0204251586519604,5.016214281037049,5.056949374044425,0.04073509300737577,7.781211133496865,7.781496022498317,0.000284889001451738,2945.0,2947.0,2.0,36.83286944648972,36.81770524323944,-0.015164203250279229
1.2301915262620915,36,9,0.2713024917806268,1997.38348972331,1995.1070587481909,-2.276430975119183,4.585998326668639,4.585998326668664,2.4868995751603507e-14,7.23082623251187,7.2309049594904335,7.87269785638145e-05,1684.0,1685.0,1.0,24.31643314516585,24.286637193783566,-0.029795951382283192,0.275277238673487,3923.6981662868316,3920.8467329391697,-2.851433347661896,5.260307330502492,5.260307330502492,0.0,7.792256240896931,7.792287221146213,3.0980249282386296e-05,2963.0,2962.0,-1.0,38.07345690775792,38.032480713329434,-0.0409761944284881
1.2301915262620915,36,10,0.47699215711831433,2091.575297115761,2090.983497705178,-0.5917994105830076,4.4061089910828795,4.4061084624819875,-5.286008919469509e-07,7.276236279614578,7.275807188497753,-0.00042909111682476464,1770.0,1769.0,-1.0,24.977160184764188,24.986240402852125,0.009080218087937908,0.3899957704247264,3888.4299046026304,3887.833190121443,-0.5967144811875187,5.009006986120761,5.009006986120761,0.0,7.798204418139939,7.797986925136145,-0.00021749300379347858,2989.0,2990.0,1.0,37.53758162647249,37.532000768225814,-0.00558085824667387
1.2301915262620915,36,11,0.23276730081921687,2057.747733889484,2057.334653890397,-0.413079999087131,4.433578651834513,4.433578710583026,5.87485127212517e-08,7.232874087940387,7.232958802322836,8.471438244850304e-05,1699.0,1699.0,0.0,25.612857698255798,25.611093799742537,-0.0017638985132606422,0.35616831657150694,3931.654855489189,3930.4335115776944,-1.2213439114943867,5.24513894779815,5.245138947832596,3.444622365122996e-11,7.788457393044873,7.788373508567793,-8.388447708007618e-05,2978.0,2977.0,-1.0,38.408575151992444,38.37849532218301,-0.030079829809437797
1.2301915262620915,36,12,0.5808384777329345,2096.120945193195,2094.2102073563815,-1.910737836813496,4.473858857173964,4.473858857173964,0.0,7.265053467973492,7.264565647594893,-0.00048782037859851357,1742.0,1738.0,-4.0,25.158225174007047,25.138948238558207,-0.019276935448839794,0.3186663456463797,3919.9933489658247,3918.5090420045904,-1.4843069612343243,5.422841583137702,5.422841583163245,2.55431231721559e-11,7.801519291858573,7.801759578463836,0.00024028660526287382,3007.0,3009.0,2.0,38.079251337344616,38.04424528805932,-0.03500604928529327
1.2301915262620915,36,13,0.47933792740483316,2038.7759752342054,2036.9839837123016,-1.7919915219038103,4.7445501309283395,4.744549339953754,-7.909745853851291e-07,7.252381067595104,7.252365048498323,-1.6019096781505482e-05,1735.0,1733.0,-2.0,24.87686904906776,24.83457863615799,-0.042290412909771646,0.2687297080069837,3767.8735229981476,3765.8886159557405,-1.9849070424070305,6.178387385218587,6.178387385218587,0.0,7.766485831006232,7.7664729140831295,-1.2916923102679334e-05,2930.0,2930.0,0.0,37.250136220581275,37.23134192488376,-0.018794295697517782
1.2301915262620915,36,14,0.20513760863359734,2050.2490846433543,2047.9678062705198,-2.2812783728345494,4.386978136653881,4.386978136653881,0.0,7.259144324102168,7.2589943569058795,-0.00014996719628879163,1738.0,1738.0,0.0,24.824754421618096,24.79232552430032,-0.032428897317775096,0.2655819767425756,3943.6097397859285,3942.2743855599238,-1.3353542260047107,5.423312711666967,5.423312711668983,2.0161650127192843e-12,7.79608726203651,7.795711044633155,-0.00037621740335502807,2998.0,2997.0,-1.0,38.55342535981034,38.55225819779823,-0.001167162012109202
1.2301915262620915,36,15,0.17021194252611482,2046.896828333363,2047.1150566996635,0.21822836630053644,4.771898197652265,4.771898194715245,-2.937020404658597e-09,7.221348411135289,7.221378032847154,2.9621711864713518e-05,1681.0,1684.0,3.0,25.59618956749724,25.598402296380645,0.002212728883403514,0.13367584197023563,3851.7027697478215,3851.9364327231287,0.23366297530719748,5.185418222120585,5.185418222120585,0.0,7.788823476742924,7.788790328832152,-3.314791077180246e-05,2979.0,2975.0,-4.0,37.32013245343232,37.33755843441975,0.01742598098742576
1.2858664418890768,37,0,0.12474273534627865,2097.1637394800646,2097.368239894946,0.204500414881295,4.410607397793347,4.4106073977900895,-3.2578384434600594e-12,7.228078540109258,7.227608212728743,-0.00047032738051466794,1673.0,1672.0,-1.0,25.91097941028209,25.923493134868373,0.012513724586284525,0.2075223545369097,4003.9189715739767,4004.801564718631,0.8825931446544928,5.424225327129365,5.424225327081674,-4.7691628424217924e-11,7.784827303767957,7.7850100701253195,0.00018276635736214075,2979.0,2977.0,-2.0,40.21540699026328,40.2063480759862,-0.00905891427708383
1.2858664418890768,37,1,0.2613164685655045,2110.4371819965277,2109.26493916827,-1.1722428282578221,4.270990965868091,4.474457148017199,0.20346618214910794,7.258970006701136,7.2584872007526355,-0.00048280594850069747,1735.0,1736.0,1.0,25.74327981302534,25.769892743858087,0.02661293083274785,0.21812766146196494,4035.50284103557,4033.3801563388806,-2.122684696689248,5.401993712715981,5.401993712715981,0.0,7.788317609013998,7.788166351291359,-0.00015125772263857584,2966.0,2964.0,-2.0,40.15687279671054,40.1384121317933,-0.018460664917235192
1.2858664418890768,37,2,0.26411031303272103,2116.222442775409,2114.808951842954,-1.413490932455261,4.4189832323904055,4.4189832323904055,0.0,7.253203092898081,7.253126326987668,-7.676591041327896e-05,1738.0,1737.0,-1.0,26.168249582262995,26.17255972864901,0.004310146386014679,0.32877026705710477,4022.4209885135565,4020.735525527284,-1.6854629862723414,5.342106596465306,5.337182227242534,-0.0049243692227713964,7.7903156139991125,7.7902804938401,-3.5120159012969054e-05,2960.0,2958.0,-2.0,40.016645201192716,40.00538612628433,-0.011259074908387845
1.2858664418890768,37,3,0.37351408479952086,2146.7866030945643,2146.0960494072483,-0.690553687315969,4.339723970987176,4.339723970987177,8.881784197001252e-16,7.231796885822415,7.232036346349766,0.00023946052735102086,1681.0,1680.0,-1.0,26.72575486234004,26.705978685371058,-0.01977617696898193,0.2178725066106723,4061.5104143385443,4060.576246687484,-0.9341676510603065,5.309219290697627,5.3092192906976265,-8.881784197001252e-16,7.7946043891589465,7.794701161560393,9.677240144689847e-05,2969.0,2970.0,1.0,40.10699617581429,40.09919990708097,-0.0077962687333155145
1.2858664418890768,37,4,0.36419547611142555,2156.746109562036,2156.0078097444266,-0.7382998176094588,4.4411806050346465,4.805399584601112,0.36421897956646543,7.231621805539001,7.23158679716175,-3.5008377251344314e-05,1679.0,1678.0,-1.0,27.033443538277716,27.044576899798223,0.011133361520506924,0.19060922217108806,4070.2931426935324,4069.6259123786876,-0.6672303148448009,5.084019958264851,5.084002133196594,-1.782506825698249e-05,7.794863973939122,7.795249322144702,0.00038534820558044913,3000.0,3002.0,2.0,40.2993284471574,40.26548005605443,-0.03384839110297122
1.2858664418890768,37,5,0.36101360750514366,2137.853252169184,2137.194951747656,-0.6583004215281107,4.112839455611486,4.112839455611486,0.0,7.24551134186308,7.245420776192098,-9.056567098131296e-05,1696.0,1696.0,0.0,26.251328286158227,26.250512820536247,-0.0008154656219794276,0.16263308235587987,4092.5653643407372,4092.250220194611,-0.31514414612638575,5.479510906743538,5.481696494767011,0.0021855880234724623,7.79611966081093,7.796264173251607,0.0001445124406762588,3008.0,3009.0,1.0,40.782214730572655,40.7760064690337,-0.006208261538951376
1.2858664418890768,37,6,0.26763912208228946,2165.550342174818,2164.9901299989206,-0.5602121758975045,4.3947632584218,4.3947642639434275,1.0055216277393697e-06,7.2509019404016115,7.251058609235692,0.00015666883408016474,1710.0,1710.0,0.0,26.829829603479133,26.80819998099675,-0.02162962248238287,0.27406822652117113,3999.169413008519,3998.221711669314,-0.9477013392047411,5.489290720230023,5.489290720230023,0.0,7.790409493083283,7.7904849023602045,7.5409276921512e-05,2987.0,2987.0,0.0,39.759517371136965,39.742922246418765,-0.016595124718200793
1.2858664418890768,37,7,0.26514702250308997,2116.496888806435,2116.192239688042,-0.3046491183931721,4.622428494947533,4.622428494947533,0.0,7.237654903153988,7.23771788023762,6.297708363156573e-05,1705.0,1706.0,1.0,26.653736096323996,26.65426904042439,0.0005329441003922852,0.2734987281743647,4084.3869125241004,4084.2275924846886,-0.15932003941179573,5.264010444778513,5.264010444659292,-1.192210774547675e-10,7.786512089989099,7.786660959758977,0.00014886976987771305,2978.0,2975.0,-3.0,40.962269811836855,40.94114394856432,-0.021125863272537515
1.2858664418890768,37,8,0.32531318725019376,2188.5948183313194,2187.2111070026394,-1.383711328679965,4.40771867298191,4.40771867298191,0.0,7.249200903928342,7.249335845938602,0.00013494201026009733,1725.0,1724.0,-1.0,27.245766024073376,27.208109320772234,-0.0376567033011419,0.16822934130598652,4053.0946857961526,4051.3691547984927,-1.7255309976599165,4.987437019271614,4.98744906720183,1.2047930215253189e-05,7.771382890665787,7.771429167412448,4.627674666046744e-05,2926.0,2928.0,2.0,41.06507710373477,41.042368179779054,-0.022708923955718774
1.2858664418890768,37,9,0.2117273897622547,2178.566560175776,2177.9641312780004,-0.6024288977755532,4.734793023519722,4.663703755956657,-0.07108926756306477,7.252027849836357,7.251789494691778,-0.00023835514457903884,1726.0,1728.0,2.0,27.354271945226373,27.358996064467593,0.004724119241220848,0.3799466824930798,4021.982711027779,4021.5690952453197,-0.41361578245914643,5.638013640992269,5.63801364099226,-8.881784197001252e-15,7.791351450569009,7.79127281352479,-7.863704421939843e-05,2982.0,2983.0,1.0,39.97289899256822,39.97592949256518,0.0030304999969601454
1.2858664418890768,37,10,0.37298819797908456,2227.8593977495457,2227.6636978089296,-0.19569994061612306,5.009955314358429,5.0099553143688205,1.0391687510491465e-11,7.25472522930728,7.254487683409217,-0.0002375458980630185,1719.0,1719.0,0.0,27.626495029260646,27.669168926744785,0.04267389748413919,0.20539089802792576,3814.3989043169295,3815.2487691685587,0.8498648516292633,5.220244500966442,5.2216462983785785,0.0014017974121367516,7.76073638186466,7.760880859289671,0.00014447742501033645,2886.0,2887.0,1.0,37.99609292069999,38.00767178526229,0.011578864562302726
1.2858664418890768,37,11,0.30548130886537195,2201.3521920875573,2200.9045969831946,-0.44759510436279015,4.40267894333825,4.40267894333825,0.0,7.253409261284826,7.253637109275394,0.00022784799056818628,1725.0,1726.0,1.0,27.544946865002146,27.5157648483816,-0.029182016620545426,0.2275816245621169,4030.2165995345276,4030.599998273401,0.38339873887343856,5.537906532364469,5.537906532364469,0.0,7.788390646243841,7.788577322420291,0.00018667617645018453,2990.0,2991.0,1.0,40.22444921233059,40.219242212991674,-0.0052069993389167735
1.2858664418890768,37,12,0.3853445746864673,2155.3970158133234,2154.6806977654815,-0.7163180478419235,4.673683280977625,4.673683280977625,0.0,7.247725101979039,7.2474365752893934,-0.0002885266896459626,1713.0,1712.0,-1.0,26.610020435807584,26.602255062254812,-0.007765373552771848,0.418357859293338,3950.132008398262,3949.6225706886426,-0.5094377096193057,5.6520179774608446,5.6520179774608446,0.0,7.780958457277067,7.780783435034246,-0.0001750222428205106,2939.0,2939.0,0.0,39.13495145071314,39.13550262823212,0.0005511775189788182
1.2858664418890768,37,13,0.30088934616813523,2103.572332577348,2101.889319967705,-1.6830126096429012,4.69146944608316,4.69146944608316,0.0,7.248806692142942,7.24848062179163,-0.0003260703513117136,1713.0,1713.0,0.0,25.770475255007902,25.774236222319526,0.0037609673116243414,0.30878504137165863,4060.732932339712,4059.0687025857387,-1.664229753973359,5.528307288396245,5.528307288347851,-4.8394177554200724e-11,7.789444631358483,7.788936581587266,-0.0005080497712173226,2957.0,2957.0,0.0,40.42018158312063,40.40520022830807,-0.014981354812562131
1.2858664418890768,37,14,0.7233550448698789,2148.94121132331,2146.8950907198086,-2.0461206035015493,4.8098551281663955,4.8098551281663955,0.0,7.242043649463718,7.241387754300845,-0.0006558951628727883,1704.0,1704.0,0.0,26.671465678052602,26.666219331680953,-0.005246346371649224,0.39612645769601634,4095.8716895736593,4093.4989572345557,-2.3727323391035497,5.721174765628192,5.721174765628192,0.0,7.802374634415813,7.8024012161012415,2.65816854287948e-05,2998.0,2995.0,-3.0,40.36002550345462,40.31735582658562,-0.04266967686900358
1.2858664418890768,37,15,0.2575918403350132,2154.700327770302,2154.0675123579676,-0.6328154123343666,4.74368972295779,4.74368972295779,0.0,7.250712225944449,7.250317403991064,-0.0003948219533853603,1718.0,1717.0,-1.0,26.847671272658502,26.862688051375947,0.015016778717445334,0.30237890138094153,4016.084306157892,4015.3595726712047,-0.7247334866874553,4.912947275186314,4.912947275186314,0.0,7.78517492262531,7.78524500551454,7.008288922971673e-05,2959.0,2959.0,0.0,39.82493315807567,39.82505865986252,0.00012550178684733737
1.3440610434055358,38,0,0.4819207317111307,2261.483595655948,2260.7998714566293,-0.6837241993189309,4.6773557155843815,4.675928974855324,-0.00142674072905713,7.256565675841923,7.256701312690588,0.00013563684866468861,1733.0,1732.0,-1.0,28.567108221562066,28.54225400579341,-0.024854215768655763,0.2149103169628877,4152.7875640075745,4152.2403869513755,-0.5471770561989615,5.640057892028855,5.6616830814866175,0.021625189457762595,7.794088972893151,7.794178968853694,8.999596054248826e-05,2990.0,2992.0,2.0,41.69235055485742,41.68954388910505,-0.002806665752366655
1.3440610434055358,38,1,0.19540664099761887,2247.3462755564046,2247.653074567428,0.30679901102348595,4.557486370705139,4.557486370705139,0.0,7.269545368163049,7.269566647034647,2.1278871598084947e-05,1750.0,1751.0,1.0,28.015658313712915,28.041878446519462,0.02622013280654656,0.4034425194982874,4141.062848876201,4141.564599935024,0.5017510588222649,5.050877192227587,5.050874566099482,-2.62612810431051e-06,7.801388544465125,7.8016121361501085,0.00022359168498375936,2984.0,2985.0,1.0,41.08258151729377,41.097544828316714,0.014963311022945902
1.3440610434055358,38,2,0.5919121516128307,2186.9586353289797,2186.4688490237622,-0.4897863052174216,4.816998950439527,4.816999480645644,5.302061172329786e-07,7.236682867694655,7.236166360296986,-0.0005165073976689527,1693.0,1695.0,2.0,27.869741620123005,27.926676228076598,0.056934607953593286,0.2986405104079678,4059.566020697458,4059.2519540519843,-0.3140666454737584,5.06276463374284,5.062764474049289,-1.596935508274555e-07,7.779427502653546,7.77930895333306,-0.00011854932048649403,2946.0,2947.0,1.0,40.81662297558659,40.81822433442169,0.0016013588351029284
1.3440610434055358,38,3,0.3545796657677892,2150.201054423622,2149.159636127434,-1.0414182961876577,5.000356568304335,5.000356568304335,0.0,7.212193856761696,7.211847627294207,-0.00034622946748896766,1653.0,1653.0,0.0,27.48883720796154,27.47342662768395,-0.015410580277592345,0.3828690488844915,4247.196218952121,4246.700235435662,-0.49598351645909133,5.217036518953724,5.217036518953724,0.0,7.792142483317861,7.792037442709481,-0.00010504060838023577,2985.0,2986.0,1.0,43.372764991385,43.360947332068804,-0.011817659316193385
1.3440610434055358,38,4,0.25355918696155777,2223.7090093707143,2222.0353156280144,-1.6736937426999248,4.904304190213961,4.90430419021396,-8.881784197001252e-16,7.2496087032270005,7.249564157510713,-4.454571628720316e-05,1725.0,1725.0,0.0,28.2439349353204,28.23497835787315,-0.008956577447250424,0.41447803256401794,4193.059090180332,4191.313931253912,-1.745158926419208,5.817456332723481,5.817456332723481,0.0,7.787661478090924,7.787576861648175,-8.461644274948554e-05,2963.0,2962.0,-1.0,42.378376400922676,42.35546852148731,-0.02290787943536543
1.3440610434055358,38,5,0.25934042172205385,2223.204340757387,2221.6788399131788,-1.5255008442081817,4.6443708490849405,4.6443708490849405,0.0,7.244883277846594,7.244082767902578,-0.0008005099440167029,1726.0,1725.0,-1.0,28.16984557301116,28.138774860799348,-0.031070712211811014,0.3588353309582708,4170.1176365970205,4168.380323472786,-1.7373131242347881,5.3786551830745655,5.3786551830745655,0.0,7.791974972179862,7.791624118648083,-0.00035085353177866097,2986.0,2986.0,0.0,42.23714233387569,42.22665049361002,-0.010491840265665076
1.3440610434055358,38,6,0.1636625947761652,2204.019257333363,2203.183838884532,-0.835418448830751,5.318792692441674,5.3187926924421145,4.405364961712621e-13,7.2290728537149835,7.229098593789103,2.57400741192626e-05,1706.0,1706.0,0.0,28.996168767429758,28.970430072390542,-0.025738695039215997,0.40964121222858585,4159.06109464138,4158.512889967156,-0.548204674223598,5.819638409764284,5.819638409764284,0.0,7.772566063776256,7.77260190774333,3.584396707445592e-05,2914.0,2913.0,-1.0,42.4317969754792,42.43509816647538,0.0033011909961757624
1.3440610434055358,38,7,0.24684092604249805,2213.1019892024037,2211.7827804216117,-1.319208780791996,4.538382199578115,4.538382199578115,0.0,7.251890249626735,7.25194077252128,5.052289454532399e-05,1714.0,1716.0,2.0,27.74359994986019,27.735311505372167,-0.008288444488023572,0.8761593898252816,4276.61688493492,4275.335823039393,-1.2810618955263635,5.839738382175521,5.839738382175521,0.0,7.797983526232466,7.797970385230392,-1.314100207405744e-05,3003.0,3004.0,1.0,43.35096623967584,43.32338654548798,-0.02757969418786388
1.3440610434055358,38,8,0.1582036187424249,2234.233659341594,2233.2743750025875,-0.9592843390064445,4.806691502820555,4.806691502820017,-5.382361223382759e-13,7.259033411977965,7.2588859583271566,-0.0001474536508085933,1746.0,1745.0,-1.0,28.2591589882552,28.22441282752521,-0.03474616072999126,0.1990145078452107,4181.542166283901,4180.103697138798,-1.4384691451023173,6.658451007873382,6.658451007873382,0.0,7.775051739345413,7.775171572353258,0.00011983300784557116,2952.0,2952.0,0.0,43.19766592373365,43.16880868918109,-0.02885723455256084
1.3440610434055358,38,9,0.30117206119210305,2268.680834010264,2267.0511793140595,-1.6296546962043976,4.581888425771337,4.581888425771337,0.0,7.255468382041461,7.255161572912702,-0.0003068091287588004,1724.0,1721.0,-3.0,28.712849263680326,28.701850284903106,-0.010998978777220003,0.7666575412978346,4219.6511136930585,4217.269130215352,-2.3819834777068536,5.626108007570795,5.602293459752755,-0.0238145478180396,7.788889903018558,7.788931676591194,4.177357263568382e-05,2988.0,2987.0,-1.0,43.051671677926336,42.988689621122674,-0.06298205680366209
1.3440610434055358,38,10,0.24819378515017665,2245.731018616484,2245.090295406405,-0.6407232100791589,4.437010122313106,4.437812160388617,0.0008020380755109358,7.259394922078279,7.2593728162595665,-2.2105818712425673e-05,1728.0,1728.0,0.0,28.136581849089126,28.125319568878773,-0.011262280210353026,0.17279535515479522,4098.0165633957,4097.815755989937,-0.2008074057630438,4.860789774522285,4.860789774522285,0.0,7.777958725331903,7.7778092999365676,-0.00014942539533535637,2929.0,2927.0,-2.0,41.37459102156583,41.39589642892274,0.021305407356912553
1.3440610434055358,38,11,0.3622571110527156,2242.657887682995,2242.4144679326364,-0.24341975035849828,4.575861272232843,4.575861272232811,-3.197442310920451e-14,7.250937221679377,7.250984612583374,4.739090399752399e-05,1708.0,1709.0,1.0,28.06779696017508,28.074348160565034,0.006551200389953493,0.27131219472658785,4190.873797979392,4190.671000393551,-0.20279758584092633,6.187640668790072,6.187640668696286,-9.378631204981502e-11,7.771002230445384,7.770785285598428,-0.00021694484695622407,2927.0,2923.0,-4.0,43.39812957516901,43.402626784557405,0.004497209388397039
1.3440610434055358,38,12,0.14894821677539327,2218.2447868636755,2217.507335127958,-0.7374517357175137,5.352249021646184,5.352249021646184,0.0,7.2565041099181995,7.256668630868694,0.00016452095049412918,1719.0,1718.0,-1.0,27.761007498474015,27.708466714210097,-0.05254078426391828,0.1599362255075422,4186.822296015467,4186.364457594955,-0.45783842051241663,5.389788718524067,5.389788727446368,8.922301120151133e-09,7.789744342485775,7.789909525952666,0.0001651834668914276,2978.0,2978.0,0.0,42.26237792554799,42.232429067220444,-0.02994885832754335
1.3440610434055358,38,13,0.3182908217628212,2226.4985625742293,2225.5881222039407,-0.9104403702885975,4.585533570696594,4.585533570696594,0.0,7.249063487693341,7.249192920833697,0.00012943314035585018,1724.0,1722.0,-2.0,28.10360245541149,28.084067270477487,-0.019535184934003524,0.3210404698132883,4143.408262929741,4141.057871761226,-2.3503911685147614,5.253751898765041,5.253751898765041,0.0,7.771893841591968,7.772354569849132,0.0004607282571642557,2920.0,2922.0,2.0,42.713453058522816,42.659628530191945,-0.053824528330871146
1.3440610434055358,38,14,0.247676398983105,2273.4262396538497,2273.1328164747765,-0.2934231790732156,4.681169326849953,4.681169326849953,0.0,7.258074305044021,7.258399542929536,0.0003252378855149729,1740.0,1741.0,1.0,28.894908311061524,28.866968015424668,-0.027940295636856405,0.17119321451967884,4045.0343374688423,4044.8720527905534,-0.16228467828887005,5.937997169653102,5.937997169652998,-1.0480505352461478e-13,7.768494239509629,7.7687944053467834,0.00030016583715486433,2922.0,2923.0,1.0,41.39899640583802,41.3788766223347,-0.020119783503318445
1.3440610434055358,38,15,0.3482476378275749,2208.359097990253,2208.4042211633446,0.04512317309172431,4.701003732029983,4.755274061426602,0.054270329396618244,7.226956696545603,7.227107982189464,0.0001512856438612431,1685.0,1684.0,-1.0,28.662929561364127,28.66304286041885,0.0001132990547247914,0.586973627807353,4134.762095711818,4134.147219461909,-0.6148762499087752,5.127504969185958,5.127504969185958,0.0,7.779860225937729,7.780075423770802,0.00021519783307244467,2951.0,2953.0,2.0,41.83642856125129,41.81475532199285,-0.021673239258440447
1.404889364517852,39,0,0.21653543866450406,2410.9544258022374,2410.048882164168,-0.9055436380695028,5.189067824536575,5.18906782459431,5.773514999418694e-11,7.296260006515903,7.296113446964819,-0.00014655955108366925,1778.0,1776.0,-2.0,30.010892992217826,30.001780614687195,-0.009112377530630766,0.3467534750574099,4411.316071907883,4410.6266093231425,-0.6894625847407951,5.3954018699840915,5.3954018699840915,0.0,7.802161161420307,7.802329181448391,0.00016802002808358196,3000.0,3001.0,1.0,44.80721121530739,44.80017735758096,-0.007033857726433723
1.404889364517852,39,1,0.2266365628172211,2337.235865076771,2335.619041142463,-1.6168239343078312,5.235468264465576,5.235468264465576,0.0,7.239311831628752,7.239219515579821,-9.231604893145118e-05,1699.0,1700.0,1.0,30.28552287040747,30.26494591844483,-0.020576951962638645,0.34994428087539386,4322.9087869803,4321.611352546591,-1.297434433708986,5.614186452332983,5.568468139823714,-0.045718312509269055,7.795371066086618,7.795278376679544,-9.26894070740758e-05,2999.0,3000.0,1.0,44.347440039877426,44.344016465895784,-0.0034235739816423916
1.404889364517852,39,2,0.21297529861943082,2429.0621032264853,2429.481993791198,0.4198905647126594,4.810400551878622,4.810400551878622,0.0,7.262994396408548,7.26286929997869,-0.00012509642985758518,1754.0,1754.0,0.0,31.792516766648696,31.80618005326828,0.013663286619586046,0.30346256247918996,4337.245936899009,4337.924330242717,0.6783933437072847,5.1407202585853415,5.143949648657065,0.0032293900717235147,7.801621777276359,7.802160632567705,0.0005388552913458966,3009.0,3011.0,2.0,43.88577000248802,43.85891383857843,-0.026856163909592112
1.404889364517852,39,3,0.4710529289099511,2296.2304136767902,2295.2631763533336,-0.9672373234566294,4.869728952218509,4.869729082951978,1.30733469383415e-07,7.241778869090772,7.241788462127293,9.59303652159349e-06,1715.0,1715.0,0.0,29.88645232280807,29.889208881266537,0.002756558458468561,0.3968264488046024,4448.931909273115,4448.3522147482945,-0.5796945248202974,5.484206093035503,5.484206090101279,-2.934224418993381e-09,7.782124715077639,7.7821772398484494,5.252477081008067e-05,2956.0,2955.0,-1.0,46.60128605862479,46.579471433128866,-0.021814625495920836
1.404889364517852,39,4,0.31746711829063234,2372.5471268283104,2373.209921501746,0.6627946734356556,5.314910181697075,5.314910181697075,0.0,7.2334192130834865,7.2333246125201995,-9.460056328691735e-05,1702.0,1701.0,-1.0,31.699221406710087,31.731042381865944,0.031820975155856246,0.2784925591869982,4419.889360801057,4420.448519378125,0.5591585770680467,5.577407443657013,5.577407443657013,0.0,7.782135633924677,7.782267736427164,0.00013210250248629762,2958.0,2959.0,1.0,46.45483643559708,46.447312260474376,-0.00752417512270398
1.404889364517852,39,5,0.3191789141460982,2402.791436627723,2401.5251119661216,-1.2663246616016295,5.4737628421985765,5.4737628421985765,0.0,7.252434488870051,7.252129555912569,-0.00030493295748179605,1721.0,1719.0,-2.0,31.54735025349632,31.52369404221381,-0.023656211282510498,0.9901302460374066,4338.270147967471,4337.220291030263,-1.0498569372075508,5.2395399552724005,5.239539164328416,-7.909439840858568e-07,7.795486889651466,7.795839869621545,0.00035297997007965876,2978.0,2979.0,1.0,44.061389833603926,44.01313558505096,-0.048254248552964896
1.404889364517852,39,6,0.20231520966931157,2364.884865945968,2363.7676169973743,-1.1172489485938968,4.870666362880914,4.867376291981083,-0.0032900708998306882,7.2452956071164545,7.244844188355873,-0.00045141876058174546,1726.0,1724.0,-2.0,31.254894855317758,31.247765584730857,-0.007129270586901271,0.26792992163506185,4458.367807927152,4456.82684545124,-1.540962475912238,5.859646699249355,5.859646699249355,0.0,7.777348204767452,7.777451069579837,0.00010286481238530598,2947.0,2945.0,-2.0,47.0878323320631,47.0780703327749,-0.00976199928820165
1.404889364517852,39,7,0.19499329572053278,2310.7715984893707,2310.657774362898,-0.11382412647253659,4.764493015778662,4.764493015778662,0.0,7.243638118711851,7.243298456532703,-0.00033966217914738195,1717.0,1716.0,-1.0,30.03937130190474,30.0512839336242,0.01191263171946133,0.1182603744993887,4345.761099565326,4345.432870537876,-0.3282290274501065,5.683284891820315,5.683284890234795,-1.5855201596082225e-09,7.774854567390178,7.774687007308572,-0.00016756008160623281,2950.0,2948.0,-2.0,45.68884862523123,45.680211932376366,-0.008636692854864236
1.404889364517852,39,8,0.17495420565538716,2299.464574411507,2298.187324975014,-1.2772494364930935,5.0043754800054385,5.0043754800054385,0.0,7.214379132303849,7.213786283616537,-0.0005928486873116867,1662.0,1660.0,-2.0,30.9759335067722,30.944946989042524,-0.03098651772967642,0.1559019540670477,4337.466841752832,4336.479312258105,-0.987529494726914,5.398371472832503,5.39837147191565,-9.168532599801438e-10,7.771786921617414,7.771948644830816,0.00016172321340235385,2955.0,2955.0,0.0,45.80263819539227,45.771923682984934,-0.030714512407335803
1.404889364517852,39,9,0.23009688998084335,2368.3188873199133,2367.730619618136,-0.588267701777113,4.662078493720921,4.662078493720921,0.0,7.245990716364849,7.24593159008855,-5.912627629900413e-05,1722.0,1722.0,0.0,30.815861051586957,30.807575648979814,-0.008285402607143055,0.19575236491841153,4343.807304306675,4342.656830328655,-1.1504739780202726,6.000022800624097,6.000022800624097,0.0,7.793501917794746,7.7935382358694305,3.631807468451598e-05,2989.0,2990.0,1.0,44.447039715000116,44.424554703059215,-0.022485011940901245
1.404889364517852,39,10,0.14509547910450588,2255.8865215532933,2255.1530617584785,-0.7334597948147348,5.17791598353385,5.17983657065344,0.001920587119589534,7.23985055810469,7.239954637468111,0.00010407936342105018,1699.0,1699.0,0.0,28.97248896080105,28.961018310716412,-0.011470650084639544,0.17777670981551746,4434.829663953793,4433.595231404627,-1.234432549165831,5.7107128156092255,5.710712480329792,-3.352794335498288e-07,7.784312822617254,7.784575256799821,0.00026243418256655104,2949.0,2951.0,2.0,46.11050644760641,46.0781840192515,-0.032322428354909505
1.404889364517852,39,11,0.5963655197271598,2345.6430911379493,2344.428342370308,-1.2147487676411401,5.181316217003208,5.117884402751448,-0.06343181425175981,7.231635370266692,7.2314344058437445,-0.00020096442294725847,1693.0,1693.0,0.0,30.997683045153593,30.971676916396643,-0.02600612875695063,0.19258575946272638,4369.578171445201,4368.244148327962,-1.334023117239667,6.665229079811311,6.665229079811311,0.0,7.782583219337191,7.782643350159688,6.0130822497228564e-05,2932.0,2933.0,1.0,45.31270109983522,45.29447525654727,-0.018225843287950738
1.404889364517852,39,12,0.30150098474666176,2314.537851765057,2313.731189522845,-0.8066622422120417,5.297585009729164,5.297585009729164,0.0,7.256933465430729,7.257313785467446,0.00038032003671695236,1730.0,1732.0,2.0,30.00843021943212,29.97682418942549,-0.03160603000663187,0.3796770695857079,4393.025900018716,4392.065053367458,-0.9608466512581799,5.683067388277294,5.683067388277294,0.0,7.798785763241909,7.799090022053402,0.0003042588114929856,2988.0,2989.0,1.0,44.725010593572634,44.690161327794115,-0.03484926577851866
1.404889364517852,39,13,0.11217263789167628,2331.6682331664338,2330.6307938270047,-1.0374393394290564,5.139899127432078,5.139899127432078,0.0,7.240641743320376,7.240074746189421,-0.0005669971309547606,1707.0,1705.0,-2.0,30.39946090083256,30.388632391975136,-0.010828508857422037,0.15127910471740147,4266.142021008582,4265.433576921626,-0.7084440869557511,5.982811239746918,5.982811239746918,0.0,7.776539623997362,7.776580751502815,4.11275054528204e-05,2914.0,2914.0,0.0,43.659947574913495,43.630532527440735,-0.029415047472760136
1.404889364517852,39,14,0.23233990060039877,2300.009141649453,2299.1097486400276,-0.8993930094252391,4.770053510810062,4.783346242868458,0.013292732058395984,7.246640638599622,7.246488312514833,-0.00015232608478932264,1714.0,1713.0,-1.0,29.597058078850637,29.594082966423027,-0.0029751124276096164,0.2541401030666884,4376.468662424613,4374.72836650978,-1.740295914833041,6.089266280933628,6.2154302933799785,0.12616401244635078,7.774929802367553,7.774595142048135,-0.00033466031941831176,2933.0,2934.0,1.0,45.87592257183392,45.88986019519323,0.013937623359311146
1.404889364517852,39,15,0.4306786990247292,2324.939982571762,2324.318206603525,-0.6217759682367614,5.321289686132198,5.3212896861348655,2.667199794359476e-12,7.25080015837386,7.250162625280778,-0.000637533093081899,1728.0,1727.0,-1.0,30.324485984470748,30.3523831078787,0.027897123407953472,0.42864700563091124,4258.874962424545,4258.532505424326,-0.34245700021892844,5.580533262863284,5.580533262863284,0.0,7.7642470815047675,7.764317704773843,7.0623269075476e-05,2915.0,2917.0,2.0,44.76503887809927,44.765177625867,0.0001387477677283755
1.4684705997686274,40,0,0.2422843108944684,2429.2801831597253,2428.1476831100645,-1.1325000496608482,4.731693802384931,4.785231343130792,0.05353754074586092,7.245735153602922,7.245632922856205,-0.00010223074671689147,1718.0,1718.0,0.0,32.36157319940693,32.32359737496092,-0.03797582444600778,0.1451822390009006,4554.2608222556555,4553.732739818338,-0.5280824373176074,7.325129605253287,7.325129605253287,0.0,7.785924843441291,7.785652895999252,-0.00027194744203828947,2965.0,2964.0,-1.0,48.37601776416427,48.38279066714505,0.006772902980785034
1.4684705997686274,40,1,0.553015554657196,2492.289764057466,2491.5307972618793,-0.7589667955867299,4.5438281627923205,4.5438281627923205,0.0,7.269246751592983,7.269414358014958,0.00016760642197510833,1761.0,1759.0,-2.0,32.427445768574856,32.42416321285929,-0.0032825557155646834,0.5293791652083938,4620.467096733145,4619.1878574913735,-1.2792392417713927,5.877921539794307,5.8779215396884075,-1.0589928933768533e-10,7.784587057518858,7.7846354847204555,4.842720159725644e-05,2978.0,2977.0,-1.0,48.977840406302064,48.952472503370316,-0.025367902931748176
1.4684705997686274,40,2,0.4615454851466241,2535.1514316020903,2534.4233858466964,-0.7280457553938504,5.058840209199189,5.058840209199189,0.0,7.268980620363109,7.269189394371295,0.00020877400818530845,1749.0,1749.0,0.0,33.28666870351,33.282467792662686,-0.004200910847316663,0.4696685972365011,4523.510784648601,4522.017846270258,-1.492938378342842,7.034990880223701,7.034990880223701,0.0,7.760691395496807,7.760651653741874,-3.974175493315357e-05,2901.0,2902.0,1.0,49.36799991278189,49.340835175802276,-0.02716473697961419
1.4684705997686274,40,3,0.4645495921374574,2488.6032205206325,2487.507404944634,-1.0958155759985857,5.96194304914827,5.961906248680732,-3.680046753817834e-05,7.250802324694198,7.250980047226157,0.00017772253195946774,1745.0,1745.0,0.0,33.63001920648852,33.61017129057153,-0.019847915916990644,0.31485336480064796,4582.541258603548,4582.392870404143,-0.14838819940541725,6.187876133183452,6.187876133183452,0.0,7.79039256043385,7.790180147426419,-0.0002124130074312447,2958.0,2958.0,0.0,48.11148800358928,48.11786724758588,0.00637924399659795
1.4684705997686274,40,4,0.42743991784702295,2527.639362803363,2525.7558780086256,-1.8834847947373419,4.966081610735368,5.0003206689629405,0.03423905822757245,7.257276161299751,7.257204380614549,-7.1780685201972e-05,1739.0,1739.0,0.0,33.94739011717016,33.90772254789364,-0.039667569276517156,0.43733065017151396,4572.634976965894,4570.439587592647,-2.1953893732470533,5.857378561855149,5.857378561855149,0.0,7.789196620658337,7.789048153546161,-0.00014846711217586517,2988.0,2986.0,-2.0,48.17058232944002,48.14203144191494,-0.0285508875250855
1.4684705997686274,40,5,0.17861903193358547,2532.3221875565478,2531.450972307594,-0.8712152489538312,5.044858915384832,5.044858915384851,1.865174681370263e-14,7.263917132497458,7.263549923325091,-0.0003672091723663229,1749.0,1749.0,0.0,33.579611149022064,33.57428250231967,-0.00532864670239519,0.20042065714196494,4633.289924356533,4632.704495658973,-0.5854286975600189,6.157039615679914,6.157039615679914,0.0,7.78704629218052,7.78721424501148,0.00016795283096016078,2972.0,2971.0,-1.0,49.21177472057449,49.188496483065464,-0.023278237509025246
1.4684705997686274,40,6,0.5211866371634299,2471.897544944388,2470.9122262442324,-0.9853187001554033,5.273971176919479,5.273971176919479,0.0,7.2407308498052005,7.240613588674401,-0.00011726113079912892,1699.0,1698.0,-1.0,32.72761217473674,32.711440074026434,-0.016172100710306836,0.21188187337133782,4590.034875533139,4588.442755611306,-1.5921199218328184,6.815980769377472,6.815980769377472,0.0,7.7762593418913655,7.776396027830083,0.00013668593871773993,2954.0,2954.0,0.0,49.63604233671857,49.5963698556306,-0.03967248108796895
1.4684705997686274,40,7,0.22371015413153758,2401.4193577080687,2400.8722282918675,-0.5471294162011873,5.022721465923533,5.017291501417317,-0.005429964506216578,7.254812635221329,7.254702415880763,-0.0001102193405664309,1732.0,1731.0,-1.0,31.34863607234281,31.33362346884008,-0.01501260350272915,0.23414801936280644,4536.261359014934,4536.3014329078815,0.04007389294747554,7.675626700663996,7.675391828579853,-0.00023487208414341154,7.782521118841872,7.78255956640667,3.84475647976501e-05,2942.0,2945.0,3.0,48.136944764557384,48.152762997824084,0.01581823326669962
1.4684705997686274,40,8,0.22571634057613177,2514.0694630453618,2512.483462970774,-1.5860000745879006,5.511857921066861,5.511857921066861,0.0,7.266591073936364,7.266189509787882,-0.00040156414848180333,1749.0,1748.0,-1.0,33.09961135436844,33.07516976760014,-0.024441586768304546,0.41063967781885546,4558.848953534824,4557.1120549910775,-1.7368985437469746,6.045788369668146,6.045788369668146,0.0,7.784658705728669,7.784661680553972,2.9748253034256322e-06,2942.0,2942.0,0.0,48.00195873248354,47.97134596157042,-0.030612770913116094
1.4684705997686274,40,9,0.3404569393641952,2480.6936278770972,2479.277774720141,-1.4158531569560182,4.9886134726448566,4.9886134726448566,0.0,7.264830417116336,7.264943873821988,0.00011345670565177102,1746.0,1746.0,0.0,32.246586589052704,32.21115778289026,-0.03542880616244304,0.3716391321346462,4531.298942215054,4530.804880302168,-0.49406191288562695,6.887607101463611,6.887607101463611,0.0,7.774529557613129,7.774551099607125,2.1541993995732867e-05,2931.0,2931.0,0.0,48.46340773872067,48.4654889983563,0.002081259635630772
1.4684705997686274,40,10,0.5469310537406618,2368.4012637368533,2366.5777924129657,-1.8234713238875884,4.790678029797692,4.788255300907374,-0.0024227288903180266,7.2350732930156765,7.234840086330072,-0.00023320668560433688,1715.0,1712.0,-3.0,31.447467947844295,31.424888815623213,-0.022579132221082432,0.19534715173587824,4659.3372577281025,4657.825405466159,-1.5118522619432042,6.447369940099639,6.447428254376517,5.831427687752466e-05,7.78563212899193,7.785892853826871,0.00026072483494132825,2966.0,2967.0,1.0,50.009080495215684,49.98288946222904,-0.02619103298664527
1.4684705997686274,40,11,0.4553721373291153,2461.2983784381877,2460.3033696319544,-0.9950088062332725,5.423485937327336,5.369387141883319,-0.05409879544401708,7.261505274324371,7.260910623170689,-0.0005946511536816246,1737.0,1738.0,1.0,32.22713707613782,32.26034760755555,0.03321053141772978,0.471243931289843,4594.04904987277,4592.887226155555,-1.1618237172151566,5.72580445682739,5.72580445682739,0.0,7.785359832388604,7.78544976540424,8.993301563631206e-05,2964.0,2960.0,-4.0,48.94677312683366,48.91569973830272,-0.03107338853094177
1.4684705997686274,40,12,0.32430279223893577,2457.5582191846265,2457.922982799269,0.3647636146424702,5.1281211705313865,5.128103257820648,-1.7912710738698934e-05,7.2553599046962995,7.25549332719465,0.00013342249835002207,1714.0,1714.0,0.0,32.050094366710944,32.05517761389585,0.00508324718490627,0.28317769833374073,4479.83031950071,4480.540485878699,0.7101663779885712,6.126372932404971,6.126372932404971,0.0,7.771387342684749,7.771183358896497,-0.00020398378825170482,2937.0,2938.0,1.0,48.28311498519404,48.29154645362305,0.008431468429009215
1.4684705997686274,40,13,0.43864190569201317,2407.791210790552,2407.290899535028,-0.5003112555241387,4.955220462973245,4.955220462973245,0.0,7.237878415154478,7.2384432171908735,0.0005648020363953066,1701.0,1702.0,1.0,32.01417170136547,31.97708226071559,-0.03708944064987918,0.1733119858914373,4532.909381019044,4533.032652948788,0.12327192974407808,5.5981983483237885,5.5981983483237885,0.0,7.792238279429865,7.79241668280884,0.00017840337897467862,2969.0,2969.0,0.0,47.33199055249218,47.327588508373964,-0.004402044118215542
1.4684705997686274,40,14,0.21968073791152237,2415.276756601658,2413.7985044860034,-1.4782521156544135,5.138259397984359,5.138259398004067,1.970779095472608e-11,7.240190070437443,7.240441146958782,0.00025107652133904423,1708.0,1707.0,-1.0,32.23078098561656,32.18255482745123,-0.04822615816533471,0.14377437677710603,4593.651662179629,4592.655684687782,-0.995977491847043,6.993643483751787,6.975510088514985,-0.018133395236801242,7.777094958934173,7.777138709988369,4.37510541964059e-05,2958.0,2957.0,-1.0,49.9601970703219,49.94219283917183,-0.018004231150065664
1.4684705997686274,40,15,0.20622692043828666,2416.870403701566,2415.7416791701567,-1.1287245314092615,4.43256737344476,4.43256737344476,0.0,7.250822517713482,7.250908854406125,8.633669264312971e-05,1712.0,1711.0,-1.0,31.50338393871669,31.482514040575516,-0.020869898141175014,0.1492496740349084,4684.071479863263,4682.8329021238105,-1.2385777394529214,5.642091705334636,5.642091705334636,0.0,7.789776938398216,7.789628047687793,-0.00014889071042301083,2966.0,2967.0,1.0,50.036772645874244,50.03033400365153,-0.006438642222711621
1.5349293381012217,41,0,0.3611418786088282,2562.0691552697217,2560.6515678997594,-1.417587369962348,5.309932381582729,5.309932381582729,0.0,7.234145461340925,7.234752676874021,0.0006072155330958395,1691.0,1694.0,3.0,35.47071744355843,35.41944642941096,-0.05127101414746704,0.29552689226410545,4707.760697552232,4706.16115610655,-1.5995414456820072,5.477162583183305,5.477162583183305,0.0,7.784193452569457,7.78386088183389,-0.0003325707355665841,2974.0,2974.0,0.0,51.040512723004404,51.025139714807906,-0.015373008196498006
1.5349293381012217,41,1,0.6458567225073482,2592.5086532127657,2591.2696810684647,-1.2389721443009876,4.844140407000428,4.920870336650106,0.07672992964967751,7.260993389473011,7.260663126755535,-0.00033026271747615965,1737.0,1735.0,-2.0,34.73262351718924,34.726508707763,-0.006114809426236434,0.24723917612858812,4794.238645563234,4792.46599996332,-1.7726455999136306,7.670316496559076,7.670316496542535,-1.6541434888495132e-11,7.7697784038932305,7.7697526365560465,-2.5767337183957295e-05,2940.0,2940.0,0.0,53.71036433481958,53.66576565462144,-0.04459868019814195
1.5349293381012217,41,2,0.2384355114733192,2617.3563337350324,2617.1288416181383,-0.2274921168941546,5.805164748727987,5.805164748727987,0.0,7.257162131949016,7.25689997331115,-0.0002621586378666052,1728.0,1727.0,-1.0,35.482263356390874,35.506930164733106,0.024666808342232116,0.18769442923970936,4839.521545858493,4839.360740974017,-0.16080488447551033,5.965027160203678,5.965027160203678,0.0,7.79328665671969,7.792940207320022,-0.00034644939966810284,2999.0,2997.0,-2.0,52.48646252199677,52.49761825131219,0.011155729315419194
1.5349293381012217,41,3,0.1662326005064978,2491.2769981135125,2489.817975433918,-1.4590226795944545,5.7755484750732995,5.672293960662924,-0.10325451441037536,7.23361876680555,7.233562100110929,-5.6666694620233216e-05,1689.0,1690.0,1.0,33.86920757296596,33.83368330110021,-0.035524271865753576,0.3074811783464251,4849.1652559922095,4848.3815707105205,-0.7836852816890314,6.588518242799467,6.588515616671362,-2.6261281051986884e-06,7.789366687069861,7.789344800979068,-2.1886090793010737e-05,3002.0,3003.0,1.0,53.2179084801534,53.20406321750998,-0.013845262643414458
1.5349293381012217,41,4,0.28650564327552924,2514.638893668206,2513.855264932534,-0.7836287356722096,5.768679059167821,5.768679059167821,0.0,7.232913824559438,7.232750222902297,-0.0001636016571415766,1708.0,1707.0,-1.0,34.774070256010084,34.74498485312885,-0.029085402881236178,0.20435515784427574,4892.532374345516,4891.780756771736,-0.7516175737791855,6.38295763367847,6.382957633678448,-2.220446049250313e-14,7.788883834929161,7.788756783536247,-0.00012705139291391276,2989.0,2990.0,1.0,53.31806642805605,53.32764889689061,0.00958246883455871
1.5349293381012217,41,5,0.3032444779247803,2549.054212847115,2548.537830901124,-0.5163819459912702,5.245514739177604,5.245514739178288,6.847855615887966e-13,7.256088249197738,7.256000174970952,-8.807422678636101e-05,1741.0,1741.0,0.0,34.59884305876625,34.595892518513594,-0.002950540252655287,0.27111897301300425,4738.298353932598,4738.0839252206315,-0.2144287119663204,6.312784695890172,6.312784645827993,-5.006217929093282e-08,7.775777389898824,7.775690951025284,-8.643887353976254e-05,2950.0,2952.0,2.0,51.92794433140975,51.94056261513817,0.012618283728421886
1.5349293381012217,41,6,0.21404459532617284,2561.8515591827086,2561.8541870151603,0.0026278324517079454,5.181741468070468,5.181741468070468,0.0,7.254325941316928,7.254458150639857,0.00013220932292856702,1720.0,1721.0,1.0,34.47283940077855,34.47665057452027,0.0038111737417239056,0.3661986740182747,4865.719580746716,4865.229014069777,-0.4905666769391246,6.940304088630713,6.942165803827129,0.0018617151964157586,7.795268022655131,7.795332330184356,6.430752922437222e-05,3001.0,3002.0,1.0,52.863484578407444,52.86380369155673,0.00031911314928834145
1.5349293381012217,41,7,0.4751657825127365,2512.7122098514387,2512.4371904685177,-0.275019382921073,5.43998544167952,5.367754911582291,-0.07223053009722857,7.23138359589509,7.231049250937154,-0.00033434495793560615,1695.0,1695.0,0.0,34.726266514525584,34.73130251508623,0.005036000560643572,0.17011946692735014,4766.737543018301,4765.918903654022,-0.818639364279079,5.944341529269298,5.944341529269298,0.0,7.792492444885497,7.792539459147745,4.7014262248623595e-05,2973.0,2971.0,-2.0,50.82529964470378,50.81393479916035,-0.011364845543432978
1.5349293381012217,41,8,0.5381274572927792,2560.9925003721874,2560.7751529400166,-0.21734743217075447,6.439181696771602,6.439181696771602,0.0,7.258271682265289,7.257839390433019,-0.0004322918322703373,1730.0,1730.0,0.0,34.203519744632125,34.225112999533216,0.02159325490109154,0.16500014328408055,4896.111702626591,4896.158215573788,0.046512947196788446,6.8101521697015555,6.810152181562676,1.1861120974288042e-08,7.805305994453132,7.805214477966604,-9.151648652760969e-05,3004.0,3005.0,1.0,52.266739810393865,52.28488439460576,0.01814458421189613
1.5349293381012217,41,9,0.47956450296062647,2601.4905662426045,2599.662842330222,-1.8277239123826803,5.999551930416931,5.999551930416931,0.0,7.250883810607178,7.250588932727587,-0.00029487787959059375,1741.0,1743.0,2.0,35.80888614325925,35.80386638686658,-0.0050197563926701605,0.2437163417062197,4808.559396279793,4806.98086223803,-1.5785340417633051,6.19036075480862,6.190360337733714,-4.170749061671586e-07,7.790208213331035,7.790256047414035,4.783408299946501e-05,2998.0,2996.0,-2.0,52.38615356834281,52.347216124409194,-0.03893744393361942
1.5349293381012217,41,10,0.2584804438743055,2623.902620784491,2623.2103613104173,-0.6922594740735803,5.658108129404435,5.658108125832133,-3.572302453846987e-09,7.2380771140769635,7.238307717112228,0.00023060303526456494,1710.0,1710.0,0.0,36.96840876876847,36.945876983510416,-0.022531785258053105,0.6683904012528448,4798.236465618676,4797.661471880716,-0.5749937379605399,6.452439362012241,6.452439362012241,0.0,7.784933307023866,7.784918130748695,-1.5176275171668863e-05,2948.0,2947.0,-1.0,52.04562393531556,52.03006273566058,-0.01556119965498226
1.5349293381012217,41,11,0.40772767902042817,2589.242054332477,2587.284217489979,-1.9578368424981818,5.220028001908355,5.465784981755424,0.24575697984706846,7.252030798001412,7.25168545900714,-0.0003453389942720264,1717.0,1716.0,-1.0,34.921680840369156,34.9072361357664,-0.014444704602759373,0.34099084297915055,4765.780755076632,4764.614828769454,-1.1659263071778696,6.569083443581931,6.569083443422721,-1.5921042262334595e-10,7.782526129641474,7.782652887398874,0.0001267577573997869,2947.0,2947.0,0.0,51.44617116284458,51.39351922162623,-0.05265194121835037
1.5349293381012217,41,12,0.4772163613159779,2547.390688081109,2546.824382250917,-0.56630583019205,5.188908101939792,5.188908101939792,0.0,7.23496085690503,7.235016290852886,5.5433947856009524e-05,1683.0,1683.0,0.0,34.50403132487755,34.47659509896104,-0.027436225916510182,0.6050641837095787,4738.584241830335,4737.864499511939,-0.7197423183952196,5.977682541849074,6.063610380132985,0.08592783828391148,7.771050732161022,7.770945602749266,-0.00010512941175644386,2950.0,2951.0,1.0,51.98292540403054,51.97341453694738,-0.009510867083157848
1.5349293381012217,41,13,0.220430919651117,2608.43160517412,2607.875934972846,-0.5556702012736423,5.570157549295886,5.56990274380278,-0.00025480549310596956,7.248660249482694,7.2485573717648055,-0.00010287771788863864,1738.0,1737.0,-1.0,36.03441123644292,36.03210750735745,-0.002303729085468831,0.33304519899579177,4883.616522788111,4882.747322009138,-0.8692007789732088,6.1830901657807935,6.1830901657807935,0.0,7.798181218756524,7.798540573718587,0.0003593549620637404,3006.0,3006.0,0.0,52.72517955650636,52.673792823204515,-0.05138673330184673
1.5349293381012217,41,14,0.23067961400640524,2615.211187636994,2614.7843054593877,-0.4268821776063305,5.430163707905147,5.430163707895163,-9.984013615849108e-12,7.2631733690084594,7.263077269152047,-9.609985641212404e-05,1755.0,1754.0,-1.0,35.47251221909046,35.4646534896,-0.00785872949045796,0.17702375307123222,4845.16391775552,4844.734057563674,-0.42986019184627366,6.089152753444838,6.089152753444838,0.0,7.785190703746558,7.785205888441665,1.5184695106640334e-05,2959.0,2959.0,0.0,52.65397253604114,52.65214470185309,-0.0018278341880488824
1.5349293381012217,41,15,0.20769962439153525,2580.4210839888437,2580.043810134248,-0.37727385459584184,5.854466053625941,5.737185185470792,-0.1172808681551496,7.2449497186434435,7.244355087951419,-0.0005946306920243671,1725.0,1726.0,1.0,35.712630555115815,35.73681799896564,0.02418744384982574,0.2487306886922384,4706.833630099029,4705.796347539117,-1.0372825599115458,6.461992335280746,6.461992335280742,-3.552713678800501e-15,7.783304671842704,7.783435685429607,0.00013101358690281728,2962.0,2962.0,0.0,50.84332996253717,50.81263890506399,-0.030691057473177352
1.6043958069947517,42,0,0.12992126932847006,2597.4233044350435,2597.7445406381307,0.32123620308721,5.383897003167075,5.383897003167075,0.0,7.237610962281522,7.2380170396942995,0.00040607741277742804,1701.0,1701.0,0.0,36.284126665678485,36.27513786551067,-0.008988800167813338,0.30777087162101946,4936.358333461933,4936.305121681791,-0.053211780142191856,6.35007168428209,6.35007168428209,0.0,7.773328554963781,7.773216974948946,-0.00011158001483480007,2930.0,2930.0,0.0,55.10307280660847,55.13070508369085,0.027632277082375367
1.6043958069947517,42,1,0.18143543441527785,2750.7118398701496,2749.7454442558546,-0.9663956142949246,6.144638162556586,6.144638162558314,1.7283952047364437e-12,7.2653423569002324,7.265450954532536,0.00010859763230364194,1739.0,1741.0,2.0,38.10505057088485,38.091183271059,-0.013867299825847113,0.20158116214353966,5083.287171892629,5082.997789665721,-0.28938222690794646,7.332865849250146,7.332865849250147,8.881784197001252e-16,7.799259048880996,7.799496223305328,0.00023717442433213165,3018.0,3019.0,1.0,56.06681237514953,56.047860894282096,-0.018951480867436032
1.6043958069947517,42,2,0.22567448758919098,2727.1382278525944,2726.575797219136,-0.5624306334584617,6.118897095892757,6.118897095892757,0.0,7.245686302875029,7.245535434819091,-0.00015086805593789165,1739.0,1739.0,0.0,38.54516058938794,38.543744881072165,-0.0014157083157755324,0.26316479563764794,5042.2939977823935,5040.901539915771,-1.3924578666228626,6.480550976723477,6.480550976723477,0.0,7.794905909633094,7.794913915353256,8.005720161463614e-06,2992.0,2992.0,0.0,55.477544427303506,55.45194576898215,-0.025598658321356993
1.6043958069947517,42,3,0.27458321582166867,2689.5466610246685,2689.4569176059044,-0.08974341876410108,5.795672834545542,5.795672834545542,0.0,7.2532097708073895,7.252623137025862,-0.000586633781527901,1733.0,1731.0,-2.0,37.27587699019154,37.31535270848384,0.039475718292301565,0.4274048327202553,5190.10546254686,5189.943211817111,-0.16225072974884824,7.122521446646288,7.122521446646288,0.0,7.795260579136535,7.795309828057404,4.924892086854982e-05,2982.0,2979.0,-3.0,58.20011831361563,58.172745941818654,-0.02737237179697871
1.6043958069947517,42,4,0.21664230888384753,2675.0145020083214,2674.875290785477,-0.13921122284455123,5.996739703397564,5.996739703397564,0.0,7.229778032504275,7.229548798616305,-0.00022923388797035926,1691.0,1689.0,-2.0,37.58577608479636,37.5971241578592,0.011348073062841024,0.4263876497429401,4990.717046318248,4990.370257892722,-0.34678842552602873,8.19123072464049,8.19123072464049,0.0,7.782348831271461,7.78224173784616,-0.0001070934253011302,2973.0,2974.0,1.0,55.86992590977421,55.877809480762544,0.007883570988333588
1.6043958069947517,42,5,0.37148210684792504,2645.5632883726275,2645.4079329322067,-0.15535544042086258,5.658531396754663,5.98747057918333,0.32893918242866693,7.223904151027293,7.224102007374764,0.0001978563474711592,1683.0,1683.0,0.0,37.82208640572378,37.805348223445456,-0.016738182278324132,0.3403942742529212,5047.2989684354025,5046.679198036778,-0.619770398624496,6.494268898120117,6.494268898120117,0.0,7.786295051367718,7.786375563501156,8.051213343751584e-05,2965.0,2965.0,0.0,56.27285260662751,56.26172184300883,-0.011130763618680817
1.6043958069947517,42,6,0.2406590723062686,2660.4955726729645,2659.958650826761,-0.5369218462033132,5.5056985856783465,5.476662585927574,-0.029035999750772312,7.231884194432084,7.2320225713951025,0.00013837696301877145,1680.0,1681.0,1.0,37.25515030972759,37.23098366208961,-0.02416664763797627,0.4106122328599707,5016.055739760688,5015.208339990689,-0.8473997699993561,6.777791343778592,6.780668719780531,0.002877376001938714,7.791139533995445,7.791100823200173,-3.8710795271512666e-05,2985.0,2984.0,-1.0,55.590934936136044,55.575347995770656,-0.015586940365388102
1.6043958069947517,42,7,0.2030181434130276,2667.8027614128164,2668.1285920763803,0.3258306635639201,5.8243346655183545,5.824347162792573,1.2497274218148391e-05,7.263097759074228,7.2633740346429105,0.0002762755686829266,1732.0,1730.0,-2.0,36.42140479077891,36.391289867368556,-0.030114923410351935,0.23126913863620846,5074.5183182744995,5075.102931886923,0.5846136124237091,7.265449514831506,7.339675111606759,0.07422559677525342,7.789053221634965,7.789078532175153,2.531054018817258e-05,2961.0,2962.0,1.0,56.16504137373631,56.18424435006546,0.019202976329154353
1.6043958069947517,42,8,0.4201586490409491,2733.348514577013,2734.0919283550747,0.7434137780619494,5.939864655835239,5.939864655835239,0.0,7.257005136469908,7.25674635113489,-0.00025878533501799694,1731.0,1731.0,0.0,38.3737016311902,38.397419588021336,0.023717956831134757,0.8780895424395738,4956.395594580754,4956.951157341468,0.5555627607145652,6.501611513559816,6.501611513559816,0.0,7.759833101834531,7.759619935627901,-0.00021316620662936714,2908.0,2907.0,-1.0,56.618721326600195,56.634626289570505,0.01590496297031052
1.6043958069947517,42,9,0.18451877978806402,2616.1557874885852,2615.376157755462,-0.7796297331233291,6.393741413945471,6.393741413945471,0.0,7.255359077852234,7.255175058065763,-0.00018401978647109019,1710.0,1709.0,-1.0,35.55859589432391,35.54563918506066,-0.012956709263249877,0.28248352204745236,4860.570692888882,4860.0097139436375,-0.5609789452446421,6.618560476498056,6.618560476498056,0.0,7.758573334465701,7.758400094682752,-0.0001732397829483645,2873.0,2871.0,-2.0,54.36546188527412,54.35875533374187,-0.006706551532253968
1.6043958069947517,42,10,0.413397998530286,2654.772068220628,2654.5028968468314,-0.26917137379678024,5.893202850183323,5.893202850183323,0.0,7.229655115960448,7.230315912192337,0.0006607962318891936,1677.0,1677.0,0.0,37.367152144658306,37.304491372134585,-0.06266077252372071,0.17600604468371772,4992.5741616084415,4991.072388458377,-1.5017731500647642,6.796165927787888,6.7965163157637996,0.0003503879759119144,7.792253096063055,7.7919828372822,-0.00027025878085495947,2981.0,2982.0,1.0,54.61385819748289,54.613183012291685,-0.000675185191205685
1.6043958069947517,42,11,0.16999240344040709,2618.528692503599,2618.194022538759,-0.33466996484003175,5.361218897577352,5.361218897577352,0.0,7.243727538133898,7.243900420149624,0.00017288201572629447,1709.0,1708.0,-1.0,36.21384016939365,36.18917088536169,-0.024669284031958227,0.14507780817749014,5045.3087416528015,5044.443413249276,-0.8653284035253819,7.481852910024404,7.481852910024404,0.0,7.795963440944062,7.79583791521725,-0.00012552572681201468,2985.0,2986.0,1.0,56.03911486956686,56.03981917743913,0.0007043078722688279
1.6043958069947517,42,12,0.24844597367857946,2669.4867903667414,2668.2978818405613,-1.1889085261800574,5.944201218505193,5.944201218505193,0.0,7.256863785004928,7.2567316208107435,-0.00013216419418426995,1735.0,1736.0,1.0,37.12423197376835,37.088870510308105,-0.03536146346024793,0.22944984441401167,4982.0748396387435,4981.5787063163325,-0.4961333224109694,6.40964522097142,6.40964522097142,0.0,7.7718066439446165,7.771867314937788,6.067099317164093e-05,2919.0,2921.0,2.0,55.55985646084144,55.56782368504157,0.007967224200129408
1.6043958069947517,42,13,0.6710434761161208,2690.813581048787,2690.5754764697285,-0.23810457905847215,5.65208165011083,5.652081650112928,2.097877427331696e-12,7.248945119708507,7.248637679422116,-0.0003074402863907366,1723.0,1725.0,2.0,37.75390882281309,37.77636363400676,0.02245481119367554,0.29718724060283325,5009.350752244731,5009.365666216374,0.014913971643181867,6.731446136531245,6.731446136531245,0.0,7.78965391488855,7.789554200141695,-9.971474685510628e-05,2984.0,2986.0,2.0,55.67090548479215,55.679186494588,0.008281009795851446
1.6043958069947517,42,14,0.23516101638912168,2706.824862455256,2706.4604942878686,-0.36436816738751077,5.616349569872948,5.616349569814915,-5.803357794320618e-11,7.251602050426765,7.251532471734745,-6.957869202040001e-05,1741.0,1738.0,-3.0,37.92577640308839,37.92022337280559,-0.005553030282804627,0.30433660434675536,4977.691515262239,4976.808113791622,-0.8834014706162634,6.503099389562352,6.503099389562352,0.0,7.791866605149334,7.791624529741441,-0.00024207540789333848,2980.0,2980.0,0.0,55.0247272770303,55.034032013179235,0.009304736148934012
1.6043958069947517,42,15,0.1780387669884217,2706.5154322134044,2705.503137181122,-1.012295032282509,5.544167815421508,5.544167815423369,1.8607337892717624e-12,7.2466425924516145,7.24704873836205,0.0004061459104356402,1713.0,1714.0,1.0,37.47649293122807,37.444912481295454,-0.031580449932619103,0.1595444473003208,4985.451745458577,4984.497034739831,-0.9547107187454458,6.905675175969263,6.923808571195672,0.018133395226409554,7.7877281926176725,7.787671208010938,-5.698460673464467e-05,2968.0,2966.0,-2.0,54.69986195145383,54.69559266206124,-0.004269289392595965
1.677006127647937,43,0,0.9298658924905103,2810.9939135695913,2811.3327941026096,0.33888053301825494,5.773498658103012,5.773498658103012,0.0,7.237842896275676,7.238174709410375,0.00033181313469921037,1700.0,1701.0,1.0,40.40718370910747,40.392357902263605,-0.014825806843866474,0.254064616630491,5180.331322534801,5180.548758886631,0.21743635182974685,7.297423056769584,7.297423056845739,7.615508224034784e-11,7.7882670939367555,7.788395609069594,0.00012851513283873572,2967.0,2969.0,2.0,58.23673861978089,58.22017554209034,-0.016563077690548766
1.677006127647937,43,1,0.2579143830824988,2861.1392289225796,2860.826925275499,-0.3123036470806255,6.0189685695801245,6.018968569569308,-1.0816236795108125e-11,7.2628464634276,7.262669024840738,-0.00017743858686181113,1756.0,1757.0,1.0,40.658593333172455,40.67364867477706,0.015055341604607975,0.2125597710945652,5243.4435982959985,5243.325092151552,-0.11850614444665553,6.327645944662729,6.327646000949928,5.628719890182765e-08,7.7773706149347825,7.7772449722137225,-0.0001256427210600819,2954.0,2957.0,3.0,60.0029906940771,60.02070460583599,0.017713911758889367
1.677006127647937,43,2,0.31425645179399764,2830.0477507518954,2828.7689627406417,-1.2787880112537096,6.007934856455896,6.007934856455896,0.0,7.247462148792252,7.247611227733291,0.00014907894103899366,1723.0,1723.0,0.0,40.75471574536552,40.723906365712764,-0.03080937965275865,0.24098614094695658,5074.286986069904,5073.019931794455,-1.2670542754485723,6.366975045031801,6.366975045031801,0.0,7.770801498305227,7.770719378569948,-8.211973527849636e-05,2918.0,2917.0,-1.0,57.66041988938583,57.61087910667295,-0.04954078271288154
1.677006127647937,43,3,0.6333194245755632,2760.305500636766,2759.7230477524517,-0.5824528843140797,5.826987617844088,5.764295253618003,-0.06269236422608504,7.229943100734532,7.229873268478082,-6.983225645029734e-05,1702.0,1702.0,0.0,40.01023578458221,39.9789265625815,-0.03130922200070785,0.43635673747164266,5242.53631168786,5242.079318442082,-0.45699324577799416,6.291552718615027,6.291552718615027,0.0,7.778906074301352,7.778842463107143,-6.361119420894568e-05,2942.0,2943.0,1.0,59.31465736187261,59.30843015021335,-0.006227211659265208
1.677006127647937,43,4,0.3593131011104348,2849.537136670615,2848.676889666835,-0.8602470037799321,6.588228206247901,6.588228206247901,0.0,7.251356811272515,7.250988942195512,-0.0003678690770030357,1736.0,1736.0,0.0,41.21339479743255,41.243344774468916,0.029949977036366704,0.6279517937805688,5163.043498629705,5163.217677142793,0.1741785130880089,7.231958318441017,7.232200713817029,0.00024239537601200567,7.77143490171353,7.7717910934725625,0.00035619175903267575,2942.0,2942.0,0.0,59.57508399622926,59.52511888390514,-0.049965112324123595
1.677006127647937,43,5,0.44012957959796384,2749.3690980759584,2748.7662799379636,-0.6028181379947455,6.441383599384292,6.441383599384292,0.0,7.242085546910381,7.241989098427572,-9.644848280920826e-05,1720.0,1719.0,-1.0,39.18178135020602,39.143228617611335,-0.038552732594688166,0.4534694781291863,5283.743160256078,5282.744462887861,-0.9986973682171083,7.624247711088363,7.624247711088363,0.0,7.790756104976807,7.790879303808032,0.0001231988312255794,2996.0,2995.0,-1.0,60.123217055467116,60.12866598722942,0.005448931762302323
1.677006127647937,43,6,0.249739695745747,2753.1450541102613,2752.8158875666277,-0.32916654363361886,5.453344744909102,5.453344744909102,0.0,7.246002437269189,7.245918359118569,-8.40781506195043e-05,1721.0,1721.0,0.0,38.68299269592496,38.690447622642615,0.007454926717656463,0.24756695626706238,5151.1942716849235,5149.6394466856955,-1.5548249992280034,7.791828150029783,7.791828150029783,0.0,7.77165331618758,7.771486322499345,-0.00016699368823491767,2928.0,2928.0,0.0,58.687745251441754,58.670519368568385,-0.017225882873368903
1.677006127647937,43,7,0.41995842398891414,2741.2621373424026,2740.9493620635176,-0.31277527888505574,6.140419193769374,6.140419193769374,0.0,7.239660304205277,7.239994448149723,0.0003341439444461969,1701.0,1700.0,-1.0,38.84207079068615,38.83509771276083,-0.006973077925323423,0.29357730515732194,5432.328406350009,5432.100717525866,-0.2276888241431152,7.026288157785743,7.026288157785743,0.0,7.804860864868061,7.804987218922015,0.00012635405395400312,3016.0,3018.0,2.0,61.51307747974311,61.51380803899155,0.000730559248438567
1.677006127647937,43,8,0.2668942696875867,2792.8505297431393,2791.4130942049705,-1.4374355381687565,6.197427203852864,6.197427203852864,0.0,7.246106748452007,7.246056049760217,-5.069869179052944e-05,1737.0,1737.0,0.0,40.26134552201113,40.239941734359405,-0.021403787651728123,0.38249917489301377,5256.549228411439,5255.392585434956,-1.1566429764825443,7.361303577949782,7.361303577949782,0.0,7.772781092032831,7.772690886336183,-9.020569664830447e-05,2934.0,2934.0,0.0,60.96434374915674,60.95397017590098,-0.01037357325576238
1.677006127647937,43,9,0.20661635159247302,2754.0294769279753,2753.9726639395035,-0.05681298847184735,5.935550501794197,5.916059320837361,-0.01949118095683655,7.230619266405526,7.230879696043157,0.00026042963763117655,1686.0,1686.0,0.0,39.61519634556159,39.60471467260698,-0.010481672954611554,0.2044911664427415,5315.827737448644,5316.838895410007,1.0111579613630965,6.185044868145208,6.184334693756365,-0.0007101743888426881,7.787959221062436,7.788251313503929,0.00029209244149353,3002.0,3004.0,2.0,61.03850473498821,61.04451951306454,0.006014778076334437
1.677006127647937,43,10,0.4998422535876993,2880.064421129841,2879.623462248694,-0.4409588811467984,5.907085995622875,5.907085995622875,0.0,7.248884730587246,7.248816253735527,-6.847685171873508e-05,1727.0,1726.0,-1.0,41.56014050096996,41.55794033427483,-0.0022001666951254606,0.5838233998978962,5293.898411531312,5292.328810448539,-1.5696010827732607,7.015867458389696,7.015867458389685,-1.0658141036401503e-14,7.781500185908532,7.781263100219107,-0.00023708568942559793,2966.0,2963.0,-3.0,60.576333986315696,60.561812453744295,-0.014521532571400542
1.677006127647937,43,11,0.2981186241945716,2783.0350621399925,2781.7654480058627,-1.2696141341298244,6.161200754905054,6.161200754905016,-3.8191672047105385e-14,7.248283005383287,7.248106795830342,-0.00017620955294539442,1731.0,1732.0,1.0,39.61879580666897,39.58212608094857,-0.03666972572040095,0.37930647654357336,5232.68233854463,5232.390584080443,-0.2917544641868517,6.6025758518334,6.601990283024237,-0.0005855688091633837,7.799802672507067,7.799867230839264,6.455833219742857e-05,3005.0,3005.0,0.0,58.68478511965106,58.668784673618354,-0.016000446032705895
1.677006127647937,43,12,0.21016316719594821,2741.285974534238,2740.4945005130317,-0.7914740212063407,6.645358791699168,6.645358791699168,0.0,7.227108954383164,7.2270097412154,-9.921316776395628e-05,1684.0,1684.0,0.0,39.46012463647788,39.44466904373838,-0.01545559273949948,0.19274641875944004,5276.952114149796,5276.676519976964,-0.2755941728319158,7.490756698833691,7.490756658765582,-4.0068108830837446e-08,7.780749166137403,7.7808913237548705,0.00014215761746783073,2958.0,2960.0,2.0,60.67228447015242,60.631139725006804,-0.0411447451456155
1.677006127647937,43,13,0.32771381040331593,2758.056423986422,2759.110969385379,1.0545453989570888,6.222431406650939,6.222431406650939,0.0,7.2336068347946165,7.2339969844917285,0.00039014969711193004,1710.0,1711.0,1.0,39.77522185611241,39.80477473792642,0.02955288181401272,0.27232387758746135,5152.786452332241,5153.130058023305,0.34360569106320327,7.782804153650817,7.782804153650817,0.0,7.763943151486282,7.763501147370611,-0.00044200411567096864,2930.0,2930.0,0.0,59.68297634079321,59.71407149262919,0.03109515183597722
1.677006127647937,43,14,0.4497311683914218,2799.367640701485,2797.9727579221176,-1.3948827793674354,5.485779751210262,5.485779751210262,0.0,7.245125320076161,7.244856883597097,-0.00026843647906371615,1707.0,1705.0,-2.0,39.64250959330896,39.635417698728766,-0.007091894580192104,0.31147394246783144,5310.601973721052,5309.833109156342,-0.7688645647094745,7.834495121947178,7.834495121947178,0.0,7.792008764829211,7.792129317811479,0.00012055298226876232,2977.0,2977.0,0.0,60.400270959305296,60.366804368413405,-0.033466590891890746
1.677006127647937,43,15,0.16359429058766234,2813.892828034782,2813.7502363112326,-0.14259172354923066,6.207261899967671,6.207261899967671,0.0,7.250929906034697,7.250740298743314,-0.0001896072913831759,1750.0,1750.0,0.0,40.83779254875897,40.83361026519872,-0.004182283560247413,0.18127266718292176,5266.148103961519,5266.465462224114,0.31735826259500755,6.881994892412991,6.881994892412991,0.0,7.788201626506979,7.788364518124169,0.0001628916171902972,2957.0,2957.0,0.0,59.21483423784612,59.214723648146965,-0.00011058969915467287
1.752902581711826,44,0,0.11017157565160857,3007.1818004968254,3005.8637755114887,-1.3180249853367059,7.015387332062434,7.015387332062434,0.0,7.236285243069341,7.236205520146939,-7.972292240232548e-05,1707.0,1707.0,0.0,44.76663096639093,44.740637664249405,-0.02599330214152218,0.28634188422752505,5589.0802720085285,5587.073594987907,-2.0066770206212823,7.4930782412382335,7.4930782412382335,0.0,7.802668797742553,7.802785676026568,0.00011687828401552025,3003.0,3004.0,1.0,64.25244573226723,64.20228815637167,-0.05015757589556813
1.752902581711826,44,1,0.20295619152797773,2871.6810759982172,2870.8603646904876,-0.8207113077296526,6.758264314669021,6.758264314669021,0.0,7.235458120909838,7.235612231823858,0.00015411091401951182,1717.0,1715.0,-2.0,42.58510422229438,42.55792482705587,-0.027179395238512427,0.24018471495711752,5431.155878039046,5430.238281417129,-0.9175966219172551,6.9190115387160755,6.91901136317336,-1.7554271547481903e-07,7.7879020958878264,7.78806967582496,0.00016757993713323316,2971.0,2971.0,0.0,62.87164887170681,62.83577671614407,-0.03587215556274259
1.752902581711826,44,2,0.25418725386941154,2934.2025871110545,2932.8684933246764,-1.334093786378162,6.85754139224253,6.85754139224253,0.0,7.240735948298921,7.240510475090447,-0.00022547320847365881,1709.0,1711.0,2.0,43.238762088957685,43.232749564507536,-0.006012524450149215,0.2452624968286805,5389.96340829616,5387.846701588304,-2.116706707855883,7.434741822620864,7.434741822255453,-3.654108127193467e-10,7.784519820110528,7.7846511681526405,0.0001313480421121227,2973.0,2973.0,0.0,62.51788514104865,62.460796958922195,-0.05708818212645639
1.752902581711826,44,3,0.23853812031386784,2869.879850898252,2868.1546257687123,-1.7252251295394672,6.550366466654975,6.550366485071821,1.841684671433086e-08,7.246794179066534,7.246700434609426,-9.374445710719215e-05,1718.0,1720.0,2.0,41.99865290537642,41.9909557040427,-0.007697201333719761,0.3270663160071645,5526.0166349629235,5524.349375560633,-1.6672594022902558,7.301064073783209,7.301063950849845,-1.229333639329866e-07,7.796800217034371,7.796533303012874,-0.00026691402149747745,2990.0,2987.0,-3.0,63.80838126170035,63.80958072127291,0.001199459572561068
1.752902581711826,44,4,0.2683625250281873,2935.352080536993,2934.7321007842147,-0.619979752778363,6.430446639292286,6.424192122697813,-0.0062545165944722925,7.235995488876075,7.235903546339692,-9.1942536382561e-05,1698.0,1697.0,-1.0,43.41560576830747,43.402946166115946,-0.012659602191526176,0.2584524992194234,5421.678730143172,5421.492061287346,-0.18666885582661052,7.100404601584033,7.100404601584033,0.0,7.7822554716557875,7.782068390321472,-0.0001870813343156641,2965.0,2966.0,1.0,62.96783568637976,62.9790420026767,0.01120631629694202
1.752902581711826,44,5,0.6559623694433399,2934.7318229160874,2933.087342946733,-1.6444799693545065,6.591000630978964,6.5910006212679,-9.711063952977383e-09,7.252528714936946,7.253013150948982,0.0004844360120364044,1723.0,1723.0,0.0,42.62758086466367,42.539716789669036,-0.08786407499463422,0.8436517354374689,5491.750871288503,5490.274191196262,-1.4766800922407128,6.977654373896311,6.977654373896311,0.0,7.7902556919866335,7.790309553413053,5.386142641938818e-05,2987.0,2986.0,-1.0,63.948725908875616,63.9001480580876,-0.04857785078801413
1.752902581711826,44,6,0.3277192299302176,2930.0851557534397,2930.4016257454778,0.31646999203803716,6.014099359928747,6.014090331766987,-9.028161760404885e-06,7.264395992528627,7.264205012826143,-0.00019097970248349583,1732.0,1732.0,0.0,41.78243652681972,41.7981517600317,0.015715233211977875,0.2334549346694525,5448.724996909852,5448.433242302423,-0.29175460742862924,7.660602030068722,7.660602030068722,0.0,7.779718640308328,7.779636828516647,-8.181179168076369e-05,2940.0,2939.0,-1.0,62.91205024682706,62.91599977084063,0.003949524013570738
1.752902581711826,44,7,0.3343340842880843,2989.7882715464652,2989.9246879022853,0.1364163558200744,6.149105687046811,6.149105687046811,0.0,7.27608058287198,7.275884942818513,-0.00019564005346772717,1775.0,1776.0,1.0,42.653849250969095,42.66811565564785,0.014266404678757283,0.2360884971076141,5355.276475268392,5355.391466248929,0.11499098053718626,6.634248241859626,6.634249471999818,1.2301401923764388e-06,7.770393137431283,7.7703418370783375,-5.130035294520496e-05,2942.0,2939.0,-3.0,62.85906342335218,62.8588648935677,-0.00019852978448398062
1.752902581711826,44,8,0.20411424013201462,3002.274307014255,3001.453409849223,-0.8208971650319654,6.013360042961025,6.013360062911758,1.9950732621509815e-08,7.2602933373526035,7.260176342850932,-0.00011699450167146352,1753.0,1753.0,0.0,43.6085258307006,43.60089833504333,-0.007627495657267502,0.15922751431259377,5537.88793376398,5537.034336477915,-0.853597286065451,8.544482086724617,8.544481906668992,-1.8005562552048104e-07,7.800582122028639,7.800602061425117,1.9939396477930416e-05,3021.0,3020.0,-1.0,64.55457555717695,64.5461999289196,-0.008375628257340395
1.752902581711826,44,9,0.21979127809073246,2815.904168937527,2815.4700922458433,-0.43407669168391294,6.025986667973402,6.025986667973402,0.0,7.239341349875974,7.239536862732962,0.00019551285698771181,1711.0,1710.0,-1.0,40.79255053634198,40.78231055751147,-0.010239978830504981,0.2557458717185273,5391.595697188267,5390.706951050405,-0.8887461378617445,6.880840354683729,6.880840354682578,-1.1510792319313623e-12,7.772077957285757,7.772169108308982,9.115102322532209e-05,2944.0,2940.0,-4.0,63.32185791921234,63.29636697931248,-0.02549093989986062
1.752902581711826,44,10,0.1890516844661464,2929.5010269741333,2928.227522224771,-1.2735047493624734,6.700422711460803,6.700422711460803,0.0,7.248250795465852,7.248222717859224,-2.807760662815184e-05,1713.0,1713.0,0.0,42.450466836199034,42.41711599258714,-0.03335084361189189,0.46900556016566014,5526.973891233011,5525.722785251616,-1.251105981395085,7.54622699780636,7.54622699780636,0.0,7.799137080269103,7.799137921360134,8.410910306011488e-07,3002.0,2999.0,-3.0,63.68895608405965,63.63118257900537,-0.05777350505427847
1.752902581711826,44,11,0.22611241236668872,2976.8780242241824,2976.8864903441986,0.008466120016237255,6.5778263621140205,6.577826362114022,1.7763568394002505e-15,7.268666100269902,7.268413877183958,-0.00025222308594408105,1764.0,1763.0,-1.0,42.66757093798098,42.66884966030731,0.0012787223263259762,0.2584053813877749,5377.09406254924,5376.961448601822,-0.13261394741857657,6.711252257765941,6.711252257765942,8.881784197001252e-16,7.786662921117493,7.78653832998557,-0.00012459113192342386,2955.0,2955.0,0.0,61.28439125371345,61.289507873756286,0.005116620042834086
1.752902581711826,44,12,0.23019867884020873,2894.011701658814,2892.807754588488,-1.203947070326194,6.261786631391924,6.261786631391924,0.0,7.239597949785856,7.239293785895629,-0.0003041638902265831,1694.0,1692.0,-2.0,42.183672038045394,42.16760690267928,-0.016065135366112315,0.22755227292247102,5513.305652790177,5512.744364094218,-0.561288695958865,7.124035172936383,7.124035172936383,0.0,7.798621052270201,7.79873882163487,0.00011776936466834087,2984.0,2984.0,0.0,63.13756692689196,63.1208875272014,-0.01667939969055965
1.752902581711826,44,13,0.37221941262413527,2963.756473999718,2963.211303888671,-0.5451701110469003,5.88264904190765,5.88264904190765,0.0,7.246044028294507,7.245635215546887,-0.0004088127476196135,1724.0,1723.0,-1.0,43.03874279447879,43.0584275064645,0.019684711985703984,0.4021406833413638,5603.599272056436,5602.8487296593285,-0.7505423971078926,7.332335455922436,7.332335455922431,-5.329070518200751e-15,7.79016604690604,7.7901734440890404,7.397183000357188e-06,2982.0,2984.0,2.0,65.42451532410833,65.4068897483376,-0.017625575770722435
1.752902581711826,44,14,0.3037196666828301,2898.2545514501735,2896.981195507128,-1.273355943045317,6.514251705551356,6.514251705551356,0.0,7.241635716549634,7.241371190537331,-0.00026452601230353423,1717.0,1718.0,1.0,42.21741905228555,42.22182318751635,0.004404135230799966,0.46819755776014327,5644.200990485044,5644.292026090871,0.09103560582752834,7.38235399383241,7.382353966357703,-2.7474706953967143e-08,7.799646645720052,7.799711290561154,6.464484110235702e-05,3022.0,3021.0,-1.0,65.3949686664181,65.403133511104,0.008164844685907724
1.752902581711826,44,15,0.24658314888545255,2986.0161849195847,2985.2854277990887,-0.7307571204960368,6.274139424582496,6.274139424582496,0.0,7.257314101477302,7.257359403048104,4.530157080218089e-05,1730.0,1731.0,1.0,42.789874276528664,42.761890550182116,-0.02798372634654811,0.41671576990688003,5424.201152479989,5423.426664746406,-0.7744877335835554,8.312653055850747,8.312653055850209,-5.382361223382759e-13,7.770298269171478,7.770506532108642,0.00020826293716336153,2922.0,2923.0,1.0,63.80183229871854,63.76817895723373,-0.0336533414848077
1.8322338900940776,45,0,0.2838816037588555,3033.3702832052677,3033.9251345727334,0.5548513674657443,7.277634443440553,7.277634443440553,0.0,7.23909422419828,7.238676364952315,-0.00041785924596471347,1700.0,1699.0,-1.0,45.4986728077851,45.53623953006156,0.037566722276459075,0.28531606693811784,5776.154767121052,5776.099024929009,-0.055742192042998795,9.010702896831798,9.010702896831798,0.0,7.797799144069777,7.798075889782988,0.00027674571321067987,2994.0,2994.0,0.0,68.23904679548643,68.21780902936155,-0.021237766124883706
1.8322338900940776,45,1,0.31772368742334034,3083.5956223223984,3082.666101802889,-0.929520519509424,6.466933567170473,6.466933567170473,0.0,7.244616516180151,7.244759304171039,0.00014278799088796035,1715.0,1716.0,1.0,46.189499839340804,46.169307710675696,-0.020192128665108555,0.30890375807557363,5765.361343699504,5763.885103854496,-1.4762398450075125,7.1828145561250745,7.1828145561250745,0.0,7.799542509420519,7.799712450157196,0.00016994073667753185,3027.0,3027.0,0.0,68.3651141845454,68.33063560445514,-0.03447858009026561
1.8322338900940776,45,2,0.192381114807458,3098.7989725507337,3098.5348383677674,-0.26413418296624513,6.761606762232864,6.699986426181631,-0.06162033605123263,7.266137061818418,7.266352042127615,0.0002149803091970881,1741.0,1741.0,0.0,45.37642126286756,45.35324201347141,-0.02317924939615068,0.15866936715977284,5743.325326252055,5743.2712563887435,-0.05406986331126973,8.6442704297095,8.6442704297095,0.0,7.78348592056296,7.783462852680908,-2.3067882051641675e-05,2962.0,2962.0,0.0,68.99258751090868,68.99375687025807,0.00116935934939022
1.8322338900940776,45,3,0.3524585839200789,2997.6145273906577,2996.613122275075,-1.0014051155826564,6.845326114732667,6.845326114732667,0.0,7.237297728528224,7.237125423419124,-0.00017230510910071217,1683.0,1682.0,-1.0,44.150124438761026,44.140246555263936,-0.009877883497090068,0.2865655522968895,5547.47330162222,5546.343979981055,-1.1293216411650064,8.155405455868104,8.155405455868086,-1.7763568394002505e-14,7.770676044094467,7.77086809799318,0.0001920538987132403,2900.0,2899.0,-1.0,65.56245135830852,65.52827312894514,-0.034178229363377
1.8322338900940776,45,4,0.29723371973613055,3019.359854670549,3019.2960492528764,-0.0638054176724836,7.793328506459044,7.793328506459044,0.0,7.23595461170272,7.236088064927596,0.00013345322487623434,1704.0,1704.0,0.0,45.85066208062084,45.82435618617541,-0.02630589444543574,0.27812186181064746,5827.315475289965,5827.494748632197,0.17927334223168145,7.810418236809025,7.756933260198057,-0.05348497661096818,7.791257037286083,7.791422636942763,0.0001655996566798379,2975.0,2977.0,2.0,69.04479033253455,69.01806919593344,-0.026721136601111084
1.8322338900940776,45,5,0.33379112234575514,3090.364013283323,3088.8730224637784,-1.4909908195445496,6.2476489504104,6.247633063261169,-1.5887149230842113e-05,7.237059479645724,7.236740656403702,-0.0003188232420221482,1709.0,1708.0,-1.0,46.43907525126854,46.42904691465984,-0.010028336608698396,0.23172663414279865,5606.9515937451015,5606.042985432273,-0.9086083128286191,7.704124203881418,7.704124203881418,0.0,7.765349099998051,7.765356358457191,7.258459139514173e-06,2913.0,2912.0,-1.0,67.31043036211662,67.30820724908634,-0.002223113030282775
1.8322338900940776,45,6,0.2943824422211323,3056.5516249612583,3056.063392418392,-0.48823254286617157,6.611559132711092,6.611559132711092,0.0,7.247638706323013,7.247875498169257,0.00023679184624381122,1718.0,1718.0,0.0,45.288025250756064,45.24910216984882,-0.03892308090724583,0.14880002898318112,5753.788164999074,5752.539754191079,-1.248410807995242,9.022755201462939,9.022755201462939,0.0,7.786208781641677,7.786207317920773,-1.4637209035939236e-06,2982.0,2984.0,2.0,68.79081922680338,68.76315974458346,-0.02765948221991721
1.8322338900940776,45,7,0.3694599142138547,3047.553464114818,3046.340654306722,-1.2128098080956988,6.8828253967158295,6.8828253967158295,0.0,7.244045573327003,7.243654130083803,-0.0003914432431999515,1718.0,1717.0,-1.0,44.96793931168111,44.95434063206512,-0.013598679615988374,0.5793860629353229,5905.156109458589,5904.374159135128,-0.7819503234604781,7.500098810770968,7.500098810770968,0.0,7.796424732696638,7.7965404732888235,0.00011574059218588673,3017.0,3018.0,1.0,70.65750201753625,70.64356299013839,-0.013939027397853465
1.8322338900940776,45,8,0.4698196497495343,3097.1680326206547,3095.889365272603,-1.2786673480518402,6.774763910527437,6.774763910527438,1.7763568394002505e-15,7.245941634552568,7.2455677968587295,-0.00037383769383847465,1730.0,1728.0,-2.0,46.989180739379755,46.996580470892475,0.007399731512720109,0.28459419028759936,5721.052877796397,5719.677677198704,-1.3752005976930377,7.606480686513713,7.606480686513713,0.0,7.785127352622425,7.785352914169684,0.0002255615472588346,2960.0,2960.0,0.0,67.5651567477068,67.51975781218574,-0.045398935521049566
1.8322338900940776,45,9,0.2911982392625291,3066.166547956657,3064.862837618862,-1.303710337794655,5.978286266750312,5.978249466282479,-3.6800467833053574e-05,7.267199780538029,7.267419535333284,0.00021975479525515595,1734.0,1735.0,1.0,44.13263609848202,44.07965209276699,-0.05298400571502526,0.29426799289433603,5639.219685376001,5637.49899647218,-1.720688903820701,9.104250385641105,9.104250307909199,-7.773190624504878e-08,7.771447446853394,7.771583994020121,0.00013654716672739653,2939.0,2939.0,0.0,68.2105955767485,68.14510951128868,-0.06548606545982238
1.8322338900940776,45,10,0.526126676454886,3066.01397388249,3065.4928582207885,-0.5211156617015149,6.248447738293328,6.248447738293328,0.0,7.255706250159018,7.25587064122959,0.0001643910705722007,1723.0,1723.0,0.0,44.96637934301281,44.941361471918995,-0.025017871093815813,0.1663660578712739,5677.202903467771,5677.203356747166,0.00045327939551498275,8.520819944819557,8.520849245443438,2.9300623880956778e-05,7.778124972849782,7.778469158869637,0.00034418601985475306,2959.0,2959.0,0.0,68.72772704852574,68.6940642840618,-0.033662764463940675
1.8322338900940776,45,11,0.3300637098176016,3115.3280089820228,3115.093802218527,-0.23420676349587666,6.94740920815657,6.94740920815657,0.0,7.251915428309276,7.2521284328057956,0.00021300449651917575,1725.0,1724.0,-1.0,46.62399260496603,46.61285503141422,-0.011137573551806668,0.2776753329838578,5727.355499677325,5726.8432906380085,-0.5122090393160761,7.578344617055547,7.578344617055547,0.0,7.775697134721341,7.775715630755921,1.8496034580373077e-05,2914.0,2914.0,0.0,67.70831167335133,67.70591381730034,-0.002397856050990299
1.8322338900940776,45,12,0.49479717456839456,3102.1096826039984,3100.8687122612314,-1.2409703427670138,6.335299731681795,6.37094879100431,0.035649059322515164,7.244345747242723,7.244157304890409,-0.00018844235231352258,1721.0,1720.0,-1.0,46.38521500273827,46.35714166338904,-0.02807333934923406,0.3370491472680862,5666.596236412172,5665.91901938214,-0.6772170300328071,8.231998986284935,8.231998986284935,0.0,7.771295598596085,7.771154553968358,-0.000141044627726572,2920.0,2920.0,0.0,68.07255317966134,68.07274939125753,0.00019621159619021
1.8322338900940776,45,13,0.14508784971403033,3037.534030663641,3037.3413613483285,-0.19266931531228693,6.168278214795484,6.168278214795484,0.0,7.247642288822941,7.247730998889963,8.871006702282358e-05,1722.0,1722.0,0.0,45.18495505084417,45.15640732410254,-0.02854772674162831,0.27562765900284636,5726.1361841824655,5726.265867203908,0.12968302144236077,7.295735600092287,7.295735600092287,0.0,7.7911461479355895,7.791064229939958,-8.191799563128654e-05,2953.0,2955.0,2.0,67.27111777343084,67.25434172543069,-0.01677604800015331
1.8322338900940776,45,14,0.303628666697174,3081.205878142687,3080.271977474761,-0.933900667926082,6.807538092360171,6.807538092360171,0.0,7.258450896791758,7.258357663483034,-9.32333087240167e-05,1734.0,1733.0,-1.0,45.457282963844925,45.46024813083272,0.002965166987792145,0.2613716043717056,5802.0793298380595,5800.43762187709,-1.6417079609691427,7.204823683681945,7.204823683681945,0.0,7.7965603843057885,7.7965486764657,-1.1707840088526211e-05,3012.0,3013.0,1.0,68.12837386460448,68.11403982659813,-0.014334038006353467
1.8322338900940776,45,15,0.17824445933818478,3021.166379842689,3019.118665473222,-2.0477143694670303,6.557173057920995,6.557173057920995,0.0,7.239812479602773,7.239615828640084,-0.000196650962688949,1701.0,1700.0,-1.0,45.1257873004286,45.098057108744214,-0.027730191684383954,0.22769335553180298,5786.805058221945,5784.849258568983,-1.955799652962014,7.291238932045647,7.291238932045647,0.0,7.791958147796329,7.791918549203116,-3.959859321334136e-05,3007.0,3007.0,0.0,69.54692266298187,69.49481603354818,-0.05210662943369471
1.9151555043811181,46,0,0.2864580295020027,3166.6381010003515,3166.674555077553,0.0364540772015971,6.6556273605972684,6.6556273605972684,0.0,7.235634176268832,7.235466338213957,-0.0001678380548746361,1698.0,1697.0,-1.0,48.3112948944985,48.36359641430828,0.05230151980978093,0.23436722319260023,6038.316939461696,6038.78224003311,0.4653005714135361,8.00851175996255,8.00851175996255,0.0,7.800816979816511,7.800740582644385,-7.639717212537533e-05,2977.0,2979.0,2.0,72.0060034353277,72.03503927374138,0.02903583841367663
1.9151555043811181,46,1,0.39929951597954266,3125.150566407909,3122.8535765158167,-2.2969898920923697,6.790308442331372,6.790308442331372,0.0,7.240716638328809,7.240598653647961,-0.00011798468084833758,1716.0,1716.0,0.0,47.66894894258347,47.63108270904749,-0.03786623353597918,0.41665967200284465,5964.643192365738,5962.17023974575,-2.472952619988064,8.154691621690317,8.154691621690317,0.0,7.786478101329838,7.78635694548546,-0.00012115584437744076,2974.0,2975.0,1.0,72.450842254619,72.42599956473171,-0.024842689887293545
1.9151555043811181,46,2,0.2810800222464723,3243.4489375945413,3242.39651001748,-1.0524275770612803,6.810259729310201,6.810259729310201,0.0,7.236809619002619,7.236865569314702,5.595031208294188e-05,1704.0,1704.0,0.0,50.03022897440882,50.00124488937717,-0.028984085031652285,0.8540228215187586,5971.335705816787,5970.562161495303,-0.773544321483314,7.710476491726205,7.228659844696283,-0.48181664702992233,7.796253415241088,7.796142367038652,-0.00011104820243623692,2979.0,2979.0,0.0,71.10050567423794,71.0716587829031,-0.028846891334836755
1.9151555043811181,46,3,0.27077114086650417,3285.287519115988,3285.1349614762935,-0.15255763969435066,6.597327801754544,6.597327801756007,1.4637180356658064e-12,7.263770111487697,7.26395024658731,0.00018013509961267715,1736.0,1734.0,-2.0,49.958167454983574,49.97258940294164,0.01442194795806273,0.2254048993380499,6036.14970149024,6036.184618762381,0.0349172721416835,7.4118331603377685,7.4118331603377685,0.0,7.792692929398684,7.7925588898987,-0.00013403949998380682,2983.0,2984.0,1.0,72.73804012793599,72.74233461488217,0.004294486946179177
1.9151555043811181,46,4,0.28652595948686693,3167.620199898255,3168.3399163697927,0.7197164715375948,6.667439736059092,6.667439736058651,-4.405364961712621e-13,7.254587942837929,7.254499376021119,-8.85668168102427e-05,1713.0,1713.0,0.0,47.28174894851997,47.3108152462602,0.029066297740229174,0.16558508412830097,6050.159594273657,6051.069035602512,0.9094413288548822,7.756938996723083,7.756938996723083,0.0,7.785122324778294,7.785068765470137,-5.355930815742482e-05,2954.0,2955.0,1.0,73.20472709019526,73.25361345744186,0.04888636724659534
1.9151555043811181,46,5,0.22395210008445932,3053.4356330638475,3054.587073572063,1.1514405082157282,6.521515709817502,6.521515709817502,0.0,7.232296527381244,7.232664757354981,0.0003682299737368666,1691.0,1691.0,0.0,46.10830320366545,46.10943066208046,0.0011274584150129385,0.2920949460672886,5965.896188647483,5966.518988761546,0.622800114063466,7.596789687382363,7.596789687382363,0.0,7.7939885766501735,7.793846806087971,-0.00014177056220265882,2974.0,2974.0,0.0,71.45151077100789,71.4859025198939,0.0343917488860086
1.9151555043811181,46,6,0.6441760782942432,3330.534666232057,3329.1930650442205,-1.341601187836659,6.7389400660042655,6.738952815222894,1.274921862837175e-05,7.256520246371288,7.256433132319132,-8.711405215588996e-05,1737.0,1737.0,0.0,51.105131492299094,51.05973383666142,-0.04539765563767162,0.27963919687142363,6024.039904316181,6021.323412757171,-2.716491559009228,7.99577890507252,7.99577890507252,0.0,7.788050437062109,7.788051552491742,1.115429633102849e-06,2953.0,2953.0,0.0,72.81850595551589,72.77694863301771,-0.04155732249817845
1.9151555043811181,46,7,0.36826321936742,3144.6826052966053,3145.6926230907693,1.010017794164014,7.182873215794831,7.182797611691546,-7.560410328455447e-05,7.244092396159395,7.243698855868528,-0.0003935402908670227,1733.0,1734.0,1.0,48.26282037766898,48.30348176792754,0.0406613902585633,0.23449528705208628,6032.291628044915,6032.623815755522,0.33218771060637664,7.126772367795751,7.126775200785245,2.8329894936618416e-06,7.793525093554612,7.79339533177003,-0.00012976178458146137,2988.0,2990.0,2.0,72.9387410777102,72.96188480136146,0.02314372365125905
1.9151555043811181,46,8,0.2731586890399613,3243.3418028902142,3243.5309302118903,0.18912732167609647,6.714561063419395,6.714561063419395,0.0,7.263864242624782,7.264031965890588,0.00016772326580571928,1725.0,1725.0,0.0,48.0730350143308,48.061848015828346,-0.011186998502452639,0.13692615123197155,5920.260328108857,5919.846637939036,-0.4136901698211659,8.693711007353164,8.737827154297788,0.04411614694462429,7.777360850490403,7.777222523428216,-0.00013832706218686042,2947.0,2947.0,0.0,72.32863680191883,72.3522289510616,0.023592149142771746
1.9151555043811181,46,9,0.21282963971993857,3219.8333064529797,3219.3797903373943,-0.4535161155854439,6.565329434919174,6.565329434917386,-1.787903158856352e-12,7.236170367926458,7.236328535167185,0.00015816724072692523,1703.0,1702.0,-1.0,49.559622559461346,49.545353471451776,-0.014269088009569941,0.20157434397790774,5936.208687657772,5935.65100931364,-0.5576783441320003,7.144015635166385,7.1440156351682464,1.8616219676914625e-12,7.785376152638428,7.785285255590452,-9.089704797649034e-05,2974.0,2972.0,-2.0,71.50544786476733,71.51382745019914,0.008379585431811165
1.9151555043811181,46,10,0.42324319142725186,3227.316679481048,3226.427063814647,-0.889615666400914,6.686266586919917,6.686266586919917,0.0,7.252392028200871,7.252091635468842,-0.0003003927320293087,1717.0,1716.0,-1.0,48.672718835320495,48.6629844532186,-0.0097343821018967,0.2896183156315507,6028.309191352121,6027.809814475668,-0.4993768764534252,8.194136209380625,8.194136209380625,0.0,7.798853158395756,7.798970333461693,0.00011717506593633686,3010.0,3011.0,1.0,72.62839520028871,72.61930510560433,-0.009090094684381711
1.9151555043811181,46,11,0.2296046551911175,3284.948055746643,3282.268575270829,-2.6794804758142163,6.7270098070922,6.727009807091397,-8.029132914089132e-13,7.2476691889586915,7.247605517672134,-6.36712865578204e-05,1731.0,1731.0,0.0,50.558856524683755,50.516179263308075,-0.04267726137567962,0.6817890301283496,6088.824034491844,6086.142247192299,-2.681787299545249,8.748467343207597,8.748467343452498,2.4490098837759433e-10,7.8038327034050585,7.803850532041674,1.7828636615035975e-05,3005.0,3006.0,1.0,73.19723966477758,73.13402772758197,-0.0632119371956179
1.9151555043811181,46,12,0.28863503734590157,3192.728464092276,3190.958301437987,-1.7701626542893791,6.445135404029613,6.445199829596647,6.442556703412095e-05,7.258281124954895,7.258312004534844,3.087957994907242e-05,1740.0,1740.0,0.0,47.99393475706099,47.95066775890047,-0.04326699816051871,0.33167648869462896,5960.655275251842,5959.109907134131,-1.5453681177104954,7.739177142257017,7.739177142257017,0.0,7.774205595195452,7.774384761815101,0.00017916661964889613,2919.0,2920.0,1.0,73.3104520676744,73.26674619830969,-0.043705869364714545
1.9151555043811181,46,13,0.40876180772348425,3185.968708924885,3184.988806588867,-0.979902336017858,6.818070805467013,6.818070805467013,0.0,7.2489073094588345,7.248653965784705,-0.00025334367412988,1724.0,1723.0,-1.0,48.34579450518297,48.34353415420477,-0.0022603509782044284,0.5102175233195307,5954.573991729909,5954.126969748784,-0.4470219811246352,7.2453946050482525,7.2453946050482525,0.0,7.787660674424389,7.787539654380536,-0.00012102004385283749,2976.0,2976.0,0.0,72.03639650165054,72.01909210836993,-0.017304393280610952
1.9151555043811181,46,14,0.2625492428216315,3155.4809923110633,3155.550448603811,0.0694562927478728,6.070271269767953,6.070271269767953,0.0,7.247441910672009,7.247507180547549,6.526987553989727e-05,1721.0,1722.0,1.0,47.2614794669476,47.23970027622997,-0.02177919071763057,0.41069840939118807,5856.666872404165,5857.130656330701,0.4637839265360526,8.315987340951281,8.315987340951281,0.0,7.780629646690047,7.780565820451905,-6.382623814182864e-05,2937.0,2937.0,0.0,70.92985580470545,70.93167981655495,0.0018240118494929902
1.9151555043811181,46,15,0.40630277657927616,3159.7215418669684,3159.0521800454962,-0.6693618214721937,6.62918672767032,6.629186728873542,1.2032215224166976e-09,7.25943903106985,7.259679378651,0.000240347581149436,1727.0,1728.0,1.0,46.83265392799431,46.792059824334494,-0.04059410365981364,0.3954068130782985,5976.8434954683335,5976.758140008302,-0.08535546003167838,7.975274991242103,7.975273571311832,-1.4199302711404016e-06,7.77810437291447,7.778216504328316,0.00011213141384569525,2953.0,2953.0,0.0,73.52701625590585,73.51883008259591,-0.008186173309937317
2.0018299114492244,47,0,0.21515669266856802,3296.254438524968,3296.7761185144027,0.5216799894346877,7.283973512280518,7.283973512280514,-4.440892098500626e-15,7.243855352929704,7.243728239564832,-0.00012711336487214453,1715.0,1717.0,2.0,51.30493170807311,51.37239703550731,0.0674653274341992,0.42743023798951874,6132.843840098166,6133.933621748796,1.089781650630357,8.933904620185332,8.933904620185332,0.0,7.779374912917199,7.779293083594179,-8.182932302069901e-05,2963.0,2963.0,0.0,76.54743703895669,76.59368455682548,0.04624751786879244
2.0018299114492244,47,1,0.23994082321674487,3406.055921165628,3404.6066242012557,-1.4492969643724791,7.465812948283168,7.366230350555576,-0.0995825977275917,7.249687691808709,7.249982411011908,0.0002947192031994561,1733.0,1733.0,0.0,53.58857870199544,53.525515022081976,-0.06306367991346207,0.44021150655808444,6263.987870299328,6263.370466559223,-0.6174037401051464,8.705502990306863,8.705502990306863,0.0,7.7902426626472465,7.790252512196253,9.849549006624159e-06,2980.0,2981.0,1.0,77.68665822508049,77.66326069974942,-0.023397525331077418
2.0018299114492244,47,2,0.6913313940781067,3358.2001028554578,3359.000997523854,0.8008946683962677,7.133569721841075,7.82497872192522,0.6914090000841444,7.253849616576389,7.2537904991561355,-5.9117420253329556e-05,1722.0,1722.0,0.0,51.90267294066291,51.981669844931304,0.07899690426839356,0.559320565475359,6405.7935549964095,6406.227620103632,0.4340651072225228,8.602153862552044,8.032476214333665,-0.569677648218379,7.812082617184884,7.811925511977472,-0.0001571052074114121,3039.0,3038.0,-1.0,78.32940259306856,78.32381859468536,-0.0055839983832015605
2.0018299114492244,47,3,0.2111719886219168,3311.9504466959856,3311.699390393244,-0.25105630274174473,7.330677186588351,7.330677186588349,-1.7763568394002505e-15,7.254075430001876,7.254326578379841,0.0002511483779645829,1727.0,1727.0,0.0,50.785710762539125,50.765704763808,-0.020005998731122077,0.3458494767907381,6274.952602301978,6274.169546801743,-0.7830555002346955,8.469100500818639,8.469100500818639,0.0,7.789588247761184,7.789407532202846,-0.00018071555833820696,2985.0,2983.0,-2.0,77.59595561892432,77.59952635783888,0.003570738914561389
2.0018299114492244,47,4,0.2767989637692827,3342.7955376169666,3341.8781714916786,-0.9173661252880265,6.914436684140146,6.914436684140146,0.0,7.2579572813448685,7.257806402211555,-0.000150879133313353,1742.0,1740.0,-2.0,51.464384944047104,51.50232734733021,0.03794240328310394,0.3778704752821195,6203.065656103777,6202.238234672124,-0.8274214316525104,8.992749277206801,8.992749277206801,0.0,7.77766487416603,7.777599357653948,-6.551651208219766e-05,2939.0,2937.0,-2.0,77.17393357335122,77.17807495990252,0.004141386551296478
2.0018299114492244,47,5,0.32080259778849823,3349.375828528452,3348.232905658412,-1.1429228700399108,7.382487965552026,7.382487965552213,1.865174681370263e-13,7.250997766422945,7.250749604062849,-0.0002481623600951721,1712.0,1713.0,1.0,51.56700033064338,51.56495196938252,-0.0020483612608614976,0.17302452655791384,6175.187007744289,6174.420408211981,-0.7665995323077368,7.776867123983726,7.776867037637677,-8.634604853341443e-08,7.764602689580485,7.764382339059191,-0.0002203505212943213,2910.0,2908.0,-2.0,77.30815065196977,77.31716292624148,0.009012274271711362
2.0018299114492244,47,6,0.28876445122065636,3254.3485454344946,3253.9222852062667,-0.4262602282278749,6.918179540748625,6.918179540748626,8.881784197001252e-16,7.229260590503236,7.229233922227289,-2.666827594666188e-05,1687.0,1686.0,-1.0,50.84333471689491,50.86376383503031,0.020429118135403712,0.18663984527457947,6337.4680049826875,6336.485343974977,-0.9826610077107034,8.933402921222275,8.933402921222275,0.0,7.797478679254707,7.797321744776854,-0.00015693447785292136,3006.0,3004.0,-2.0,78.73542797535423,78.71691247353206,-0.018515501822164993
2.0018299114492244,47,7,0.21474027565461784,3314.318597734584,3313.7812172484028,-0.537380486181064,7.284583126640728,7.2844870172894876,-9.610935124015896e-05,7.238158031198411,7.23808718747602,-7.084372239152259e-05,1703.0,1703.0,0.0,52.19612853066044,52.16306451683149,-0.03306401382894819,0.21748737245395322,6216.495402677439,6216.148628140147,-0.3467745372927311,7.872779440654836,7.872779440654836,0.0,7.77436192026002,7.774332151644751,-2.9768615268821463e-05,2954.0,2952.0,-2.0,77.98652348561814,77.9772229286076,-0.009300557010533339
2.0018299114492244,47,8,0.3388187390452336,3375.468758238897,3375.2790931400596,-0.1896650988373949,6.662510037522729,6.662510037522729,0.0,7.2489522963459105,7.2485159383242745,-0.00043635802163599635,1716.0,1713.0,-3.0,51.80390725734381,51.821400495491076,0.01749323814726722,0.27483711835716285,6164.793750829252,6163.971854414602,-0.8218964146499275,9.038221740040072,9.038221740257217,2.1714541276196542e-10,7.784809354412075,7.784814411702458,5.057290382914914e-06,2955.0,2954.0,-1.0,76.56919742372425,76.5552019455529,-0.013995478171352715
2.0018299114492244,47,9,0.5763986151767193,3439.3682273123236,3439.468303790826,0.10007647850261492,6.692288763535009,6.6922659920167025,-2.277151830654134e-05,7.2581735241785665,7.258181722387187,8.198208620413538e-06,1745.0,1746.0,1.0,53.49847422735979,53.527220717818096,0.028746490458303242,0.31036507915203065,6107.991616968128,6107.9635110822555,-0.028105885872719227,7.837062385801118,7.839333936906813,0.002271551105695657,7.773097841838348,7.773273965207617,0.00017612336926831063,2921.0,2920.0,-1.0,75.53584790137961,75.49899077153732,-0.03685712984228928
2.0018299114492244,47,10,0.26543857731481024,3381.772475136413,3380.527454062275,-1.2450210741380943,7.497762927654708,7.497762927654708,0.0,7.241752361750571,7.241839121864381,8.676011381059112e-05,1709.0,1708.0,-1.0,53.017104666181446,52.97675095320397,-0.040353712977477585,0.541778548270595,6217.997782221142,6216.48728501515,-1.5104972059925785,9.026807975680462,9.026807975680462,0.0,7.776278532700383,7.7761502717792705,-0.00012826092111239973,2938.0,2939.0,1.0,77.73057820402926,77.71925999863518,-0.01131820539407613
2.0018299114492244,47,11,0.3695411259493727,3360.1313683245758,3359.8438915293054,-0.2874767952703223,7.444983429809915,7.444983429809915,0.0,7.247063682268825,7.246740915033892,-0.0003227672349330746,1733.0,1731.0,-2.0,53.174829731579884,53.19293418895263,0.018104457372743354,0.30213457411532746,6268.828960915499,6268.406355593313,-0.42260532218642766,7.776019975887254,7.776019975887254,0.0,7.799757737006289,7.799632311513495,-0.00012542549279448423,3006.0,3005.0,-1.0,76.35661650945221,76.36615162644608,0.009535116993873771
2.0018299114492244,47,12,0.2583552606075355,3313.7845454002104,3313.895087107,0.11054170678971786,7.45345738181793,7.45345738181793,0.0,7.237018041969602,7.2366842546873125,-0.0003337872822894994,1696.0,1696.0,0.0,51.81789371491499,51.84487846149861,0.026984746583622155,0.8291208002590182,6180.760352831498,6180.962571113564,0.2022182820664966,8.199819497211344,8.199819497211344,0.0,7.779065998459476,7.7793159320487835,0.00024993358930736065,2960.0,2961.0,1.0,77.4961056057099,77.46889012133468,-0.027215484375219035
2.0018299114492244,47,13,0.36413155755812276,3248.317182898848,3248.902098366087,0.5849154672391705,7.12063072531287,7.095487502134016,-0.02514322317885398,7.243236359478866,7.243275694746611,3.9335267745244096e-05,1711.0,1708.0,-3.0,50.32948025395932,50.30564510767289,-0.02383514628643013,0.17720720556556363,6127.79479772415,6128.911343788201,1.1165460640504534,7.57837608799333,7.599563231546594,0.021187143553263788,7.777327186527357,7.777331875999073,4.689471715835225e-06,2937.0,2937.0,0.0,75.43430009794001,75.46335501749832,0.029054919558305414
2.0018299114492244,47,14,0.2834327370089196,3313.730484561392,3313.613540182837,-0.11694437855521755,6.781891550395633,6.7820407836515715,0.000149233255938519,7.250108174526362,7.250205720525973,9.754599961109278e-05,1716.0,1716.0,0.0,51.01974222681457,51.01493323571288,-0.0048089911016901965,0.24353703963854276,6335.769282273837,6335.687235425304,-0.08204684853353683,8.891571397969825,8.891571397969825,0.0,7.794991560552542,7.7951873493990185,0.0001957888464767521,2969.0,2969.0,0.0,78.05581734104996,78.03943318960332,-0.01638415144664407
2.0018299114492244,47,15,0.7362286578453933,3421.3806979102324,3420.4590381787775,-0.921659731454838,6.652625334294427,6.652625334294427,0.0,7.264553242736822,7.26414410169019,-0.00040914104663158923,1745.0,1746.0,1.0,52.548689105212596,52.5588280918961,0.010138986683507767,0.20713193305612287,6125.324535838218,6125.141212597873,-0.1833232403450893,9.246310413352937,9.409693077541114,0.16338266418817682,7.77882879944536,7.778800276501091,-2.852294426958224e-05,2927.0,2927.0,0.0,75.61370475639397,75.64335111941512,0.02964636302114343
2.092426951861423,48,0,0.2547785783957554,3537.5853090274254,3536.539865718349,-1.0454433090762905,7.073367139541511,7.073367139541511,0.0,7.246169233112825,7.246165986699384,-3.246413441182483e-06,1710.0,1712.0,2.0,56.03622374171491,56.01772654436907,-0.01849719734584454,0.3422430508709279,6596.433654660877,6595.7507305723575,-0.6829240885199397,7.987189793827531,7.987189793827493,-3.730349362740526e-14,7.800453449359863,7.8005879321313145,0.00013448277145133858,3004.0,3006.0,2.0,82.65358834474343,82.62540802950642,-0.028180315237008813
2.092426951861423,48,1,0.16352802648275094,3541.227763859973,3541.0115044439335,-0.21625941603952015,6.883967630180334,6.883967626747912,-3.432421458171575e-09,7.267175254097696,7.267212219478591,3.6965380894926625e-05,1748.0,1749.0,1.0,55.71526989552765,55.71332403312161,-0.0019458624060391116,0.1607874449811264,6517.657489959656,6516.931390787067,-0.7260991725888744,9.516167026922204,9.516167026922204,0.0,7.788947793886707,7.789051898251511,0.00010410436480423613,2990.0,2988.0,-2.0,82.8819008792169,82.86400461268309,-0.01789626653381049
2.092426951861423,48,2,0.20660706475912605,3463.8255161156153,3463.594973618685,-0.2305424969304113,7.618619172926987,7.618619172926983,-4.440892098500626e-15,7.240833522152707,7.240962673130157,0.000129150977449477,1717.0,1719.0,2.0,55.04593754011251,55.01783823385734,-0.02809930625517154,0.21447447268833222,6446.8797650861425,6447.342908684585,0.46314359844291175,8.607658234989284,8.607658234989284,0.0,7.777177621686627,7.776944775153852,-0.00023284653277499956,2947.0,2947.0,0.0,82.81471014917744,82.83714075155237,0.022430602374925
2.092426951861423,48,3,0.4623493801499296,3504.464621602816,3502.4128241269327,-2.051797475883177,7.372739060636532,7.372739060636814,2.815525590449397e-13,7.258980796636761,7.258930327912018,-5.046872474334663e-05,1739.0,1739.0,0.0,54.970122553740524,54.9197051413432,-0.05041741239732289,0.3871079209202585,6670.941908904921,6669.732334588973,-1.2095743159479753,8.969267290754805,8.969267290754805,0.0,7.78925979104255,7.789263390429059,3.5993865088457255e-06,2997.0,2997.0,0.0,85.42688660019728,85.41205953814882,-0.014827062048453854
2.092426951861423,48,4,0.33865854996823375,3486.5457665167114,3486.552079186741,0.006312670029728906,7.44438586614033,7.44438586614033,0.0,7.216820697775548,7.216926220103197,0.00010552232764915459,1666.0,1667.0,1.0,57.412609942190656,57.37816932912735,-0.03444061306330326,0.30554129702909205,6587.802581806153,6587.789993244938,-0.012588561215125083,8.94027249282877,8.940272492827523,-1.2470025012589758e-12,7.782875347307474,7.782762444367653,-0.00011290293982124666,2957.0,2959.0,2.0,83.9309626521995,83.93891488471137,0.007952232511868829
2.092426951861423,48,5,0.37905363138178816,3516.5350277480597,3515.5021220808785,-1.0329056671812396,7.143687520241492,7.125065028104163,-0.018622492137328805,7.255680075003052,7.256061464194313,0.00038138919126140536,1729.0,1729.0,0.0,55.43840354301429,55.39019338081245,-0.04821016220184049,0.20871825793841664,6451.855595314408,6450.201619487006,-1.6539758274020642,7.780935081154512,7.780935081154512,0.0,7.773793227768582,7.773838134270708,4.49065021257411e-05,2924.0,2925.0,1.0,82.27875053747317,82.24877757587676,-0.02997296159641394
2.092426951861423,48,6,0.31103737783803254,3373.1393760698656,3373.1726791417905,0.03330307192481996,7.09651912521594,7.09651912521594,0.0,7.234916021135993,7.235282202379675,0.00036618124368192895,1701.0,1701.0,0.0,53.28278913363966,53.25884304247072,-0.023946091168937755,0.2023487296781078,6738.1616417159385,6737.803960526691,-0.35768118924715964,8.66817491305302,8.66817491305302,0.0,7.7937436446350254,7.793634124390974,-0.00010952024405153082,2967.0,2964.0,-3.0,85.5418375903561,85.52373894817813,-0.018098642177960755
2.092426951861423,48,7,0.4274316472103543,3517.7375203866795,3518.230041085517,0.49252069883732474,7.507496193703285,7.507496193703285,0.0,7.256553548720672,7.256253299030483,-0.00030024969018871417,1757.0,1757.0,0.0,56.41844790282271,56.4514890621018,0.033041159279086685,0.35787442684694415,6509.16379900832,6509.769273848449,0.6054748401293182,9.255550061241728,9.255550061241728,0.0,7.800457357215022,7.800303880513951,-0.00015347670107068723,2996.0,2994.0,-2.0,81.52661680548086,81.54686192579287,0.020245120312011977
2.092426951861423,48,8,0.28654609273417136,3499.9257702262125,3499.8196894772636,-0.10608074894889796,7.444736653158436,7.444736653158436,0.0,7.232298914696187,7.232271336247727,-2.7578448460019445e-05,1693.0,1691.0,-2.0,56.30677495565101,56.30437863228572,-0.002396323365289277,0.396797734868785,6735.035691756948,6734.537933768706,-0.4977579882415739,8.386254289023604,8.38609263013988,-0.000161658883724769,7.8111216881288055,7.811187432270769,6.57441419633642e-05,3046.0,3046.0,0.0,84.80480247721883,84.77263516734259,-0.032167309876243166
2.092426951861423,48,9,0.265913904181696,3485.483929489233,3485.6425014627366,0.1585719735035127,7.526676100398548,7.515793223757589,-0.010882876640959438,7.271682311293674,7.2716688886756495,-1.342261802417255e-05,1747.0,1748.0,1.0,53.630764800300234,53.65894170213761,0.028176901837376533,0.1841582598505626,6514.920071002049,6515.085088240683,0.1650172386343911,8.198957957118997,8.198957957118997,0.0,7.7937503594731155,7.794011014378519,0.00026065490540361225,2956.0,2959.0,3.0,80.71049751352251,80.69207755829416,-0.018419955228353047
2.092426951861423,48,10,0.3103915692180944,3559.9805928469564,3559.6733694327577,-0.30722341419868826,7.440864935497478,7.440864935493967,-3.510969293074595e-12,7.259733298290916,7.259562729585667,-0.0001705687052488969,1747.0,1747.0,0.0,57.05740388242215,57.091441851848685,0.03403796942653514,0.34045878931538837,6506.257153236327,6505.767814266058,-0.489338970269273,7.924312388394061,7.924312389059818,6.657563389467214e-10,7.777931539279043,7.7778456054732095,-8.59338058338821e-05,2952.0,2953.0,1.0,83.06248360215478,83.0572689010856,-0.005214701069178318
2.092426951861423,48,11,0.394385824953596,3550.8321864052987,3550.594638725215,-0.23754768008348037,7.238377868475309,7.238377868475308,-8.881784197001252e-16,7.269127775010932,7.269570104942201,0.00044232993126858133,1755.0,1758.0,3.0,55.53729925241368,55.51363599181868,-0.02366326059500068,0.36693252443017177,6504.332755995382,6504.545821995636,0.21306600025400257,8.57005307692542,8.57005307692542,0.0,7.77906038401788,7.778798601817759,-0.0002617822001207415,2954.0,2953.0,-1.0,82.82817069850108,82.85740245085718,0.029231752356096763
2.092426951861423,48,12,0.2437119706603104,3436.944009869741,3436.0121194548456,-0.9318904148954061,7.0535725415098876,7.057009029122826,0.003436487612938244,7.2282600872577545,7.228224438363166,-3.564889458829157e-05,1711.0,1709.0,-2.0,56.17255044620706,56.12175005059273,-0.05080039561433125,0.22244949718627005,6483.222135001593,6483.190915272231,-0.031219729362419457,8.153338352113304,8.1552529191003,0.0019145669869971016,7.794017746228501,7.793997961619388,-1.978460911367108e-05,2997.0,2998.0,1.0,81.37010591964322,81.39118249240468,0.02107657276145858
2.092426951861423,48,13,0.2569648407138899,3497.7503311402074,3497.1313592970896,-0.6189718431178335,7.779067584793858,7.779068943911114,1.3591172560722953e-06,7.249567264201991,7.248927636756277,-0.0006396274457136641,1719.0,1719.0,0.0,55.720346159236264,55.79403506409926,0.07368890486299762,0.28652794412666904,6561.103084076954,6559.783798308559,-1.3192857683943657,8.360980714391477,8.360980714391477,0.0,7.780344085523448,7.780252560580564,-9.152494288411361e-05,2955.0,2955.0,0.0,83.55709048762944,83.5513126468953,-0.005777840734140227
2.092426951861423,48,14,0.19634804157575647,3488.56228568935,3488.9598735131926,0.3975878238425139,8.013869728423735,8.013869766811885,3.838814954804093e-08,7.2676309055971835,7.267638440180268,7.5345830845563455e-06,1732.0,1732.0,0.0,53.695112743238504,53.69806647961383,0.0029537363753249224,0.21156789402651321,6600.2948217699095,6600.284258863949,-0.010562905960796343,8.444213704388044,8.444213704388044,0.0,7.792018086777443,7.792023147792024,5.061014581642098e-06,2966.0,2964.0,-2.0,83.06514465477395,83.05168327319451,-0.013461381579432441
2.092426951861423,48,15,0.2630682823229472,3458.7089221392603,3457.869125737177,-0.839796402083266,7.296938324758786,7.296938324758786,0.0,7.258754729872613,7.258772785685399,1.805581278624402e-05,1750.0,1751.0,1.0,54.10753850940753,54.08402593102878,-0.023512578378749538,0.5112248425175625,6588.6348386113295,6587.0334699833,-1.6013686280293769,9.149777618045468,9.149777618045468,0.0,7.776590397228034,7.77646756399197,-0.00012283323606432361,2901.0,2901.0,0.0,84.0799766265313,84.0500331017308,-0.02994352480050111
2.1871241526741168,49,0,0.23368904551930958,3641.883285241711,3641.0297864763043,-0.8534987654065844,6.801247661804148,6.801247661804148,0.0,7.262370969205794,7.26249091640371,0.0001199471979163036,1724.0,1724.0,0.0,57.59102768452202,57.53970148870532,-0.05132619581669928,0.3288146179941619,6737.823846064301,6736.702458806052,-1.1213872582484328,8.257394648565286,8.257394648565285,-1.7763568394002505e-15,7.771735687823346,7.771580957966531,-0.00015472985681519447,2920.0,2919.0,-1.0,87.6813374990764,87.65806221006541,-0.023275289010996403
2.1871241526741168,49,1,0.4421012210848705,3706.4380262140535,3705.7662675523857,-0.6717586616678091,7.5403129248035725,7.541429934781285,0.0011170099777126907,7.2469942313919615,7.247251545095951,0.00025731370398940356,1727.0,1727.0,0.0,60.79277147539097,60.75331285845047,-0.039458616940500235,0.4064966919441684,6722.816364563633,6721.920648819398,-0.895715744235531,9.046489097255456,9.046489097255456,0.0,7.775249387440408,7.775071307922515,-0.00017807951789361454,2925.0,2926.0,1.0,87.55000468050127,87.54892746216233,-0.0010772183389491374
2.1871241526741168,49,2,0.3894524402836099,3627.7332922869064,3627.2234580307586,-0.5098342561477693,7.491868084995285,7.491868085006471,1.1186607196123077e-11,7.237090834703554,7.236980717283437,-0.00011011742011657333,1708.0,1708.0,0.0,59.04734069706422,59.05435725875434,0.007016561690114997,0.44600944013253274,6922.9964304708365,6922.476412454309,-0.5200180165275015,9.346535683081953,9.346535688176349,5.094396016147584e-09,7.792342090417549,7.792312791752292,-2.929866525658298e-05,2983.0,2984.0,1.0,89.31017187436365,89.3261414859636,0.01596961159995658
2.1871241526741168,49,3,0.26450218852361684,3672.3144540067233,3672.3889936019445,0.07453959522126752,7.971336762982593,7.971336762982593,0.0,7.24172818890891,7.241458351558304,-0.0002698373506060392,1700.0,1700.0,0.0,60.37880922918185,60.377643100369184,-0.001166128812663203,0.17105143765168018,6783.224580511706,6782.540032110017,-0.6845484016894261,9.013602160842943,9.077652339379158,0.06405017853621509,7.777419309750794,7.777313477519767,-0.00010583223102678119,2933.0,2935.0,2.0,88.4904830910895,88.48784408420467,-0.0026390068848343162
2.1871241526741168,49,4,0.23459314866986358,3636.453720477709,3636.518924745749,0.06520426803990631,7.874373386992224,7.874373386992224,0.0,7.25927155891783,7.259471637446926,0.0002000785290956486,1737.0,1737.0,0.0,57.90891988541141,57.87927395774128,-0.029645927670124195,0.3521377488753755,7026.987408579222,7026.710155551188,-0.2772530280335559,9.85183909517949,9.851839095179226,-2.6290081223123707e-13,7.796073770628139,7.795982392751021,-9.137787711832601e-05,2994.0,2996.0,2.0,91.53880135316815,91.53005411164936,-0.00874724151879036
2.1871241526741168,49,5,0.444357450477869,3636.088337139204,3636.87165410845,0.7833169692457886,7.42896550031533,7.42896550031533,0.0,7.2445789267950325,7.245213621819854,0.0006346950248214966,1706.0,1707.0,1.0,59.07896782452787,59.05222697734867,-0.026740847179205218,0.44308622304241685,6853.376447225904,6853.140865825611,-0.2355814002921761,8.816091214067926,8.858506722685563,0.04241550861763699,7.777003326685698,7.776953489310776,-4.983737492203488e-05,2934.0,2934.0,0.0,89.42547471507503,89.44109974618415,0.015625031109124166
2.1871241526741168,49,6,0.24849379930444848,3645.510780063245,3644.9702929835294,-0.5404870797156036,7.893922917986596,7.8939076537815955,-1.526420500042036e-05,7.249866453991346,7.24975978962289,-0.0001066643684559665,1729.0,1729.0,0.0,59.16679940338687,59.16142584779724,-0.005373555589628154,0.42925580869081265,6844.820201959939,6845.519554570039,0.699352610099595,9.058787485056996,9.058787485056996,0.0,7.786442228644545,7.786477299877377,3.5071232831640486e-05,2974.0,2976.0,2.0,88.86429571564081,88.87049831880657,0.006202603165760934
2.1871241526741168,49,7,0.23080442614660024,3677.140693778186,3676.8513742667756,-0.2893195114102127,8.06799320884226,8.067991448495947,-1.760346313162131e-06,7.248178765032068,7.248217595787412,3.883075534361069e-05,1711.0,1712.0,1.0,59.0554312222993,59.07231216007236,0.016880937773059657,0.31150925774840643,6804.461292940419,6803.7393200689985,-0.7219728714208031,8.904562842319077,8.90456284181586,-5.032170236063394e-10,7.783639847899268,7.783528984011502,-0.00011086388776604394,2971.0,2971.0,0.0,87.63513100111129,87.63182402886234,-0.0033069722489500464
2.1871241526741168,49,8,0.3347400446119746,3738.417975404481,3738.098554691244,-0.3194207132369229,7.89759821842504,7.897598218255613,-1.694271389851565e-10,7.261830019902338,7.262356858733259,0.0005268388309209726,1750.0,1749.0,-1.0,60.334301059271056,60.25704330473605,-0.07725775453500461,0.2297763008016705,6788.725525636208,6787.4679065158925,-1.257619120315212,9.428745744023784,9.428745744023784,0.0,7.791059698523023,7.79123322311788,0.0001735245948566444,2957.0,2956.0,-1.0,87.25439253587724,87.20502743923004,-0.04936509664720745
2.1871241526741168,49,9,0.32899043397411176,3674.112055135431,3673.3697496992527,-0.7423054361784125,8.421050042103484,8.707554838952857,0.286504796849373,7.247212349604031,7.24733384340752,0.00012149380348880356,1728.0,1728.0,0.0,60.48801938314006,60.462945222083505,-0.025074161056558353,0.20923450349952943,6883.657349039491,6883.48273826836,-0.1746107711314835,9.170861485803496,9.190830787712411,0.019969301908915327,7.768985313352985,7.769122529169746,0.00013721581676051642,2916.0,2916.0,0.0,91.14810620628884,91.12678435010953,-0.021321856179312704
2.1871241526741168,49,10,0.38871071209017916,3641.857761798395,3641.355200580778,-0.5025612176173126,8.213146642882032,8.213146642880243,-1.7887913372760522e-12,7.269249309027936,7.269950415895976,0.0007011068680400356,1773.0,1774.0,1.0,58.5592908131412,58.49391928939358,-0.065371523747622,0.39267486155978965,6806.283764505088,6806.154333166217,-0.1294313388707451,9.397271135853096,9.397271135262566,-5.905302913333799e-10,7.787313133157065,7.787150001964399,-0.00016313119266619935,2952.0,2951.0,-1.0,87.32155235696493,87.30683076507937,-0.01472159188556077
2.1871241526741168,49,11,0.3688243912519678,3695.1502695028666,3693.485451601866,-1.664817901000788,8.225904236593435,8.225904236593435,0.0,7.230026079233756,7.229922312416028,-0.000103766817727724,1699.0,1699.0,0.0,61.66988344521005,61.62827126584468,-0.041612179365365876,0.5227753745277883,6964.289703520221,6962.491394084871,-1.7983094353503475,8.655375058243703,8.675689067498833,0.020314009255130827,7.7922602858117465,7.792129969452995,-0.0001303163587511591,2995.0,2995.0,0.0,89.88532178898762,89.86238386354475,-0.022937925442874985
2.1871241526741168,49,12,0.30425197579715707,3627.555714073703,3626.9774915343305,-0.5782225393722911,7.426657513584604,7.426657513584604,0.0,7.252893301320724,7.252880021678743,-1.327964198161169e-05,1731.0,1731.0,0.0,59.05092566959241,59.057277188068504,0.006351518476094498,0.28770002833803887,6770.151713275793,6769.910120630291,-0.24159264550144144,8.592008754428475,8.592008792244949,3.781647350820094e-08,7.777280750086861,7.777064477479406,-0.00021627260745482602,2924.0,2922.0,-2.0,87.74220057989638,87.7955666577888,0.053366077892420094
2.1871241526741168,49,13,0.23222427553271313,3622.375023832042,3621.1864853999023,-1.1885384321399215,8.227380467116781,8.227380523561731,5.644495004730743e-08,7.229602601079476,7.229306805560766,-0.00029579551870995147,1693.0,1694.0,1.0,59.86352664613071,59.85181063082068,-0.011716015310028638,0.4340972840105429,6740.622012278693,6739.34367018251,-1.278342096182314,8.830189233726546,8.849044023119365,0.018854789392818816,7.783986662856286,7.783909213765436,-7.744909084994589e-05,2965.0,2965.0,0.0,86.82921723542044,86.81601077949728,-0.013206455923167937
2.1871241526741168,49,14,0.31731332459922607,3644.8477645918947,3644.8932692229455,0.04550463105078961,8.120451138540187,8.120451138540187,0.0,7.249065258400781,7.248579778434565,-0.0004854799662155074,1722.0,1722.0,0.0,59.1468161637788,59.22536406013074,0.07854789635193526,0.43802486342969116,6750.520458243347,6750.020304776543,-0.5001534668044769,8.834529706641197,8.834529706641197,0.0,7.765375476059692,7.765257612711337,-0.00011786334835495182,2920.0,2918.0,-2.0,88.70065800325132,88.70287978223921,0.002221778987888001
2.1871241526741168,49,15,0.21776663829673631,3541.109887223622,3539.887217759526,-1.2226694640962705,8.535216862950525,8.535216862950525,0.0,7.223924607422845,7.224029200264462,0.00010459284161701277,1706.0,1707.0,1.0,59.27699989980206,59.23389893123076,-0.043100968571295084,0.3895333890858985,6991.906486712956,6990.837450784751,-1.0690359282052668,9.669854331403812,9.669854120641553,-2.1076225920069191e-07,7.811829214070178,7.811975172300793,0.0001459582306146956,3043.0,3046.0,3.0,89.57658181555298,89.5380986633407,-0.03848315221227949
2.2861070753055728,50,0,0.3590349967753371,3804.697335532443,3802.7033968003716,-1.9939387320714559,8.141579624455753,8.141579623865223,-5.905302913333799e-10,7.233864136123367,7.233524286052987,-0.00033985007038062065,1705.0,1705.0,0.0,64.66481893706148,64.68692949356347,0.022110556501985457,0.32659965770935695,7135.737936726997,7134.684422203998,-1.0535145229987393,10.410395104332322,10.410395104332322,0.0,7.776295943366236,7.77636672473473,7.078136849436589e-05,2923.0,2924.0,1.0,94.39875656143798,94.36532796545956,-0.03342859597842107
2.2861070753055728,50,1,0.26314778342265466,3884.6512729602046,3883.466848631093,-1.1844243291116072,8.590818796247158,8.590821975015265,3.1787681074035845e-06,7.259594672519841,7.259559644804589,-3.502771525187853e-05,1735.0,1736.0,1.0,64.09252143851333,64.08218706377836,-0.0103343747349669,0.9900823533414831,7253.477721289753,7253.08866728779,-0.3890540019638138,9.462429938764942,9.466985468416796,0.004555529651854684,7.805967008607629,7.806001874230594,3.486562296473039e-05,3011.0,3011.0,0.0,94.66095048818288,94.66847355053928,0.0075230623563982135
2.2861070753055728,50,2,0.2537568853635229,3863.076106575377,3862.676337758261,-0.39976881711572787,7.670406628312156,7.670406628312156,0.0,7.244155894470361,7.244176113159536,2.0218689175344196e-05,1726.0,1726.0,0.0,64.31085228596099,64.28955990085933,-0.02129238510165976,0.9511966906994294,7019.631424697076,7019.832111101452,0.2006864043760288,9.340936903275262,9.340936903275262,0.0,7.769691444784208,7.769792402072664,0.0001009572884562715,2906.0,2904.0,-2.0,93.8239844339879,93.82822941769041,0.004244983702506033
2.2861070753055728,50,3,0.3574919539216458,3699.124455730662,3699.0490331107503,-0.07542261991147825,8.056375505599231,8.056375515292101,9.692870506228246e-09,7.236005311998688,7.235930285379649,-7.502661903835417e-05,1686.0,1685.0,-1.0,61.343460590399836,61.358123957255266,0.014663366855430127,0.45858359040028307,7279.9636848791115,7280.777410987267,0.8137261081556062,9.030429035164534,9.030429035390645,2.2611068573041848e-10,7.800002885595423,7.799916607693036,-8.627790238691091e-05,3004.0,3003.0,-1.0,96.19003450845173,96.23320182619248,0.04316731774075322
2.2861070753055728,50,4,0.2158668274350345,3734.902972529663,3735.7260927608804,0.8231202312172172,7.815603579231979,7.815603579231979,0.0,7.2464079508330785,7.2466507575960755,0.00024280676299692772,1709.0,1712.0,3.0,61.458514789566934,61.465832180961954,0.007317391395019968,0.23705066154944904,7107.904069927328,7108.5739177217365,0.6698477944082697,8.54071968991748,8.54071968991748,0.0,7.772626521481487,7.772488905198052,-0.00013761628343544885,2944.0,2944.0,0.0,94.45742140868042,94.50664097022478,0.04921956154436202
2.2861070753055728,50,5,0.41428844949040483,3806.750174415105,3804.741707895412,-2.0084665196927745,7.911157288008209,7.911157288008209,0.0,7.246424168323463,7.2460571539922976,-0.00036701433116537174,1726.0,1727.0,1.0,63.79440535037644,63.75132955917814,-0.043075791198297964,0.23455249169425196,7310.429574083267,7307.78033484755,-2.6492392357167773,8.671787311367414,8.671787311367414,0.0,7.795250029918848,7.795113179862473,-0.00013685005637498193,2992.0,2992.0,0.0,96.1705431601799,96.11542212019774,-0.05512103998216844
2.2861070753055728,50,6,0.14813003601723657,3745.1247513148173,3745.2343013082864,0.10954999346904515,8.437841575270786,8.437841575270786,0.0,7.23916892282969,7.23921634816373,4.7425334039452594e-05,1694.0,1692.0,-2.0,62.41468929950204,62.416999413554905,0.002310114052868073,0.2866809497634777,7103.389960620728,7103.750125237984,0.36016461725648696,11.21352829552776,11.21352829552776,0.0,7.792795356731895,7.793066882073463,0.00027152534156815733,2990.0,2993.0,3.0,94.12210117774973,94.09241648186422,-0.02968469588550704
2.2861070753055728,50,7,0.24415759487770536,3832.747855894136,3834.3692929070344,1.621437012898241,7.494120324909069,7.494120324909069,0.0,7.238029712618251,7.238086032774385,5.632015613432628e-05,1692.0,1692.0,0.0,63.51226186936082,63.536895287376595,0.024633418015774566,0.20664217503028443,7146.085115418319,7146.794606322073,0.7094909037541584,8.445910899806531,8.4459109028488,3.042268659214642e-09,7.7872527713593405,7.7871267616705495,-0.0001260096887909512,2981.0,2982.0,1.0,95.17129903802461,95.18917634349329,0.017877305468672944
2.2861070753055728,50,8,0.27928196728292354,3837.391688222291,3837.29148829288,-0.10019992941124656,7.880989344471986,7.880989344471986,0.0,7.260794320353779,7.260781529078658,-1.2791275120882517e-05,1724.0,1724.0,0.0,62.02102571987954,62.04038220268955,0.01935648281001079,0.6258695726513254,7186.634513165272,7186.944737603167,0.3102244378942487,11.582473480647804,11.582473480647804,0.0,7.785191595028097,7.785070743507232,-0.00012085152086527273,2961.0,2960.0,-1.0,96.20078600254611,96.20604748329934,0.005261480753233627
2.2861070753055728,50,9,0.3030764191078519,3891.1004576600344,3890.5074024356813,-0.5930552243530656,8.439985366638368,8.43999015175576,4.785117392103189e-06,7.269948782955021,7.269643540556997,-0.00030524239802431907,1742.0,1742.0,0.0,63.029748207380806,63.053882901081934,0.02413469370112864,0.2614284987237544,6963.7831243995715,6963.143932163815,-0.639192235756127,9.800702216229224,9.773650438304893,-0.027051777924331333,7.759821985178933,7.759790717711075,-3.126746785753198e-05,2896.0,2897.0,1.0,93.81177532624416,93.79881474679358,-0.012960579450577825
2.2861070753055728,50,10,0.22653060091853316,3733.702955589355,3733.6107389333006,-0.09221665605446105,7.9419177835752395,7.9419177835752395,0.0,7.239964895993081,7.240209610854902,0.00024471486182076063,1689.0,1690.0,1.0,60.884132115963425,60.865395925482005,-0.018736190481419612,0.3191467082859173,7019.445350381661,7019.401850504476,-0.04349987718524062,8.71747143332211,8.717471433322041,-6.927791673660977e-14,7.7905408691026885,7.790381657173281,-0.00015921192940737683,2966.0,2966.0,0.0,90.84777521690471,90.87658020646003,0.028804989555325733
2.2861070753055728,50,11,0.16755673781327718,3799.625961829506,3799.078664950329,-0.5472968791773383,7.956834189396253,7.956832204611328,-1.984784924857763e-06,7.247669418468692,7.247546624734715,-0.00012279373397650062,1713.0,1713.0,0.0,62.73903166083668,62.7280398743707,-0.010991786465979203,0.25725741060824847,7242.1818723819315,7241.182514296234,-0.9993580856971676,10.5964162741594,10.5964162741594,0.0,7.781324965280525,7.781165782505032,-0.0001591827754934272,2970.0,2970.0,0.0,98.01479825105852,98.0365309691938,0.02173271813528288
2.2861070753055728,50,12,0.21330914158222064,3842.559062067895,3842.7016611631575,0.14259909526253978,8.195658572895129,8.195658572895129,0.0,7.276946893536094,7.277259109189727,0.0003122156536337073,1768.0,1768.0,0.0,62.2163949104761,62.18491734606593,-0.03147756441016725,0.3927524307821538,7210.876329581166,7210.71762760781,-0.15870197335607372,8.503456541414225,8.50345654141423,5.329070518200751e-15,7.799191331338786,7.799308703592717,0.00011737225393115835,2992.0,2992.0,0.0,94.57878464032723,94.54371165298016,-0.0350729873470641
2.2861070753055728,50,13,0.33156024344327223,3860.214047014776,3858.981464833012,-1.2325821817639735,8.830194900395561,8.830194900395561,0.0,7.2393856844497275,7.239410365028464,2.4680578736280268e-05,1711.0,1710.0,-1.0,65.53253725070115,65.49368189055542,-0.038855360145731765,0.5027799957319659,7063.454194285248,7063.054940420116,-0.3992538651327777,8.537277715221238,8.537277715221238,0.0,7.787661962334717,7.787731677607151,6.971527243404552e-05,2996.0,2995.0,-1.0,93.54467478766544,93.5243036398736,-0.020371147791848898
2.2861070753055728,50,14,0.43440757340813047,3921.6156903937094,3922.565182062356,0.949491668646715,7.497457667997811,7.497457667997809,-1.7763568394002505e-15,7.2476534866065,7.247386155824037,-0.0002673307824627713,1703.0,1703.0,0.0,65.31420706230544,65.34520149437313,0.03099443206768626,0.35943181093938326,7242.591439396532,7243.059773484717,0.4683340881847471,9.165407615231148,9.165407615231148,0.0,7.786448737347104,7.786333583357301,-0.00011515398980321834,2964.0,2963.0,-1.0,96.5329905659873,96.5554329712765,0.02244240528919761
2.2861070753055728,50,15,0.24219069852311018,3909.0487841573454,3909.8202789985644,0.7714948412190097,8.643636469457414,8.643636469457414,0.0,7.263342291250608,7.263411858446487,6.956719587858373e-05,1731.0,1731.0,0.0,64.37003683305602,64.40864347784442,0.03860664478840192,0.228112407888659,7394.54118535201,7394.218108828241,-0.3230765237685773,9.493254195466312,9.493254195637203,1.708908570208223e-10,7.7967654443369945,7.796801701074896,3.625673790175199e-05,2997.0,2996.0,-1.0,98.51787707363185,98.49961736849961,-0.018259705132237514
2.38956967914794,51,0,0.778788565090356,4088.22400200642,4087.8629365729357,-0.3610654334843275,7.825734538043913,7.825727679394593,-6.858649320484744e-06,7.259319730779604,7.259177585938205,-0.00014214484139873917,1729.0,1728.0,-1.0,68.53300343116067,68.54410466104177,0.011101229881106178,0.44502872986680214,7448.302822268619,7447.129935864378,-1.1728864042406713,9.475970535585727,9.475970535585727,0.0,7.7862185194722535,7.786214212274153,-4.30719810040614e-06,2971.0,2971.0,0.0,101.31656516222807,101.24481764668673,-0.07174751554134673
2.38956967914794,51,1,0.2865034594247685,3961.7270163812896,3961.12836326436,-0.5986531169296541,8.606494224204468,8.59091029421485,-0.015583929989617218,7.253221473388298,7.253299644815595,7.817142729660276e-05,1710.0,1711.0,1.0,66.13127077344298,66.11051891058203,-0.020751862860947767,0.7787741400739394,7430.252564710935,7429.980438781336,-0.2721259295994969,9.696393985945356,9.470285824134663,-0.22610816181069282,7.78345032258753,7.783512026304395,6.170371686486931e-05,2976.0,2976.0,0.0,101.11396970094388,101.06535548871126,-0.04861421223262141
2.38956967914794,51,2,0.3642158133441162,3891.0154514998203,3890.917072045453,-0.09837945436720474,8.369344827759113,8.369344827759113,0.0,7.24942485146432,7.249433259668081,8.408203760801314e-06,1721.0,1722.0,1.0,65.49349793341014,65.50325440709585,0.009756473685712308,0.24539075113004782,7547.076707547325,7545.86343288404,-1.2132746632851195,9.90196675414515,9.90196675414515,0.0,7.783625679515906,7.783678599463281,5.291994737532946e-05,2961.0,2962.0,1.0,103.00199782713744,102.98124138650047,-0.020756440636972684
2.38956967914794,51,3,0.1807871091307111,4054.5465161848383,4054.159562019908,-0.3869541649301027,8.842411291936834,8.84344886899544,0.001037577058605521,7.258813308319667,7.258986913040308,0.00017360472064176236,1725.0,1725.0,0.0,68.21743194754505,68.19874690026204,-0.018685047283014455,0.2097192466218772,7516.8259695627,7515.998467757952,-0.8275018047479534,9.801591228149574,9.801591228149574,0.0,7.781794757402835,7.781859310259726,6.45528568909981e-05,2972.0,2973.0,1.0,103.42966019748202,103.39942927394104,-0.030230923540983667
2.38956967914794,51,4,0.7787947234899675,3931.1667250128726,3929.295756286743,-1.8709687261293766,8.119846488486449,7.957772328340708,-0.16207416014574072,7.253535878532214,7.25388909228807,0.00035321375585528614,1706.0,1705.0,-1.0,65.18638895433915,65.02708719757754,-0.1593017567616073,0.25038935158183023,7607.586815653717,7605.717910673628,-1.86890498008961,11.052034961478473,11.052034961478473,0.0,7.800522507476695,7.800510811941383,-1.169553531266132e-05,3007.0,3005.0,-2.0,103.02053117801125,102.99899468912908,-0.02153648888217674
2.38956967914794,51,5,0.23123783400131992,3927.1079035070884,3926.6426716334367,-0.4652318736516463,9.12611530242082,9.12611530242082,0.0,7.247562782146643,7.2477387983538755,0.00017601620723262101,1743.0,1743.0,0.0,67.62227175282445,67.5887911885763,-0.03348056424815127,0.35835769479880347,7563.122884686242,7562.781351254596,-0.3415334316459848,9.906989230756766,9.906994817442445,5.586685679404013e-06,7.792448666169658,7.792577224795248,0.00012855862558946995,2991.0,2989.0,-2.0,102.70270010835306,102.64959214587486,-0.053107962478193826
2.38956967914794,51,6,0.2250370438735552,4043.0488930280944,4044.3390450046927,1.2901519765982812,9.364329641551976,9.364329641549308,-2.668087972779176e-12,7.266073641567999,7.266084432999657,1.0791431657608541e-05,1746.0,1748.0,2.0,67.86423156095849,67.9137399783049,0.04950841734641642,0.28649949596226837,7566.4801332897505,7567.41640839904,0.9362751092894541,9.649022783771965,9.679340663981755,0.03031788020978965,7.784782323842672,7.784800469811558,1.8145968886607022e-05,2963.0,2963.0,0.0,103.5868836716911,103.59715925241481,0.010275580723714484
2.38956967914794,51,7,0.42583819252415966,3921.3256375707724,3921.386560683185,0.06092311241263815,8.55722252463684,8.965947823252959,0.40872529861611895,7.246316015002996,7.246804495794006,0.0004884807910094935,1731.0,1732.0,1.0,67.07666855252208,67.05205412288247,-0.024614429639612467,0.8583098072849489,7508.177371919978,7508.142936723167,-0.034435196811500646,9.4428093209023,9.442809311191237,-9.711063952977383e-09,7.788437451678065,7.788472086945019,3.463526695401953e-05,2978.0,2978.0,0.0,101.57999624020074,101.58425197575157,0.0042557355508279215
2.38956967914794,51,8,0.1928582956803621,3975.6840295992083,3976.083690026765,0.3996604275566824,8.653566305125189,8.653566305125189,0.0,7.2353928904960725,7.235273587631354,-0.00011930286471883988,1687.0,1685.0,-2.0,68.04138576989675,68.07896128102671,0.03757551112995827,0.22535478980552173,7398.84823450419,7399.014284127167,0.16604962297697057,10.049593025676687,10.049593027885884,2.2091963813863913e-09,7.788642209209824,7.788381571185478,-0.00026063802434617145,2998.0,2998.0,0.0,101.1429022406845,101.19909094568506,0.056188705000550954
2.38956967914794,51,9,0.26084127643223104,3925.5241470886012,3924.535992748747,-0.9881543398541908,8.124669447661814,8.124669447661814,0.0,7.25169886294906,7.251908182972581,0.00020932002352136436,1719.0,1720.0,1.0,65.51058442344802,65.4833847151984,-0.027199708249625587,0.2420513276610232,7600.566262095925,7600.083666847955,-0.4825952479695843,10.060979220462555,10.060979220462555,0.0,7.800496663042162,7.800375346042633,-0.0001213169995297747,3017.0,3017.0,0.0,102.51135792009202,102.50408173254894,-0.007276187543084234
2.38956967914794,51,10,0.15971103648748958,3988.887656481579,3988.989004012901,0.10134753132206242,8.287577092682794,8.287581654135938,4.561453144091843e-06,7.237448648376717,7.23751730328172,6.865490500285176e-05,1699.0,1701.0,2.0,67.56221687618594,67.5667824683093,0.004565592123356055,0.2478292843731555,7422.973889815536,7423.158506316501,0.18461650096560334,9.928319643763501,9.928319643763501,0.0,7.777383170265966,7.777358096511829,-2.5073754136961668e-05,2931.0,2929.0,-2.0,101.30899044473757,101.3042498976767,-0.004740547060876565
2.38956967914794,51,11,0.30261348787744,3921.4621863428542,3919.9374705970786,-1.5247157457756657,9.502518850656227,9.502518850656227,0.0,7.24593386827258,7.246052639221684,0.0001187709491041744,1729.0,1729.0,0.0,66.15513259324445,66.09200917890615,-0.0631234143382926,0.33969075333087273,7386.12226354694,7384.791766819168,-1.3304967277726973,9.381974307802814,9.38197424905447,-5.874834307917354e-08,7.773191811667614,7.77337082992362,0.00017901825600663557,2930.0,2930.0,0.0,100.50489254724762,100.46662086579173,-0.0382716814558961
2.38956967914794,51,12,0.34346439187237887,3933.8135774321645,3933.138043895564,-0.6755335366005966,8.797031035341503,8.797031035341503,0.0,7.22486750235515,7.22471373175959,-0.0001537705955598767,1693.0,1693.0,0.0,67.9715302265584,67.96140623318294,-0.01012399337545844,0.34674161998271824,7376.924563172955,7376.7475505027705,-0.17701267018401268,10.013042912591393,10.013042912591393,0.0,7.784475740280175,7.784711023505985,0.00023528322580990135,2978.0,2977.0,-1.0,99.90534281388584,99.83889805715978,-0.06644475672605665
2.38956967914794,51,13,0.26312130076096774,4097.386798034146,4096.8515399756625,-0.535258058483123,9.255517129101696,9.255517129101696,0.0,7.2550895327489915,7.254936298307553,-0.00015323444143877651,1718.0,1719.0,1.0,69.84976835823126,69.85063754858393,0.0008691903526738542,0.22965807926914356,7230.957810339403,7229.826244148447,-1.1315661909566188,9.547038946627747,9.547038946627747,0.0,7.775290661659619,7.775266822015687,-2.3839643931822252e-05,2919.0,2921.0,2.0,97.39846174211291,97.39402314818291,-0.004438593930004231
2.38956967914794,51,14,0.38790669493312596,3975.591653139166,3975.033789605515,-0.557863533651016,8.706479723928322,8.706479723928322,0.0,7.234774924045061,7.234659103561761,-0.00011582048330005534,1690.0,1691.0,1.0,68.26243530757351,68.22151090677828,-0.04092440079523385,0.3771756490878847,7397.4239426408385,7396.4650602616975,-0.9588823791409595,10.459617697451714,10.636421845796391,0.17680414834467761,7.787468359724519,7.787427236245758,-4.112347876095157e-05,2967.0,2967.0,0.0,99.69633883221181,99.68268523114051,-0.013653601071297317
2.38956967914794,51,15,0.3653839078369043,3887.2315081082324,3887.1138139121144,-0.11769419611800913,7.948497001037313,7.948497001677027,6.39714059502694e-10,7.241493599275632,7.241271308983559,-0.00022229029207299078,1707.0,1706.0,-1.0,65.13181925349322,65.1423573713172,0.010538117823983839,0.45813031222011785,7499.7773984222395,7499.349978380105,-0.42742004213414475,9.550522291742215,9.550522291743258,1.042721464727947e-12,7.77687684444027,7.776950952967935,7.410852766476239e-05,2959.0,2959.0,0.0,102.52318069651307,102.50121792171127,-0.02196277480179276
2.4977147016352923,52,0,0.17596493040047734,4231.49291049226,4232.358732115732,0.8658216234716747,8.875077693681789,8.875064686384134,-1.3007297654965555e-05,7.260394006259628,7.260347831450879,-4.6174808749022134e-05,1753.0,1753.0,0.0,73.06357954204775,73.08476711337453,0.021187571326777288,0.2833950200667994,8094.109677549255,8094.735052610524,0.6253750612686417,10.214341517377616,10.214341513397144,-3.980471063869118e-09,7.804550646430612,7.804419059177349,-0.00013158725326345433,3030.0,3029.0,-1.0,111.52672370789678,111.54839986035276,0.021676152455981423
2.4977147016352923,52,1,0.31231853754416267,4208.910409556995,4207.792812290632,-1.1175972663622815,8.560256696406771,8.560256696406771,0.0,7.259696950414125,7.2599810929631445,0.00028414254901942826,1748.0,1749.0,1.0,72.09683256225212,72.07951367965913,-0.017318882592988416,0.304712588319576,7921.234688264719,7919.937224108757,-1.2974641559621887,11.353188717889173,11.353188717889173,0.0,7.788275784428932,7.788230446741527,-4.533768740522248e-05,2969.0,2970.0,1.0,110.25465033470324,110.22257810315544,-0.03207223154780081
2.4977147016352923,52,2,0.4962060160017935,4093.8614697317116,4092.3757907790755,-1.4856789526361354,8.021542205306021,8.079369222955734,0.05782701764971243,7.233065967664401,7.232927475555433,-0.00013849210896754727,1698.0,1698.0,0.0,70.85834793696372,70.82268779907912,-0.03566013788460509,0.3652577162988533,7860.617548659581,7859.70164695036,-0.9159017092215436,10.118004588501048,10.118004588501048,0.0,7.7831045136491195,7.782981825460708,-0.000122688188411324,2981.0,2980.0,-1.0,110.18574053913659,110.2076639252746,0.021923386138013257
2.4977147016352923,52,3,0.5862235561681144,4228.95380536225,4227.7363057040575,-1.217499658192537,9.034355479987727,9.03435547998831,5.826450433232822e-13,7.257447925735843,7.257109177135966,-0.00033874859987648165,1746.0,1745.0,-1.0,73.51642093642565,73.52111971978955,0.0046987833639065,0.30203775471664374,7982.824203898535,7981.169167448126,-1.6550364504091704,10.185092039765985,10.185081390291382,-1.0649474603496856e-05,7.784146687966297,7.784132729865592,-1.3958100705480092e-05,2967.0,2965.0,-2.0,111.74529050244448,111.69137116303988,-0.05391933940460092
2.4977147016352923,52,4,0.18494381439654473,4282.419928055634,4282.7277220751985,0.307794019564426,8.397284101188031,8.40182669415179,0.004542592963758807,7.256637527919036,7.256705434134476,6.790621544006115e-05,1744.0,1745.0,1.0,74.28625846535951,74.28128695463818,-0.004971510721333061,0.27508357320201193,7898.313505548656,7898.849563391665,0.536057843008166,9.26740298083577,9.267402980835868,9.769962616701378e-14,7.806098976921488,7.8060878791904305,-1.109773105767431e-05,3003.0,3004.0,1.0,107.00925953479161,107.0221212259192,0.01286169112758273
2.4977147016352923,52,5,0.2722507985820732,4191.002473553395,4189.919443803585,-1.083029749810521,8.49304052700859,8.342307360499126,-0.15073316650946467,7.244842595181282,7.244650882603511,-0.00019171257777106376,1695.0,1694.0,-1.0,71.89797846955989,71.91526862610353,0.017290156543637636,0.41706507365778,7671.553102167025,7669.965933233285,-1.5871689337400312,10.093702532671792,10.093702532671792,0.0,7.785173000994198,7.785347799823544,0.00017479882934612334,2939.0,2939.0,0.0,104.26401789023897,104.17289796816803,-0.09111992207094488
2.4977147016352923,52,6,0.6918504001474526,4112.4518722137145,4112.264424293617,-0.1874479200978385,8.264159696745798,8.264077795798448,-8.190094735027742e-05,7.24915432987455,7.24949131050418,0.000336980629629835,1730.0,1730.0,0.0,71.0251057471782,70.95449048509576,-0.07061526208244118,0.4989582709379304,7810.186866748345,7810.484840220743,0.2979734723976435,10.094472959334691,10.094471874830388,-1.0845043032503554e-06,7.797884557721677,7.7978802724958935,-4.285225783107194e-06,3030.0,3028.0,-2.0,107.2773168000347,107.29469640941434,0.017379609379645444
2.4977147016352923,52,7,0.21203538908008968,4120.588285157364,4120.107707611995,-0.4805775453696697,9.021823983661399,9.021823983661399,0.0,7.233678869304436,7.233573124858054,-0.00010574444638145053,1695.0,1694.0,-1.0,71.84314285511432,71.82300677235148,-0.020136082762846286,0.3610749145352691,8017.086901024381,8017.176708828994,0.089807804612974,9.8213415546336,9.8213415546336,0.0,7.8027034612400765,7.802750730156441,4.7268916364195945e-05,3017.0,3016.0,-1.0,110.26271162373564,110.22870878791484,-0.034002835820800215
2.4977147016352923,52,8,0.3377660452732165,4194.2428938208195,4193.944123837142,-0.2987699836776301,8.155849043275543,8.155849043275543,0.0,7.24319415385466,7.242775577010967,-0.0004185768436926196,1700.0,1699.0,-1.0,72.52781342115199,72.58878588780802,0.060972466656025404,0.30862708318668186,7871.165921249648,7870.3690496920335,-0.796871557614395,11.087688589972302,11.087688589972302,0.0,7.796397799078895,7.796263938847044,-0.00013386023185102403,2990.0,2991.0,1.0,108.52620270344364,108.5288991830589,0.002696479615252656
2.4977147016352923,52,9,0.21658513070153645,4301.365522594222,4300.830062880719,-0.5354597135028598,8.771990394194694,8.771990394194694,0.0,7.251869237459612,7.251754339626121,-0.00011489783349105664,1729.0,1729.0,0.0,75.58924222896955,75.58233906732761,-0.006903161641943711,0.27797757953780544,7829.367854805799,7829.225465520618,-0.14238928518079774,10.084939391746866,10.084939391746866,0.0,7.785075933840446,7.785201220605348,0.00012528676490219937,2961.0,2962.0,1.0,108.30679876251098,108.28211004895383,-0.024688713557154074
2.4977147016352923,52,10,0.3985143413963992,4106.146915319032,4106.328780976979,0.18186565794712806,8.876316680380349,8.876316680380349,0.0,7.246798297775609,7.246464049720968,-0.0003342480546404403,1711.0,1710.0,-1.0,70.35612694140875,70.38759487887661,0.031467937467866136,0.7774882598902754,7850.987087730373,7850.691237074206,-0.29585065616720385,10.352235244565758,10.352235244565758,0.0,7.788980968240674,7.788983434727707,2.4664870332813393e-06,2967.0,2965.0,-2.0,108.61184462630696,108.59597020001837,-0.01587442628859037
2.4977147016352923,52,11,0.32188102393924917,4174.5012769355235,4173.809609084854,-0.6916678506695462,8.842904470483916,8.842904470483916,0.0,7.240681955651976,7.240076344696812,-0.0006056109551639821,1699.0,1699.0,0.0,72.92618177966364,72.96932805583941,0.04314627617577571,0.24897599259602254,7624.421461648999,7623.757448699511,-0.6640129494880966,9.770013544815914,9.770013544815914,0.0,7.779999333173257,7.779950214974925,-4.911819833175457e-05,2927.0,2928.0,1.0,104.39002462279875,104.39573172901373,0.005707106214984492
2.4977147016352923,52,12,0.25410676093974427,4144.365331961964,4143.765929365099,-0.5994025968657297,9.937931449980665,9.937931449980665,0.0,7.255744631360611,7.255622305561353,-0.00012232579925797182,1734.0,1733.0,-1.0,71.25141695563005,71.24181268311688,-0.009604272513172418,0.302189985852998,7551.126960620335,7550.970929973038,-0.1560306472965749,10.504726829078091,10.504726829079273,1.1812772982011666e-12,7.771588155228439,7.771589419478588,1.264250149013435e-06,2923.0,2923.0,0.0,105.42526078461036,105.45594832446632,0.030687539855961177
2.4977147016352923,52,13,0.15940653221724171,4228.644819572339,4228.022321896906,-0.6224976754328964,9.015185731827147,9.015185732394523,5.673754799317976e-10,7.243429808625345,7.243706227206613,0.00027641858126781216,1701.0,1702.0,1.0,73.92950158648355,73.89131756379037,-0.0381840226931871,0.5871748759893701,7903.090665177056,7902.504905187361,-0.5857599896944521,11.246991224177485,11.246991196702778,-2.7474706953967143e-08,7.7876139074929664,7.787569943875102,-4.39636178644065e-05,2951.0,2951.0,0.0,109.68727027550419,109.68267260278954,-0.00459767271465239
2.4977147016352923,52,14,0.2030702726034756,4164.459058880251,4164.094917323368,-0.3641415568836237,9.436638275899654,9.431931071323675,-0.004707204575979063,7.2336799940618,7.233442873980763,-0.00023712008103782267,1705.0,1704.0,-1.0,73.82267789659984,73.84330253962386,0.02062464302402134,0.43671649952254693,7783.435704925892,7782.570798501678,-0.8649064242144959,11.299910749684459,10.99100281426876,-0.3089079354156983,7.799412888859731,7.799492778476045,7.988961631433256e-05,2988.0,2989.0,1.0,106.22592610003227,106.15510720504744,-0.07081889498482496
2.4977147016352923,52,15,0.21977560479967595,4250.974667015441,4250.332933654583,-0.6417333608578701,8.600922706785834,8.60092191581125,-7.909745836087723e-07,7.249580671297811,7.249635989297557,5.531799974622942e-05,1712.0,1713.0,1.0,74.39888969456838,74.37094290638413,-0.027946788184252114,0.3334528620594761,7688.0278823303415,7686.568436428818,-1.4594459015233952,10.08932276466633,10.08932276466633,0.0,7.786804311034443,7.786932400429645,0.00012808939520247975,2969.0,2970.0,1.0,105.15821633515587,105.10770893462688,-0.05050740052898561
2.610754055512453,53,0,0.1680433244779813,4234.58629521026,4233.614558179426,-0.9717370308335376,10.01224320256605,10.01224320256605,0.0,7.2419801179248084,7.241791550867413,-0.00018856705739533908,1697.0,1698.0,1.0,74.67111074290123,74.65606012890939,-0.015050613991846262,0.4274337844555844,8408.914151886129,8407.802145398033,-1.1120064880960854,10.597940389035823,10.596009934900135,-0.0019304541356888194,7.79572856726586,7.7957194266413135,-9.140624546155607e-06,2988.0,2988.0,0.0,119.31647302511483,119.30834431188669,-0.008128713228146012
2.610754055512453,53,1,0.2801808383233879,4467.5655360473265,4467.224388899073,-0.34114714825318515,8.716032266680402,8.716229721650327,0.00019745496992484846,7.2781000213938665,7.278045755358566,-5.426603530089835e-05,1765.0,1764.0,-1.0,77.25730397616874,77.24811850038581,-0.009185475782928165,0.30137005900638125,8083.9017779008645,8083.352765058245,-0.549012842619959,9.970428321036628,9.970428321036628,0.0,7.77303370867333,7.773077213498638,4.3504825308460227e-05,2913.0,2912.0,-1.0,115.17036645557013,115.16482210045668,-0.0055443551134573
2.610754055512453,53,2,0.2443839245471875,4326.642956959127,4327.920990004503,1.2780330453761053,11.425955524516686,11.425955524324008,-1.9267787365606637e-10,7.249526185936703,7.249660308362347,0.0001341224256439233,1720.0,1723.0,3.0,77.07630844464882,77.1174640063603,0.04115556171147716,0.7562517591244771,8142.878054102078,8143.844747646061,0.9666935439827284,11.075598316101477,11.076787619479415,0.0011893033779379891,7.7860831906535966,7.786223179924672,0.00013998927107561343,2956.0,2955.0,-1.0,114.76369054385675,114.73074786812123,-0.03294267573552645
2.610754055512453,53,3,0.32915261811544844,4378.531868033672,4378.264579894724,-0.2672881389480608,9.907148045779751,9.907148045779751,0.0,7.25755747261066,7.257470876952842,-8.659565781776735e-05,1741.0,1741.0,0.0,77.27909829537778,77.2881732745947,0.009074979216919132,0.22502627181253554,8338.57987656506,8337.827302682836,-0.7525738822241692,11.8857014395143,11.8857014395143,0.0,7.804248184472452,7.804534990263507,0.0002868057910552224,3046.0,3047.0,1.0,117.45862999035486,117.35999342065253,-0.09863656970233592
2.610754055512453,53,4,0.2015422210463218,4380.8737117730525,4379.897250618784,-0.9764611542686907,8.870068505016498,8.870068505016498,0.0,7.260664220515353,7.260758130142661,9.390962730826402e-05,1737.0,1737.0,0.0,76.70197910374553,76.67978310969698,-0.022195994048544776,0.3188079460496207,8243.914551423255,8243.316704926285,-0.5978464969703055,9.75395534977585,9.75395534977585,0.0,7.78437073808476,7.784467346766286,9.660868152572277e-05,2965.0,2964.0,-1.0,117.72269442016038,117.65246457476808,-0.07022984539230492
2.610754055512453,53,5,0.32187295808836147,4347.898692051859,4347.957189977344,0.0584979254845166,9.31569078437391,9.315691337634538,5.53260628421981e-07,7.250616787224992,7.250539806473652,-7.698075133966142e-05,1719.0,1718.0,-1.0,76.92326390810877,76.95465473134962,0.03139082324085507,0.20057906451274643,8077.969784478164,8077.250663920919,-0.7191205572453327,10.823846434360103,10.823846434360103,0.0,7.784051449740292,7.783903616495034,-0.00014783324525780017,2971.0,2970.0,-1.0,114.78755377627589,114.79625912679904,0.008705350523158017
2.610754055512453,53,6,0.5300556051430434,4360.01733902549,4359.107332362975,-0.9100066625151157,9.208491142741671,9.208491142741671,0.0,7.245324498602634,7.244967519523387,-0.00035697907924703287,1716.0,1716.0,0.0,77.78355619684406,77.81379662724872,0.0302404304046604,0.3547623063633115,8201.357548713419,8201.26380942199,-0.09373929142930137,12.389295999432353,12.389295998715218,-7.171347959911145e-10,7.789805169894498,7.789948306351548,0.00014313645704966405,2971.0,2974.0,3.0,115.85384023089131,115.82577892484588,-0.02806130604543
2.610754055512453,53,7,0.4503742307979196,4357.271960711552,4356.890674153255,-0.3812865582976883,8.39429245072745,8.39429245072745,0.0,7.250682543731322,7.250817672782376,0.00013512905105450557,1729.0,1730.0,1.0,77.1675945262983,77.12454213411314,-0.043052392185160215,0.3311609177302366,8145.85731000113,8145.812892878424,-0.04441712270636344,10.11097600425394,10.11097600425394,0.0,7.783668327597859,7.783774761714692,0.00010643411683375348,2984.0,2983.0,-1.0,115.71165187379609,115.69480066720696,-0.016851206589123535
2.610754055512453,53,8,0.31824688093525594,4273.51783485204,4273.319554066882,-0.1982807851582038,9.299744144484118,9.299744144484118,0.0,7.2469132540249195,7.246979441064012,6.618703909211376e-05,1716.0,1716.0,0.0,74.4626073425387,74.47733346281382,0.014726120275113885,0.20687348383862914,8160.482642445622,8159.152969219304,-1.3296732263179365,10.986582045938047,10.986582045939233,1.1866063687193673e-12,7.784069675273353,7.783933930844997,-0.00013574442835651013,2958.0,2957.0,-1.0,115.5599408214528,115.5077292834488,-0.05221153800400202
2.610754055512453,53,9,0.18964148474189002,4386.667404060297,4386.718659047361,0.051254987064567104,9.103758164615758,9.103758164615737,-2.1316282072803006e-14,7.2515508703958655,7.2514568697433335,-9.400065253206691e-05,1723.0,1723.0,0.0,77.8299939599591,77.81202769211434,-0.017966267844755635,0.23815718352915874,8098.701111037821,8097.883297202898,-0.8178138349230721,10.028914262829462,10.028914262829462,0.0,7.799529771540406,7.79941325662331,-0.00011651491709674389,2986.0,2986.0,0.0,112.50379062959216,112.50163884838294,-0.002151781209221326
2.610754055512453,53,10,0.2753444737377527,4284.593728834774,4283.993546167062,-0.6001826677120334,8.663706725878798,8.663706725878798,0.0,7.237504378945625,7.237558436899523,5.40579538981234e-05,1716.0,1718.0,2.0,77.17129164513635,77.15825822770326,-0.013033417433092609,0.49162927566013526,8107.62661193549,8106.970761410606,-0.6558505248831352,10.520836582687213,10.520836582687213,0.0,7.800338965717617,7.800390473132658,5.150741504067469e-05,3003.0,3003.0,0.0,112.93883406267588,112.87843605184028,-0.06039801083559837
2.610754055512453,53,11,0.2432161438951861,4350.460242253822,4349.322211089415,-1.1380311644070389,9.029549068142412,9.029549068142412,0.0,7.2492904395515865,7.249093243563992,-0.00019719598759415646,1722.0,1722.0,0.0,76.68254666477092,76.62894666066032,-0.05360000411060639,0.2373750026982785,8236.47075614945,8236.499195059243,0.028438909792384948,12.251725736957884,12.251725736957884,0.0,7.780134715474662,7.780148317429539,1.3601954877096034e-05,2928.0,2927.0,-1.0,117.08520422453903,117.12509877838811,0.039894553849080694
2.610754055512453,53,12,0.2926625629325348,4349.797284370009,4348.116569184813,-1.6807151851962772,11.284633287580673,11.284633287580673,0.0,7.240361836800121,7.2401741800226365,-0.00018765677748433518,1697.0,1696.0,-1.0,77.50529848365338,77.48252680791613,-0.022771675737246255,0.33622709001462875,8089.384600439724,8087.76990000811,-1.614700431613528,10.47017831945726,10.470179049618828,7.301615685406659e-07,7.767533735069675,7.767304496891457,-0.00022923817821762782,2905.0,2905.0,0.0,115.643942782814,115.62211471586372,-0.021828066950277503
2.610754055512453,53,13,0.31593052646291536,4281.689028779605,4283.285612051049,1.5965832714437056,8.857671834469711,8.844508364587695,-0.013163469882016443,7.23277085767463,7.2327448010058895,-2.605666874089252e-05,1688.0,1688.0,0.0,76.42214605847802,76.44183244509293,0.019686386614907292,0.2376314154341181,8145.302375705363,8145.783039514976,0.4806638096124516,11.209272994557399,11.209272994557399,0.0,7.79368900619343,7.793617686532974,-7.131966045648142e-05,2988.0,2988.0,0.0,114.85777829843983,114.88219218779221,0.024413889352388196
2.610754055512453,53,14,0.15959892215410076,4311.62266747781,4311.824393529546,0.20172605173593183,9.16840000929122,9.16840000928833,-2.8901325777042075e-12,7.235033739390519,7.235374331429144,0.0003405920386247985,1688.0,1688.0,0.0,76.59539443517095,76.57743174692386,-0.01796268824708136,0.5020319566786992,8027.490126736862,8028.039678831161,0.5495520942986332,11.731664430673101,11.731664430673101,0.0,7.761195118369592,7.761170763161914,-2.4355207678183888e-05,2893.0,2891.0,-2.0,115.49293208586678,115.46172114304518,-0.03121094282160186
2.610754055512453,53,15,0.45589661992825914,4266.772179680975,4264.942750201826,-1.82942947914853,8.289251776847479,8.289251776847475,-3.552713678800501e-15,7.246552092864703,7.246407713778434,-0.00014437908626874218,1712.0,1710.0,-2.0,74.64017794350987,74.58989058144135,-0.05028736206851647,0.5136622871149433,8123.011913640516,8121.557794316963,-1.4541193235527317,10.231347344396125,10.231347344396125,0.0,7.783385095881521,7.783454303024876,6.920714335478806e-05,2979.0,2978.0,-1.0,116.03324411941814,115.98123731025096,-0.0520068091671817
2.728909244083066,54,0,0.17542096186842798,4552.3502551384445,4551.875396308396,-0.47485883004810603,9.725745677731256,9.674934151478393,-0.050811526252863004,7.258075298172521,7.258094094154426,1.8795981905128656e-05,1726.0,1725.0,-1.0,81.06288303881071,81.02331748005209,-0.039565558758624775,0.7319820772870628,8370.021312178042,8369.23132039191,-0.7899917861323047,10.948701061017049,10.948701061017049,0.0,7.7687941532960565,7.768852903911375,5.8750615318459154e-05,2907.0,2908.0,1.0,121.86781444026265,121.84309415582474,-0.024720284437904638
2.728909244083066,54,1,0.5324997904048654,4537.502343520111,4539.241350506734,1.7390069866232807,9.60166999217464,9.601669992241654,6.701306176637445e-11,7.243617155076925,7.2436879238511365,7.076877421141603e-05,1705.0,1705.0,0.0,82.41661413263735,82.4735296996475,0.05691556701015088,0.46248251962598164,8538.268291984277,8540.31502514898,2.046733164703255,11.324212451524781,11.323281870250277,-0.0009305812745044051,7.789217194433647,7.7893694265878395,0.00015223215419268854,2989.0,2989.0,0.0,123.55996428244859,123.5880078921508,0.028043609702208983
2.728909244083066,54,2,0.37914036004448637,4645.171995279432,4645.668354387874,0.4963591084424479,10.627856152810315,10.627856152810443,1.2789769243681803e-13,7.253075566888621,7.252994050226388,-8.15166622336605e-05,1736.0,1736.0,0.0,85.50924507788244,85.56250200843692,0.05325693055448255,0.6535382505741174,8675.82566374695,8675.413737899977,-0.4119258469727356,11.904785978105556,11.904270294621385,-0.000515683484170637,7.793688804018936,7.793732326699812,4.35226808761513e-05,2990.0,2991.0,1.0,125.16028363559036,125.18610241339204,0.02581877780167474
2.728909244083066,54,3,0.23475106857284533,4500.570085371276,4499.016876528688,-1.553208842587992,9.627684943441597,9.627684943441597,0.0,7.243041634041299,7.2429553586379525,-8.627540334682493e-05,1695.0,1695.0,0.0,81.47972654001076,81.43825573231908,-0.04147080769168099,0.4792787658531126,8466.508785337115,8464.822749136882,-1.6860362002335023,11.506890715591789,11.506890686995817,-2.859597181270601e-08,7.784265846492999,7.784411718070403,0.00014587157740386658,2950.0,2950.0,0.0,122.54133098216423,122.45527313535487,-0.08605784680935358
2.728909244083066,54,4,0.43264367238953094,4684.037736327453,4682.678972914958,-1.3587634124951364,10.477781974189124,10.477781974189124,0.0,7.261973688315023,7.262132135563034,0.00015844724801095111,1748.0,1748.0,0.0,85.1006574429311,85.05631394156912,-0.044343501361979065,0.2991622326706665,8543.805165866108,8542.820501045037,-0.9846648210714193,11.539104438215046,11.540628681699825,0.0015242434847788644,7.781960763576903,7.78200132860417,4.0565027267014386e-05,2950.0,2948.0,-2.0,123.91256854555365,123.83142962185381,-0.08113892369983944
2.728909244083066,54,5,0.5925832853754094,4648.280646987853,4646.771569403541,-1.5090775843118536,11.303150742824858,11.303154506931516,3.7641066583660177e-06,7.26302258336091,7.263208550242117,0.00018596688120720017,1746.0,1744.0,-2.0,84.19551559132745,84.14036928785741,-0.055146303470039015,0.559677279268625,8730.58452380351,8729.86209358502,-0.722430218491354,12.953153218721857,12.96130104349234,0.00814782477048226,7.809978703678153,7.809897132963796,-8.157071435732632e-05,3031.0,3031.0,0.0,124.42932989362842,124.43343505677807,0.0041051631496458185
2.728909244083066,54,6,0.3987253341106354,4615.393187374154,4613.712648220779,-1.680539153375321,10.003493988296254,9.957944415727603,-0.04554957256865144,7.253145443912962,7.253247813174011,0.00010236926104845168,1735.0,1735.0,0.0,83.8251323933047,83.76100553388875,-0.06412685941594987,0.3162306427725559,8438.308353403136,8437.127900147232,-1.1804532559035579,11.512229748009645,11.512229748009645,0.0,7.78071858720944,7.780459405867688,-0.0002591813417520683,2922.0,2921.0,-1.0,121.2220778674797,121.22190324007607,-0.00017462740362361728
2.728909244083066,54,7,0.20730076795597052,4440.1835831311,4438.596631864282,-1.5869512668177777,9.097570177973816,9.097570177963133,-1.0683010032153106e-11,7.232919229468903,7.232794393134746,-0.00012483633415705242,1695.0,1696.0,1.0,80.8876473781132,80.85177331524821,-0.035874062864991174,0.42748588826880074,8500.967123163015,8499.823255689473,-1.1438674735418317,11.182475955018926,10.97026006051473,-0.21221589450419565,7.783371264342755,7.783316477008832,-5.4787333922945436e-05,2955.0,2955.0,0.0,122.66981804039811,122.6452857450838,-0.02453229531431589
2.728909244083066,54,8,0.3744399507306023,4590.873001861618,4589.92332714446,-0.9496747171579045,9.680849470444208,9.680849470444208,0.0,7.250807979386636,7.25090764424931,9.966486267387609e-05,1708.0,1708.0,0.0,82.65910942580528,82.6569571517278,-0.002152274077488414,0.42743755385289195,8440.90186875808,8440.174679473907,-0.7271892841727094,12.88994757947871,12.88994757947871,0.0,7.780975711978849,7.780972397885362,-3.31409348675038e-06,2955.0,2954.0,-1.0,122.72112098417585,122.69301409341081,-0.028106890765045023
2.728909244083066,54,9,0.1782637269316122,4548.131748930378,4547.55627110676,-0.5754778236187121,8.940297121926216,8.940297121926216,0.0,7.253703537362368,7.254018525162705,0.0003149878003370077,1749.0,1749.0,0.0,81.69790468307052,81.63965531216502,-0.058249370905500086,0.2843688791428064,8751.292900936678,8751.154087383446,-0.1388135532324668,10.311865420964267,10.311865420963827,-4.405364961712621e-13,7.806426488454114,7.80644176029983,1.5271845716036125e-05,3008.0,3007.0,-1.0,124.73662608841616,124.71687257108685,-0.01975351732930619
2.728909244083066,54,10,0.34573345781476145,4465.428594875234,4464.125954344396,-1.3026405308382891,8.945425691315616,8.945425691315616,0.0,7.230544298292313,7.23054117589711,-3.1223952028369695e-06,1698.0,1698.0,0.0,81.70187412342565,81.68139496110165,-0.02047916232400837,0.3040457168006585,8466.026330090628,8464.373258047333,-1.6530720432947419,12.177291836503649,12.177049847356471,-0.00024198914717743492,7.7924188059022335,7.792446491385013,2.7685482779205017e-05,2986.0,2985.0,-1.0,121.09414140605564,121.05850385262737,-0.03563755342827335
2.728909244083066,54,11,0.3073787532298153,4759.11389333041,4758.9515097928,-0.16238353761036706,9.427713059449868,9.427713150669108,9.121924016142202e-08,7.268044582157582,7.268249909800244,0.00020532764266167902,1743.0,1743.0,0.0,86.33578132522655,86.34008165511537,0.004300329888820897,0.2892807694023345,8639.147357490368,8639.154236991915,0.006879501546791289,13.859930385608209,13.860739449286552,0.0008090636783428806,7.7878439039624805,7.787739009686271,-0.00010489427620985481,2980.0,2980.0,0.0,125.80147909811384,125.82369452904325,0.02221543092940692
2.728909244083066,54,12,0.31989616719653324,4520.052583968248,4519.8126657664525,-0.23991820179526258,10.642766200133403,10.648731008095314,0.005964807961911234,7.248576045294987,7.248798646839878,0.00022260154489117667,1714.0,1715.0,1.0,81.14096032426126,81.10080503741865,-0.040155286842605165,0.5264466748507373,8631.4751052125,8630.618977374956,-0.8561278375436814,12.90987845972835,12.90987845972835,0.0,7.782100546985792,7.782120184986152,1.9638000360089336e-05,2935.0,2935.0,0.0,126.18288035535907,126.14415495033292,-0.03872540502615607
2.728909244083066,54,13,0.9512858121904884,4648.371610449642,4649.270538067179,0.8989276175370833,9.78496010350902,9.78496010350902,0.0,7.261751128716824,7.261906036703721,0.0001549079868965464,1734.0,1734.0,0.0,83.63785470569891,83.65537895248426,0.017524246785342257,0.24856736783217342,8558.821787080882,8560.233330246463,1.4115431655809516,11.037862163034653,11.03786216263881,-3.958433580919518e-10,7.800128096773677,7.800177665023247,4.95682495698091e-05,2970.0,2970.0,0.0,121.22272429118193,121.25846842088356,0.03574412970162655
2.728909244083066,54,14,0.36422161161526323,4589.734622459906,4589.555261147309,-0.1793613125973934,9.436845578002542,9.436845578002542,0.0,7.253850860428255,7.25378239170719,-6.846872106436308e-05,1730.0,1730.0,0.0,82.72733894663038,82.73996251572275,0.01262356909236928,0.32887571550555383,8699.419996989276,8699.437497118093,0.01750012881711882,11.640288463750128,11.640288463750128,0.0,7.806366155846134,7.806415412801658,4.925695552415732e-05,3012.0,3011.0,-1.0,123.63693114509091,123.64723878195866,0.010307636867750603
2.728909244083066,54,15,0.5886087652622259,4561.347962077205,4560.959084119774,-0.3888779574308501,11.456049570663284,11.456049570663284,0.0,7.230161305250718,7.230161160533918,-1.4471679943284244e-07,1697.0,1698.0,1.0,84.04208743301982,83.99547853988253,-0.04660889313728944,0.2449493058819988,8506.880781557118,8506.90625788224,0.025476325121417176,11.733755662721324,11.733755662721324,0.0,7.7926140440517235,7.79259473951865,-1.9304533073416508e-05,2976.0,2976.0,0.0,121.98022606614244,121.99194615529777,0.011720089155332403
2.852411795250579,55,0,0.4339707243496863,4723.897804894843,4724.441888739619,0.5440838447757415,9.471053422433155,9.471053422419406,-1.3749001936957939e-11,7.258262027967119,7.258632836898196,0.00037080893107699353,1724.0,1724.0,0.0,85.82727264392317,85.7967656420162,-0.030507001906968867,0.3546820240728833,9002.367880242324,9001.723426284969,-0.6444539573549264,10.965779684500298,10.965779684500298,0.0,7.800350235918914,7.800345074144244,-5.161774669915076e-06,3011.0,3011.0,0.0,131.8325501993067,131.81752069044836,-0.015029508858333429
2.852411795250579,55,1,0.28585587822239644,4842.672981027329,4842.183849001323,-0.489132026005791,10.116585222944318,10.116585222944318,0.0,7.259517174091916,7.259541264742648,2.4090650732055963e-05,1734.0,1734.0,0.0,88.80700350277226,88.79668445099153,-0.01031905178072634,0.3141414389324115,8862.627570845827,8862.105988981777,-0.5215818640499492,10.994146260728199,10.994146260728199,0.0,7.77859868561059,7.778573113993449,-2.5571617141117997e-05,2952.0,2952.0,0.0,132.543198876193,132.5259129730569,-0.017285903136098568
2.852411795250579,55,2,0.3230568044762957,4770.965119963588,4770.693925864743,-0.2711940988456263,9.87262812233357,9.87262812233357,0.0,7.237501827742819,7.237627455159469,0.0001256274166498983,1702.0,1701.0,-1.0,89.81932971827653,89.77952776552755,-0.0398019527489879,0.32004730384108493,9077.511856287516,9076.06798590063,-1.4438703868854645,11.482271326112215,11.482271327479493,1.3672778464979274e-09,7.810450189122961,7.810556847190828,0.00010665806786658294,3017.0,3019.0,2.0,131.5642322051568,131.52156650892698,-0.042665696229818195
2.852411795250579,55,3,0.46995234693336,4552.843174547572,4552.24658904834,-0.5965854992318782,10.36685362934758,10.36685362934758,0.0,7.240108831219152,7.2399688497039145,-0.00013998151523786362,1701.0,1699.0,-2.0,83.81131153244145,83.81054536850151,-0.0007661639399429987,0.26038968838942755,8947.599567871686,8947.141530463694,-0.4580374079923786,10.365914912067316,10.365914912067316,0.0,7.7899485328085305,7.790006555338056,5.8022529525914024e-05,2998.0,2998.0,0.0,132.2547531588797,132.2435184427455,-0.011234716134197242
2.852411795250579,55,4,0.23165508918602745,4846.77959506903,4845.848589578182,-0.931005490847383,10.154609192247664,10.154609192247664,0.0,7.243507302828802,7.2435695197803485,6.221695154629003e-05,1726.0,1727.0,1.0,91.37216921082286,91.31127021143155,-0.060898999391312714,0.210484806627469,8985.417681636798,8984.413536012675,-1.004145624123339,11.26314498373858,11.26314498373858,0.0,7.79978235473006,7.799857108689425,7.47539593648483e-05,3001.0,3001.0,0.0,131.5544290954491,131.4963185604847,-0.05811053496441332
2.852411795250579,55,5,0.9900791975364427,4777.928421699321,4776.7592323535155,-1.1691893458055347,10.128518405429986,10.128518405429986,0.0,7.244654441287792,7.244498980907837,-0.00015546037995495254,1716.0,1715.0,-1.0,90.12434256364601,90.14569292880299,0.021350365156976636,0.5654053613049503,9014.032570651423,9012.688281057606,-1.3442895938169386,12.54396685157515,12.587684641488437,0.043717789913287675,7.805684703931975,7.80569677065638,1.2066724404569129e-05,3037.0,3037.0,0.0,131.76274043659433,131.73177436850892,-0.03096606808540514
2.852411795250579,55,6,0.3306830529508331,4898.691556142141,4897.256545970093,-1.4350101720483508,10.147396478099141,10.147396468768854,-9.330287653597225e-09,7.2492788098191,7.249081540971117,-0.00019726884798298983,1715.0,1715.0,0.0,91.14385342097685,91.1325272930406,-0.011326127936257535,0.34086884914633414,8973.573134594451,8972.469102635676,-1.104031958775522,11.910638821104278,11.910638821104278,0.0,7.7949665240588,7.794932362014158,-3.4162044642016554e-05,3010.0,3010.0,0.0,133.4126720193798,133.38666475334793,-0.026007266031882637
2.852411795250579,55,7,0.44055439012109077,4667.085917116794,4666.501183620791,-0.5847334960026274,9.242815983461822,9.20711136554276,-0.03570461791906254,7.246176704426385,7.246369168926773,0.00019246450038767904,1717.0,1717.0,0.0,86.01274404694519,85.98286815133673,-0.029875895608455494,0.23791568801760377,9054.497696743372,9054.54714825372,0.04945151034735318,11.349752444318105,11.349752623392948,1.7907484384238614e-07,7.798778521573592,7.798723203364215,-5.531820937676457e-05,3001.0,3000.0,-1.0,133.12189797150046,133.1564982054504,0.034600233949930725
2.852411795250579,55,8,0.3201499331605545,4794.252867491001,4792.8691805707695,-1.383686920231412,10.623211521843938,10.623215939064023,4.417220084818041e-06,7.25501499747094,7.25472415147183,-0.0002908459991095569,1716.0,1715.0,-1.0,87.91424590560455,87.8973859920526,-0.016859913551940053,0.7685357635305763,8760.565540185169,8759.316019347523,-1.2495208376458322,11.224796973264741,11.224796973264741,0.0,7.794386755350609,7.794281186192902,-0.0001055691577072082,3009.0,3009.0,0.0,128.48433193216584,128.48817147291953,0.0038395407536881976
2.852411795250579,55,9,0.29739519816135485,4889.676052622219,4888.9448977609445,-0.7311548612742627,10.711389259994753,10.711389259994753,0.0,7.248272758797485,7.248158273915012,-0.0001144848824736755,1720.0,1720.0,0.0,91.57414048994211,91.59453144254704,0.020390952604927293,0.37180727082668197,8768.296448560639,8767.382040730958,-0.914407829681295,10.693484900934681,10.693484900934681,0.0,7.781808836467744,7.781613004008692,-0.00019583245905163693,2953.0,2953.0,0.0,129.6129002661754,129.62929003888,0.01638977270459918
2.852411795250579,55,10,0.20569928930722942,4863.774490466608,4863.026536033066,-0.7479544335419632,11.67097490187138,11.51430565870987,-0.15666924316150954,7.250122871727735,7.250235357900019,0.00011248617228432067,1724.0,1723.0,-1.0,91.70287405716417,91.62588254683929,-0.0769915103248735,0.2596596041703275,9177.933740782122,9177.264440072127,-0.6693007099947863,11.620590881517336,11.620590881517336,0.0,7.798401584699878,7.7983549847960685,-4.659990380950774e-05,2994.0,2994.0,0.0,136.512579215413,136.49225778701776,-0.020321428395249086
2.852411795250579,55,11,0.42733479991887363,4859.430284424625,4858.105490197759,-1.3247942268662882,9.975580808220018,9.975580808220018,0.0,7.261970148460068,7.261865182992835,-0.00010496546723270939,1734.0,1734.0,0.0,89.19076529372445,89.15849222515209,-0.03227306857236556,0.2883075081757633,8812.33237348944,8810.440444994892,-1.8919284945477557,12.444976924057578,12.444976924057578,0.0,7.777451457833296,7.7775161866836005,6.472885030461839e-05,2946.0,2945.0,-1.0,131.03354084097535,130.96041645431077,-0.0731243866645741
2.852411795250579,55,12,0.28727732788074223,4813.68348965425,4813.633822165515,-0.04966748873448523,10.327413445349544,10.327413445349544,0.0,7.239741263061994,7.23968221410451,-5.904895748365391e-05,1711.0,1710.0,-1.0,91.14229840811771,91.14441563484084,0.0021172267231293063,0.6907037749711744,8988.301103221569,8987.302188013145,-0.9989152084235684,12.002479043087384,12.002479744618908,7.015315244274234e-07,7.780404706338502,7.780313480431298,-9.122590720433976e-05,2945.0,2945.0,0.0,133.90520579443123,133.86633725606632,-0.038868538364909
2.852411795250579,55,13,0.47697393805188554,4706.737850039196,4706.543035879714,-0.19481415948212089,11.018739224375595,11.01873922437601,4.1389114358025836e-13,7.228364723602613,7.228307513595855,-5.721000675862342e-05,1685.0,1685.0,0.0,87.94521807164,87.9282805188417,-0.01693755279829645,0.23637661687508063,9168.883157699496,9167.486773338278,-1.3963843612182245,11.012319770866496,11.012319770866496,0.0,7.808131161643591,7.808006556860888,-0.00012460478270348574,3018.0,3018.0,0.0,132.97900607162532,132.96394282445348,-0.015063247171838157
2.852411795250579,55,14,0.45493882402212715,4671.933308969818,4672.273606789482,0.3402978196636468,10.12920069334063,10.129200693340925,2.948752353404416e-13,7.246963906683462,7.247055856811009,9.195012754759091e-05,1722.0,1721.0,-1.0,87.04977938177286,87.04274355229505,-0.007035829477814559,0.30426715646719615,9135.144752825432,9134.982671772435,-0.16208105299665476,11.241501731527759,11.241501731527759,0.0,7.818279582708387,7.818263603905694,-1.5978802692551142e-05,3065.0,3065.0,0.0,132.43663760543592,132.44325839264945,0.006620787213535095
2.852411795250579,55,15,0.5675734576953946,4676.021813252133,4675.244256044664,-0.7775572074688171,9.961531199549132,9.961531199549132,0.0,7.235420648350301,7.235419140782644,-1.5075676573772512e-06,1703.0,1704.0,1.0,87.79967219894112,87.77108778273106,-0.02858441621006591,0.34644063315467344,8798.881569280715,8798.337927918765,-0.5436413619499945,13.292427593318765,13.292427594632331,1.313566144744982e-09,7.767306476638992,7.767309089595312,2.6129563197585526e-06,2928.0,2928.0,0.0,132.10063994523455,132.08471792855397,-0.01592201668057669
2.981503715202692,56,0,0.36195516143297335,4983.827651285499,4984.177870118369,0.35021883287026867,10.378540910916017,10.378540910916017,0.0,7.248107772479214,7.2482114207715815,0.00010364829236753081,1716.0,1716.0,0.0,93.99506481662236,94.01982394591397,0.024759129291609838,0.31901822073865005,9337.306229749107,9337.864306301024,0.5580765519171109,11.732510878644732,11.732510788798958,-8.984577348769562e-08,7.7946471335235685,7.794740248125809,9.311460224026291e-05,2999.0,2999.0,0.0,140.5488224332463,140.55117509889692,0.002352665650619201
2.981503715202692,56,1,0.24423100112233603,4893.207251983959,4893.0422351330835,-0.16501685087587248,9.460269991573316,9.382732503961103,-0.07753748761221324,7.254251385300391,7.254335043857334,8.365855694325575e-05,1729.0,1728.0,-1.0,91.36645391714269,91.32705222197569,-0.039401695167001094,0.27535428889525587,9411.631794607123,9411.939959851157,0.30816524403417134,15.234683066763516,15.234683066763516,0.0,7.805648632256245,7.805643649400848,-4.982855397628327e-06,3014.0,3014.0,0.0,139.8317754582583,139.85898192768227,0.02720646942395888
2.981503715202692,56,2,0.27748327407181217,4978.20057977091,4976.584347427579,-1.6162323433309211,10.14851446328538,10.14470398285279,-0.0038104804325911346,7.243714575715659,7.243470844239512,-0.0002437314761465359,1711.0,1709.0,-2.0,95.67328741146392,95.65081736086348,-0.0224700506004325,0.4215649890868312,9459.249008529816,9457.564762489263,-1.684246040553262,12.370072858442452,12.370072858442452,0.0,7.795880637573832,7.795928769403451,4.8131829618824895e-05,2996.0,2996.0,0.0,143.24173714616686,143.17926973636165,-0.06246740980520826
2.981503715202692,56,3,0.2965706785647342,5067.649658486094,5067.472335691311,-0.17732279478332202,11.078091520112217,11.078091520112217,0.0,7.2451050060058595,7.245209572365736,0.00010456635987665663,1724.0,1726.0,2.0,96.77662533892475,96.75150318360345,-0.025122155321298578,0.26684565013411976,9480.640234760103,9481.175881010791,0.5356462506879325,11.34304803598513,11.34304803598513,0.0,7.802351457483531,7.802438978898046,8.752141451484619e-05,3010.0,3010.0,0.0,141.37156562124065,141.37090525321858,-0.0006603680220678143
2.981503715202692,56,4,0.4274274685912082,4982.440958380466,4983.418663348238,0.9777049677713876,10.185287628465037,10.185287628467371,2.334132886971929e-12,7.2217825234641495,7.221800294316687,1.7770852537069004e-05,1678.0,1679.0,1.0,96.39500389187405,96.45589428551826,0.06089039364420046,0.6723134642032178,9424.435488673435,9426.130402564788,1.6949138913532806,14.875968681717978,14.875968681717978,0.0,7.791266909866694,7.791305389144192,3.847927749767166e-05,2966.0,2966.0,0.0,142.320007553693,142.3838112762879,0.06380372259491196
2.981503715202692,56,5,0.46757396818481844,4948.47681896284,4948.553549351818,0.0767303889779214,10.161540200457408,10.161540200457408,0.0,7.246245342023393,7.24626806977989,2.2727756497253893e-05,1718.0,1718.0,0.0,93.97727428145565,93.98218818241708,0.0049139009614265206,0.3120897649145679,9298.153118819711,9298.445136020047,0.29201720033597667,12.449876214753893,12.449876214753893,0.0,7.78620700609085,7.786003704303511,-0.0002033017873390719,2968.0,2968.0,0.0,140.9963407556652,141.04503356020047,0.048692804535278356
2.981503715202692,56,6,0.2253258100225758,4993.601619598173,4993.0560023114895,-0.5456172866834095,9.794906074299881,9.794906071118247,-3.181634511406628e-09,7.249531971365693,7.249395306859276,-0.00013666450641736105,1727.0,1726.0,-1.0,95.00442794442314,94.98711015062256,-0.0173177938005864,0.28654999488794575,9627.183436414096,9627.332358991032,0.1489225769364566,13.255362725117072,13.267772199079216,0.01240947396214409,7.812201583592128,7.8123333709266145,0.00013178733448615532,3033.0,3032.0,-1.0,144.71993660972623,144.68727420280462,-0.032662406921616594
2.981503715202692,56,7,0.7788218740956078,4897.876545945523,4898.278327334621,0.4017813890986872,10.76330729539189,11.54210807846308,0.7788007830711905,7.254797587727785,7.254723186726451,-7.44010013340457e-05,1739.0,1740.0,1.0,92.19043483423341,92.32654422593333,0.1361093916999181,0.2384776040639512,9466.9492445923,9466.899244873528,-0.04999971877259668,11.839981746382389,11.839981746382389,0.0,7.795358468047491,7.795265581099804,-9.288694768638805e-05,2990.0,2989.0,-1.0,141.57421251002444,141.6050483654253,0.030835855400852097
2.981503715202692,56,8,0.3835393864720106,5101.161730732161,5101.592508935129,0.430778202968213,11.013920886849352,11.0054405066894,-0.008480380159952006,7.249426039770046,7.249341999311641,-8.404045840482155e-05,1719.0,1719.0,0.0,98.29596633491511,98.36803707018248,0.07207073526737418,0.280757565845132,9209.928538712249,9210.843986364805,0.915447652556395,11.474138795859512,11.474138783998391,-1.1861120086109622e-08,7.767804746251047,7.7679084751876575,0.00010372893661081406,2922.0,2923.0,1.0,140.82855333246783,140.8291445093392,0.0005911768713531274
2.981503715202692,56,9,0.36371925438960806,5032.506932373164,5032.211865407598,-0.2950669655656384,11.365166948540946,11.365166948540812,-1.3322676295501878e-13,7.264315568041543,7.26428976181223,-2.5806229313474205e-05,1740.0,1740.0,0.0,94.5083873323083,94.53258583219015,0.02419849988184808,0.5321788412491446,9421.563179554258,9421.691312060811,0.12813250655381125,12.363867063905106,12.363867063905106,0.0,7.789508239918902,7.7895120034552825,3.7635363803190103e-06,2993.0,2994.0,1.0,142.9756433899933,143.00164824091615,0.026004850922845435
2.981503715202692,56,10,0.5098963059457855,5055.1310202336845,5054.712578499441,-0.41844173424306064,10.394417993810224,10.351320996147715,-0.043096997662509295,7.242573858250138,7.242391280745876,-0.00018257750426187158,1684.0,1684.0,0.0,94.9157573355888,94.92710055716643,0.01134322157763279,0.3050448559525765,9365.252821561877,9364.71656183146,-0.5362597304174415,11.502142299581273,11.502142299581273,0.0,7.778086641746601,7.778047624301693,-3.901744490786285e-05,2937.0,2935.0,-2.0,142.30865473806327,142.26698445268207,-0.04167028538120121
2.981503715202692,56,11,0.19699083673987797,4935.772216611809,4936.282398955937,0.5101823441282249,11.613742809499175,11.604423858719908,-0.009318950779267254,7.25443284430444,7.2544684377688915,3.5593464451366685e-05,1707.0,1705.0,-2.0,92.05115110073912,92.04930567689006,-0.0018454238490619446,0.43883769230745917,9223.282428983794,9224.087415872766,0.8049868889720528,11.811385945081422,11.811385945081422,0.0,7.776601848589211,7.776607020791126,5.1722019156486e-06,2938.0,2938.0,0.0,140.14731755313053,140.1614590742324,0.014141521101862509
2.981503715202692,56,12,0.40782747553351334,4907.926316082425,4907.755561140959,-0.17075494146592973,10.532155250848149,10.532155250848149,0.0,7.244833014612054,7.244739662224456,-9.335238759788922e-05,1719.0,1720.0,1.0,92.83830171720089,92.80632915098333,-0.03197256621756139,0.4961613011756208,9478.155200227542,9478.2148328183,0.05963259075724636,13.675115574686032,13.675115574686032,0.0,7.7984585320537985,7.798415514644743,-4.3017409055323697e-05,3008.0,3008.0,0.0,142.38844897984808,142.36912455724902,-0.019324422599055424
2.981503715202692,56,13,0.43254312131476136,4953.199502302122,4952.761326223079,-0.43817607904293254,11.203590810156681,11.203590810156681,0.0,7.243484493544162,7.243450689787941,-3.3803756220862624e-05,1713.0,1713.0,0.0,94.22690206997822,94.22165101826307,-0.005251051715148947,0.6609631856803586,9467.768102402457,9467.205074427617,-0.5630279748402245,12.124500147500003,12.124505992055393,5.844555390766004e-06,7.784003073111256,7.784075954228891,7.288111763514848e-05,2964.0,2963.0,-1.0,144.51007295996,144.49109852909314,-0.018974430866876446
2.981503715202692,56,14,0.5220400625370324,4891.213262013714,4891.401724104028,0.18846209031471517,10.201717495193591,10.201717495193593,1.7763568394002505e-15,7.246862661852132,7.2469545327523965,9.187090026419042e-05,1716.0,1716.0,0.0,92.21935612071543,92.19778565730368,-0.02157046341174862,0.23972696347873412,9300.225176437856,9301.097329747437,0.8721533095813356,13.308792343820704,13.320114074253734,0.011321730433030197,7.789700138312694,7.789809901864037,0.00010976355134317828,2984.0,2983.0,-1.0,140.91028097583037,140.91317408566593,0.0028931098355542417
2.981503715202692,56,15,0.496691224006409,5121.297920442159,5120.175303288885,-1.1226171532744047,10.105866932986661,10.10586693298666,-1.7763568394002505e-15,7.279219680667685,7.279121628866635,-9.805180105004752e-05,1777.0,1777.0,0.0,95.24555912939472,95.21369193754016,-0.031867191854558996,0.2744666113662765,9318.673655317141,9317.568878661561,-1.104776655580281,11.725512948132854,11.7255255801198,1.2631986946232132e-05,7.77975256349912,7.779643128895241,-0.00010943460387835557,2962.0,2962.0,0.0,142.96714622241953,142.99179922382444,0.02465300140491422
3.1164379626282335,57,0,0.32462853838679717,5189.127727196248,5188.467166776805,-0.6605604194428452,10.909067189114904,10.909067189114904,0.0,7.254282634866725,7.254244383524673,-3.82513420520425e-05,1718.0,1718.0,0.0,99.67954856045336,99.66255884259526,-0.016989717858095332,0.35305507363841415,9881.729552149383,9880.923489029086,-0.8060631202970399,14.115300986228991,14.115300986228991,0.0,7.793677167781932,7.793740718214781,6.35504328485581e-05,2993.0,2994.0,1.0,152.60244680713944,152.53103457082253,-0.07141223631691673
3.1164379626282335,57,1,0.1732878897453334,5273.5839921100005,5272.682616802047,-0.9013753079534581,10.638704754121651,10.638704754124214,2.5632829192545614e-12,7.2642217499490584,7.264300952609841,7.920266078276228e-05,1736.0,1736.0,0.0,100.40420958196214,100.35472660151827,-0.04948298044386945,0.2970854792494158,9572.740447590659,9571.468044502719,-1.2724030879398924,11.921659199104939,11.92291588368158,0.00125668457664041,7.777051666330736,7.7770269198686455,-2.4746462090163845e-05,2915.0,2913.0,-2.0,147.14136196096618,147.11373394538288,-0.027628015583303522
3.1164379626282335,57,2,0.39997447654357204,5252.707012496219,5253.42784874205,0.7208362458304691,11.561441095217814,11.561441095217697,-1.1723955140041653e-13,7.2343315821503795,7.234411179496096,7.959734571638677e-05,1720.0,1720.0,0.0,105.2709188235238,105.27893684843494,0.0080180249111379,0.27374309215105497,9583.449589639888,9583.319853423845,-0.12973621604214713,12.361477874618004,12.361477874618004,0.0,7.766312183511742,7.766343954111646,3.177059990377984e-05,2903.0,2903.0,0.0,150.56716115455723,150.56891296782268,0.0017518132654572582
3.1164379626282335,57,3,0.3884722002438938,5217.416592747055,5217.440227383109,0.023634636054339353,11.990998587454293,11.990998587454293,0.0,7.244660937854521,7.244497714587905,-0.0001632232666155531,1710.0,1710.0,0.0,101.38536037022264,101.3774432972263,-0.00791707299633515,0.3765139804298421,9751.094463243662,9750.54043228332,-0.554030960342061,13.995949834064335,14.005917763282582,0.009967929218246852,7.775208646840895,7.775113160528258,-9.548631263633922e-05,2945.0,2943.0,-2.0,154.03828440839013,154.05536107303408,0.017076664643951744
3.1164379626282335,57,4,0.42143903946244876,5300.442600379125,5300.051243722326,-0.3913566567989619,11.225386318113376,11.225379459463868,-6.858649507890391e-06,7.255152158801193,7.254951859174755,-0.0002002996264387491,1717.0,1717.0,0.0,102.45075445407039,102.49535585280722,0.04460139873683033,0.25409512748253515,9930.947209982696,9929.584248472911,-1.3629615097852366,13.763475773340003,13.935889914015979,0.1724141406759756,7.781939736947451,7.781881049096125,-5.868785132623344e-05,2953.0,2952.0,-1.0,154.91386424487135,154.9272191025407,0.013354857669355624
3.1164379626282335,57,5,0.2705178882874707,5307.367083694183,5305.925235916148,-1.441847778034571,11.69647743201408,11.696477432014053,-2.6645352591003757e-14,7.258387933875793,7.258362394885039,-2.5538990753304347e-05,1745.0,1745.0,0.0,103.82862030811448,103.76027750358783,-0.06834280452665098,0.24025948580272594,9649.616189397637,9647.920739759546,-1.6954496380913042,14.53261628796948,14.532593872795294,-2.2415174186107834e-05,7.777955259711857,7.777950412009478,-4.847702379073837e-06,2966.0,2965.0,-1.0,150.90561258397085,150.84423409637247,-0.061378487598375386
3.1164379626282335,57,6,0.9138748735334664,5225.734487065261,5225.409868121007,-0.32461894425432547,11.919868892516893,11.928284477506716,0.008415584989823088,7.244611985294676,7.244792534338725,0.00018054904404873895,1722.0,1723.0,1.0,102.13222034893212,102.05594275806213,-0.0762775908699922,0.2242165576579534,9827.087690960387,9828.095326593711,1.0076356333247531,12.34720502357215,12.34720502357215,0.0,7.784982828819311,7.785036690373848,5.386155453646069e-05,2982.0,2983.0,1.0,154.20864529147465,154.23793652365111,0.02929123217646179
3.1164379626282335,57,7,0.5989549837962107,5281.983288202919,5280.452043640781,-1.5312445621375446,11.827938386613873,11.827938330168921,-5.644495182366427e-08,7.241498506884334,7.241724901095771,0.00022639421143733074,1719.0,1720.0,1.0,104.40672516019364,104.34527200761303,-0.06145315258061146,0.3803794720686656,9567.902840294002,9567.011880149528,-0.8909601444738655,14.263291937782167,14.263291937782167,0.0,7.773493311251562,7.7735621633345975,6.88520830358641e-05,2927.0,2927.0,0.0,148.93825459348554,148.89665748890823,-0.041597104577306254
3.1164379626282335,57,8,0.4139715949345897,5313.14799598401,5311.963049551394,-1.184946432616016,11.499305486135633,11.510984053106029,0.01167856697039582,7.239867882007935,7.239834128076213,-3.3753931722557695e-05,1710.0,1709.0,-1.0,104.56250068372665,104.55481288330613,-0.007687800420526969,0.5304110950060592,9717.842005135986,9717.22564070769,-0.6163644282969472,13.940989154541738,13.940989154541738,0.0,7.788252798345383,7.788219926934043,-3.2871411339563394e-05,2973.0,2972.0,-1.0,151.09954181184256,151.0597596487057,-0.03978216313686289
3.1164379626282335,57,9,0.41365660387851017,5108.883678167464,5108.547883494296,-0.3357946731675838,11.62618664565543,11.62618664565543,0.0,7.256631798000781,7.25643228821491,-0.00019950978587068846,1740.0,1740.0,0.0,97.99617051619168,98.00731104504523,0.011140528853545106,0.4731165563261789,9906.648396126611,9906.092611073662,-0.5557850529494317,13.054737382941532,13.054737382941532,0.0,7.791064224690326,7.791052316675719,-1.190801460726476e-05,2965.0,2966.0,1.0,152.77388197089184,152.76552144149244,-0.00836052939939691
3.1164379626282335,57,10,0.21880252862003322,5363.6062698550095,5363.587978550531,-0.018291304478225356,11.772620057643453,11.77261997000097,-8.76424817164434e-08,7.27816416244594,7.2782794707865115,0.00011530834057182915,1773.0,1774.0,1.0,102.22640101298083,102.2008710438101,-0.02552996917073358,0.3056537622610857,9642.196718760353,9642.729185527705,0.5324667673521617,12.895323854199535,12.895323854199535,0.0,7.789236052461453,7.789320131708587,8.40792471343832e-05,2939.0,2937.0,-2.0,146.3164967890952,146.32097108262622,0.0044742935310182474
3.1164379626282335,57,11,0.25854207594063816,5178.863875980654,5177.042963115579,-1.820912865074206,10.330681772629495,10.330681772629495,0.0,7.2507610249807115,7.250715955411302,-4.506956940986129e-05,1716.0,1716.0,0.0,98.15489422492202,98.10768356114626,-0.047210663775757666,0.4827999705734839,9593.286211351256,9591.505528537698,-1.7806828135580872,13.836793392729227,13.836793392729227,0.0,7.782140839640671,7.7822315309199075,9.069127923666542e-05,2958.0,2961.0,3.0,148.013036108936,147.9696277640636,-0.04340834487240386
3.1164379626282335,57,12,0.27789755704345886,5187.696486283616,5187.415255929402,-0.2812303542141308,9.724710095331906,9.724710095331906,0.0,7.264042636311296,7.2639392186375344,-0.0001034176737615411,1742.0,1742.0,0.0,98.3305794837338,98.33304514691773,0.002465663183926381,0.42094530753113546,9760.681752015631,9761.209736224248,0.5279842086165445,12.333190215442373,12.333189126169312,-1.0892730610834178e-06,7.78334141198591,7.7832513667770735,-9.004520883681977e-05,2944.0,2943.0,-1.0,151.05769062910773,151.08233762556551,0.024646996457789783
3.1164379626282335,57,13,0.40985731064826714,5241.994574068656,5242.965713432224,0.9711393635679997,10.929100299350466,10.929099777627403,-5.217230629739333e-07,7.246379532380788,7.246129785184088,-0.00024974719669934586,1728.0,1728.0,0.0,102.38028169296688,102.44403407701996,0.06375238405308892,0.5029028844356991,9912.631035481681,9912.743244320838,0.11220883915666491,11.655392168566229,11.655392168566229,0.0,7.7930681098418795,7.7931485356238435,8.042578196398864e-05,2954.0,2954.0,0.0,151.80439348846429,151.79136976603317,-0.013023722431114493
3.1164379626282335,57,14,0.40957653767910085,5134.3406469892525,5134.862978620113,0.522331630860208,10.798213475273858,10.798213475273858,0.0,7.243665494718702,7.243730456314317,6.496159561564241e-05,1721.0,1721.0,0.0,99.5264571721983,99.52929317134786,0.0028359991495534587,0.6635927168094378,9680.938497930812,9681.989585850853,1.0510879200410272,13.404649226843985,13.404649226843985,0.0,7.7772765581305165,7.77729227434991,1.5716219393446806e-05,2947.0,2947.0,0.0,150.30960392293574,150.32990812439806,0.02030420146232359
3.1164379626282335,57,15,0.27866456503206277,5253.732340306661,5252.808499324627,-0.9238409820345623,10.560502075533835,10.560505710392317,3.6348584817602614e-06,7.224296272853336,7.224283211796603,-1.3061056733043586e-05,1706.0,1707.0,1.0,105.94875222886452,105.90791698179197,-0.040835247072550374,0.3000110788253949,9734.910418692332,9734.061125560162,-0.8492931321707147,13.208114955199163,13.208114955199163,0.0,7.777103782087895,7.777139111401124,3.532931322869359e-05,2937.0,2937.0,0.0,152.96831913747246,152.96009727485978,-0.008221862612685982
3.2574789443957304,58,0,0.6409039326270276,5441.471904676534,5440.527277229044,-0.9446274474903475,13.59903292409157,13.61329715800057,0.014264233908999557,7.244663623859742,7.244515862703192,-0.0001477611565494641,1718.0,1718.0,0.0,107.9387540875515,107.91731362313566,-0.02144046441584635,0.3663886913824579,10242.135971766269,10240.091011752138,-2.044960014130993,12.30892653322516,12.30892653322516,0.0,7.79146079092261,7.791385557812714,-7.523310989565601e-05,2963.0,2962.0,-1.0,160.40150360896286,160.39693313692814,-0.004570472034714612
3.2574789443957304,58,1,0.21733128425999515,5489.239954293382,5488.861488751837,-0.378465541544756,11.348647129788649,11.348647129788649,0.0,7.262209355447099,7.2620216977463246,-0.00018765770077422417,1748.0,1747.0,-1.0,107.71445628404874,107.71849834563707,0.00404206158833631,0.6376298871829305,10245.61641254937,10245.548565632784,-0.06784691658685915,15.672426037792693,15.672426037792693,0.0,7.796502280452872,7.796497124604091,-5.15584878080233e-06,2986.0,2986.0,0.0,160.41062279455653,160.41533881811415,0.004716023557620019
3.2574789443957304,58,2,0.6907724238229833,5355.242286713998,5354.880715628625,-0.361571085372816,11.755839695514922,11.75583969551421,-7.123190925995004e-13,7.241606413476057,7.241562094869183,-4.431860687414968e-05,1708.0,1710.0,2.0,106.12221671020666,106.12013053859431,-0.002086171612347698,0.5220365923082106,10294.821510594695,10293.776694777984,-1.0448158167109796,12.957813265803752,12.957813265803752,0.0,7.803880610518533,7.8038993373895265,1.872687099346848e-05,2999.0,2998.0,-1.0,159.4535406786604,159.42205944597796,-0.031481232682438076
3.2574789443957304,58,3,0.4460127755962825,5357.31640054972,5356.855798388477,-0.4606021612435143,11.675170744625508,11.67517083226799,8.76424817164434e-08,7.229076695149065,7.229180686629302,0.00010399148023765292,1697.0,1697.0,0.0,109.56844617626616,109.51298693046978,-0.05545924579638495,0.33867642137733556,10084.786499809417,10083.71746002681,-1.0690397826074332,13.048714447464807,13.048714447464807,0.0,7.771559092975419,7.771517698571832,-4.1394403587524664e-05,2931.0,2931.0,0.0,161.15684589625144,161.15197557613752,-0.004870320113923299
3.2574789443957304,58,4,0.4106371161242406,5609.499962885095,5609.989398143713,0.48943525861795933,13.469472189732674,13.469472189732674,0.0,7.274438021084866,7.274452794174916,1.4773090049935433e-05,1751.0,1752.0,1.0,110.08635401557981,110.10694756953784,0.020593553958022426,0.32258815786459905,10114.543144241343,10113.671374492373,-0.8717697489701095,14.41206840963734,14.41206840963734,0.0,7.770474693989938,7.770364982299168,-0.000109711690769565,2917.0,2916.0,-1.0,162.75193076782944,162.75746829883204,0.005537531002602236
3.2574789443957304,58,5,0.2581068801493804,5625.506649794432,5624.398347872452,-1.108301921979546,11.703460399185394,11.703460399185394,0.0,7.264763576216155,7.2648798798735355,0.00011630365738035664,1765.0,1765.0,0.0,111.9212281816123,111.88135503574733,-0.03987314586497348,0.5818819230200437,10203.89190487183,10202.855575026886,-1.036329844944703,14.4433161247929,14.4433161247929,0.0,7.77859859790027,7.778703387973921,0.00010479007365038484,2951.0,2951.0,0.0,163.4223358369039,163.3531993835929,-0.06913645331098905
3.2574789443957304,58,6,0.38774326400986947,5456.5599668137065,5456.579517248198,0.01955043449106597,11.6345665912846,11.6345665912846,0.0,7.232990467294072,7.233067443888202,7.697659412997382e-05,1714.0,1715.0,1.0,110.23492108026771,110.21980536699428,-0.015115713273431197,0.6559746185030186,10233.918644774887,10233.840520526872,-0.07812424801522866,13.594350595370983,13.501461547956142,-0.09288904741484139,7.799141525246311,7.79922398247889,8.245723257882531e-05,3013.0,3012.0,-1.0,161.6040166108631,161.58345226509795,-0.02056434576516608
3.2574789443957304,58,7,0.33620300417219956,5435.056968490928,5436.326088920871,1.2691204299435412,12.784071291342244,12.784080736578712,9.445236468508256e-06,7.248128219564878,7.248368381184044,0.00024016161916584622,1732.0,1732.0,0.0,109.25174614350574,109.23961856352851,-0.012127579977232017,0.3360724169798537,10288.620126453896,10289.470568329562,0.8504418756656378,13.519632581706556,13.519632581706556,0.0,7.794972160422301,7.795060892171795,8.873174949464158e-05,2995.0,2995.0,0.0,161.97058409749062,161.99064534712963,0.020061249639013568
3.2574789443957304,58,8,0.4272118871780276,5407.221369464351,5407.811436267567,0.5900668032163594,11.354410162561281,11.354410162561281,0.0,7.270421161313687,7.270481037252724,5.987593903711286e-05,1734.0,1732.0,-2.0,103.54083227888651,103.52467107598142,-0.016161202905095706,0.31147547110251594,10115.979969694068,10116.314713084019,0.33474338995074504,14.082000153007064,14.081998957567517,-1.195439546464172e-06,7.780964304806261,7.780880871332713,-8.343347354777819e-05,2954.0,2954.0,0.0,160.049309129271,160.09425816587833,0.04494903660733485
3.2574789443957304,58,9,0.21654363984880948,5437.644181181693,5437.407724693044,-0.2364564886493099,11.34743000798117,11.34743000798117,0.0,7.256530563888393,7.256624128969788,9.356508139557462e-05,1720.0,1720.0,0.0,105.69697433309214,105.66616615589196,-0.030808177200185582,0.42744219840001096,10325.580468107217,10325.540581828107,-0.039886279109850875,14.041192028960188,14.041288140612249,9.611165206102612e-05,7.793172386144629,7.79318637354816,1.3987403530535403e-05,2971.0,2973.0,2.0,162.46143199782065,162.4696344993899,0.008202501569257947
3.2574789443957304,58,10,0.24544802240120145,5387.830077183563,5386.476011100941,-1.354066082622012,11.487276384273153,11.487275565591691,-8.186814621780059e-07,7.238870625089293,7.239112484021458,0.0002418589321653286,1711.0,1710.0,-1.0,108.39010781415458,108.30408088903708,-0.0860269251174941,0.23958420572159034,10013.978099360802,10012.782342010436,-1.195757350365966,12.896688069030212,12.89668805716926,-1.186095133220988e-08,7.791953515395427,7.792041659983349,8.814458792194557e-05,2991.0,2991.0,0.0,156.64394634920393,156.58700513423764,-0.05694121496628668
3.2574789443957304,58,11,0.23456167174377865,5485.841877381874,5484.107315561,-1.7345618208737505,10.536099656537408,10.536099656537019,-3.8902214782865485e-13,7.236695255918921,7.236874766885644,0.00017951096672330635,1689.0,1689.0,0.0,108.99029355669437,108.90517903121251,-0.08511452548185616,0.44491896883045107,10105.97175146714,10104.281319903403,-1.690431563736638,13.580164824291792,13.580164824291792,0.0,7.785596883875817,7.78566060149841,6.37176225932734e-05,2946.0,2946.0,0.0,159.06300871017766,159.00720523536717,-0.05580347481048875
3.2574789443957304,58,12,0.7355564381954109,5519.225467172957,5518.573895649764,-0.6515715231926151,11.918319682026851,11.918319681972786,-5.406519676398602e-11,7.239277405046299,7.2394066217044015,0.00012921665810239347,1722.0,1721.0,-1.0,111.4991731323158,111.45505849725392,-0.04411463506188795,0.41321486607286073,10327.412726881652,10326.471213031746,-0.9415138499061868,14.632347581175537,14.63234758117497,-5.666578317686799e-13,7.770346137770133,7.77032750167387,-1.86360962626253e-05,2918.0,2917.0,-1.0,166.9117761450375,166.8916492826063,-0.02012686243119788
3.2574789443957304,58,13,0.33918884587671044,5409.214838611117,5409.800895810956,0.5860571998391606,12.466621060773766,12.466621047400391,-1.3373375296055201e-08,7.257180656374755,7.257290774014175,0.00011011763941937147,1727.0,1727.0,0.0,106.05352814015926,106.0484718300563,-0.00505631010295815,0.36212479929528596,10099.974973908884,10100.872010565832,0.8970366569483303,13.070970653540284,13.070961934487936,-8.719052347672118e-06,7.783712459135583,7.783693804316409,-1.8654819174734882e-05,2962.0,2961.0,-1.0,158.78715146098185,158.7801275553432,-0.007023905638646966
3.2574789443957304,58,14,0.5687549431027468,5380.113867332053,5380.362666673052,0.2487993409995397,13.105156075948283,13.105156075948283,0.0,7.233497912842396,7.233629576607976,0.00013166376557993686,1700.0,1700.0,0.0,108.17032622719034,108.10896451913949,-0.06136170805085328,0.781074683800228,10084.11830072932,10084.852581768548,0.7342810392274259,13.299874697598373,13.299874697598378,5.329070518200751e-15,7.791273738204135,7.791357655990458,8.391778632343971e-05,2971.0,2971.0,0.0,157.46251533285104,157.4915988735879,0.029083540736849045
3.2574789443957304,58,15,0.6515237692955698,5447.823225676028,5446.190151818794,-1.6330738572341943,12.326879895308673,12.326879895308673,0.0,7.256873757370156,7.256948893811958,7.513644180257018e-05,1737.0,1739.0,2.0,106.9321474176822,106.88494838640602,-0.04719903127617897,0.36791179763241677,10167.6321035237,10165.706393749137,-1.9257097745630745,13.405077777796903,13.405077777796903,0.0,7.782961124491272,7.782927807296407,-3.331719486432405e-05,2956.0,2955.0,-1.0,161.84867488275307,161.81352173041682,-0.035153152336249605
3.404903033664961,59,0,0.6636272328607499,5785.342504910018,5785.661351644499,0.31884673448075773,12.263430112563277,12.263430112563277,0.0,7.252340078959211,7.252210175815415,-0.00012990314379557333,1743.0,1743.0,0.0,118.6926707210897,118.724938734764,0.032268013674297436,0.3103269480458789,10551.290769543952,10551.082479128383,-0.20829041556862649,11.920731610345916,11.920731610356974,1.1057821325266559e-11,7.7852399998145465,7.785142519618289,-9.748019625721582e-05,2956.0,2954.0,-2.0,167.62093849476747,167.65524667165496,0.034308176887492436
3.404903033664961,59,1,0.5937730515262603,5741.884214503812,5741.369629618687,-0.51458488512435,13.821547849456776,13.821547834378338,-1.5078438053706122e-08,7.251491527045583,7.251494719072696,3.1920271128527133e-06,1728.0,1727.0,-1.0,116.97840321759608,116.97946490709548,0.001061689499394447,0.588615132324178,10391.820062944826,10390.470051074328,-1.3500118704978377,13.354398088152228,13.354398088152228,0.0,7.80355076409314,7.803496191827305,-5.457226583516217e-05,2990.0,2990.0,0.0,162.58082394444574,162.54066623916532,-0.040157705280421396
3.404903033664961,59,2,0.3031700213837734,5766.0885252440585,5765.207089218601,-0.881436025457333,14.160871227728505,14.160871201331096,-2.639740870336027e-08,7.24340032281842,7.24345604440474,5.572158631927948e-05,1713.0,1713.0,0.0,118.66368277060394,118.63585873696223,-0.027824033641707047,0.4852211614604624,10405.419782984614,10404.64386302277,-0.7759199618449202,11.959330387661979,11.959330387661977,-1.7763568394002505e-15,7.7754577408197525,7.775426621190756,-3.111962899637888e-05,2942.0,2940.0,-2.0,168.01058788494947,167.9894707466284,-0.02111713832107398
3.404903033664961,59,3,0.21655189380243478,5826.84211656525,5826.623083698358,-0.2190328668921211,12.350062548898286,12.350062548898286,0.0,7.254557761339499,7.254728926911081,0.00017116557158214363,1734.0,1734.0,0.0,119.38760998168755,119.33320235660366,-0.05440762508388275,0.311245991123258,10894.225830352978,10893.676921051121,-0.5489093018568383,16.664357865221803,16.664357865221803,0.0,7.80124729857824,7.801152619664865,-9.467891337511247e-05,3017.0,3017.0,0.0,175.75361433918687,175.76499991113894,0.01138557195207568
3.404903033664961,59,4,0.6376458769892428,5844.609763734754,5844.0080418660555,-0.6017218686984052,12.210552471040803,12.210552471040803,0.0,7.253086784514419,7.253110634915186,2.3850400766356472e-05,1723.0,1722.0,-1.0,118.85112567594577,118.8313260627199,-0.01979961322587087,0.3363498123715304,10832.168385920744,10831.997070584132,-0.17131533661267895,15.20858770419031,15.20858770419031,0.0,7.793267955060259,7.793322631956982,5.467689672311593e-05,2991.0,2990.0,-1.0,176.4662720739379,176.4242033204126,-0.042068753525285274
3.404903033664961,59,5,0.5171075679453483,5873.828169711506,5873.29939422673,-0.5287754847759061,14.415626757682478,14.415626757682478,0.0,7.249732325759957,7.249651062501657,-8.126325829937997e-05,1727.0,1726.0,-1.0,121.8816654934886,121.8608528898275,-0.02081260366109916,0.34829323949973745,10674.93361525159,10674.611178586472,-0.32243666511749325,13.258926506456929,13.258926506456929,0.0,7.7844930378431805,7.7845613874080115,6.834956483103838e-05,2974.0,2972.0,-2.0,174.20602549276867,174.19686817469247,-0.009157318076205456
3.404903033664961,59,6,0.34636226236468326,5726.131015947478,5725.73843073251,-0.39258521496776666,11.902111472711312,11.902111730790002,2.5807869086236224e-07,7.273567773708232,7.273381527956957,-0.0001862457512746829,1760.0,1759.0,-1.0,112.96797869906673,112.96833491102296,0.00035621195623036783,0.543337605111331,10780.818737162239,10781.255808804475,0.437071642236333,15.100086179690443,15.100086179687775,-2.668087972779176e-12,7.785749347236737,7.785874224295987,0.00012487705924968395,2962.0,2962.0,0.0,176.30967240971592,176.29712919378198,-0.012543215933931151
3.404903033664961,59,7,0.28473736016515283,5663.901759875154,5663.93062163066,0.028861755506113695,11.857324315988068,11.857324315988068,0.0,7.245738947206236,7.245855666909637,0.00011671970340021431,1717.0,1716.0,-1.0,114.23963707655689,114.19049440934776,-0.04914266720912508,0.22845963429310412,10844.112854180643,10844.43488235836,0.3220281777175842,16.63897465826004,16.63897465826004,0.0,7.794145877753234,7.794166260063417,2.0382310182753827e-05,2967.0,2968.0,1.0,174.26426344849764,174.26452931605928,0.00026586756163737846
3.404903033664961,59,8,0.2865007438569624,5753.429980815123,5753.0072768254895,-0.42270398963319167,11.701427327009169,11.701427326967028,-4.214051330109214e-11,7.241651000508652,7.241826322017919,0.00017532150926680146,1709.0,1709.0,0.0,118.71095187719455,118.67618950147025,-0.03476237572429852,0.564893042534398,10753.759303884864,10753.962875104087,0.20357121922279475,15.297091798154213,15.297091798154213,0.0,7.785817557626057,7.785822073667704,4.516041647306679e-06,2969.0,2968.0,-1.0,175.3060216119538,175.3361417735931,0.030120161639302978
3.404903033664961,59,9,0.26478515387335566,5715.216759428974,5714.192478386286,-1.024281042688017,12.714770083240495,12.714770083240495,0.0,7.247909040422022,7.247938235552397,2.919513037458188e-05,1719.0,1719.0,0.0,115.04427224854639,114.9766793211709,-0.06759292737548606,0.39866332083080913,10751.483085562804,10750.678723627538,-0.8043619352665701,13.890014843055587,13.890014843055587,0.0,7.7872066849798856,7.7873264058153415,0.00011972083545597201,2950.0,2951.0,1.0,174.70307666780593,174.65756567056204,-0.045510997243894735
3.404903033664961,59,10,0.29011476950488047,5593.021279223285,5592.714741225367,-0.3065379979179852,11.71354737680278,11.71354737680278,0.0,7.2322778834519745,7.232339584476201,6.170102422675683e-05,1690.0,1691.0,1.0,114.46103026717381,114.44032355542453,-0.020706711749284068,0.564556880172782,10673.91613195058,10673.585187734507,-0.3309442160734761,13.581108670200788,13.581108670200788,0.0,7.793776768209242,7.7937807165604776,3.948351235294467e-06,2998.0,2997.0,-1.0,171.69382831006502,171.72491011862985,0.031081808564835
3.404903033664961,59,11,0.5337839402317563,5663.85309770524,5662.30469135666,-1.5484063485791921,11.167833037948608,11.167835022733533,1.984784924857763e-06,7.2484839888814285,7.248346970279824,-0.00013701860160431067,1725.0,1725.0,0.0,114.88828011888398,114.83696596321579,-0.05131415566819442,0.5373826727803072,10679.39283341599,10677.895369859918,-1.4974635560720344,15.290887296640328,15.290887296640328,0.0,7.774400163420156,7.774435520089341,3.535666918530467e-05,2932.0,2932.0,0.0,175.05449200200235,174.99628286592224,-0.05820913608010869
3.404903033664961,59,12,0.4930353544231622,5721.317441299221,5720.911686615038,-0.4057546841831936,13.064300554623514,13.064300554623511,-3.552713678800501e-15,7.245900480223799,7.245747658521454,-0.0001528217023452072,1721.0,1720.0,-1.0,116.74543780242293,116.74536375738758,-7.404503534758078e-05,0.4189938086401633,10549.183108813972,10548.228198511746,-0.9549103022254712,14.904165219453427,14.904165219453427,0.0,7.783170810067738,7.783240526389758,6.971632201935307e-05,2964.0,2965.0,1.0,171.29285728206642,171.28718417117778,-0.0056731108886367565
3.404903033664961,59,13,0.5496789610281412,5628.693335158365,5627.612738589252,-1.0805965691124584,11.411050394111504,11.301297667298925,-0.10975272681257842,7.24557968761333,7.245533224336763,-4.6463276566655054e-05,1704.0,1704.0,0.0,112.10868860205973,112.0686662863547,-0.040022315705030564,0.6635857337972471,10745.201643616128,10743.676869592806,-1.5247740233226068,13.665078177447784,13.665078177447784,0.0,7.7766444441040985,7.776576155033309,-6.82890707892625e-05,2965.0,2965.0,0.0,177.21444341335848,177.17365704316617,-0.040786370192307686
3.404903033664961,59,14,0.32441790656765923,5662.896218220963,5664.203854776586,1.3076365556225937,12.9810585264483,12.9810585264483,0.0,7.253113785675348,7.253196584157752,8.279848240455578e-05,1717.0,1717.0,0.0,113.6195049057661,113.66386217294927,0.04435726718315891,0.36423058497403493,10860.208679303298,10861.317885643044,1.109206339746379,12.89160604387932,12.927772148631774,0.0361661047524553,7.807508962092925,7.807471844082109,-3.711801081607291e-05,3017.0,3016.0,-1.0,173.12386253414763,173.18213614696,0.05827361281237131
3.404903033664961,59,15,0.4439498660945113,5760.772847614391,5760.733180613475,-0.03966700091586972,12.882786589513966,12.882786589513966,0.0,7.25548097401253,7.255611074542446,0.0001301005299163549,1735.0,1736.0,1.0,117.39346660861403,117.39856441572883,0.005097807114793795,0.32677367194575024,10561.273721522979,10561.179796984738,-0.09392453824148106,14.337510193754678,14.337510172842347,-2.091233142209603e-08,7.776963745663201,7.777030661105405,6.69154422041629e-05,2963.0,2963.0,0.0,172.05791702345218,172.01958552914635,-0.03833149430582239
3.5589991114467354,60,0,0.3103546263167686,5864.910182984115,5865.974934650955,1.0647516668404933,11.90935927639144,11.90935927639144,0.0,7.234241201812955,7.234051978675357,-0.00018922313759794918,1690.0,1690.0,0.0,122.89001083374784,122.95020301855354,0.06019218480570032,0.5266531640713474,11062.416873024134,11063.184305065826,0.7674320416917908,14.432817341754696,14.432817341754696,0.0,7.780497543282589,7.7805509236607495,5.338037816038366e-05,2948.0,2948.0,0.0,183.8214497879493,183.8588456654552,0.0373958775059009
3.5589991114467354,60,1,0.5449421913045133,5775.268789678759,5776.405212885176,1.136423206417021,12.518698782267556,12.518681194405039,-1.758786251748745e-05,7.23274559878354,7.232738613793983,-6.984989556535481e-06,1693.0,1694.0,1.0,120.53053444249363,120.55549910808628,0.024964665592648316,0.44482389979978365,11086.516635093856,11087.223150038426,0.7065149445697898,14.424685326358633,14.424685326358633,0.0,7.775498945193109,7.775566883988629,6.793879552002835e-05,2948.0,2948.0,0.0,186.2148218391767,186.1908477817234,-0.02397405745330161
3.5589991114467354,60,2,0.3143543981171519,5917.78150139255,5917.405509048144,-0.3759923444058586,11.987927483132212,11.986868027439305,-0.0010594556929071075,7.243436545410959,7.243420759702025,-1.5785708933790943e-05,1713.0,1715.0,2.0,123.71050831729558,123.69057579207684,-0.01993252521873501,0.519044057773161,11234.862313167103,11233.213056091347,-1.6492570757563954,14.230434925475047,14.230434925475047,0.0,7.791600258517349,7.791694790019199,9.453150185034787e-05,2988.0,2988.0,0.0,186.4933776975322,186.45168128403367,-0.04169641349852782
3.5589991114467354,60,3,0.4651170707373548,6001.333746209197,6000.507280459127,-0.8264657500694739,13.128695907311748,13.128695907311748,0.0,7.252410310926446,7.252406543257778,-3.7676686677201587e-06,1729.0,1728.0,-1.0,125.27008313204118,125.30528302724782,0.03519989520664524,0.48191020504074744,10992.832405386127,10991.25457016057,-1.577835225556555,13.3985727607259,13.3985727607259,0.0,7.765733465518414,7.765808448852072,7.498333365774101e-05,2908.0,2909.0,1.0,184.4313587400718,184.38955644822545,-0.04180229184635209
3.5589991114467354,60,4,0.6376266484085027,5745.664429324124,5745.026320973931,-0.6381083501928515,12.100264551950707,12.098334097814595,-0.0019304541361115923,7.227880425757274,7.228114456670115,0.00023403091284102118,1679.0,1679.0,0.0,119.00172359740144,118.94608738700617,-0.055636210395263674,0.4106295674836902,11344.681786297824,11343.338227494502,-1.343558803322594,14.9846783642369,15.09218581619927,0.10750745196236977,7.800253060164261,7.800240144774699,-1.2915389561385382e-05,2996.0,2995.0,-1.0,186.42490954572406,186.4213708628929,-0.003538682831162987
3.5589991114467354,60,5,0.20363887171973685,5942.210641799622,5941.930439560292,-0.28020223932981025,13.050855810184801,13.050855810184801,0.0,7.266723835342978,7.266589584870948,-0.00013425047202986207,1754.0,1754.0,0.0,121.3238324030922,121.34056258597982,0.01673018288762762,0.3361879515314272,11082.35577181337,11082.246106778366,-0.10966503500458202,13.70969609373688,13.709433618252257,-0.00026247548462343673,7.779789527450124,7.779811502547295,2.1975097171278435e-05,2951.0,2951.0,0.0,184.13149646970425,184.14805111461803,0.016554644913782113
3.5589991114467354,60,6,0.37244914868980067,6004.84306959688,6005.601360324438,0.7582907275582329,13.207279069821936,13.207279069821936,0.0,7.2541703698790565,7.2542922901794356,0.00012192030037905255,1729.0,1728.0,-1.0,124.16010134525953,124.20556212169993,0.04546077644039315,0.32234680596218834,11113.887547245944,11114.429968749213,0.5424215032689972,17.30142243055571,17.301422430544953,-1.0757617019407917e-11,7.781902994380351,7.781873564994583,-2.942938576833143e-05,2987.0,2987.0,0.0,185.91079752979604,185.9284735362956,0.01767600649955625
3.5589991114467354,60,7,0.4425676444487342,6052.1862697152865,6051.598511194818,-0.587758520468924,12.767157454911356,12.767157454911356,0.0,7.247512347212433,7.247882361929161,0.0003700147167275958,1723.0,1724.0,1.0,127.13291881262079,127.0787777693214,-0.05414104329938141,0.36399439333936306,11396.383639209747,11394.905306984601,-1.478332225146005,15.35723764192876,15.35723764192876,0.0,7.7937725580991914,7.793873889814228,0.00010133171503667882,2982.0,2984.0,2.0,188.23083991454465,188.15150993888415,-0.07932997566049949
3.5589991114467354,60,8,0.2839343325876258,5852.439355496448,5851.382716521233,-1.0566389752148098,12.283646685618795,12.283646685618795,0.0,7.249143622141606,7.2493319218201355,0.00018829967852962426,1728.0,1729.0,1.0,120.09901444373085,120.02973161635525,-0.0692828273756021,0.38278906080413266,11231.408123827465,11230.38814845616,-1.019975371304099,13.843409760014799,13.843409760014799,0.0,7.778105279532212,7.778065384044727,-3.989548748428717e-05,2944.0,2943.0,-1.0,187.0792730826901,187.0582086397136,-0.021064442976495457
3.5589991114467354,60,9,0.38575758539899796,5920.454834670055,5920.023572754824,-0.431261915230607,13.063295533812054,13.063295533812054,0.0,7.250039297505545,7.2496362559448375,-0.0004030415607072513,1707.0,1707.0,0.0,121.27231876868716,121.35642520699662,0.08410643830946185,0.2706213904695679,11106.865358803178,11106.495096568777,-0.37026223440079775,13.20073586441683,13.200735864416975,1.4566126083082054e-13,7.786821046593647,7.786709261781498,-0.00011178481214901836,2984.0,2984.0,0.0,184.2886167268226,184.29716367752138,0.008546950698786304
3.5589991114467354,60,10,0.35570042235264276,5878.2831615492405,5879.663308127704,1.3801465784636093,12.29614973318825,12.296149733178265,-9.984901794268808e-12,7.237288676438902,7.237109519257703,-0.00017915718119887458,1702.0,1702.0,0.0,122.28803907415826,122.37553130953748,0.0874922353792158,0.8780778878330286,11145.298202002852,11146.778328764638,1.4801267617858684,13.998233633396918,13.998233633303132,-9.378631204981502e-11,7.805034492428642,7.805076987058268,4.249462962579997e-05,3006.0,3005.0,-1.0,180.4401160243549,180.46175788288,0.021641858525100588
3.5589991114467354,60,11,0.5174963072542108,5906.281628199904,5904.669839489759,-1.6117887101445376,11.884337845999214,11.88434192349722,4.077498005017333e-06,7.240071133156031,7.240250680051998,0.00017954689596777484,1698.0,1697.0,-1.0,122.12821108009068,122.04482835907413,-0.08338272101654809,0.5735365375567725,11323.324063185002,11322.75360857943,-0.5704546055712854,14.329622463563735,14.329622463563735,0.0,7.788943294824314,7.7888810527977705,-6.224202654347977e-05,2976.0,2975.0,-1.0,186.86815684354286,186.88362992254008,0.015473078997217726
3.5589991114467354,60,12,0.3390693410550779,5863.039006644346,5862.12538155893,-0.9136250854162427,13.303869950840248,13.303869950840248,0.0,7.217825096572608,7.218029444764369,0.00020434819176085028,1678.0,1677.0,-1.0,124.25175602203603,124.19136261024737,-0.06039341178866664,0.3103818689651189,10945.756047154762,10944.300521716596,-1.45552543816666,15.049882276924778,15.022432121004593,-0.027450155920185182,7.78070086436498,7.780743588721382,4.272435640206851e-05,2933.0,2932.0,-1.0,180.4013220248539,180.355208545201,-0.046113479652888145
3.5589991114467354,60,13,0.5220544386772126,5978.496674982906,5977.9325600609955,-0.5641149219109138,11.182223637898353,11.31694256798627,0.13471893008791724,7.243947696267127,7.243850226252669,-9.747001445781223e-05,1696.0,1696.0,0.0,123.82208918401773,123.81190281298278,-0.010186371034947683,0.4274247739419509,11127.283356452088,11127.10362134575,-0.17973510633783008,15.617581461148644,15.617581461148644,0.0,7.775063718437376,7.775114448615192,5.073017781676015e-05,2911.0,2912.0,1.0,186.85062894219115,186.8325410488034,-0.01808789338775796
3.5589991114467354,60,14,0.23247043229628273,5908.378387711997,5909.3360517570045,0.9576640450077321,12.362806091869585,12.362805628575027,-4.6329455827276433e-07,7.252024982900604,7.252053744241942,2.8761341337890656e-05,1712.0,1712.0,0.0,120.37971231606096,120.37395427917276,-0.005758036888195761,0.6696672766097268,10866.397602867195,10866.968904933117,0.571302065922282,13.602773415826451,13.602773415826451,0.0,7.771867141560204,7.771827210235558,-3.9931324645969823e-05,2899.0,2899.0,0.0,178.93000065288152,178.97960154089847,0.04960088801695406
3.5589991114467354,60,15,0.24459575354995283,5847.663795273624,5847.625684818002,-0.038110455621790607,12.61522797070652,12.615227970706478,-4.263256414560601e-14,7.2408457396685,7.241048399941548,0.0002026602730476057,1714.0,1714.0,0.0,122.44119788514338,122.39280444706718,-0.048393438076203665,0.6244851958719659,11056.893228805828,11056.544694454824,-0.34853435100376373,14.55481421785402,14.55524800935528,0.0004337915012602167,7.7827283362739585,7.782694272869209,-3.406340474931824e-05,2940.0,2941.0,1.0,182.7375505088774,182.74887140622056,0.011320897343154002
3.7200691326721116,61,0,0.2629750691777613,6395.094291550555,6394.258813744635,-0.8354778059201635,14.141492659126246,14.141492659126245,-1.7763568394002505e-15,7.272309524969582,7.272351550355359,4.202538577668946e-05,1762.0,1762.0,0.0,134.9076912939945,134.8751360471324,-0.03255524686210265,0.31857995578004983,11595.682838747845,11594.587009225725,-1.0958295221207663,14.544927322142634,14.544927322142634,0.0,7.79435199252762,7.7943051269520085,-4.6865575611398924e-05,2977.0,2976.0,-1.0,193.99079475601607,193.9832242105538,-0.007570545462272094
3.7200691326721116,61,1,0.42641986599719905,6142.3775928921,6141.602526192284,-0.7750666998163069,14.15529680565668,14.15529680565666,-2.1316282072803006e-14,7.229972621671608,7.229985023103334,1.2401431725983514e-05,1689.0,1689.0,0.0,132.59020273632868,132.54783365711876,-0.04236907920991939,0.2718378938697069,11668.672106165443,11668.240376917658,-0.4317292477844603,16.17127058198862,16.17127058198862,0.0,7.77903261579959,7.778987132538032,-4.548326155795479e-05,2963.0,2962.0,-1.0,200.46949203714505,200.4590527831302,-0.010439254014841026
3.7200691326721116,61,2,0.4026610475469876,6221.880571034286,6221.997928135494,0.11735710120774456,12.987836748470697,12.987836748470697,0.0,7.23311632328314,7.233004922312349,-0.00011140097079032074,1702.0,1702.0,0.0,133.18239336142273,133.1931638502399,0.010770488817172463,0.5837756754964463,11773.483289612479,11773.483541239895,0.0002516274162189802,14.74932883076702,14.74932883076702,0.0,7.795295568686832,7.795310090685639,1.4521998807026648e-05,2995.0,2995.0,0.0,197.01272565226301,197.02295822601423,0.010232573751210339
3.7200691326721116,61,3,0.41070708459475574,6142.912359311125,6143.140427597846,0.22806828672037227,13.196203884228117,13.196203880200134,-4.027983280252556e-09,7.245386213368235,7.2453581080701905,-2.8105298044422966e-05,1714.0,1714.0,0.0,130.3232925324684,130.3297151467665,0.006422614298088547,0.4274173010086254,11518.404939024793,11517.910094561572,-0.494844463220943,14.9878432423976,14.9878432423976,0.0,7.792881431058158,7.7928084827965405,-7.294826161707846e-05,2992.0,2991.0,-1.0,192.57731432694698,192.60798484173802,0.03067051479104066
3.7200691326721116,61,4,0.2875492358940821,6445.211424576227,6444.625787910688,-0.5856366655389138,14.044414924346684,14.044414924346684,0.0,7.271919995291727,7.271836003384159,-8.399190756769315e-05,1764.0,1765.0,1.0,135.55904015681094,135.5417634624097,-0.017276694401232362,0.32303863872113164,11745.670931085959,11745.011874275591,-0.6590568103674741,17.24950391755598,17.249463670953546,-4.024660243473477e-05,7.807793798950372,7.8077829420865585,-1.0856863813302198e-05,3048.0,3049.0,1.0,195.83780997635967,195.84187455139985,0.004064575040189311
3.7200691326721116,61,5,0.5434330261288906,6095.831552819498,6096.694587693311,0.8630348738133762,13.147377703218352,13.147377703218352,0.0,7.220053043718357,7.219974944950827,-7.809876753039902e-05,1678.0,1678.0,0.0,131.6796173633322,131.72870997932847,0.04909261599627257,0.22166169833818947,11773.464801282327,11774.039737048932,0.5749357666045398,18.222313705183442,18.22231370518343,-1.0658141036401503e-14,7.800476223505138,7.80031733886652,-0.00015888463861735147,3005.0,3005.0,0.0,198.69055541605888,198.73427369795414,0.043718281895252176
3.7200691326721116,61,6,0.21079882237384767,6198.590804878201,6198.0429580911605,-0.5478467870407258,15.060115886278782,15.060115886201995,-7.678657709675463e-11,7.24732596023658,7.247234802817223,-9.115741935694643e-05,1723.0,1722.0,-1.0,131.92531916041978,131.91325598232996,-0.012063178089817939,0.6718874624687969,11236.2177353256,11235.789607552237,-0.4281277733625757,16.035035624137333,16.035035624137333,0.0,7.761060620453364,7.761126437663191,6.581720982712369e-05,2894.0,2895.0,1.0,191.44656689172683,191.40991549342627,-0.03665139830056319
3.7200691326721116,61,7,0.4274770821085305,6106.191584622091,6104.483836150126,-1.7077484719648055,13.153649950672001,13.153649950672001,0.0,7.248010045518283,7.2481120998397355,0.00010205432145227178,1732.0,1732.0,0.0,128.9390635601808,128.89841977066453,-0.040643789516281004,0.24557814330656688,11942.428616402522,11941.127351059626,-1.301265342895931,17.053330597153384,17.053330597153384,0.0,7.79661271799428,7.796663474835771,5.075684149158377e-05,2994.0,2994.0,0.0,203.7897676520015,203.76235295810906,-0.02741469389243889
3.7200691326721116,61,8,0.3314644070720103,6134.521784044417,6135.298331518496,0.7765474740790523,13.514917821511272,13.514917821511272,0.0,7.233446997220285,7.233443911292323,-3.0859279620543134e-06,1689.0,1689.0,0.0,130.8385717063006,130.85646692291172,0.017895216611123033,0.22418344996211864,11275.172488715958,11275.246646193365,0.07415747740742518,16.009775121169703,16.009775281674763,1.6050505990961028e-07,7.791300011754854,7.79116859975494,-0.0001314119999138441,2980.0,2980.0,0.0,187.8597434855945,187.90072094870615,0.04097746311165906
3.7200691326721116,61,9,0.35457617176635253,6375.819557359615,6376.048228649728,0.22867129011319776,13.541540796832301,13.541540796832301,0.0,7.2498463711823735,7.249846619665608,2.484832348770283e-07,1719.0,1719.0,0.0,136.25393243607763,136.30415926065095,0.05022682457331484,0.6329098580839276,11758.697855846205,11758.878334298674,0.18047845246837824,14.96005534688816,14.960066215151802,1.0868263641938825e-05,7.794461491284301,7.794399412916138,-6.207836816329859e-05,2991.0,2991.0,0.0,198.22806010914638,198.2779165224017,0.04985641325532697
3.7200691326721116,61,10,0.7438874924576415,6300.114698795502,6299.693251327366,-0.42144746813573875,16.09371293349438,16.09371293349438,0.0,7.2366620684656535,7.2364002275199395,-0.0002618409457140203,1704.0,1704.0,0.0,134.81492198778352,134.86427703931489,0.049355051531364325,0.2905422163989202,11562.319439010902,11561.441458737272,-0.8779802736298734,14.587401043572918,14.587401043572918,0.0,7.7928332128208915,7.792893460886553,6.024806566173879e-05,3006.0,3006.0,0.0,195.2069128057795,195.16879202533434,-0.03812078044515488
3.7200691326721116,61,11,0.2980682433801442,6236.9053056496205,6236.981799529167,0.07649387954643316,13.260893816882875,13.260893816882875,0.0,7.246898302842043,7.246719942010698,-0.00017836083134525893,1733.0,1734.0,1.0,134.15529702572036,134.19128100801746,0.03598398229709687,0.4197028551713027,11728.077794738721,11727.49717502832,-0.5806197104011517,16.49243123064718,16.49243123064718,0.0,7.786008975957184,7.786105062187804,9.608623062007382e-05,2979.0,2979.0,0.0,201.93352964336867,201.89678410068163,-0.03674554268704355
3.7200691326721116,61,12,0.5295530460950981,6327.120178607579,6326.819874193179,-0.3003044143997613,12.111796264879304,12.111796264879304,0.0,7.257200917047561,7.2573144099381395,0.00011349289057882572,1714.0,1714.0,0.0,130.9114870476823,130.94438060032869,0.03289355264638516,0.7787282871851136,11623.322100302508,11622.94249899602,-0.37960130648752965,15.073611383184074,15.073611383198887,1.481303968375869e-11,7.7936234663249255,7.793672875463786,4.9409138860312396e-05,3005.0,3005.0,0.0,197.0295277874037,197.00931771895532,-0.02021006844839235
3.7200691326721116,61,13,0.36417989346309465,6378.84451460198,6379.543569953253,0.6990553512723636,13.912462632480674,13.9124621023803,-5.301003742630428e-07,7.271208047967052,7.271445992311076,0.00023794434402368836,1763.0,1764.0,1.0,133.90822045063953,133.8990968830325,-0.009123567607019822,0.2845642939727972,11737.927355624692,11739.1789023637,1.2515467390076083,17.111035952137026,17.111035952136977,-4.973799150320701e-14,7.790836364468332,7.790769036269961,-6.73281983702978e-05,2994.0,2995.0,1.0,199.02345554669554,199.05169099692395,0.0282354502284079
3.7200691326721116,61,14,0.3613985466902391,6316.04112265613,6317.073510385259,1.0323877291293684,13.845225375359432,13.845225375359432,0.0,7.245391978615239,7.245708586200467,0.0003166075852281125,1716.0,1716.0,0.0,134.41588585057897,134.37855046014954,-0.037335390429433346,0.8437260320927489,11537.519341240955,11537.889049718147,0.3697084771920345,14.88902975744772,14.124540473709935,-0.7644892837377846,7.792342123453861,7.792289436844701,-5.268660915991319e-05,2980.0,2981.0,1.0,193.64106666566838,193.59270166658,-0.04836499908836345
3.7200691326721116,61,15,0.24651912700008988,6206.09226687193,6205.594577920383,-0.49768895154738857,12.507989064042695,12.459827787937883,-0.048161276104812245,7.2477978111916395,7.247665805819616,-0.0001320053720235137,1714.0,1713.0,-1.0,130.50621331645794,130.4949674307748,-0.011245885683138113,0.19004571748702537,11695.676260892247,11696.348740767215,0.6724798749673937,16.698409423728066,16.698409423728066,0.0,7.788071133736781,7.788042031345379,-2.9102391402524574e-05,2977.0,2978.0,1.0,197.98172423736952,198.01736949322483,0.03564525585531442
3.888428717880266,62,0,0.318380298872487,6458.668511159,6458.334062942317,-0.3344482166830858,14.052075785683568,13.904800316628844,-0.14727546905472444,7.247053558581542,7.246920145602089,-0.00013341297945324015,1724.0,1725.0,1.0,140.02753120030818,140.02440239787003,-0.003128802438141065,0.2384741882639948,12181.167147270264,12180.784185929359,-0.3829613409052399,18.695924012079168,18.700144712666635,0.004220700587467263,7.79872305684228,7.798701284474963,-2.177236731704113e-05,3005.0,3004.0,-1.0,207.39299609168341,207.4008085604345,0.007812468751097867
3.888428717880266,62,1,0.2865143021122979,6448.559061142116,6447.50655996391,-1.0525011782056026,13.739308409692644,13.739308409692644,0.0,7.245484543070541,7.245642122371031,0.00015757930048998503,1725.0,1725.0,0.0,139.5450561868319,139.4658385828345,-0.07921760399742084,0.46170933834254846,12135.657779740795,12134.282733014554,-1.375046726241635,16.743978986367324,16.743978986367324,0.0,7.778501368260396,7.778593053799523,9.168553912708433e-05,2934.0,2935.0,1.0,212.0409095343095,211.970451374962,-0.07045815934748134
3.888428717880266,62,2,0.36412559430562347,6567.847220608173,6566.863317247747,-0.983903360426666,14.51743448129402,14.51743448129402,0.0,7.244402168530845,7.244519008717707,0.00011684018686164421,1716.0,1717.0,1.0,143.84463385196707,143.78813314863908,-0.05650070332799828,0.2717837640178244,12199.080331802808,12199.036109442419,-0.04422236038953997,15.352600848325023,15.352600848325023,0.0,7.79891592992037,7.798980460566066,6.453064569633682e-05,2990.0,2991.0,1.0,209.0653041881887,209.06282653752237,-0.0024776506663215514
3.888428717880266,62,3,0.36904131952641767,6519.112328649532,6519.913626446175,0.801297796642757,15.039561338390465,15.039525980889614,-3.535750085070788e-05,7.24342902495564,7.243566704040253,0.00013767908461304046,1726.0,1726.0,0.0,141.9117744330557,141.92396659365022,0.012192160594509005,0.25409661417573015,12426.30306810954,12426.819039435744,0.5159713262037258,18.790555906591273,18.790555906591273,0.0,7.80019837715213,7.800194999811114,-3.3773410157422745e-06,3009.0,3010.0,1.0,214.52672329480475,214.52143185565484,-0.005291439149914368
3.888428717880266,62,4,0.2148687981964646,6549.928937269296,6550.219573455407,0.29063618611144193,14.33355239762962,14.33355239762962,0.0,7.232249343155603,7.232334685285815,8.534213021160753e-05,1700.0,1701.0,1.0,145.26697826042414,145.26872406207474,0.0017458016505997875,0.35921637279892826,12044.70966759664,12044.463414643693,-0.24625295294754324,16.688496149999892,16.688496107339716,-4.266017583631765e-08,7.780995383719749,7.781069989826587,7.460610683818203e-05,2961.0,2959.0,-2.0,207.7974223619104,207.75393331024432,-0.04348905166608574
3.888428717880266,62,5,0.45003849407206653,6553.714682878917,6552.413068728672,-1.301614150244859,13.579218569221407,13.579218569221407,0.0,7.2555597291312495,7.2555001584959795,-5.957063526995654e-05,1719.0,1720.0,1.0,140.58154888465168,140.54770368620473,-0.03384519844695433,0.44024932537642214,12179.001688627748,12177.167548527437,-1.834140100310833,16.523758966138704,16.523758966138704,0.0,7.783433450450896,7.783401208767363,-3.2241683532774346e-05,2975.0,2974.0,-1.0,212.6551338847917,212.58675479370933,-0.06837909108236317
3.888428717880266,62,6,0.30551176276053804,6492.259764336173,6491.810296665497,-0.449467670676313,14.14544801957899,14.145450004363914,1.984784924857763e-06,7.253827920767829,7.253997217670696,0.00016929690286637822,1728.0,1729.0,1.0,139.8506254698391,139.80867867524358,-0.041946794595503434,0.3245366130734657,12254.659322295698,12254.550212091255,-0.10911020444291353,15.76975193391087,15.76975193391087,0.0,7.801277999911322,7.801276198026669,-1.801884653040986e-06,3009.0,3008.0,-1.0,210.15065077546473,210.13599335419573,-0.01465742126899272
3.888428717880266,62,7,0.40615561746068807,6313.907247742256,6314.532967366113,0.6257196238566394,14.0882831263788,13.605602967684836,-0.4826801586939631,7.231304999758173,7.231242211694393,-6.278806378023916e-05,1685.0,1686.0,1.0,136.87562960770683,136.8221316787597,-0.05349792894713801,0.4400107477132127,12358.339572285662,12359.335731899591,0.9961596139291942,15.474389503979982,15.474389505347867,1.3678853605370023e-09,7.794319957995821,7.794386512215271,6.655421945023221e-05,2998.0,2998.0,0.0,213.23761711845813,213.25201855026975,0.014401431811620569
3.888428717880266,62,8,0.3716328731887394,6599.702976659289,6599.422669969648,-0.2803066896403834,13.631618586064459,13.630785188698876,-0.0008333973655823002,7.238183000975672,7.23811018215911,-7.28188165624033e-05,1706.0,1706.0,0.0,144.8342697674184,144.86065008960614,0.026380322187748106,0.5622065221610719,12097.212139261559,12097.258891779822,0.04675251826301974,14.422290160990904,14.422290160990904,0.0,7.793138319844694,7.793022731769199,-0.00011558807549505445,2986.0,2986.0,0.0,207.1243553779337,207.13844264712918,0.014087269195471208
3.888428717880266,62,9,0.38045879081942835,6451.151701343782,6451.697720549086,0.5460192053033097,13.185563982847803,13.03325183922033,-0.1523121436274728,7.243027266583001,7.243196246836459,0.00016898025345835066,1708.0,1707.0,-1.0,139.39759053487907,139.3589758220828,-0.038614712796260164,0.3790790170771644,12221.117081077897,12220.997508209048,-0.11957286884899077,14.618962668781489,14.618958591173424,-4.077608064534388e-06,7.79422224497783,7.794128405922983,-9.38390548466117e-05,2982.0,2983.0,1.0,209.18743146102537,209.21640280671554,0.028971345690166572
3.888428717880266,62,10,0.3401719223032096,6429.7112131972035,6428.849918467315,-0.8612947298888685,13.956622877703822,13.956622877703822,0.0,7.248949393227813,7.248962693174508,1.3299946695077836e-05,1711.0,1711.0,0.0,138.8641193872623,138.83813331521444,-0.02598607204785708,0.8127979990460188,12501.620553000965,12501.052752356907,-0.56780064405757,17.184364546245828,17.184364546245828,0.0,7.787110027592012,7.787193852382041,8.382479002833065e-05,2975.0,2975.0,0.0,218.99888123674367,218.9554851627672,-0.043396073976481375
3.888428717880266,62,11,0.49817829504140076,6440.142809988429,6439.013641916761,-1.1291680716676638,13.454088739975084,13.454088739975083,-1.7763568394002505e-15,7.230291510545758,7.230203575413651,-8.793513210658688e-05,1681.0,1680.0,-1.0,140.2566866513001,140.22916791755418,-0.02751873374592151,0.3923939467637668,12177.885282368283,12176.419102235679,-1.4661801326037676,14.987725324539788,14.987725324711318,1.7153034548300639e-10,7.787420050803995,7.787526285891753,0.00010623508775786661,2967.0,2967.0,0.0,210.17482668243227,210.1121918135812,-0.06263486885106317
3.888428717880266,62,12,0.22538587409160132,6374.824297181753,6373.998381315924,-0.8259158658283923,13.609204333329178,13.60920412222462,-2.1110455783457382e-07,7.238575015705743,7.2388924229120155,0.0003174072062721578,1710.0,1711.0,1.0,138.68507562648836,138.61135659208492,-0.07371903440343885,0.41574314057040945,12465.977479012658,12465.396990380574,-0.5804886320838705,16.264066989950134,16.264066989950134,0.0,7.791305931149424,7.791190896877902,-0.00011503427152170786,2970.0,2969.0,-1.0,217.45832307898274,217.43087831718307,-0.02744476179967137
3.888428717880266,62,13,0.3143420074129354,6321.525713814256,6320.568603077187,-0.9571107370693426,13.553349292235884,13.553349292235884,0.0,7.23619374517352,7.236265533298171,7.17881246510288e-05,1691.0,1691.0,0.0,136.8163559039499,136.75507221158605,-0.06128369236384401,0.3118650356267083,12266.764215765244,12265.936237224792,-0.8279785404520226,17.9159475380467,17.915947537868842,-1.7785950490178948e-10,7.784264549579777,7.784325245284221,6.069570444466876e-05,2956.0,2955.0,-1.0,214.22165263763927,214.17246667123612,-0.049185966403143766
3.888428717880266,62,14,0.38606669659909754,6541.3401629572545,6542.635830616531,1.2956676592766598,13.655778894564278,13.655778894564278,0.0,7.265556496866285,7.265559549123795,3.0522575098501648e-06,1744.0,1744.0,0.0,140.35799447490777,140.41370409895828,0.0557096240505075,0.5883867937656374,12508.831660158266,12509.267060435968,0.43540027770177403,16.348504594778404,16.362195257661988,0.013690662883583116,7.803292447732465,7.8031707415497875,-0.0001217061826777055,3001.0,3001.0,0.0,215.06992151948577,215.09373044147748,0.02380892199170148
3.888428717880266,62,15,0.5220244361406416,6667.799490103043,6669.566626444695,1.7671363416520762,13.193474784367888,13.193474784367888,0.0,7.266488353839678,7.266736676970566,0.00024832313088740676,1739.0,1739.0,0.0,141.95985851909887,141.94557944592302,-0.014279073175856638,0.44483757217202025,12031.90985545137,12033.148553638472,1.2386981871022726,16.478223797032115,16.47822379703211,-3.552713678800501e-15,7.779538958106396,7.779636613951466,9.765584507004377e-05,2940.0,2940.0,0.0,207.78860048039328,207.8103136519368,0.021713171543524368
4.064407771684452,63,0,0.3229991718537154,6902.453144542873,6901.5933805968525,-0.8597639460203936,14.85621092894291,14.85621092894291,0.0,7.253316673554851,7.253376995673925,6.0322119074029956e-05,1739.0,1739.0,0.0,153.47801535083155,153.45977029576062,-0.018245055070934768,0.32557686135311636,12552.611500206262,12551.80380671504,-0.8076934912223805,17.26716260294978,17.26716260294978,0.0,7.773021745745191,7.773062124546058,4.0378800867379994e-05,2902.0,2901.0,-1.0,222.140308205483,222.1235563840351,-0.01675182144788323
4.064407771684452,63,1,0.27711001304021565,6729.871801211137,6729.472961148722,-0.39884006241481984,14.857416226728745,14.857416226728745,0.0,7.237190557442144,7.23706529183764,-0.000125265604504321,1696.0,1696.0,0.0,150.48581908414576,150.465813186808,-0.02000589733776792,0.4745561976867053,12912.629561792613,12912.591218095346,-0.0383436972679192,17.546158472129996,17.5461586054276,1.3329760406577407e-07,7.787161230293487,7.787297557421365,0.00013632712787803314,2977.0,2978.0,1.0,229.3607090179162,229.31390243107387,-0.04680658684233663
4.064407771684452,63,2,0.5912544832707782,6820.483748821294,6819.75528981499,-0.7284590063045471,14.807951725358503,14.807951725372252,1.3749001936957939e-11,7.25648980444597,7.25661731247029,0.00012750802432037744,1721.0,1721.0,0.0,149.23566831778462,149.21540051405816,-0.02026780372645476,0.26131887786350105,12731.829616747455,12730.793080826912,-1.0365359205425193,20.64631530481353,20.64631530481353,0.0,7.787871637165605,7.788007133209545,0.00013549604394036407,2981.0,2983.0,2.0,225.4513549694598,225.3815073867405,-0.06984758271929081
4.064407771684452,63,3,0.41066420584467733,6720.47556986115,6721.360328717543,0.8847588563930913,17.083504132437348,17.083504132437348,0.0,7.238432538055041,7.238609740062234,0.0001772020071930669,1706.0,1706.0,0.0,151.82351507167468,151.78442168255566,-0.039093389119017274,0.383301671528377,12943.186543672578,12944.036616429657,0.8500727570790332,19.61672136490178,19.61672136490178,0.0,7.793040430464664,7.79307574375056,3.531328589545524e-05,3017.0,3017.0,0.0,230.17809182361125,230.17934154740422,0.0012497237929665062
4.064407771684452,63,4,0.3618555156705771,6918.170145240464,6916.053022186539,-2.1171230539248427,14.368399625474995,14.36839900327235,-6.222026449620444e-07,7.257411474808372,7.257280724649589,-0.00013075015878261098,1752.0,1751.0,-1.0,153.88445598012467,153.83742858113254,-0.047027398992128155,0.5220663905740226,12612.677502522632,12611.168691137824,-1.5088113848087232,17.510272953508547,17.510272953508547,0.0,7.787184992381601,7.787217775709525,3.2783327924335026e-05,2947.0,2947.0,0.0,221.33009417439723,221.26802686891259,-0.06206730548464634
4.064407771684452,63,5,0.6908146740607695,6821.656750588488,6820.298626337164,-1.3581242513237157,13.793500335143955,13.803452153327711,0.009951818183756345,7.242364891839662,7.2422984284390415,-6.646340062044231e-05,1707.0,1707.0,0.0,151.07805711960543,151.02505175684308,-0.053005362762348796,0.6211597509457121,12844.392009279969,12842.68101821368,-1.7109910662893526,18.295476816078246,18.29547681575289,-3.253539659908711e-10,7.784590124066002,7.784472715721512,-0.00011740834448925597,2969.0,2969.0,0.0,230.18688438845146,230.18233861084371,-0.004545777607745549
4.064407771684452,63,6,0.5319511448384422,6938.359450150436,6938.572485651907,0.21303550147149508,14.974125142399977,14.974125142399977,0.0,7.260235424202716,7.260044706431765,-0.00019071777095103215,1731.0,1730.0,-1.0,152.98404389782223,153.0460214912908,0.061977593468554915,0.5505110456760842,12658.285975659835,12659.41506201592,1.1290863560843718,15.965261089100663,15.965261089100663,0.0,7.783385259923456,7.783477688927469,9.242900401318366e-05,2968.0,2968.0,0.0,224.42048601957484,224.41298228710522,-0.007503732469615443
4.064407771684452,63,7,0.3318154507454007,6886.351995564961,6886.108964783717,-0.24303078124376043,14.093786422634949,14.09378642263539,4.405364961712621e-13,7.243376184338164,7.243305420006481,-7.076433168329288e-05,1706.0,1706.0,0.0,153.290300342763,153.28873514152218,-0.0015652012408224891,0.6376333424865374,12679.171552064194,12677.751309892516,-1.4202421716781828,17.257440925214727,17.257440925214727,0.0,7.7770973848269,7.777004529773357,-9.28550535421735e-05,2955.0,2954.0,-1.0,227.1131882677028,227.0397412995115,-0.07344696819131968
4.064407771684452,63,8,0.19098948065231866,6559.481772146471,6558.550803082022,-0.9309690644486182,13.661100524429953,13.661100524429953,0.0,7.245948836495199,7.245843213795747,-0.00010562269945157965,1707.0,1708.0,1.0,141.92928695729347,141.92129521558283,-0.007991741710640099,0.24812129579618047,12692.288859084107,12691.615497546463,-0.673361537643359,14.93702843501909,14.93702843501909,0.0,7.780670514042058,7.780565367788843,-0.00010514625321444981,2960.0,2960.0,0.0,226.90471265641963,226.92460649251322,0.01989383609358697
4.064407771684452,63,9,0.9389741454151899,6659.3800121704635,6659.621217377498,0.2412052070349091,15.953789406650136,15.953789406650136,0.0,7.2537317139520585,7.253706414967299,-2.5298984759558607e-05,1722.0,1723.0,1.0,147.06720549776927,147.09775076753667,0.03054526976740135,0.3895460819973231,12703.77177364305,12703.72263891678,-0.04913472626867588,17.1430057147294,17.1430057147294,0.0,7.781360385845021,7.781381403715992,2.101787097075203e-05,2977.0,2979.0,2.0,226.7015280467149,226.6958594692295,-0.005668577485408832
4.064407771684452,63,10,0.5108626742092299,6910.9036034346245,6911.528927430442,0.6253239958177801,15.862010479160688,15.723542279995405,-0.13846819916528297,7.288387599587315,7.288464078281941,7.647869462612533e-05,1801.0,1801.0,0.0,150.85796137845784,150.83328928645167,-0.024672092006170487,0.6022159450727971,12907.099298940899,12908.28992437053,1.1906254296318366,16.92655949753021,16.926559498251077,7.208669217106944e-10,7.8032098140607085,7.803289472743365,7.965868265635834e-05,3017.0,3018.0,1.0,226.51680433070658,226.5349187765483,0.018114445841717952
4.064407771684452,63,11,0.3887755789871974,6635.6186077301045,6635.396945021196,-0.22166270890829765,14.110250488579261,14.008456559365515,-0.10179392921374664,7.254957211274346,7.254999818254296,4.260697995039919e-05,1739.0,1739.0,0.0,145.19272916864134,145.1784373021002,-0.014291866541128684,0.44615202939059684,12939.477719600429,12939.775529489367,0.29780988893799076,16.882419886016265,16.882419886016265,0.0,7.7997762091514495,7.799608857547091,-0.00016735160435832341,3013.0,3014.0,1.0,228.6474193765365,228.69690129905158,0.049481922515070664
4.064407771684452,63,12,0.27205823517977434,6612.746468434544,6613.30267983626,0.5562114017157,13.570482655623561,13.57048265562433,7.691625114603085e-13,7.256484215524145,7.256525140647374,4.092512322895203e-05,1734.0,1734.0,0.0,144.19907226770414,144.21834799110334,0.019275723399204026,0.25317406220849953,12944.71747909228,12945.556930136234,0.8394510439538863,15.613499923710751,15.613521459973386,2.1536262634569425e-05,7.800503315461894,7.800516668367511,1.3352905616770272e-05,3016.0,3015.0,-1.0,226.5437730231258,226.56008969102714,0.01631666790135
4.064407771684452,63,13,0.37731625690681897,6752.3930512251,6751.088941683946,-1.3041095411535935,14.959909923472864,14.959901734626623,-8.18884624109728e-06,7.240377864809576,7.2404295909628615,5.172615328596919e-05,1723.0,1723.0,0.0,151.7203385539759,151.67303648420295,-0.0473020697729396,0.9900863381468277,12547.269961757132,12545.784159976534,-1.4858017805981945,17.257314251028873,17.257314251028873,0.0,7.7809274443057985,7.780923631354105,-3.812951693937805e-06,2957.0,2957.0,0.0,221.68666242292684,221.6375528996264,-0.04910952330044438
4.064407771684452,63,14,0.8419609777348811,6883.254802139567,6882.879779677116,-0.37502246245094284,14.296938907457367,14.41085077844903,0.11391187099166267,7.247435922205247,7.247490691597009,5.4769391762299335e-05,1722.0,1722.0,0.0,154.4392792357052,154.43114791063252,-0.008131325072668005,0.25510595378296824,12823.637830403162,12823.19181937837,-0.4460110247928242,17.464379259879593,17.464379259879593,0.0,7.778758257915074,7.778828863368185,7.060545311077249e-05,2957.0,2959.0,2.0,229.52040159162055,229.48582621591925,-0.03457537570130853
4.064407771684452,63,15,0.22419576758590037,6820.8491264728145,6820.516303329139,-0.33282314367534127,15.823160615893713,15.823160615893816,1.0302869668521453e-13,7.240001103000154,7.240168239267206,0.00016713626705211482,1710.0,1709.0,-1.0,152.54164147010164,152.50535647368,-0.03628499642164229,0.22895096965469858,12641.945438975505,12641.694280525722,-0.2511584497824515,17.19630277119114,17.19630277119114,0.0,7.79199910036135,7.791897584157628,-0.00010151620372234049,2970.0,2970.0,0.0,222.0169606372882,222.02723647833713,0.010275841048922985
4.248351129227939,64,0,0.3711309746875622,7010.724001377021,7011.142845299966,0.418843922945598,16.435511849503435,16.435511861364557,1.1861121862466462e-08,7.2335096431249255,7.233533057094896,2.3413969970853543e-05,1709.0,1708.0,-1.0,162.45777090794982,162.44682436143924,-0.010946546510581356,0.3059495906368177,13234.01109202165,13235.472664997938,1.4615729762881529,18.685960830355405,18.68596078624168,-4.411372600543473e-08,7.786063725012078,7.786129559747377,6.583473529886419e-05,2969.0,2969.0,0.0,238.47585295585247,238.50355573468843,0.027702778835958952
4.248351129227939,64,1,0.5471176209497549,7276.310062638469,7275.735539614085,-0.574523024384689,16.190852963622422,16.190852963622355,-6.750155989720952e-14,7.260838324249779,7.26122052557384,0.0003822013240615263,1754.0,1754.0,0.0,166.52463127048225,166.39453966079608,-0.1300916096861613,0.2865971562200569,12926.84246449928,12926.14196322283,-0.7005012764493586,15.929642996891163,15.929642996891163,0.0,7.766807299755189,7.76677898784463,-2.831191055907567e-05,2928.0,2927.0,-1.0,235.8397537366697,235.82721272693595,-0.012541009733752162
4.248351129227939,64,2,0.4109403739285654,7102.492526418613,7102.168425213907,-0.3241012047064942,14.063683959577283,14.063683959577283,0.0,7.247760829215016,7.247618098423506,-0.00014273079151028156,1701.0,1701.0,0.0,158.77359208717266,158.79919829161426,0.02560620444160122,0.44854631297790865,13172.757623043719,13172.275090773128,-0.48253227059103665,16.937609621809393,16.94883020197748,0.011220580168085803,7.778279951209223,7.77813097645871,-0.00014897475051256492,2957.0,2953.0,-4.0,240.00398403622634,240.02421008437818,0.020226048151840814
4.248351129227939,64,3,0.31358988815814015,7119.635223901269,7119.05757960696,-0.5776442943088114,14.475140303976495,14.475139214703434,-1.0892730610834178e-06,7.243909520722649,7.244010193250192,0.00010067252754275557,1696.0,1696.0,0.0,159.12641308216377,159.05801835339787,-0.06839472876589525,0.2955413929837325,13058.896166032791,13058.00189268501,-0.8942733477815636,19.879472696240413,19.879472696240413,0.0,7.775734851828087,7.775765474036158,3.062220807059646e-05,2933.0,2933.0,0.0,235.56784631649637,235.52928769330393,-0.03855862319244352
4.248351129227939,64,4,0.6636505922670087,7079.73656659414,7079.678827569754,-0.057739024386137316,14.773353949103106,14.773353949103106,0.0,7.239834562780758,7.2396999206102794,-0.00013464217047864935,1714.0,1713.0,-1.0,162.48394492710764,162.54400409295124,0.060059165843597384,0.37907716828641463,13101.021669612184,13101.459134830402,0.43746521821776696,18.400126935314244,18.400126935314244,0.0,7.771555401321328,7.771545792799138,-9.608522190340807e-06,2922.0,2923.0,1.0,239.21883487763768,239.23310041898844,0.014265541350766853
4.248351129227939,64,5,0.37908733874750755,6700.470440633697,6700.764218231578,0.2937775978807622,13.596878275945933,13.374645786836616,-0.2222324891093166,7.217406220507035,7.217742946585832,0.00033672607879697836,1649.0,1649.0,0.0,149.41290171466653,149.27552319965775,-0.13737851500877696,0.4366943077210067,13164.180851087276,13163.850673074798,-0.33017801247842726,18.407974522829925,18.407974515778246,-7.051678352354429e-09,7.783497341050262,7.783438717133545,-5.86239167175151e-05,2965.0,2965.0,0.0,237.69987431297736,237.70661750974529,0.006743196767928339
4.248351129227939,64,6,0.44714259635836506,7009.896973103236,7008.780316268885,-1.1166568343505787,14.936401894445078,14.936401894445078,0.0,7.230344845541942,7.230191159590339,-0.00015368595160314413,1697.0,1697.0,0.0,160.88600041346035,160.88707379288564,0.001073379425292842,0.2778121678844019,13184.58821954762,13183.859645972638,-0.7285735749828746,17.034372996556318,17.03437299655365,-2.668087972779176e-12,7.7835667745268236,7.783605880940676,3.9106413852074695e-05,2936.0,2937.0,1.0,234.14477342286014,234.11403000806018,-0.030743414799957236
4.248351129227939,64,7,0.47615108467901734,7218.219318763658,7218.880672928912,0.6613541652541244,15.113508476395314,15.142697643841126,0.02918916744581246,7.250740136120175,7.250632880223694,-0.00010725589648075129,1727.0,1727.0,0.0,164.30940886806582,164.36339288319206,0.05398401512624673,0.39111551178513193,13418.875378084056,13419.617344205499,0.7419661214426014,20.293866101700704,20.29386131662545,-4.785075255142601e-06,7.7921114727817145,7.792044260415709,-6.721236600526481e-05,2988.0,2987.0,-1.0,242.5459025280067,242.59039864769827,0.04449611969155853
4.248351129227939,64,8,0.36420662546083216,7221.73259615911,7221.966195379667,0.23359922055715288,16.500833074126877,16.500833074126877,0.0,7.245444301069389,7.245429455900599,-1.4845168790245111e-05,1734.0,1734.0,0.0,164.4439721187101,164.47130134477226,0.02732922606216448,0.32797030368573166,13510.666944312314,13510.873144232093,0.20619991977946484,18.118725936458986,18.118725936458986,0.0,7.793417377250451,7.793365922676452,-5.145457399891029e-05,2985.0,2985.0,0.0,244.07849748960615,244.1040700192052,0.02557252959906009
4.248351129227939,64,9,0.36131414598957534,7086.249001192103,7085.979761869604,-0.26923932249883364,16.02426502882332,16.023356735207578,-0.0009082936157405186,7.246441658047962,7.246397839223198,-4.381882476423016e-05,1719.0,1719.0,0.0,161.28435328278454,161.29176191900447,0.007408636219935261,0.4088913974136561,13277.870670793483,13278.686266480436,0.8155956869522925,16.86789144626583,16.867891446265837,7.105427357601002e-15,7.798894438899204,7.799086703778122,0.0001922648789181025,2987.0,2988.0,1.0,237.20504190716645,237.16865278072802,-0.03638912643842218
4.248351129227939,64,10,0.44483681282397686,7197.645569167324,7197.152078356028,-0.4934908112954872,13.89566763133532,13.89566763133532,0.0,7.261496950130958,7.261605629985872,0.0001086798549136958,1727.0,1727.0,0.0,160.55419568807554,160.53352282386007,-0.0206728642154701,0.4031099699326321,13185.222178884957,13183.741209052405,-1.4809698325516365,17.378143609587404,17.378143609587404,0.0,7.777258038107885,7.777184437570364,-7.360053752059059e-05,2939.0,2939.0,0.0,240.07181928072256,240.07062434084165,-0.0011949398809179002
4.248351129227939,64,11,0.5374483375909487,7417.981762256481,7417.2386345226305,-0.7431277338500877,15.078478250131452,15.078478250131452,0.0,7.272616063394826,7.272559057178263,-5.700621656234972e-05,1757.0,1758.0,1.0,165.74527990076743,165.737854095633,-0.0074258051344315845,0.3593982479248172,13330.871141966869,13329.609046153837,-1.2620958130319195,21.274344322629712,21.274344322629712,0.0,7.79985153691823,7.799944810545316,9.327362708599907e-05,3001.0,3003.0,2.0,239.72078835354642,239.65821755675987,-0.06257079678655941
4.248351129227939,64,12,0.4259417631075877,7160.420815522128,7160.540625672374,0.11981015024593944,16.218604646115974,16.218604647854896,1.7389218953667296e-09,7.252304348542076,7.252409453036313,0.00010510449423684065,1712.0,1713.0,1.0,161.59931485577988,161.58468449535448,-0.014630360425400113,0.551308574016034,13037.233659529036,13037.359920166293,0.12626063725656422,19.236415744712165,19.236415744712165,0.0,7.78076692329665,7.780778829518469,1.1906221819124596e-05,2976.0,2976.0,0.0,235.48703729152723,235.4686985792211,-0.018338712306132265
4.248351129227939,64,13,0.38651706281747855,7005.529413744407,7005.920076699635,0.39066295522752625,15.663897240391222,15.665567598053281,0.0016703576620589189,7.230553623926529,7.23056151958526,7.895658731271737e-06,1698.0,1698.0,0.0,160.58914866537805,160.55781800125087,-0.03133066412718222,0.32300451204776626,12989.081938185675,12989.335552641505,0.2536144558307569,16.17911130327815,16.1791113045618,1.283648742855803e-09,7.7781945567770645,7.778183948909211,-1.060786785345158e-05,2948.0,2948.0,0.0,231.91842794293214,231.92558672890118,0.007158785969039627
4.248351129227939,64,14,0.4022648796758449,7060.04608351651,7060.036992343461,-0.009091173049455392,14.799615324187135,14.723486766570097,-0.07612855761703763,7.234884848958911,7.234889705004623,4.856045711321144e-06,1715.0,1715.0,0.0,162.65445425694347,162.68800824562504,0.03355398868157522,0.5738430653722246,13102.870152358266,13102.89144863061,0.02129627234353393,16.047380523115375,16.047380523115375,0.0,7.777527897396234,7.7774607380761065,-6.715932012735237e-05,2954.0,2954.0,0.0,238.73702612167278,238.77014694836456,0.0331208266917713
4.248351129227939,64,15,0.23143542336058925,7104.719913923898,7103.516948695628,-1.2029652282699317,16.066447266285273,16.06644726628652,1.2470025012589758e-12,7.251156526998151,7.251130631285617,-2.5895712533419157e-05,1724.0,1724.0,0.0,160.85633369783127,160.82118459022183,-0.0351491076094419,0.34855630276226324,13270.284309705929,13269.366072213175,-0.9182374927531782,18.58033476649993,18.580334766499927,-3.552713678800501e-15,7.786530046806393,7.786627996692447,9.794988605360544e-05,2991.0,2991.0,0.0,241.85981979183302,241.78225141343395,-0.07756837839906439
4.440619231896679,65,0,0.8671868439232349,7378.691101943974,7379.383670949478,0.6925690055040832,16.004222365908532,16.004222365908532,0.0,7.2551011887896895,7.25506409189863,-3.709689105946268e-05,1733.0,1734.0,1.0,169.83836083140537,169.8955907016628,0.05722987025743009,0.4186409110391345,13804.120403848938,13804.240424743322,0.12002089438465191,18.15011019120466,18.15011019120466,0.0,7.789177988137059,7.7891558284168285,-2.2159720230341406e-05,2980.0,2981.0,1.0,253.8037033385232,253.83030361908592,0.026600280562718126
4.440619231896679,65,1,0.465927322192938,7240.3072259552955,7241.547969827859,1.2407438725631437,15.362897884883813,15.362897884883813,0.0,7.229971080885529,7.229830863643343,-0.00014021724218604703,1687.0,1687.0,0.0,167.89819423806048,168.00026215668348,0.10206791862299269,0.4705428808878196,14050.633766041448,14051.573998679385,0.9402326379367878,16.66236718866172,16.744913293645773,0.08254610498405412,7.795324204522528,7.795274767927483,-4.943659504430542e-05,2984.0,2985.0,1.0,258.06126197761046,258.1227260750624,0.06146409745196024
4.440619231896679,65,2,0.41372581479743537,7182.924840844477,7182.36898626553,-0.5558545789472191,15.580567235057293,15.580567235526116,4.688232024818717e-10,7.251343931526287,7.251485413828731,0.00014148230244437343,1727.0,1728.0,1.0,163.56610031124782,163.48293092207643,-0.08316938917138827,0.3361509503551168,13845.325592177136,13844.864554508062,-0.46103766907435784,18.121625257892674,18.116994914969908,-0.004630342922766317,7.785061718521574,7.785114859566395,5.314104482145865e-05,2978.0,2978.0,0.0,256.0717919714208,256.0410687334463,-0.03072323797448462
4.440619231896679,65,3,0.47931561622210694,7433.479972703888,7432.27332640903,-1.2066462948578192,16.105282584811217,16.105282584811217,0.0,7.255536999473697,7.255437698508025,-9.93009656715671e-05,1719.0,1718.0,-1.0,170.1327810654605,170.14907772048983,0.016296655029321983,0.8312443718375387,13676.967217429852,13676.071784923983,-0.8954325058693939,18.651236917269124,18.651236917269124,0.0,7.791115178476726,7.791094825054912,-2.035342181461175e-05,2983.0,2983.0,0.0,252.17526472449032,252.13854065696938,-0.03672406752093593
4.440619231896679,65,4,0.2967572300714837,7504.993974587926,7505.159360243519,0.165385655593127,15.13023848618779,15.13023848618779,0.0,7.255743551164587,7.255828012845044,8.446168045761482e-05,1711.0,1711.0,0.0,171.0832036753672,171.11731488936587,0.034111213998670564,0.5433312011337833,13711.44833705698,13711.81161387351,0.363276816529833,18.113333547571624,18.108724348345472,-0.004609199226152327,7.780771920849638,7.78071424390804,-5.767694159786174e-05,2959.0,2959.0,0.0,253.62768532171492,253.65347644995353,0.025791128238608962
4.440619231896679,65,5,0.6375993598887002,7449.1372288842285,7448.6412152175235,-0.4960136667050392,17.498145990375445,17.498145990375445,0.0,7.264714860442611,7.264659050262584,-5.581018002676075e-05,1743.0,1742.0,-1.0,169.04092974476697,169.02261458965276,-0.018315155114208892,0.7786800129457399,14046.640999378076,14045.834977102182,-0.8060222758940654,18.612569267450837,18.614026773232446,0.0014575057816088588,7.778711403293345,7.7787564154701965,4.501217685159986e-05,2956.0,2955.0,-1.0,261.6395027059022,261.5564128079811,-0.08308989792112698
4.440619231896679,65,6,0.25161023980787356,7294.944415188613,7293.84661161618,-1.0978035724328947,14.150793349099324,14.15079356033369,2.1123436688696984e-07,7.2393958996656815,7.239468788820712,7.288915503078641e-05,1693.0,1692.0,-1.0,167.12508698902656,167.06418172944922,-0.060905259577339166,0.481820577172845,13612.127251460613,13611.970585891384,-0.15666556922951713,16.685110494763492,16.869554414653194,0.1844439198897021,7.780108425751793,7.780092952510642,-1.5473241151475747e-05,2958.0,2960.0,2.0,250.9966484142088,250.9911182609473,-0.005530153261503301
4.440619231896679,65,7,0.2639263914642985,7288.200505198316,7287.871714577688,-0.32879062062784215,15.720252845757226,15.720252845757226,0.0,7.24250948089421,7.242571165854637,6.168496042668892e-05,1736.0,1736.0,0.0,169.70246149183095,169.64738333728613,-0.055078154544816016,0.8780890709193463,13874.638091037856,13874.826234819637,0.18814378178103652,18.331056171976016,18.331056171976016,0.0,7.788017303562745,7.787979445727864,-3.785783488030603e-05,2991.0,2990.0,-1.0,258.3132009809013,258.2771191217189,-0.0360818591823886
4.440619231896679,65,8,0.4274744323611408,7311.5265784957155,7309.947549036643,-1.5790294590724443,16.842101891714012,16.842101891714012,0.0,7.237735621765262,7.237695979111214,-3.96426540483219e-05,1725.0,1724.0,-1.0,171.79373805479148,171.73155681563864,-0.06218123915283513,0.295632755177727,13918.514826458786,13917.305367648738,-1.2094588100480905,17.75944342788889,17.75944342788889,0.0,7.7812956279786025,7.7813315373968654,3.590941826292493e-05,2933.0,2933.0,0.0,256.8132322715614,256.7523245539575,-0.06090771760386815
4.440619231896679,65,9,0.43408107818578634,7559.6001386714015,7558.990439557466,-0.609699113935676,15.898189053033082,15.898189053033082,0.0,7.254743570141786,7.254875853703272,0.00013228356148609066,1734.0,1735.0,1.0,173.35519373943652,173.3394110785687,-0.015782660867813547,0.7481876939772215,13486.722109736853,13484.604258692763,-2.117851044089548,18.193076592281614,18.049202240640565,-0.143874351641049,7.766436613198091,7.766495953656935,5.934045884359307e-05,2900.0,2900.0,0.0,250.3918522941399,250.23008323822245,-0.1617690559174605
4.440619231896679,65,10,0.2966721869918478,7434.491294464753,7432.832867061107,-1.6584274036458737,16.80132636467347,16.80132636467347,0.0,7.246473382508192,7.246316280561036,-0.00015710194715623516,1722.0,1721.0,-1.0,173.42200687553625,173.3827236977462,-0.03928317779005397,0.5993946568654571,13542.207757258951,13541.12499778809,-1.0827594708607648,18.155087822866797,18.213423833294087,0.058336010427289864,7.787012600663694,7.787066374485635,5.377382194104996e-05,2980.0,2980.0,0.0,248.75008722030975,248.73017055231546,-0.019916667994294812
4.440619231896679,65,11,0.36502036936449733,7420.047040286686,7419.765694285247,-0.28134600143857824,15.01779513219394,15.01779513219394,0.0,7.243287846747302,7.243254365451177,-3.348129612490425e-05,1713.0,1713.0,0.0,171.78867770349572,171.82348374677096,0.03480604327523906,0.5549415499570864,14401.734444423804,14401.348283440453,-0.38616098335114657,16.723244353557035,16.72324435355702,-1.4210854715202004e-14,7.82156021238447,7.821528930269407,-3.1282115062758464e-05,3045.0,3047.0,2.0,259.12468631754257,259.1035709118902,-0.021115405652381014
4.440619231896679,65,12,0.3079878840711855,7488.452484502929,7488.6929321335065,0.24044763057736418,16.500986097813286,16.500986097813286,0.0,7.249374793757095,7.249418961682844,4.41679257487948e-05,1718.0,1718.0,0.0,173.66007750969843,173.6518653632077,-0.00821214649073454,0.363746495560295,13878.76906298589,13879.158485778427,0.3894227925375162,20.458313676449514,20.458313676449514,0.0,7.786566678653709,7.786667870987701,0.00010119233399219496,2978.0,2976.0,-2.0,257.1138657272014,257.0671815232786,-0.04668420392283679
4.440619231896679,65,13,0.3594176014537108,7309.956332100097,7308.692542341792,-1.2637897583044833,15.251186040733222,15.251186040733222,0.0,7.251616816772649,7.251768787258547,0.00015197048589765672,1724.0,1724.0,0.0,167.8661967278446,167.7899932381795,-0.07620348966509027,0.297706324387661,13925.370474299427,13924.133153898154,-1.237320401272882,15.853164751875239,15.8532383711936,7.361931836058488e-05,7.790555734789106,7.790603558196688,4.782340758158199e-05,2978.0,2978.0,0.0,255.82643181290328,255.7837328912451,-0.042698921658171685
4.440619231896679,65,14,0.2602528731390882,7330.335446956911,7328.9013364925995,-1.4341104643117433,16.66700812260459,16.66700812260459,0.0,7.229831392193019,7.229752900513849,-7.849167917051147e-05,1702.0,1701.0,-1.0,172.93008660356887,172.892316614045,-0.03776998952386634,0.6989339215872679,14061.055884296038,14060.33000637586,-0.7258779201783909,18.07010886493555,18.075560418991174,0.005451554055625252,7.79546573242807,7.7955608181094025,9.508568133220763e-05,3001.0,3002.0,1.0,261.0089566167991,260.95236551661696,-0.05659110018211777
4.440619231896679,65,15,0.4280713347329217,7493.455893784991,7493.754358548876,0.29846476388502197,14.977853551323658,14.977853551318402,-5.256239887785341e-12,7.253758490101347,7.253751703147133,-6.786954214632601e-06,1717.0,1717.0,0.0,171.52891675998953,171.4886100383168,-0.04030672167272087,0.5432853851973711,13805.43375475684,13805.286482335985,-0.1472724208542786,18.637078792353314,18.63707879406616,1.712844976964334e-09,7.777165670715457,7.777263569713236,9.789899777956634e-05,2964.0,2966.0,2.0,256.8975279377728,256.8474283492951,-0.05009958847767848
4.641588833612781,66,0,0.6377150823571858,7875.60777011784,7875.589045382198,-0.01872473564253596,15.541323233327171,15.541323233327171,0.0,7.269649687985029,7.269576038405722,-7.364957930722227e-05,1754.0,1755.0,1.0,182.98454858621642,183.02683936309322,0.042290776876797054,0.5698518085151891,14622.612453684713,14621.894234089905,-0.7182195948080334,17.469947790909337,17.469947790909337,0.0,7.795632664692854,7.795635350322204,2.6856293500188144e-06,2976.0,2976.0,0.0,272.4658494749833,272.4508922596916,-0.014957215291701687
4.641588833612781,66,1,0.570143069067411,7796.460094520464,7794.942121715601,-1.5179728048624384,15.641182806386583,15.641542592799512,0.0003597864129289974,7.252454811795336,7.252451341913404,-3.469881932005592e-06,1722.0,1722.0,0.0,183.38980136353814,183.33554949335485,-0.05425187018329325,0.8436405020591613,14724.441459807247,14724.087984140915,-0.3534756663320877,18.40753060300757,18.40753060488307,1.875502420034536e-09,7.788334894771705,7.788356261771119,2.1366999414240695e-05,2966.0,2966.0,0.0,277.8921147913046,277.8704917076436,-0.021623083660983866
4.641588833612781,66,2,0.37691946615143285,7916.911008632954,7916.575138572067,-0.3358700608869185,18.514100269985725,18.514100269985725,0.0,7.260981035450625,7.2609104184919655,-7.061695865928641e-05,1765.0,1765.0,0.0,188.78117963684448,188.78256358640863,0.0013839495641434496,0.44437768366158603,14663.769610528547,14663.26208365733,-0.5075268712171237,21.89828109346067,21.898278148638102,-2.944822568906602e-06,7.789630030968684,7.789560657264447,-6.937370423720779e-05,2989.0,2989.0,0.0,278.48133725095664,278.5001258620757,0.018788611119077814
4.641588833612781,66,3,0.3044827638743877,7807.3880303745555,7807.991765866933,0.6037354923773819,17.213675589863353,17.213675589863286,-6.750155989720952e-14,7.253276030657575,7.253293679511039,1.764885346400291e-05,1724.0,1725.0,1.0,184.7968170613923,184.83691291853012,0.04009585713782826,0.6651871144955711,14527.392480137267,14527.9598207136,0.5673405763336632,21.439938129501144,21.439938129501144,0.0,7.786086929912069,7.786160437244404,7.3507332334799e-05,2985.0,2986.0,1.0,276.94643686524296,276.93406169693213,-0.012375168310825302
4.641588833612781,66,4,0.5220709515390398,7716.1723573796335,7716.234448380764,0.062091001130283985,15.58678881307414,15.58677898237184,-9.83070230020644e-06,7.247637656386761,7.247835039042804,0.00019738265604285488,1729.0,1728.0,-1.0,182.98216271966444,182.9352446778742,-0.046918041790235065,0.31279962374753245,14389.447575607901,14389.315687713693,-0.13188789420746616,19.575023790733866,19.575023731985354,-5.874851183307328e-08,7.778232669034857,7.77828775504348,5.5086008623028704e-05,2933.0,2933.0,0.0,272.10418422256646,272.10017975717426,-0.004004465392199563
4.641588833612781,66,5,0.5433062492968808,7641.639728730184,7640.522111739423,-1.1176169907612348,15.500966036411514,15.500966036400698,-1.0816236795108125e-11,7.2338008389605095,7.233842288109763,4.144914925330312e-05,1696.0,1696.0,0.0,181.90881954170038,181.84907277451205,-0.059746767188329386,0.38094136230367115,14288.172661892417,14286.923850291545,-1.2488116008717043,18.832789090933908,18.832789090933908,0.0,7.790837564913264,7.790779892994627,-5.767191863714771e-05,2980.0,2980.0,0.0,268.4175437220459,268.3975532505959,-0.01999047145000077
4.641588833612781,66,6,0.3361773675634337,7723.848114426835,7723.568531666709,-0.2795827601266865,16.17406716424561,16.17406716424561,0.0,7.231994584395355,7.232009822242187,1.5237846832327762e-05,1680.0,1680.0,0.0,182.98823363792653,182.96732081136253,-0.020912826564000397,0.4273805522923797,14702.241417587702,14702.597251914332,0.35583432663042913,17.53805109071858,17.53805109071858,0.0,7.790251278724843,7.7902185751265005,-3.270359834228742e-05,2976.0,2977.0,1.0,276.47147451508164,276.5136408979106,0.042166382828952464
4.641588833612781,66,7,0.6250016404787853,7682.527744395121,7682.042360427542,-0.48538396757885494,15.725587459005176,15.725587459005176,0.0,7.2481188447784,7.248095229461375,-2.361531702455011e-05,1710.0,1710.0,0.0,180.1767228188927,180.20706123062132,0.030338411728621395,0.42742320100487097,14355.868034080722,14355.75605216488,-0.11198191584298911,19.451752762336394,19.451752858673387,9.633699349365088e-08,7.765045897027139,7.765084805536269,3.890850912924293e-05,2904.0,2905.0,1.0,275.85936806999,275.8310706084241,-0.02829746156589863
4.641588833612781,66,8,0.4673887620065905,7712.333684058329,7713.188240887304,0.8545568289755465,16.697811749853226,16.697811749853226,0.0,7.257465345714971,7.257339639387505,-0.00012570632746644606,1733.0,1732.0,-1.0,183.23063343729655,183.33164729087315,0.1010138535766032,0.3539672531674295,14560.82716444551,14562.38397700087,1.5568125553600112,18.64731567169183,18.64731567169183,0.0,7.77351389084045,7.773516171393836,2.280553386135864e-06,2932.0,2933.0,1.0,281.10390936367776,281.1433842054739,0.03947484179616367
4.641588833612781,66,9,0.4273833238922494,7942.406566481099,7941.767837519852,-0.6387289612466702,16.474682338778667,16.383701332486712,-0.09098100629195471,7.25252784201493,7.252568064383656,4.0222368725473245e-05,1731.0,1730.0,-1.0,187.72524904765987,187.67671023620454,-0.04853881145533023,0.7065889476746048,14493.939063226811,14493.026453235896,-0.9126099909153709,19.32156715327551,19.321554159351233,-1.2993924276116786e-05,7.7839873165429045,7.783991589587124,4.273044219793576e-06,2981.0,2980.0,-1.0,276.7193956496033,276.6852971817462,-0.03409846785712034
4.641588833612781,66,10,0.32943804663623844,7908.069984732241,7907.910450191988,-0.15953454025293468,17.299112838645588,17.299112838645588,0.0,7.257653926801253,7.257620705754917,-3.322104633607381e-05,1739.0,1739.0,0.0,187.68086224364976,187.73743014254384,0.05656789889408742,0.37739389101510457,14418.32911466829,14417.646739118434,-0.682375549855351,20.26077580269877,20.26115968626991,0.00038388357113916527,7.77766391687117,7.777520527291701,-0.00014338957946868902,2965.0,2965.0,0.0,276.5939781753895,276.58512551462394,-0.008852660765569453
4.641588833612781,66,11,0.5434100583361418,7913.054020134937,7913.375506720255,0.3214865853178708,15.623030223353926,15.623030223353727,-1.9895196601282805e-13,7.268924342080487,7.268762126801776,-0.00016221527871085328,1760.0,1760.0,0.0,183.71205268379606,183.77130400765878,0.0592513238627248,0.4274756278906764,14512.065915533334,14513.597880631394,1.5319650980600272,18.19190486639685,18.19190464195824,-2.2443861169563206e-07,7.7924720136661225,7.792615787225189,0.00014377355906614042,2995.0,2994.0,-1.0,272.02443721600787,272.02009047205473,-0.004346743953135501
4.641588833612781,66,12,0.43840377272944275,7816.190593820536,7816.00762492022,-0.18296890031615476,16.740240796602958,16.738975799035646,-0.0012649975673113545,7.259414006626619,7.259194843950966,-0.00021916267565291747,1734.0,1734.0,0.0,183.7425740606513,183.7988286027994,0.05625454214811043,0.7482136770100518,14469.333044692623,14469.608151268381,0.27510657575840014,21.81183476854389,21.81183476854389,0.0,7.802932996240586,7.8029294741380415,-3.5221025447285115e-06,3013.0,3013.0,0.0,267.08066519163714,267.0813187685571,0.0006535769199444985
4.641588833612781,66,13,0.33020639256383755,7619.804120120243,7620.501449878031,0.6973297577878839,15.799020062090399,15.799020062090399,0.0,7.248078627562567,7.248151688309083,7.30607465158073e-05,1707.0,1706.0,-1.0,177.20294407406666,177.19473660703548,-0.008207467031184024,0.6126447748135254,14625.816076484762,14626.114771281354,0.2986947965928266,19.240308887031834,19.240308887031834,0.0,7.778863955336481,7.778886374900553,2.2419564071896048e-05,2961.0,2961.0,0.0,281.9859096847412,281.95473146600096,-0.031178218740251396
4.641588833612781,66,14,0.3790944241238464,7765.240603342332,7764.236424815774,-1.0041785265584622,18.69561167532306,18.69561167532306,0.0,7.26508552425237,7.2649959807603395,-8.954349203094125e-05,1760.0,1761.0,1.0,181.9394089589485,181.854787773531,-0.08462118541748964,0.587125021135409,14446.723528738406,14446.480273076606,-0.24325566180050373,19.315035534237193,19.315035534812296,5.751026321831887e-10,7.785691458211473,7.785703000468872,1.1542257398744482e-05,2955.0,2955.0,0.0,272.24472533329407,272.2221482297132,-0.02257710358088616
4.641588833612781,66,15,0.4798867493785848,7600.943181647599,7601.161048078461,0.21786643086215918,15.165056867309207,15.165056900866889,3.3557681078377755e-08,7.240634838273786,7.24065728146982,2.2443196033172796e-05,1710.0,1711.0,1.0,180.6479490583126,180.671697185992,0.023748127679397157,0.3536798989006875,14740.096248405418,14740.633851613948,0.5376032085296174,21.296672774303826,21.296672774303826,0.0,7.787482622650256,7.787500133102824,1.7510452568814117e-05,2988.0,2988.0,0.0,281.41978964590794,281.4080323588618,-0.01175728704612311
4.851653739092786,67,0,0.3380231457134028,8172.751507669558,8172.533079119401,-0.21842855015711393,16.940090286118075,16.940074398968843,-1.588714923173029e-05,7.256588153055468,7.256597897373926,9.74431845790491e-06,1732.0,1732.0,0.0,195.1014855934576,195.07676837224588,-0.024717221211716378,0.49549154172809695,15358.600124305356,15358.738094030945,0.1379697255888459,20.00010749579671,20.00010749579671,0.0,7.794970460520949,7.795007801287899,3.7340766950499926e-05,2982.0,2982.0,0.0,294.7673137051117,294.7529033658836,-0.01441033922810675
4.851653739092786,67,1,0.40499997914034724,7990.506457429282,7989.472934788924,-1.0335226403576598,17.223392169454527,17.223392169454527,0.0,7.239800391242488,7.239904671930832,0.00010428068834400506,1718.0,1718.0,0.0,194.87335040653252,194.76596743436914,-0.10738297216337855,0.4136224638980446,15213.987836336819,15212.626963563753,-1.3608727730661485,23.629705006623865,23.629228962555246,-0.0004760440686197853,7.790572544789588,7.790558468128307,-1.4076661281059444e-05,2978.0,2977.0,-1.0,295.6824408571677,295.61444127331805,-0.06799958384965521
4.851653739092786,67,2,0.2701442655565668,8047.8193883325785,8047.772641976011,-0.04674635656738246,17.201992838628456,17.201992838628456,0.0,7.25717949719885,7.257156701015809,-2.2796183040796336e-05,1733.0,1733.0,0.0,192.04167651833814,191.99515321665137,-0.04652330168676144,0.31040176935950103,15270.370805724506,15269.39108892442,-0.9797168000859529,18.09476573444128,18.09476573444128,0.0,7.784553379020806,7.784413566740385,-0.00013981228042059257,2989.0,2989.0,0.0,295.9088237711994,295.94001434438087,0.03119057318144769
4.851653739092786,67,3,0.366833922601928,8008.981314622837,8007.296795936281,-1.684518686555748,16.76601618625828,16.76601623435749,4.809920994830463e-08,7.2616471500241175,7.261596118630445,-5.10313936725737e-05,1741.0,1741.0,0.0,190.34889171977485,190.2813132269767,-0.06757849279816242,0.4274527771165085,15219.347689296486,15217.595922255368,-1.7517670411180006,18.989678129203217,18.989678129203288,7.105427357601002e-14,7.780303024249555,7.780305663498751,2.639249196079163e-06,2968.0,2968.0,0.0,297.27375999859044,297.23111499894657,-0.04264499964386914
4.851653739092786,67,4,0.40209321633185946,7971.166236409352,7972.391518519985,1.2252821106330885,17.49740712727893,17.49740712727893,0.0,7.238501883299873,7.238393976469855,-0.00010790683001804524,1709.0,1709.0,0.0,194.85190267056635,194.94659966495388,0.0946969943875331,0.369512678277926,15068.845211992128,15069.809499600498,0.9642876083707961,21.539944851279095,21.65018604137164,0.11024119009254463,7.770107653337796,7.77012984850481,2.219516701451596e-05,2927.0,2927.0,0.0,296.4016870690287,296.43719523752236,0.03550816849366356
4.851653739092786,67,5,0.48658837200225147,8122.76620418129,8122.598719390454,-0.16748479083616985,17.087067561629016,17.087242688477176,0.00017512684815912394,7.230303668356219,7.230117473114984,-0.00018619524123497655,1705.0,1705.0,0.0,200.04689451922826,200.096102270415,0.049207751186742144,0.41066283936512105,15008.365588423694,15008.757563255464,0.39197483176940295,19.40327219222162,19.40327219261543,3.9380765315399913e-10,7.785683936351435,7.785645188301392,-3.874805004322468e-05,2966.0,2966.0,0.0,288.54670883350934,288.59520480153486,0.04849596802552014
4.851653739092786,67,6,0.8436037859947451,8160.6259105237905,8160.864620553591,0.23871002980013145,18.214949191004365,18.82404371950695,0.6090945285025846,7.259502841146336,7.259396833136178,-0.00010600801015847594,1736.0,1735.0,-1.0,195.96377522040862,196.07074323219234,0.10696801178372084,0.42681550170344507,15673.319265975353,15673.538550493926,0.21928451857274922,19.666839753924403,19.666839753924403,0.0,7.8014630325447145,7.801530534486984,6.750194226956552e-05,3002.0,3003.0,1.0,302.6870461285429,302.6557387659023,-0.03130736264057532
4.851653739092786,67,7,0.6042985421498541,8069.313180824047,8069.449258202991,0.1360773789438099,16.914492790868334,16.914492790868334,0.0,7.254540081062725,7.25441078932472,-0.00012929173800468874,1731.0,1731.0,0.0,192.77085626552164,192.8231167333026,0.052260467780968156,0.4225998705349169,14963.896280135394,14964.65609635615,0.7598162207559653,19.142545930268064,19.142545930268064,0.0,7.774490920027705,7.774469150614038,-2.176941366638374e-05,2926.0,2926.0,0.0,288.78106951787606,288.7988704935921,0.017800975716056655
4.851653739092786,67,8,0.2739090349734789,8137.892925169333,8138.300331221433,0.4074060521006686,17.26189478661346,17.26228453207219,0.00038974545872960675,7.257938322210498,7.258034195185421,9.587297492341662e-05,1735.0,1735.0,0.0,194.9522007521879,194.9233633329863,-0.028837419201607872,0.7435649491576325,15009.006224298517,15009.160883627379,0.1546593288621807,18.862250555738786,18.862250555358465,-3.803215520292724e-10,7.781671714120472,7.781551140417476,-0.00012057370299611847,2952.0,2950.0,-2.0,288.84198656584266,288.90231736573634,0.06033079989367707
4.851653739092786,67,9,0.3860526947803552,8118.757985436505,8119.261996708563,0.504011272058051,16.512510987556748,16.512510987556748,0.0,7.247103722392437,7.246915883825761,-0.00018783856667603516,1728.0,1728.0,0.0,198.17134349425763,198.27312065629172,0.10177716203409659,0.3045200090736643,14805.542419047479,14805.600627996402,0.05820894892349315,20.381187026426886,20.381187026426886,0.0,7.776769694457389,7.77679445006914,2.4755611750748585e-05,2956.0,2956.0,0.0,287.791029890904,287.7852076784299,-0.00582221247407233
4.851653739092786,67,10,0.5221341741248167,8007.889944452187,8008.476158916055,0.5862144638686004,17.22162041642984,17.22162041642984,0.0,7.234894597617955,7.235177198883187,0.0002826012652326071,1699.0,1700.0,1.0,194.43250468716695,194.37706848592677,-0.05543620124018389,0.4953296834455887,15222.64631785703,15222.586965801524,-0.05935205550667888,19.99550515814873,19.99550515814873,0.0,7.78660860573704,7.786603283192199,-5.322544841313004e-06,2980.0,2980.0,0.0,297.4180575051262,297.464069382424,0.04601187729775802
4.851653739092786,67,11,0.3230298080109216,8108.856519511528,8107.524554425957,-1.3319650855710279,17.071568236397255,17.071568236397255,0.0,7.238645228382418,7.238553877917798,-9.135046462027674e-05,1721.0,1721.0,0.0,199.73398350112944,199.71291003348853,-0.021073467640917443,0.5274030197344184,14865.877442026262,14864.200938518887,-1.676503507374946,18.610362474084173,18.610148573668805,-0.00021390041536761828,7.773887193976331,7.773748905845516,-0.0001382881308149564,2931.0,2931.0,0.0,287.9647594277087,287.969308454648,0.00454902693928716
4.851653739092786,67,12,0.38106474444524063,8163.1933771019685,8162.424098405099,-0.7692786968691507,15.17676578109501,15.17676578109501,0.0,7.257763952025513,7.257786854342287,2.2902316773709686e-05,1731.0,1730.0,-1.0,193.3436965095655,193.31853104729237,-0.02516546227312233,0.5833556559538575,15135.642323034597,15135.379551092625,-0.2627719419724599,20.456128530989325,20.456128530989325,0.0,7.783803794582059,7.783824677849063,2.088326700455667e-05,2966.0,2966.0,0.0,293.3539598212212,293.3151800985877,-0.03877972263353513
4.851653739092786,67,13,0.5886225438000985,8053.123811671048,8052.626099485569,-0.4977121854790312,17.384021621252693,17.384021621252693,0.0,7.249202539559047,7.249311337457835,0.00010879789878792678,1732.0,1732.0,0.0,194.29745224729265,194.2760446213543,-0.02140762593836598,0.42742399315639895,15143.724949939788,15143.318553725003,-0.4063962147847633,20.548379218149275,20.548379218149275,0.0,7.7868418436634315,7.786870944640058,2.9100976626672548e-05,2961.0,2961.0,0.0,289.71439818662896,289.71127569282197,-0.003122493806984039
4.851653739092786,67,14,0.3541978363233815,7991.121831627081,7989.523498546749,-1.5983330803319404,17.687622357400084,17.52858787812307,-0.15903447927701464,7.247220027234604,7.2473385638952,0.00011853666059558066,1704.0,1705.0,1.0,190.55121712790913,190.39242689671048,-0.1587902311986511,0.6376360199558788,15251.374650508498,15250.827344316396,-0.5473061921020417,19.34811180072052,19.348111800780906,6.038547439857211e-11,7.793216115263791,7.793250382939778,3.426767598746494e-05,3004.0,3004.0,0.0,293.8214468667244,293.7817879733673,-0.03965889335711381
4.851653739092786,67,15,0.29193732155607066,8094.283026435678,8093.790607014901,-0.49241942077696876,17.26145280912062,17.255294789251643,-0.006158019868976794,7.253922469094913,7.254053879641952,0.0001314105470386906,1725.0,1726.0,1.0,194.76369027161178,194.6957949195354,-0.06789535207639119,0.4274476007965382,15067.380511401856,15066.644174452395,-0.7363369494614744,18.902519622644636,18.902519622644636,0.0,7.780048053757518,7.7799661142658145,-8.193949170376413e-05,2961.0,2961.0,0.0,292.28836038660563,292.27536305127927,-0.012997335326360826
5.071225575517377,68,0,0.5050073722620405,8477.16298162361,8477.368572836633,0.2055912130217621,17.382979678972582,17.382979678973058,4.760636329592671e-13,7.251103579667609,7.251082001849599,-2.157781800971037e-05,1719.0,1719.0,0.0,206.8688812843736,206.87660027291597,0.0077189885423649685,0.5220157772480816,15859.819734871373,15860.048315407745,0.22858053637173725,19.76589953784475,19.76589953784475,0.0,7.7974466548792,7.7975351229192675,8.846804006790165e-05,2997.0,2997.0,0.0,308.9355215844407,308.87172077969103,-0.06380080474968963
5.071225575517377,68,1,0.6274658885157862,8415.434085223656,8415.497534913253,0.06344968959638209,18.997815682941592,18.99781568294159,-3.552713678800501e-15,7.2444452062436975,7.244354672200327,-9.053404337056037e-05,1702.0,1703.0,1.0,207.97412189732898,208.02730975237444,0.05318785504545076,0.3555583363920939,16256.040892864798,16255.591070544351,-0.44982232044640114,20.116053069312393,20.116053069312436,4.263256414560601e-14,7.798245362401224,7.798232119000986,-1.3243400238671654e-05,3003.0,3002.0,-1.0,320.11219591074797,320.09620803785003,-0.015987872897937905
5.071225575517377,68,2,0.6907239524065744,8492.785953700299,8492.593381902883,-0.1925717974154395,18.462870719917436,18.462870719917436,0.0,7.2553436288805395,7.25536032957825,1.6700697710092527e-05,1745.0,1744.0,-1.0,209.4113229966803,209.40961125682634,-0.0017117398539596707,0.34598644461655464,16078.537032230077,16078.571521690179,0.03448946010212239,18.941285330385295,18.941285330385295,0.0,7.799137030882786,7.799245459426157,0.00010842854337056451,2995.0,2995.0,0.0,314.2878772955317,314.2186711298839,-0.06920616564781312
5.071225575517377,68,3,0.7584916236797181,8364.251197991454,8363.821023342018,-0.43017464943659434,18.46436264426793,18.51596778907939,0.051605144811460946,7.2452467961598686,7.24529825865717,5.146249730181296e-05,1719.0,1720.0,1.0,206.35537803683826,206.30935415427615,-0.04602388256211043,0.4441669400755424,15972.3149122514,15972.078916807312,-0.2359954440889851,20.864339841142918,20.864339841142918,0.0,7.782972293677565,7.782959472364647,-1.2821312918021022e-05,2976.0,2976.0,0.0,319.1942708099231,319.20864691768475,0.01437610776162046
5.071225575517377,68,4,0.4077896709428873,8460.045900691925,8459.752608765815,-0.29329192610930477,17.059964411037882,17.05996441103788,-3.552713678800501e-15,7.261395661843833,7.261309447789705,-8.621405412867489e-05,1731.0,1731.0,0.0,203.6424594830037,203.65583498928612,0.013375506282415017,0.6707394869608254,15807.23632949529,15807.032705481164,-0.20362401412603504,20.842747664184092,20.842747664184092,0.0,7.774441327241096,7.77448935392109,4.802667999381782e-05,2919.0,2918.0,-1.0,315.7829827367208,315.69799300638294,-0.08498973033783841
5.071225575517377,68,5,0.45255092167543703,8209.60531413903,8209.572499441674,-0.03281469735520659,18.070568858118474,18.070568858118474,0.0,7.241880154438114,7.2419781941134325,9.803967531851754e-05,1700.0,1701.0,1.0,200.16287280095213,200.13717308642563,-0.02569971452649611,0.39566851774662487,15722.94235591997,15723.456553969438,0.5141980494681775,21.367199355040494,21.367199355040494,0.0,7.774756940749644,7.774753394887094,-3.5458625502471364e-06,2940.0,2938.0,-2.0,313.41269228262405,313.490257380269,0.07756509764493558
5.071225575517377,68,6,0.37566568472356177,8539.248751718187,8538.846294086106,-0.40245763208076824,18.995715645584898,18.995715645584898,0.0,7.261873681739563,7.261791667854414,-8.201388514894603e-05,1745.0,1744.0,-1.0,209.27561298146688,209.26958305586027,-0.006029925606611641,0.6994610109220972,15799.43100589897,15799.259395813602,-0.1716100853682292,20.96141172800418,20.96141172800418,0.0,7.792599771545768,7.7926535405641175,5.3769018349747455e-05,2984.0,2984.0,0.0,310.90568217010286,310.86319817213524,-0.042483997967622145
5.071225575517377,68,7,0.3177770387094117,8569.563996132172,8570.32006542638,0.7560692942079186,16.805441346439032,16.805441346439032,0.0,7.252494622167163,7.252468510800203,-2.6111366959291615e-05,1721.0,1721.0,0.0,208.9159598279674,208.9598452806064,0.04388545263898891,0.6636131080921219,16218.75163435726,16219.371817544083,0.6201831868220324,20.222554046310016,20.222554046310016,0.0,7.794447499556796,7.794440975505708,-6.524051087808402e-06,3003.0,3003.0,0.0,321.78133677887064,321.82099593738076,0.03965915851011914
5.071225575517377,68,8,0.46409683478501784,8572.602753560283,8572.616778931271,0.014025370988747454,19.793403416557855,19.793403416557855,0.0,7.25264515886893,7.252469662127652,-0.00017549674127792514,1730.0,1729.0,-1.0,212.85989575260314,212.86667379906066,0.006778046457526443,0.5433872039431052,16219.752246727778,16219.530892674908,-0.22135405287008325,21.49135686585604,21.49135686585604,0.0,7.8063760740833725,7.8064005533223515,2.447923897896942e-05,3038.0,3038.0,0.0,318.0261809367753,318.0176408563792,-0.00854008039607379
5.071225575517377,68,9,0.35636483680220743,8446.31633762416,8445.716101224702,-0.6002363994575717,17.77901394332771,17.779013943326245,-1.4637180356658064e-12,7.256149095991659,7.2560370904725,-0.00011200551915901968,1747.0,1747.0,0.0,206.79546916889382,206.83323092504278,0.03776175614896715,0.4866871385332282,15655.02930612169,15653.5621489383,-1.467157183391464,21.213447531837165,21.213447529640344,-2.1968205032862897e-09,7.7891296099792475,7.7890644528515836,-6.515712766397286e-05,2996.0,2994.0,-2.0,308.55990116396583,308.55315794154114,-0.006743222424688611
5.071225575517377,68,10,0.5906909931948474,8431.685001459053,8431.887876665589,0.2028752065361914,16.712174208314163,16.712174208314163,0.0,7.259381715117332,7.259410683937175,2.8968819843377958e-05,1731.0,1730.0,-1.0,205.08569079223065,205.03021980776504,-0.05547098446561449,0.5282821837294723,15628.690482246475,15629.473429453607,0.7829472071316559,22.61737129019223,22.61737129019223,0.0,7.787704998503943,7.787677274417568,-2.7724086375080503e-05,2962.0,2962.0,0.0,307.5476745011864,307.53552228637955,-0.012152214806860684
5.071225575517377,68,11,0.6907149589924293,8354.965069788259,8353.079259596941,-1.8858101913174323,18.92437172019538,18.92437172019538,0.0,7.225203490053185,7.225380035497139,0.00017654544395373506,1683.0,1684.0,1.0,209.77196368410225,209.6369957677731,-0.1349679163291455,0.5243555830416073,16097.27768148455,16095.55192291928,-1.7257585652696434,19.165477003516962,19.165477003019287,-4.976747902674106e-10,7.802308709043702,7.802268143235702,-4.056580799982612e-05,3014.0,3013.0,-1.0,313.9036916150399,313.87354025947724,-0.030151355562679782
5.071225575517377,68,12,0.3332099248822702,8540.805394669602,8542.488462557816,1.683067888214282,18.044594365555245,18.03795284279877,-0.0066415227564746715,7.252475034992679,7.252399983164,-7.505182867983962e-05,1725.0,1725.0,0.0,210.00811690677884,210.15975153907647,0.15163463229762897,0.9512711670131696,15563.068053849536,15564.259319917775,1.1912660682392016,20.626565531833567,20.663863771063056,0.03729823922948938,7.78285651796279,7.782735309594889,-0.00012120836790074918,2973.0,2973.0,0.0,306.5932020331683,306.7093691199663,0.11616708679798649
5.071225575517377,68,13,0.35852506131580525,8492.149721664684,8491.706332359114,-0.4433893055702356,17.96563920772701,17.96563920772701,0.0,7.252770868007851,7.252830258959856,5.9390952004356734e-05,1737.0,1737.0,0.0,209.80172334758498,209.7787130617872,-0.023010285797795405,0.5893707586139629,15864.729251165616,15864.66991349844,-0.05933766717680555,20.63828990833431,20.63828990833431,0.0,7.783179806895767,7.783174126161966,-5.680733800694782e-06,2966.0,2967.0,1.0,315.33860062031226,315.3440008818563,0.005400261544025398
5.071225575517377,68,14,0.32344065212518064,8424.498685038398,8425.03069868544,0.532013647041822,17.36517230917304,17.36517230917304,0.0,7.2759893711238774,7.276063958022374,7.458689849659805e-05,1771.0,1771.0,0.0,200.69496144255976,200.7079083194932,0.012946876933455087,0.7787908352642889,15717.362062450731,15718.312078884228,0.9500164334967849,20.457517300122102,20.457517300122085,-1.7763568394002505e-14,7.796037179336132,7.7960591359613,2.1956625167796062e-05,2983.0,2983.0,0.0,306.4706592144927,306.5004115818173,0.029752367324590523
5.071225575517377,68,15,0.36278474971074604,8578.993373594996,8578.32745014524,-0.6659234497565194,16.61624846857696,16.61624846857696,0.0,7.265494660405737,7.265564367665579,6.970725984256632e-05,1736.0,1736.0,0.0,205.91614424136455,205.87448241830256,-0.04166182306198607,0.5578227777526712,15644.371055870008,15642.85030487202,-1.5207509979882161,20.782399347104633,20.782399347104633,0.0,7.78314501784336,7.783117826573525,-2.7191269834858645e-05,2954.0,2954.0,0.0,309.26147828003326,309.1985420979169,-0.06293618211634566
5.300734599124639,69,0,0.4110825075897445,8981.25787296989,8982.083718949778,0.8258459798871627,18.49313264544502,18.49313264544502,0.0,7.2603678324631025,7.260530687199366,0.0001628547362635402,1744.0,1745.0,1.0,226.31056405400574,226.33163881184248,0.021074757836743174,0.6836608600696528,16607.91800831248,16608.191625489373,0.27361717689200304,21.73185813025423,21.73185813025423,0.0,7.787198024325202,7.787246790651556,4.876632635397726e-05,2974.0,2975.0,1.0,336.1734158345689,336.2110524559111,0.03763662134218748
5.300734599124639,69,1,0.7787311659768806,8703.260212582996,8703.70493452235,0.44472193935325777,20.203600882040202,20.20360088204016,-4.263256414560601e-14,7.243550509376117,7.243514463031928,-3.604634418952202e-05,1723.0,1723.0,0.0,219.6980426682762,219.68294186187043,-0.015100806405769163,0.3654152405949074,16492.8597205767,16493.18548914213,0.3257685654316447,21.67629241417325,21.67629241417325,0.0,7.79036451558296,7.790298205752379,-6.630983058109052e-05,2988.0,2988.0,0.0,332.2360261930974,332.2632881499612,0.02726195686381061
5.300734599124639,69,2,0.6375893142126632,8684.664649312534,8683.79267578352,-0.8719735290142125,18.409280396801865,18.409280396801865,0.0,7.2427107134592,7.242574228267293,-0.00013648519190656572,1702.0,1702.0,0.0,219.3654363967488,219.3340264349285,-0.03140996182031586,0.5291686163785967,16657.21779636784,16656.785856130024,-0.43194023781688884,20.0134006402379,20.0134006402379,0.0,7.784598728451717,7.784628457348892,2.9728897175118618e-05,2927.0,2928.0,1.0,334.98173969371817,334.98084139970575,-0.0008982940124155903
5.300734599124639,69,3,0.37357927041421035,8736.32033945218,8735.312616499214,-1.0077229529670149,18.63027019729691,18.63027019729691,0.0,7.233494455351348,7.2335891939810715,9.473862972342317e-05,1693.0,1693.0,0.0,219.98564192416436,219.87739665528483,-0.10824526887952857,0.36401786362009975,16424.75494523171,16423.737012966267,-1.0179322654439602,20.518852468899752,20.518852468899752,0.0,7.781247135156988,7.781167165313984,-7.99698430045126e-05,2943.0,2943.0,0.0,332.48153760056596,332.460965186133,-0.020572414432933783
5.300734599124639,69,4,0.4299396727376449,8893.327595549665,8893.493548697563,0.165953147898108,21.926066409194956,21.926066409193755,-1.2008172234345693e-12,7.252208645081976,7.25213648412221,-7.216095976581016e-05,1727.0,1727.0,0.0,226.36504974062535,226.37950256090153,0.014452820276176226,0.7640817723882076,16805.224315285835,16805.280852984193,0.05653769835771527,19.874812707907893,19.804551246815716,-0.07026146109217635,7.792277521979645,7.792223511556093,-5.401042355135388e-05,2978.0,2977.0,-1.0,338.90288261519487,338.95089416453095,0.048011549336081316
5.300734599124639,69,5,0.7637733908696681,8840.446314500667,8838.856529466753,-1.5897850339133583,18.318872031812596,18.31887202957218,-2.2404158528388507e-09,7.263864128171228,7.263944196968323,8.006879709476777e-05,1737.0,1737.0,0.0,217.94474627676604,217.86802521276485,-0.07672106400119105,0.7787890413369576,16624.76850530861,16623.318764133444,-1.4497411751654,24.88301514212199,24.88301514212199,0.0,7.7801222323497905,7.780140743407555,1.8511057764847294e-05,2976.0,2976.0,0.0,341.3064294612082,341.2356562451823,-0.07077321602588427
5.300734599124639,69,6,0.5204305948037076,9039.820895025587,9039.506736672409,-0.31415835317784513,19.1370504575919,19.039754710502365,-0.09729574708953592,7.267824950189493,7.267764957120503,-5.999306898996082e-05,1761.0,1761.0,0.0,226.2415359990447,226.2403232502553,-0.001212748789384932,0.37976499130775293,16727.735178839073,16727.607994798436,-0.12718404063707567,21.16289764536255,21.16289764536255,0.0,7.804442834329302,7.804473578930836,3.074460153396075e-05,3011.0,3012.0,1.0,333.8154790745135,333.7795170567741,-0.03596201773939356
5.300734599124639,69,7,0.913898320399464,9104.645703430237,9103.25187881245,-1.3938246177858673,18.800796642891424,18.800796642891424,0.0,7.26328935577488,7.263243282501206,-4.60732736744518e-05,1743.0,1742.0,-1.0,230.1632398707354,230.08662009575818,-0.0766197749772175,0.9512147045313851,16733.224455183357,16730.82471317805,-2.3997420053055976,23.177389985519394,23.177389985519394,0.0,7.787450820004643,7.787408710829119,-4.2109175523386e-05,2975.0,2975.0,0.0,341.2058583112314,341.1304431478726,-0.07541516335879805
5.300734599124639,69,8,0.36418507953641777,8888.67484314898,8888.763432263682,0.08858911470269959,17.693323151832356,17.69332315183236,3.552713678800501e-15,7.242270633308349,7.242068004385508,-0.00020262892284161893,1717.0,1717.0,0.0,225.26457342753935,225.37900297083192,0.11442954329257304,0.7014040584106627,16698.92432725449,16699.131448818298,0.20712156380614033,21.154774283934,21.154774283933392,-6.075140390748857e-13,7.779367806697685,7.779370203064616,2.3963669306681368e-06,2961.0,2963.0,2.0,340.01582170037733,340.0564234219508,0.04060172157346642
5.300734599124639,69,9,0.28651647633020605,8805.691119622214,8805.202627901192,-0.488491721022001,19.659128461888628,19.659128461888628,0.0,7.2230316439899,7.222891201897866,-0.00014044209203412095,1686.0,1686.0,0.0,227.28070273446124,227.30668178859705,0.025979054135802926,0.756508354720704,16601.597288394045,16602.118779638906,0.5214912448609539,19.171896014048354,19.17189135392908,-4.660119273580676e-06,7.78478529575452,7.784788028263618,2.732509098102298e-06,2982.0,2983.0,1.0,334.9807126822516,335.00123813870437,0.020525456452787694
5.300734599124639,69,10,0.47487590488768183,8963.290098111655,8961.941994245313,-1.348103866341262,19.110017964339022,19.110017964339022,0.0,7.257265255565967,7.257279406086545,1.4150520578404269e-05,1728.0,1729.0,1.0,225.7343233970955,225.67132005649447,-0.06300334060102841,0.7274404226202792,16622.96256271311,16622.722414190015,-0.24014852309483103,22.050057493055892,22.0500427396338,-1.4753422092894652e-05,7.7788470609647185,7.778797837208717,-4.9223756001026686e-05,2933.0,2933.0,0.0,337.440496748071,337.46726361457286,0.02676686650187321
5.300734599124639,69,11,0.3433785268058957,8858.116200328719,8857.947950726651,-0.16824960206758988,19.331046412318468,19.33103053703036,-1.587528810631511e-05,7.254882616040155,7.254870365895638,-1.2250144517444994e-05,1733.0,1734.0,1.0,222.9918996265775,222.9253824091497,-0.06651721742778705,0.5218571145847143,16464.975449208505,16465.26687611291,0.29142690440494334,24.639507979782216,24.63950109541314,-6.8843690748110475e-06,7.7800831436881195,7.780031217080547,-5.192660757291634e-05,2962.0,2962.0,0.0,334.89985701730154,334.9851487104036,0.08529169310207863
5.300734599124639,69,12,0.690795447238574,8768.172539316325,8768.391258583142,0.218719266817061,21.312358951786994,21.312358951786994,0.0,7.229807743748429,7.2296437662187625,-0.00016397752966668122,1692.0,1691.0,-1.0,224.98085668608675,225.04399192448406,0.06313523839730806,0.48421695059857706,16670.997750087416,16672.71828406438,1.7205339769643615,21.541774273504817,21.5462444724665,0.004470198961683991,7.794864306800164,7.794994256433287,0.00012994963312262797,3014.0,3015.0,1.0,338.9013236891458,338.8996049150523,-0.001718774093490083
5.300734599124639,69,13,0.4935659051824288,9038.937121467625,9039.63442573468,0.6973042670542782,19.248697449117564,19.248697449117564,0.0,7.248308596880617,7.248303574427068,-5.022453549052841e-06,1721.0,1721.0,0.0,231.25255272771295,231.30927776188366,0.05672503417071084,0.37901695767009214,16392.534226363266,16392.610946504814,0.07672014154741191,20.70199351593562,20.702016554053834,2.3038118214913084e-05,7.774700718315602,7.77467849991025,-2.2218405351992487e-05,2948.0,2948.0,0.0,332.93032166856386,332.9359612822451,0.0056396136812395525
5.300734599124639,69,14,0.6816487646560334,9092.566679364643,9092.345934048195,-0.2207453164483013,19.40795741650053,19.407957416323775,-1.7675461094768252e-10,7.255409216022012,7.255389767971176,-1.9448050836423647e-05,1726.0,1726.0,0.0,231.12946095445767,231.17894511272485,0.04948415826717678,0.6035370496856642,16713.261569249673,16712.962228404394,-0.29934084527849336,22.35237151016986,22.35237145372491,-5.644495004730743e-08,7.790643506864532,7.790643229281054,-2.775834779811248e-07,3016.0,3017.0,1.0,339.41895941298407,339.40033600733983,-0.01862340564423448
5.300734599124639,69,15,0.8436987117478931,8883.060017792634,8882.920559797192,-0.13945799544126203,17.697438431887033,17.6974243412497,-1.4090637332486722e-05,7.246940365896341,7.24682890142377,-0.00011146447257104342,1720.0,1720.0,0.0,223.70485679032456,223.78327006575512,0.07841327543056309,0.5886219665228123,16840.193716422895,16839.634722275165,-0.5589941477301181,22.210464182144502,22.210464182144502,0.0,7.795712068809833,7.795678112969117,-3.3955840716082264e-05,2967.0,2969.0,2.0,337.6936280651929,337.65197545158696,-0.04165261360594741
5.540630538307391,70,0,0.6068109726180907,9075.842833146004,9074.67901483192,-1.1638183140839828,21.117258054898215,21.117258054898215,0.0,7.2381433814788725,7.238154608483632,1.122700475963967e-05,1697.0,1697.0,0.0,234.4153027849831,234.4010770670117,-0.014225717971413587,0.490342993211046,17102.51483049963,17100.741634058777,-1.773196440852189,27.78275207825809,27.78275207825809,0.0,7.772899300978201,7.772872757664021,-2.6543314180393907e-05,2929.0,2929.0,0.0,355.78449709257245,355.71358040524115,-0.07091668733130518
5.540630538307391,70,1,0.4312112068114391,9149.862334429954,9149.910777139283,0.04844270932881045,19.160162888736878,19.160162888736856,-2.1316282072803006e-14,7.242154980907384,7.241963837449352,-0.00019114345803217248,1713.0,1714.0,1.0,239.4494584784412,239.50804846373856,0.058589985297373914,0.41065138493942965,17222.933604080314,17223.1199268536,0.1863227732865198,25.372278461483052,25.372278461483052,0.0,7.772358642443626,7.772330150455744,-2.8491987881906766e-05,2935.0,2935.0,0.0,362.76986599920474,362.85306859972195,0.08320260051721107
5.540630538307391,70,2,0.5127714128938154,9102.191866357574,9102.089191471072,-0.1026748865024274,20.118782530626216,20.118782530626216,0.0,7.259332505263634,7.259151046470406,-0.00018145879322783998,1750.0,1750.0,0.0,232.36730182194026,232.41794418489135,0.05064236295109481,0.5667830608922453,17687.52292167285,17687.61784592365,0.09492425079952227,22.491138553200756,22.501322874995267,0.010184321794511675,7.789846197423736,7.789857388333112,1.1190909376068703e-05,2981.0,2981.0,0.0,366.10458695051443,366.1116333405792,0.007046390064772368
5.540630538307391,70,3,0.6355045508662323,9229.052372845159,9228.492505887401,-0.5598669577575492,19.105304685641546,19.10117684146729,-0.004127844174256268,7.240677079684334,7.240744329794311,6.725010997765679e-05,1698.0,1700.0,2.0,238.8756169832518,238.83247729105636,-0.043139692195438784,0.33874250708414977,17427.16872410807,17426.913550415295,-0.25517369277440594,23.059559232662515,23.059559232662515,0.0,7.791886436614982,7.7918724145119524,-1.402210302980933e-05,2977.0,2977.0,0.0,358.4804689442391,358.4650136089599,-0.015455335279170868
5.540630538307391,70,4,0.4285124734982982,9288.260117825317,9288.595698973411,0.3355811480942066,23.727490162979894,23.727490162979894,0.0,7.244476781407644,7.244549312468312,7.25310606677354e-05,1728.0,1728.0,0.0,243.5231714868844,243.53173181890415,0.008560332019754924,0.7527031584637881,16953.988274755888,16954.607922782685,0.619648026797222,23.031178847612374,23.031178847612374,0.0,7.777730602615835,7.777696150838979,-3.4451776855348726e-05,2921.0,2922.0,1.0,348.70950998167217,348.75397299756406,0.04446301589189261
5.540630538307391,70,5,0.913946906524771,9477.781393392288,9477.436517798693,-0.344875593595134,20.027840024936253,20.027840024936253,0.0,7.249832352559456,7.249699368376917,-0.00013298418253882005,1722.0,1722.0,0.0,244.90897457185457,244.94096790788964,0.03199333603507171,0.4915865845052863,17516.677298237017,17515.872522017602,-0.8047762194146344,27.77374253959336,27.77374253959336,0.0,7.801544944591401,7.80155227825231,7.333660908770412e-06,3022.0,3023.0,1.0,358.75849478434566,358.7408001196981,-0.017694664647535774
5.540630538307391,70,6,0.9139519028675391,9324.273132722914,9323.374069644964,-0.8990630779499043,19.79169548135908,19.79169548135908,0.0,7.265256427555073,7.265248202373194,-8.225181878707133e-06,1747.0,1746.0,-1.0,238.19838418154498,238.2393991778346,0.041014996289618466,0.38611500037273105,17281.90954788867,17281.00165634481,-0.9078915438585682,22.258228692951775,22.258228692951775,0.0,7.779685077507285,7.779687186509859,2.1090025743575325e-06,2951.0,2951.0,0.0,359.1021942310503,359.06390289676574,-0.03829133428456544
5.540630538307391,70,7,0.6507988499721993,9025.799246203558,9026.1515466839,0.35230048034100037,19.206239309348472,19.206239309348472,0.0,7.24454435274874,7.244542235353424,-2.1173953159703274e-06,1727.0,1727.0,0.0,233.28453313887772,233.29027726209296,0.005744123215237096,0.6061095256242779,17392.561031524965,17392.956944608,0.3959130830335198,24.73371285747314,24.733712857469914,-3.225864020350855e-12,7.7895624097238265,7.789588386422564,2.5976698737828485e-05,2987.0,2987.0,0.0,359.55751329613435,359.60503165790306,0.04751836176870938
5.540630538307391,70,8,0.3147061124003919,9519.939459826888,9519.145050567506,-0.7944092593825189,20.130999396286562,20.130999396286562,0.0,7.270739168155,7.270775147241986,3.5979086986159814e-05,1752.0,1752.0,0.0,242.86068732531703,242.83174165760946,-0.028945667707574785,0.703128799466779,16971.72263638091,16970.299866339687,-1.4227700412229751,21.33282259507606,21.33282259507606,0.0,7.77416784286962,7.774119997276516,-4.784559310344605e-05,2930.0,2930.0,0.0,348.08553914137525,348.07729374085693,-0.008245400518319457
5.540630538307391,70,9,0.5432824961824073,9033.576487508288,9033.69000535328,0.1135178449931118,23.143640540000714,23.143640540060314,5.96003246755572e-11,7.2391502278624,7.239237178966839,8.695110443923681e-05,1708.0,1709.0,1.0,235.30439655150084,235.2747417976572,-0.029654753843630033,0.32236060441278347,17562.507999684203,17561.699812953844,-0.8081867303590116,22.407137421466285,22.407137425494206,4.027921107763177e-09,7.795272825335712,7.795286179316364,1.3353980651942265e-05,2982.0,2982.0,0.0,360.2507327064015,360.22574537714155,-0.02498732925994318
5.540630538307391,70,10,0.8780348961529334,9163.293944798399,9163.962139198535,0.6681944001356896,20.239589372778433,20.239589372778433,0.0,7.256128104891005,7.2561045940889795,-2.3510802025228372e-05,1725.0,1726.0,1.0,234.0787650031732,234.0605937061958,-0.01817129697741393,0.5921411516971267,17276.187469618886,17276.905968659947,0.7184990410605678,26.181939627893968,26.181939627893968,0.0,7.777586861776255,7.7776698033270995,8.294155084431765e-05,2942.0,2942.0,0.0,360.7476683028329,360.72674707281107,-0.020921230021826887
5.540630538307391,70,11,0.32853869321365875,9028.07496088792,9026.214237115702,-1.8607237722171703,19.244104421209432,19.243522979597294,-0.0005814416121374677,7.225203487853722,7.2251791110408545,-2.437681286782123e-05,1681.0,1682.0,1.0,233.55139916224917,233.45528088155294,-0.0961182806962313,0.7046819169352463,17332.93275660451,17330.220819693983,-2.7119369105275837,22.475550589219743,22.475823431221304,0.0002728420015607469,7.7840254418273656,7.784080938112407,5.549628504120108e-05,2976.0,2976.0,0.0,359.3635715301993,359.1978428416454,-0.16572868855388379
5.540630538307391,70,12,0.39098397756295195,9241.172075384686,9241.814936664301,0.6428612796153175,22.432328920241304,22.432328920241304,0.0,7.2411848376084915,7.241147519304073,-3.731830441822126e-05,1723.0,1723.0,0.0,245.18067363195885,245.20321191368183,0.022538281722972897,0.8781194082819184,17648.10526546576,17648.67758684484,0.5723213790770387,23.140088134410313,23.140088134410313,0.0,7.781040711091691,7.781026945103962,-1.3765987729286167e-05,2952.0,2952.0,0.0,369.30500865234785,369.3110902666144,0.006081614266577162
5.540630538307391,70,13,0.38662798565782275,9164.832626321486,9164.432521542276,-0.40010477920986887,20.319131037682983,20.319131037682983,0.0,7.256538821985162,7.256501862292449,-3.695969271255706e-05,1753.0,1752.0,-1.0,236.89271684261473,236.87062188089848,-0.022094961716248918,0.3353640394458754,17558.326031316596,17558.056117415388,-0.2699139012074738,22.956947238673166,22.95799686366199,0.0010496249888234388,7.780237028786933,7.780146155735383,-9.087305155031089e-05,2954.0,2954.0,0.0,364.7640163406212,364.78282364613455,0.018807305513348638
5.540630538307391,70,14,0.4318873683710376,9250.476022988476,9250.225542647699,-0.2504803407773579,21.792754341540014,21.788680666706178,-0.0040736748338368045,7.260738033315334,7.260749128798329,1.1095482994605277e-05,1735.0,1735.0,0.0,238.70441370927423,238.69446799256735,-0.009945716706880603,0.5063812686016483,17558.26005297724,17557.604908226724,-0.6551447505153192,25.018201951407782,25.063360114249207,0.0451581628414246,7.789458828332976,7.789447528424221,-1.1299908755368904e-05,2986.0,2984.0,-2.0,366.7109166242328,366.7151241526669,0.004207528434051255
5.540630538307391,70,15,0.5503858919090511,9106.709114774108,9107.86236840778,1.153253633670829,22.345646713962108,22.345646713962108,0.0,7.260271340928216,7.260396454996686,0.00012511406846993367,1734.0,1734.0,0.0,232.32163555914553,232.36247765887046,0.040842099724926584,0.4743102934735768,17057.292294322415,17058.243466740852,0.9511724184376362,23.201725841703173,23.20172574075667,-1.0094650093606106e-07,7.793199567484896,7.793149706551505,-4.9860933390988293e-05,2967.0,2968.0,1.0,345.95628348712125,346.00990256209997,0.05361907497871243
5.791383474866671,71,0,0.28991511327361985,9675.2516357752,9675.273065480396,0.021429705197078874,20.781264156582534,20.76558109894564,-0.01568305763689537,7.270681533630505,7.27062770061409,-5.383301641526117e-05,1753.0,1753.0,0.0,251.3470370768279,251.33963755039105,-0.007399526436842052,0.5145077485991005,17885.963197040444,17886.224725718148,0.261528677703609,27.110882804809936,27.11088280480996,2.4868995751603507e-14,7.773345995328835,7.773357819215179,1.1823886343798051e-05,2935.0,2935.0,0.0,380.7074251236792,380.68250498669755,-0.024920136981620544
5.791383474866671,71,1,0.553979664808871,9580.755668427752,9579.459148114622,-1.296520313129804,18.739115811786927,18.739115378724698,-4.330622296322417e-07,7.253758288564091,7.253785945222749,2.765665865744893e-05,1724.0,1724.0,0.0,250.62773127716505,250.55788776758695,-0.06984350957810648,0.31956199768404003,17724.46442943161,17723.46511034875,-0.9993190828608931,24.36579416580818,24.36579416580818,0.0,7.7835317690525105,7.783483841122644,-4.79279298666313e-05,2943.0,2943.0,0.0,370.4217124317384,370.3829218476383,-0.038790584100127035
5.791383474866671,71,2,0.4274765199509762,9838.07706318839,9839.5628558482,1.4857926598106133,21.327464583570276,21.327750915049485,0.0002863314792094229,7.23693708420382,7.2370314394242445,9.435522042444688e-05,1697.0,1697.0,0.0,264.7666244408826,264.75636992218597,-0.010254518696626747,0.6408945022107534,17839.566483877796,17840.379820523252,0.8133366454567295,25.461894201626478,25.461894201626478,0.0,7.78533720929981,7.785311640878588,-2.5568421222033066e-05,2949.0,2948.0,-1.0,374.14165280980734,374.213063186574,0.07141037676666429
5.791383474866671,71,3,0.46930177196473283,9518.24916502515,9517.513876675388,-0.7352883497624134,20.520613473631027,20.520613473631027,0.0,7.247870118116953,7.2477640101337615,-0.00010610798319188319,1727.0,1727.0,0.0,251.38841809886992,251.39475347803213,0.006335379162209165,0.5580265415652457,18676.6777397213,18675.558401534458,-1.119338186843379,26.689951812032298,26.690158554739988,0.0002067427076895001,7.810946623621314,7.8109513388593035,4.7152379893944385e-06,3068.0,3068.0,0.0,391.34849821375707,391.3073240000506,-0.04117421370648344
5.791383474866671,71,4,0.7971107313173463,9837.939850601266,9837.573562311849,-0.3662882894168433,21.226690265738963,21.226690265738963,0.0,7.239838277664983,7.239940130869293,0.0001018532043097764,1697.0,1697.0,0.0,263.3417401008477,263.2905048128071,-0.05123528804057287,0.513845770192602,18586.701208358234,18586.365630426855,-0.33557793137879344,23.714433626271134,23.714433621729597,-4.5415369243073656e-09,7.792234166657455,7.7922726326199445,3.8465962489908634e-05,2989.0,2990.0,1.0,392.7076024960055,392.64694974030607,-0.06065275569943651
5.791383474866671,71,5,0.4893566926012082,9495.132590674995,9494.447757751777,-0.6848329232179822,20.8926012504697,20.8926012504697,0.0,7.24036451469403,7.240382622103132,1.8107409101908445e-05,1717.0,1716.0,-1.0,251.41891568347845,251.36919937682197,-0.04971630665647808,0.569056257829538,18173.920190672783,18173.464444454956,-0.45574621782725444,23.716885798502336,23.716885798502336,0.0,7.78658192448348,7.7865480245759695,-3.389990751045957e-05,2960.0,2960.0,0.0,382.88300912273235,382.86808679792637,-0.01492232480597977
5.791383474866671,71,6,0.5801886333973942,9724.402304745794,9724.008299882753,-0.39400486304111837,20.347681114185313,20.347681114185313,0.0,7.257319438725425,7.2574028706158025,8.343189037773868e-05,1727.0,1728.0,1.0,254.24301415871815,254.19395172943467,-0.049062429283480924,0.49871657016083815,17850.155879276346,17849.71986430372,-0.43601497262716293,26.304104910575035,26.304104910574658,-3.765876499528531e-13,7.782420434285778,7.782541319771078,0.00012088548530009291,2947.0,2947.0,0.0,373.5247608046141,373.4864208663237,-0.03833993829039173
5.791383474866671,71,7,0.7439626025654622,9726.033691158274,9725.478483748851,-0.5552074094230193,22.36395625459404,22.36395625459404,0.0,7.246309849508022,7.246364445582666,5.459607464342042e-05,1730.0,1730.0,0.0,259.17755746074414,259.17164854741844,-0.00590891332569754,0.7788481581510757,17825.411887653987,17825.51870701809,0.10681936410401249,21.6854481042971,21.6854481042971,0.0,7.777322245174396,7.777318866968118,-3.378206278270568e-06,2942.0,2942.0,0.0,374.402916567831,374.4590363972071,0.05611982937608673
5.791383474866671,71,8,0.6636429011193526,9842.686869252517,9843.203840142573,0.5169708900557453,21.425641768436297,21.42564176853391,9.761436103872256e-11,7.254757398028372,7.2547030417159775,-5.435631239425476e-05,1724.0,1723.0,-1.0,259.02450257939466,259.0615483614677,0.03704578207305076,0.5477663252413583,18707.82260492984,18709.037445479058,1.214840549218934,22.439420420058134,22.439420420092972,3.483791033431771e-11,7.807454505448581,7.807386160407731,-6.834504084984871e-05,3045.0,3045.0,0.0,391.2559685374241,391.3169871534738,0.06101861604969372
5.791383474866671,71,9,0.44551638426886214,9635.29448544434,9634.32668853139,-0.9677969129497797,21.361318634209418,21.361318634209418,0.0,7.242998063862549,7.242998774932094,7.110695445788906e-07,1722.0,1722.0,0.0,255.29878639483022,255.2386430457756,-0.06014334905461283,0.6489703225501998,18059.285502382838,18058.52793683411,-0.7575655487271433,22.207054113350456,22.20705411335046,3.552713678800501e-15,7.780895666389216,7.780875058381257,-2.060800795877782e-05,2954.0,2953.0,-1.0,382.3788404678148,382.34042558765657,-0.03841488015825689
5.791383474866671,71,10,0.3564356273604852,9443.581264641783,9443.937312883536,0.35604824175243266,20.96324915179425,20.963341494854532,9.234306028105266e-05,7.247233280144007,7.2471660764429835,-6.72037010236437e-05,1732.0,1732.0,0.0,249.17277979013002,249.21146720460743,0.03868741447740831,0.49165136509955254,18252.139639295787,18252.964287935145,0.8246486393582018,24.188602175389967,24.333113430416596,0.14451125502662876,7.780494975356465,7.780387968273314,-0.00010700708315081187,2979.0,2979.0,0.0,391.2392783984166,391.33670116668833,0.09742276827171281
5.791383474866671,71,11,0.9512140544596106,9593.555333222994,9593.201701714544,-0.35363150844932534,19.558534041024384,19.558534041004677,-1.970690277630638e-11,7.257098113304936,7.25712549804808,2.7384743144232004e-05,1729.0,1729.0,0.0,248.91858478706257,248.89452498380456,-0.02405980325801238,0.5816763488251839,18168.041539399208,18168.95854731585,0.9170079166433425,22.729914110585835,22.729914110585835,0.0,7.7874454771254005,7.787486266065777,4.078894037640168e-05,2982.0,2981.0,-1.0,382.6561730960777,382.6485108914619,-0.007662204615769497
5.791383474866671,71,12,0.9482821685537463,9547.038056219264,9547.6591035991,0.6210473798364546,20.68679078231532,20.68679078231532,0.0,7.252770992433442,7.252606649934858,-0.00016434249858399141,1727.0,1726.0,-1.0,250.90955161869783,251.0214367578109,0.11188513911307041,0.612590558652813,17939.667007548895,17940.777748157107,1.1107406082119269,24.339060577470164,24.339060577465304,-4.860112312599085e-12,7.766830552505595,7.766856032718437,2.5480212841877403e-05,2914.0,2914.0,0.0,386.1899948579293,386.19210281666835,0.002107958739031801
5.791383474866671,71,13,0.677915975302302,10069.615209569696,10069.08890330562,-0.5263062640769931,21.01107305731919,21.011073057319148,-4.263256414560601e-14,7.2547007888012836,7.254823578680363,0.00012278987907965444,1750.0,1750.0,0.0,267.91968416722545,267.8253097258507,-0.09437444137478224,0.4396392920361082,18133.92490135769,18133.165373874173,-0.7595274835148302,21.67106560929714,21.67106560929714,0.0,7.790759558851658,7.7908235287184135,6.39698667557198e-05,2987.0,2987.0,0.0,381.32200576382183,381.2573707592471,-0.06463500457471127
5.791383474866671,71,14,0.5547064379233172,9727.322498207943,9726.076370958022,-1.2461272499203915,19.36130309660572,19.36130309660573,1.0658141036401503e-14,7.264256988371216,7.264117266817947,-0.00013972155326857916,1753.0,1752.0,-1.0,254.14411653745734,254.1340780205858,-0.01003851687153201,0.91876124118121,17862.623791774156,17860.980278146264,-1.6435136278923892,28.650928753571023,28.650928753571023,0.0,7.771877716234258,7.771907992088282,3.0275854024708337e-05,2930.0,2931.0,1.0,383.18817171467555,383.1186318164965,-0.06953989817907313
5.791383474866671,71,15,0.4592366826239768,9660.149825856552,9659.727818648364,-0.4220072081880062,20.352934499920554,20.352934499920554,0.0,7.2384898559047475,7.238451153664827,-3.8702239920418435e-05,1699.0,1699.0,0.0,257.3533474253105,257.3858716737907,0.03252424848017199,0.42884797135338937,17518.057962565934,17518.20139333143,0.14343076549630496,26.46373793371941,26.46373793371941,0.0,7.774721920984556,7.774634938427595,-8.6982556960713e-05,2944.0,2944.0,0.0,373.17150602955144,373.18340911291665,0.011903083365211842
6.053484765148217,72,0,0.44485568630449795,10292.584913629673,10291.578791279426,-1.0061223502470966,20.156079440393402,20.156080881643064,1.4412496618376736e-06,7.261367768960455,7.261459605477938,9.183651748312371e-05,1748.0,1748.0,0.0,275.79523855385105,275.7483029786204,-0.046935575230634186,0.5433744597087733,18909.90688777322,18908.824057050064,-1.0828307231568033,28.5850917809954,28.5850917809954,0.0,7.79444294395163,7.794461605506363,1.8661554733512276e-05,3000.0,3000.0,0.0,408.91586893555984,408.85460800892963,-0.06126092663021154
6.053484765148217,72,1,0.3356132744733843,9774.58911792294,9773.867445856105,-0.7216720668347989,23.212820012801586,23.212820012801586,0.0,7.231573503566892,7.231615391452425,4.1887885532609914e-05,1677.0,1678.0,1.0,263.79886088117536,263.74958423781095,-0.049276643364407846,0.8327101449758559,18725.7713256752,18724.88494173852,-0.8863839366786124,27.267595090899498,27.267595090899498,0.0,7.786178508800022,7.786153541102832,-2.4967697189737237e-05,2966.0,2966.0,0.0,401.90863376520986,401.8642960146906,-0.04433775051927569
6.053484765148217,72,2,0.34300105156243055,9903.16043287742,9902.491479177828,-0.6689536995909293,25.07350402660787,25.07350402660787,0.0,7.243545958088628,7.2435013243560675,-4.4633732560583894e-05,1722.0,1721.0,-1.0,271.31184213942504,271.2553410261795,-0.05650111324553109,0.4488305037422786,18485.304288129853,18484.62476457943,-0.6795235504250741,24.762332614352605,24.69967060961312,-0.06266200473948658,7.779533038607066,7.779514619026411,-1.841958065451621e-05,2937.0,2937.0,0.0,393.8811767251411,393.8964766009703,0.015299875829214216
6.053484765148217,72,3,0.334070436343764,10234.507002945571,10233.124499227295,-1.3825037182759843,24.02962849241297,24.02962849241297,0.0,7.252823849386251,7.252824255206589,4.058203373347169e-07,1723.0,1724.0,1.0,278.2042527692621,278.1552357217379,-0.04901704752421665,0.663609126216536,19252.72132494477,19252.181430331548,-0.5398946132227138,23.116757187706302,23.116757187706302,0.0,7.777182975008548,7.777186929041033,3.954032484543291e-06,2954.0,2954.0,0.0,421.9631830115919,421.95519546040634,-0.007987551185578923
6.053484765148217,72,4,0.5119135151533887,9972.701555143716,9972.588549417007,-0.11300572670916154,22.5378949999912,22.537894999773957,-2.1724133603129303e-10,7.258595653357299,7.25857727856153,-1.8374795768494323e-05,1739.0,1739.0,0.0,264.7368886725622,264.74455185351076,0.007663180948554782,0.5514097969611081,18676.818845236823,18675.82139221244,-0.9974530243816844,26.98710104196358,26.987101041963577,-3.552713678800501e-15,7.7780109366130015,7.777951901724833,-5.903488816816349e-05,2965.0,2965.0,0.0,405.9091884082038,405.91092619357795,0.0017377853741322724
6.053484765148217,72,5,0.3940505815254628,9992.653133196669,9991.320616110175,-1.3325170864936808,20.191892172617333,20.191892172617333,0.0,7.255244926904345,7.255181918909905,-6.300799443970106e-05,1748.0,1748.0,0.0,269.80234182405746,269.7504662159539,-0.051875608103557624,0.4964818853992979,19109.182402432285,19108.21876556035,-0.9636368719366146,24.085670748806457,24.085670748410614,-3.958433580919518e-10,7.802249009135775,7.802287722381784,3.8713246009791646e-05,2999.0,2997.0,-2.0,406.7616275101357,406.6947517104379,-0.06687579969781154
6.053484765148217,72,6,0.3790511192616347,10032.579609270253,10032.797179192632,0.21756992237897066,21.584002206876487,21.584002206876487,0.0,7.229086744300689,7.229107250310609,2.0506009919429857e-05,1690.0,1690.0,0.0,274.54077991508007,274.5433905382183,0.0026106231382527767,0.6126220257046004,18924.064581862258,18924.224285669123,0.15970380686485441,22.670756181478062,22.670756181478062,0.0,7.7828592361005535,7.782867802319353,8.566218799188619e-06,2981.0,2981.0,0.0,410.21198728331007,410.22508204671914,0.013094763409071675
6.053484765148217,72,7,0.5756978407294222,10109.317668699015,10110.297930424435,0.9802617254190409,23.217514700173126,23.217514699403484,-7.696421278069465e-10,7.227651333652247,7.227649267917125,-2.065735121625778e-06,1693.0,1693.0,0.0,278.56913978077523,278.6360603322429,0.06692055146766052,0.6907628354663283,19121.464478254606,19122.680803378993,1.2163251243873674,25.515590279888368,24.972239411337622,-0.5433508685507462,7.783222722179228,7.7832854323686815,6.271018945369633e-05,2968.0,2968.0,0.0,415.14147167801167,415.0978403014172,-0.04363137659447602
6.053484765148217,72,8,0.43285486601073986,10112.282481306913,10113.520141981957,1.237660675044026,21.36614541411691,21.36614541411691,0.0,7.245367186550176,7.245418555361081,5.136881090450629e-05,1722.0,1722.0,0.0,271.49648300974883,271.53714769571417,0.04066468596533923,0.6597969765006748,18547.94488485207,18549.561814866807,1.6169300147375907,25.506051781764,25.506051781764,0.0,7.779644685122689,7.779652255000471,7.56987778238738e-06,2936.0,2937.0,1.0,396.6688097635139,396.75872749983165,0.08991773631777278
6.053484765148217,72,9,0.7904073646957336,10233.769793886508,10235.30472209937,1.5349282128627237,22.299928580146677,22.299926595361754,-1.9847849230814063e-06,7.245527188869083,7.245510885898042,-1.6302971040715875e-05,1721.0,1721.0,0.0,280.61639527828913,280.6330769667696,0.016681688480446155,0.49986975509513343,19105.8688159109,19106.609482242515,0.740666331614193,27.946916642798232,27.9469166427979,-3.339550858072471e-13,7.787106469510855,7.7871147370162745,8.267505419823351e-06,2983.0,2984.0,1.0,415.1141359723905,415.141712164905,0.02757619251451615
6.053484765148217,72,10,0.28898222753804126,10170.263352247035,10169.71387635308,-0.5494758939548774,21.043049432805468,21.043049432805468,0.0,7.243633392468118,7.243568577469876,-6.481499824229076e-05,1692.0,1693.0,1.0,274.946462063283,274.9408024590109,-0.005659604272068464,0.41066275005991815,18781.87649204021,18780.95645781385,-0.9200342263611674,26.491194450384672,26.491194450384672,0.0,7.790441593033677,7.790449036743668,7.443709991505898e-06,2963.0,2964.0,1.0,401.79015531876877,401.78338091962536,-0.006774399143409937
6.053484765148217,72,11,0.27220993644808467,10127.98956574838,10126.791643237171,-1.1979225112081622,20.159768002436316,20.159768491878253,4.894419376455517e-07,7.266042097077903,7.2660358605474284,-6.23653047426842e-06,1740.0,1740.0,0.0,266.80199988469343,266.7766084981136,-0.025391386579826758,0.6590460365405671,19115.221425561183,19113.613676996803,-1.6077485643800173,23.673895971019498,23.440524628237032,-0.23337134278246552,7.790504584229767,7.7905846895759705,8.010534620339627e-05,2963.0,2962.0,-1.0,409.862846879799,409.7383635060785,-0.12448337372052265
6.053484765148217,72,12,0.6375753570369285,10203.853550584989,10203.280112132088,-0.5734384529005183,20.531828535558148,20.531828535558148,0.0,7.258339328184057,7.258295173584978,-4.4154599079249124e-05,1727.0,1727.0,0.0,270.56819932069675,270.55101278464014,-0.017186536056613022,0.646894240068655,18689.28325737705,18689.13362897514,-0.14962840190855786,25.62172999432795,25.62172999432795,0.0,7.78210677423593,7.7821799990626985,7.322482676830333e-05,2961.0,2962.0,1.0,401.65391315744057,401.5916332408909,-0.06227991654964171
6.053484765148217,72,13,0.4480865779725509,9942.437877244845,9941.380224068005,-1.0576531768401765,23.239121995731182,23.239121995731182,0.0,7.241376569098126,7.241260882155191,-0.000115686942934623,1708.0,1708.0,0.0,268.2690906039195,268.23287282997495,-0.03621777394454284,0.6564467914156997,19249.915647728718,19248.58291531255,-1.332732416169165,27.01088052898535,27.01088052898535,0.0,7.802539649788393,7.8025628684643005,2.3218675907266118e-05,3020.0,3020.0,0.0,412.156684425647,412.11102076504494,-0.045663660602031086
6.053484765148217,72,14,0.29050563152856324,10025.754946545216,10025.37701128289,-0.37793526232599106,20.277801188341275,20.277774465716995,-2.672262428049521e-05,7.24809612613209,7.248163108014074,6.698188198406285e-05,1709.0,1709.0,0.0,266.7955330346578,266.7539679326708,-0.04156510198703245,0.6636253103988026,18898.075305662318,18897.173777996097,-0.9015276662212273,23.512077879782076,23.512077879782076,0.0,7.788857701709513,7.788897930214243,4.022850473006656e-05,2952.0,2951.0,-1.0,406.21968406895326,406.1655440956416,-0.054139973311635003
6.053484765148217,72,15,0.27513926373915953,10012.738758040563,10013.669640698005,0.9308826574415434,21.162215553199495,21.162215553199495,0.0,7.249578481525512,7.24955277346483,-2.5708060682028133e-05,1704.0,1703.0,-1.0,266.60519684783515,266.6226014769431,0.017404629107943492,0.990041711111009,18629.961824009355,18630.449840154048,0.48801614469266497,29.201736255555424,29.201736542234404,2.86678979222188e-07,7.769693666735277,7.769617611359743,-7.605537553434516e-05,2924.0,2925.0,1.0,406.9204231971834,406.9658476833425,0.04542448615904959
6.327448002866914,73,0,0.8437268282776429,10622.982726383567,10622.038821147755,-0.9439052358120534,20.76705990946399,20.766978008516638,-8.190094735027742e-05,7.253935785341821,7.253837304733423,-9.848060839789952e-05,1718.0,1718.0,0.0,291.74650418875603,291.8189440884696,0.07243989971357223,0.4307792158914671,20085.733867350937,20085.453907798925,-0.27995955201186007,26.48719110905138,26.487183917402028,-7.19164935247818e-06,7.785948672960345,7.78595422434028,5.551379935297973e-06,2957.0,2958.0,1.0,445.36777953547863,445.3668692844764,-0.0009102510022103161
6.327448002866914,73,1,0.6579242370246676,10566.909592890417,10564.377031665077,-2.5325612253400323,22.28140341830258,22.28923179585181,0.007828377549227383,7.252066636313136,7.252060163612311,-6.472700824211586e-06,1727.0,1728.0,1.0,290.1427744752717,290.02111075063465,-0.12166372463707376,0.8780983506117983,19885.955355080187,19883.722916043327,-2.2324390368594322,24.36134980080757,24.36134980080757,0.0,7.784335463338248,7.784384020892944,4.8557554695349836e-05,2967.0,2967.0,0.0,439.09516924119157,439.00294423966386,-0.09222500152770863
6.327448002866914,73,2,0.42743846594815393,10711.970323776899,10711.623670465025,-0.3466533118735242,21.489459042355485,21.08705298665131,-0.40240605570417287,7.253162795332076,7.253333157384622,0.00017036205254594705,1717.0,1717.0,0.0,293.2767233399762,293.1195577641843,-0.15716557579185064,0.49082436912678373,19527.260714622855,19526.635902366703,-0.6248122561519267,26.025088269190956,26.02508826124021,-7.950745839480078e-09,7.793655112107674,7.793687233998167,3.212189049328629e-05,2957.0,2957.0,0.0,421.36410312727384,421.2859936556255,-0.0781094716483608
6.327448002866914,73,3,0.7058724273340353,10409.496398509133,10409.355938880592,-0.1404596285410662,23.756881045331824,23.756881045331824,0.0,7.248008234459606,7.2480138988175895,5.6643579835480296e-06,1720.0,1720.0,0.0,286.72202389881824,286.7891920952688,0.06716819645055239,0.40568240943992323,19846.471324639177,19845.57169560518,-0.8996290339964617,24.207790248771154,24.207790248771616,4.618527782440651e-13,7.78814442679179,7.788131601105519,-1.2825686271256131e-05,3000.0,2998.0,-2.0,437.84113412478996,437.8123718484185,-0.028762276371480766
6.327448002866914,73,4,0.5280616459948866,10326.452777189834,10325.449430580073,-1.003346609761138,22.024164268291884,22.024164268291884,0.0,7.2434441843164015,7.243470469034674,2.6284718272151508e-05,1717.0,1717.0,0.0,284.4734076618666,284.3922328249462,-0.08117483692041105,0.637621290197085,19441.143939450856,19439.428619650913,-1.715319799943245,31.213685765933995,31.213685765933995,0.0,7.778902508226722,7.778898855653189,-3.6525735325199093e-06,2946.0,2946.0,0.0,432.2885478060607,432.2013832437207,-0.0871645623399786
6.327448002866914,73,5,0.3920423513876821,10688.252211078721,10688.579451458972,0.32724038025116897,22.967265466691256,22.967265466691256,0.0,7.250617273011965,7.250699565312031,8.229230006584487e-05,1733.0,1735.0,2.0,297.09853790423017,297.0928988764554,-0.005639027774748229,0.951213828226968,19825.64640819118,19826.485087070465,0.8386788792849984,26.736511336930235,26.569505150165195,-0.16700618676503964,7.785225669709915,7.785309144558214,8.347484829940299e-05,2943.0,2943.0,0.0,435.8160394822997,435.7313823281063,-0.08465715419339404
6.327448002866914,73,6,0.481960028103147,10561.696035255412,10561.454460323617,-0.24157493179518497,22.752385458093414,22.752385458093414,0.0,7.232480528455482,7.232368150512616,-0.00011237794286600433,1688.0,1688.0,0.0,295.7701221855305,295.8023821557026,0.03225997017210602,0.5418732308897976,19229.83316533226,19229.804956506552,-0.0282088257081341,24.42527319889866,24.42527319889827,-3.907985046680551e-13,7.767172507205294,7.767174372627523,1.8654222291303313e-06,2916.0,2917.0,1.0,426.0192716298644,426.0394577517383,0.02018612187390545
6.327448002866914,73,7,0.562301467805236,10608.015829801556,10607.732398844822,-0.28343095673335483,22.440848076771307,22.440848076771307,0.0,7.25745431991068,7.257397421851962,-5.689805871789133e-05,1739.0,1739.0,0.0,293.12449353870807,293.11693718412687,-0.007556354581197411,0.5789527956109783,19586.078367350012,19586.37936080474,0.30099345472990535,24.234954167330326,24.234976938848632,2.277151830654134e-05,7.774244915517702,7.774227460252696,-1.745526500585015e-05,2934.0,2934.0,0.0,435.7823583799016,435.7690534862407,-0.013304893660915695
6.327448002866914,73,8,0.4725373548373699,10185.116087679717,10185.374066650757,0.25797897103984724,21.11622746617387,21.11622746617387,0.0,7.228614516273362,7.22855829121473,-5.6225058632008995e-05,1686.0,1686.0,0.0,279.42422660650345,279.4634956654703,0.039269058966851844,0.6907324333840998,19919.115177272404,19919.187752153633,0.0725748812292295,26.09692159608907,26.09692159608907,0.0,7.792787632590688,7.792803841745537,1.6209154849455842e-05,2996.0,2996.0,0.0,439.1580952291488,439.1770297861094,0.01893455696063029
6.327448002866914,73,9,0.7163098522078117,10472.060870181453,10470.339690157973,-1.721180023479974,23.607904814887682,23.607904814887682,0.0,7.235897675031318,7.235937322159123,3.964712780479829e-05,1694.0,1694.0,0.0,290.28566078517457,290.1338450529039,-0.15181573227067702,0.5886062957325575,19376.98453743138,19375.018098496304,-1.9664389350764395,26.64734933239702,26.64734933239702,0.0,7.7716206631551366,7.771647196961082,2.6533805945305744e-05,2924.0,2926.0,2.0,427.9185594627047,427.8183398051446,-0.10021965756010331
6.327448002866914,73,10,0.40433625186587696,10627.030311267394,10625.97332674426,-1.0569845231329964,22.790828335397393,22.790828333611255,-1.7861374601579882e-09,7.238657820618509,7.238785862684949,0.00012804206644023708,1708.0,1710.0,2.0,295.28051952192186,295.2364381468862,-0.044081375035659676,0.8781051678465612,19665.663345337874,19664.997808135875,-0.6655372019995411,30.869189878357503,30.739358015015508,-0.1298318633419946,7.784524340336001,7.784588472948942,6.413261294024863e-05,2978.0,2978.0,0.0,436.5957997232571,436.5102967471339,-0.08550297612316626
6.327448002866914,73,11,0.7788620183317727,10640.23092541294,10640.807987113134,0.5770617001944629,21.719973717177943,21.719973717177943,0.0,7.236518988183888,7.2365156748015345,-3.313382353375971e-06,1690.0,1689.0,-1.0,294.341111642612,294.3063918056982,-0.03471983691383684,0.5481079447149837,19659.65895950033,19660.334674961752,0.6757154614206229,28.76240704763078,28.76240704763078,0.0,7.780949879335798,7.780953262795779,3.3834599815207866e-06,2948.0,2948.0,0.0,440.0628244475792,440.10652974669824,0.043705299119039864
6.327448002866914,73,12,0.7482801915813535,10405.644931745432,10405.92060130135,0.27566955591828446,19.632856447164656,19.78574357484373,0.15288712767907242,7.2566292311683664,7.2567061476788375,7.691651047103676e-05,1724.0,1724.0,0.0,280.34130842682987,280.30842790576946,-0.032880521060405954,0.9511889915064402,19250.519437776897,19250.768751715324,0.2493139384278038,25.29741465150713,25.29741465150713,0.0,7.775128613139122,7.7751157267031195,-1.2886436002723656e-05,2946.0,2946.0,0.0,425.16664802449725,425.1224959977287,-0.04415202676852914
6.327448002866914,73,13,0.5808421640215817,10614.196375250442,10613.466566697174,-0.7298085532675032,22.494284993693793,22.464980077826752,-0.02930491586704065,7.259774071467831,7.259823981767402,4.991029957146509e-05,1718.0,1718.0,0.0,286.2562306625939,286.1810763763278,-0.07515428626612675,0.5152276522429396,19479.664258071294,19479.207326658565,-0.45693141272931825,24.966526239553264,24.966526239553264,0.0,7.79289109092891,7.792921353478713,3.026254980298404e-05,2965.0,2965.0,0.0,419.68390298566214,419.6601584011228,-0.023744584539315383
6.327448002866914,73,14,0.3768705132581584,10693.884375820482,10694.659666488566,0.7752906680834712,22.844973978471856,22.845020761035297,4.6782563440928016e-05,7.255554242082656,7.255475846146759,-7.839593589764604e-05,1719.0,1718.0,-1.0,293.8008243719381,293.84693255908564,0.046108187147524404,0.4119211436466428,20324.901450471516,20325.429969097102,0.5285186255860026,25.268898755222985,25.268898755222985,0.0,7.81566009577638,7.81558462265803,-7.547311834965598e-05,3069.0,3069.0,0.0,444.9608444485133,445.0407112525056,0.07986680399233137
6.327448002866914,73,15,0.6377052957882003,10652.928601807658,10651.82293961853,-1.1056621891275427,22.721705543831572,22.721705543831572,0.0,7.237983487588418,7.238138721516471,0.00015523392805238956,1703.0,1704.0,1.0,297.9507138064433,297.86631353359945,-0.08440027284382268,0.7881530999091289,19545.282348998695,19545.627950117338,0.3456011186426622,26.06022764971732,26.060227649707336,-9.983125437429408e-12,7.781190086828234,7.781237119480063,4.703265182914862e-05,2931.0,2931.0,0.0,428.6239854792079,428.59368109487235,-0.030304384335522627
6.6138100255059,74,0,0.41067748365880635,11398.730193640728,11399.059416541248,0.32922290052010794,22.883459224203627,22.883459224203627,0.0,7.257623934904839,7.257491201286957,-0.00013273361788179727,1738.0,1738.0,0.0,320.36911119661556,320.42773749844184,0.058626301826279814,0.5858812277926225,21059.863025078852,21059.945190488557,0.0821654097053397,26.550346403928277,26.550346404758223,8.299458897909062e-10,7.798924004536846,7.798857498561128,-6.650597571766781e-05,2995.0,2994.0,-1.0,469.61466666520624,469.67046803646923,0.05580137126298723
6.6138100255059,74,1,0.42819430691350513,10938.4565847735,10938.302428705389,-0.15415606811075122,24.299333612178387,24.299333612178387,0.0,7.247227393719918,7.247273409494351,4.601577443352767e-05,1713.0,1713.0,0.0,306.46383790784006,306.4147704176674,-0.049067490172660655,0.2740388252277991,21326.938358162915,21326.255425242627,-0.6829329202882946,29.761580186787747,29.761580186780318,-7.428724302371847e-12,7.803969659846333,7.803916975762321,-5.268408401182256e-05,3001.0,3001.0,0.0,477.9659161535168,477.97012108123465,0.004204927717864848
6.6138100255059,74,2,0.5167039256022112,10930.287093325862,10931.396741610988,1.1096482851262408,24.719990898288707,24.719990898288707,0.0,7.241493633628084,7.241489118035144,-4.515592940457225e-06,1716.0,1716.0,0.0,311.3610092683969,311.3672828476207,0.00627357922377314,0.4106600755873512,20360.529398050836,20360.812622250396,0.28322419956020894,31.433563484446154,31.433563484446154,0.0,7.775282908688283,7.775245680490386,-3.722819789686582e-05,2914.0,2914.0,0.0,460.14259940823064,460.2097533556019,0.0671539473712528
6.6138100255059,74,3,0.5434357315455,10935.484024136766,10935.429609160044,-0.05441497672109108,24.083831831609523,24.083831831609523,0.0,7.219513344211683,7.219566932067359,5.358785567555202e-05,1668.0,1668.0,0.0,313.8449054884624,313.8571120467741,0.012206558311675053,0.5928051619857431,20983.691049202513,20984.21042897428,0.5193797717656707,25.251681790631096,25.251681790631096,0.0,7.7914294868388385,7.791352797095898,-7.668974294094966e-05,2980.0,2980.0,0.0,472.0125565616159,472.0874421799795,0.07488561836362351
6.6138100255059,74,4,0.3872827982148255,10592.004201220814,10592.29148742315,0.287286202335963,22.437254414548267,22.437254414548267,0.0,7.250287311447311,7.250039461916188,-0.00024784953112266805,1713.0,1713.0,0.0,291.4659758583637,291.58742893503415,0.12145307667043426,0.8761667908181676,19921.77334751058,19922.916684598553,1.1433370879713038,26.558704630931857,26.558704630931857,0.0,7.760446483575828,7.7604040526684575,-4.243090737077182e-05,2896.0,2896.0,0.0,453.3804188730708,453.53132731639744,0.1509084433266139
6.6138100255059,74,5,0.6822040563938996,11049.222795916703,11047.747862993238,-1.4749329234655306,23.87181482042447,23.87181503132586,2.109013905737811e-07,7.235854252214573,7.235860528235428,6.276020855011666e-06,1706.0,1706.0,0.0,316.301386960261,316.2336785258815,-0.06770843437954,0.3406108797739128,21089.937802606328,21088.23001762125,-1.7077849850793427,26.23370633575233,26.233844632064415,0.000138296312083952,7.812189618828796,7.81217592762102,-1.3691207776389547e-05,3029.0,3029.0,0.0,466.3450482952496,466.31025266754403,-0.034795627705591414
6.6138100255059,74,6,0.9512612234427406,10819.115899525746,10820.98588415681,1.8699846310628345,24.147804562700482,24.147804562700482,0.0,7.251654363917589,7.25169436180226,3.999788467101695e-05,1710.0,1710.0,0.0,299.17411073261496,299.29439761921583,0.12028688660086573,0.6376468808628986,20908.645344189725,20910.2006749052,1.5553307154768845,32.576321475855885,32.576321475855885,0.0,7.812015690925634,7.812017761304924,2.070379290231017e-06,3010.0,3010.0,0.0,459.29297296561873,459.372246072516,0.07927310689728984
6.6138100255059,74,7,0.33398383907305007,11003.682257890727,11004.294440610629,0.6121827199021936,24.7574382541782,24.75743827408142,1.9903218628769537e-08,7.247899448759355,7.247894092402215,-5.356357140051671e-06,1717.0,1717.0,0.0,310.39324053622244,310.41826292568356,0.025022389461128114,0.5125328822305548,20216.570049545317,20217.970681449584,1.4006319042673567,25.338599396702172,25.278394404309797,-0.06020499239237509,7.786660073914048,7.786649904158025,-1.0169756023081788e-05,2959.0,2959.0,0.0,450.20579796957804,450.27276958891827,0.06697161934022233
6.6138100255059,74,8,0.4538567890801569,11112.84615309879,11110.53189096908,-2.314262129710187,25.459982535265716,25.459982535265716,0.0,7.239896909406433,7.2398264415018385,-7.046790459419583e-05,1720.0,1720.0,0.0,320.12983411852133,320.0091890594926,-0.1206450590287318,0.40851779759543383,21421.770154980342,21420.305128950746,-1.465026029596629,27.64698916021584,27.64698916021584,0.0,7.8131655096369315,7.813214714712435,4.920507550387754e-05,3042.0,3042.0,0.0,477.6852420362145,477.56396570244846,-0.12127633376604763
6.6138100255059,74,9,0.690736698658544,11066.329756460194,11064.68270238893,-1.647054071265302,21.13367555026532,21.44588811905065,0.31221256878533055,7.251154579946531,7.251144267221167,-1.0312725364336472e-05,1724.0,1724.0,0.0,308.94097056052044,308.82229898613525,-0.11867157438518916,0.5667121882071422,20463.171624585055,20461.597247761543,-1.5743768235115567,28.587167798560287,28.587167798777532,2.1724488874497183e-10,7.763835802832496,7.763855876698015,2.007386551916568e-05,2928.0,2928.0,0.0,471.4187771843192,471.33554760395407,-0.08322958036512773
6.6138100255059,74,10,0.47995255880891274,10747.801673528042,10747.622132071656,-0.17954145638577756,22.09583230758509,22.097762761719856,0.0019304541347651138,7.254938823919774,7.254965814031696,2.699011192142109e-05,1724.0,1724.0,0.0,295.3790031931864,295.378008282236,-0.0009949109503963882,0.5791408650421866,20668.039300388235,20668.49457244629,0.4552720580541063,25.995982001021922,25.995982001021922,0.0,7.774180626873147,7.774183134699703,2.5078265561973012e-06,2915.0,2915.0,0.0,468.4973418203195,468.5157798508968,0.018438030577328846
6.6138100255059,74,11,0.43076184288813446,11051.997749621194,11051.526980195235,-0.47076942595958826,27.981685445009454,27.981685445013596,4.142464149481384e-12,7.2347181311504425,7.234685315607433,-3.281554300915701e-05,1690.0,1690.0,0.0,316.6526550233871,316.6585051662084,0.0058501428212593964,0.5358048044126573,20204.39569254424,20203.20341142003,-1.1922811242111493,27.726806426865306,27.726806426865306,0.0,7.764493390045657,7.764457199547026,-3.619049863079482e-05,2889.0,2889.0,0.0,460.1583393541195,460.1183339083571,-0.040005445762403724
6.6138100255059,74,12,0.34605458671828315,11215.124877006325,11215.690660828788,0.5657838224633451,24.766755573124108,24.766755573124108,0.0,7.241367302899468,7.2412214789112515,-0.00014582398821616493,1691.0,1691.0,0.0,322.93200935284125,323.02623051530793,0.09422116246668111,0.6907246000482288,20476.481864178742,20477.68193879002,1.2000746112789784,26.48310294634307,26.48310294634307,0.0,7.779155534453915,7.779075742657479,-7.979179643591294e-05,2940.0,2941.0,1.0,464.5024095330888,464.5314142785691,0.029004745480335714
6.6138100255059,74,13,0.3463132396243044,11135.155234125485,11135.209420463427,0.05418633794215566,21.597983128637427,21.59798310224002,-2.639740870336027e-08,7.24500750511182,7.244964374845996,-4.313026582369872e-05,1723.0,1723.0,0.0,316.22138742141226,316.2409827161409,0.01959529472861732,0.39659384941227815,20693.5607871319,20693.608749053274,0.04796192137291655,28.435836753465637,28.435836753460777,-4.860112312599085e-12,7.77826365821088,7.7782524996082385,-1.1158602641891946e-05,2935.0,2935.0,0.0,469.2760438858466,469.2779338737117,0.0018899878650699975
6.6138100255059,74,14,0.5484460702017402,11066.142131249999,11065.387555371191,-0.7545758788073726,21.645903334110226,21.53201479886051,-0.11388853524971765,7.269281971014634,7.2692565822857125,-2.5388728921882375e-05,1750.0,1750.0,0.0,304.68470527149026,304.64892861450676,-0.03577665698350074,0.6015113862227432,20706.358530598212,20704.985218833506,-1.373311764706159,26.119895139716533,26.119895139716533,0.0,7.790280205488386,7.7903491309171224,6.892542873604413e-05,2991.0,2991.0,0.0,464.39988361120436,464.30630761213064,-0.09357599907372105
6.6138100255059,74,15,0.5886498314713935,10838.40565072183,10837.346340945936,-1.0593097758937802,25.513533358215835,25.513533358215835,0.0,7.229986586648656,7.229967180776852,-1.940587180371267e-05,1702.0,1702.0,0.0,310.7523848968545,310.7317645936977,-0.020620303156817954,0.5310934557362459,21180.829969921502,21179.193543222267,-1.6364266992350167,27.68907298248849,27.689090617104387,1.7634615897321737e-05,7.787166506597838,7.78720703201709,4.0525419251480344e-05,2966.0,2966.0,0.0,482.99499900784383,482.89598529198474,-0.09901371585908691
6.913131966262387,75,0,0.4997806781785386,11543.152424433061,11541.659533165051,-1.492891268009771,22.16385267660344,22.163839669305787,-1.3007297653189198e-05,7.252501634804929,7.2525299653525455,2.833054761630649e-05,1737.0,1736.0,-1.0,330.87180520368577,330.8154766415509,-0.05632856213486548,0.778820059899219,21486.71755062726,21484.91611568482,-1.8014349424411193,29.02937014375716,29.02937014375716,0.0,7.77135138789019,7.7713445475967085,-6.840293481857884e-06,2933.0,2933.0,0.0,500.1857457891704,500.08762865464604,-0.09811713452438653
6.913131966262387,75,1,0.36180802623598163,11775.712572482164,11775.986953553498,0.2743810713345738,24.034389708222538,24.034389708222538,0.0,7.260057314956656,7.260014180452526,-4.3134504130293294e-05,1747.0,1747.0,0.0,337.8409277442245,337.8871191775928,0.04619143336833531,0.45208259569845743,21602.276099713697,21602.302206734952,0.026107021254574647,30.310327571888408,30.310327571888408,0.0,7.788870101028865,7.788875897032175,5.796003310187814e-06,2964.0,2964.0,0.0,498.42260819644827,498.45569085336746,0.03308265691919132
6.913131966262387,75,2,0.4933264742740153,11150.885740506466,11150.629522567897,-0.25621793856953445,25.35277057495847,25.35277057495748,-9.912071163853398e-13,7.229024855162081,7.229013291998337,-1.156316374384403e-05,1685.0,1685.0,0.0,324.70159875588075,324.667930813125,-0.033667942755755575,0.4479961144754416,22005.95555497132,22005.688566549412,-0.2669884219067171,32.021006164944666,32.021006164944666,0.0,7.801341759909924,7.801363400155552,2.164024562745226e-05,3015.0,3015.0,0.0,505.4212799170287,505.384876781542,-0.03640313548669383
6.913131966262387,75,3,0.8780810246190347,11689.354636367785,11688.622279129355,-0.7323572384302679,26.307673638646524,26.307673638646524,0.0,7.2575255595970365,7.25741564073093,-0.00010991886610689505,1737.0,1737.0,0.0,340.5756027240326,340.54704215289445,-0.028560571138143587,0.4672873257633018,21673.35134944375,21673.472293097715,0.12094365396478679,28.108793829006046,28.108793829006046,0.0,7.784034933713763,7.784047798659,1.2864945237112124e-05,2979.0,2979.0,0.0,503.42815329552377,503.42267768993406,-0.005475605589708721
6.913131966262387,75,4,0.4857817265705156,11666.400113398488,11666.767323473257,0.36721007476990053,23.908232971979853,23.908232970374623,-1.605229726919788e-09,7.242336487382251,7.24218927787331,-0.00014720950894098195,1701.0,1701.0,0.0,338.3830446933145,338.45705071321214,0.074006019897638,0.4475327327223163,21604.04564084607,21603.412115721454,-0.6335251246164262,29.177905680535282,29.177905680535282,0.0,7.781988298490482,7.78195359972509,-3.469876539252681e-05,2962.0,2961.0,-1.0,500.62104882932834,500.62279483210796,0.0017460027796118993
6.913131966262387,75,5,0.6130430981558341,11113.587223810297,11113.731074556374,0.14385074607707793,22.561833608143584,22.561833608142067,-1.5170087408478139e-12,7.2253043592850394,7.225337122075269,3.2762790229234895e-05,1692.0,1692.0,0.0,322.42043642231795,322.4175866252488,-0.0028497970691319097,0.8780493137033517,22015.17595631793,22014.944333780288,-0.23162253764166962,27.31805929152634,27.31805928829905,-3.227288658536054e-09,7.803386047727706,7.803270514479827,-0.00011553324787882957,3006.0,3006.0,0.0,499.9019143167788,499.9199423984119,0.018028081633076454
6.913131966262387,75,6,0.4818879793693319,11595.869322718301,11596.500015342646,0.6306926243451016,27.396189404871986,27.396189404871986,0.0,7.257066376551465,7.256992563170514,-7.381338095058254e-05,1731.0,1731.0,0.0,334.6362077504167,334.7544456380968,0.11823788768009535,0.484279197434362,21026.74278219452,21027.628048830826,0.8852666363054595,26.549006875282497,26.54900681916296,-5.61195392378977e-08,7.761201880729743,7.761314649207189,0.00011276847744579044,2908.0,2908.0,0.0,491.614689024163,491.57651869187976,-0.038170332283243624
6.913131966262387,75,7,0.5711717482730094,11363.559244553779,11362.965288095776,-0.5939564580021397,23.822293706027146,23.822307796268632,1.4090241485575916e-05,7.222125812601293,7.222162879009373,3.706640807976669e-05,1689.0,1688.0,-1.0,335.1265084038637,335.0785942811965,-0.04791412266717998,0.5220247439681294,21808.649019846645,21807.435487642055,-1.2135322045905923,39.278935039360675,39.27893504049586,1.1351843909324089e-09,7.787984694632557,7.787966386361045,-1.830827151128034e-05,2986.0,2986.0,0.0,508.88677541419156,508.8895458460391,0.002770431847523014
6.913131966262387,75,8,0.9512099560020697,11455.650912908259,11455.49610939472,-0.1548035135383543,24.954887263456,24.74940723710985,-0.2054800263461516,7.2383079748391665,7.238166050575721,-0.00014192426344550313,1697.0,1697.0,0.0,332.07394580988074,332.1617490750162,0.08780326513544878,0.5220154627895524,21890.491233131343,21890.07333230792,-0.4179008234241337,27.829316233586656,27.829316232946947,-6.397087304321758e-10,7.814797994528194,7.8147714751257595,-2.6519402434033168e-05,3050.0,3050.0,0.0,493.6521378858763,493.67929945101923,0.027161565142932886
6.913131966262387,75,9,0.778798841452236,11477.4876444642,11477.798773556164,0.31112909196417604,24.599667351289217,24.599667351289217,0.0,7.227965619399809,7.227964198937002,-1.4204628069336422e-06,1697.0,1697.0,0.0,341.3559737545158,341.3380868922199,-0.017886862295881656,0.8354307391261895,21685.762207820808,21686.551103868118,0.7888960473101179,29.661914855996116,29.661914855996116,0.0,7.791412991093145,7.791370604059565,-4.238703357994922e-05,2987.0,2986.0,-1.0,500.82002140763683,500.8849655644973,0.06494415686046295
6.913131966262387,75,10,0.3372957029270412,11418.491902018946,11418.658754164588,0.16685214564131456,24.214366024342226,24.21436602434219,-3.552713678800501e-14,7.248976856728627,7.2490436048441715,6.674811554496785e-05,1738.0,1738.0,0.0,331.9830508959843,331.94136123911187,-0.04168965687244963,0.6126078998095544,22252.414379577684,22252.78912318206,0.374743604377727,31.07975829294742,31.079758551026448,2.580790265938049e-07,7.783219624279102,7.7832566996994945,3.7075420392440606e-05,2969.0,2970.0,1.0,524.0409235322023,524.0375456301215,-0.003377902080842432
6.913131966262387,75,11,0.5220163748315347,11417.365486224753,11417.589713010942,0.22422678618931968,26.36220542059789,26.36220542059789,0.0,7.229805399520696,7.229665775715998,-0.00013962380469845215,1678.0,1678.0,0.0,332.2190589340494,332.2702170747926,0.05115814074321179,0.4819160108996557,22052.869474337305,22052.673416781392,-0.1960575559132849,30.011767275381533,30.011767275381533,0.0,7.792036616387953,7.792012176345457,-2.4440042495577075e-05,3002.0,3002.0,0.0,514.7177505972064,514.7646677474148,0.046917150208400926
6.913131966262387,75,12,0.6636865269991139,11706.053275581198,11706.137512332563,0.084236751365097,25.12174317193908,25.12174317193908,0.0,7.257474841932102,7.257458375362909,-1.646656919263023e-05,1727.0,1727.0,0.0,335.22040793728513,335.19403216583163,-0.026375771453501784,0.5828998518206425,22126.211760720056,22126.76915984411,0.5573991240526084,32.84803082540038,32.84803082540038,0.0,7.787136779422887,7.787053534174492,-8.324524839498082e-05,2994.0,2994.0,0.0,516.7685303078849,516.8577492111318,0.08921890324688775
6.913131966262387,75,13,0.34998103636013506,11737.5208161017,11737.340853860696,-0.17996224100352265,25.31234492420957,25.31234492420957,0.0,7.2654451236910145,7.265513556309572,6.843261855760119e-05,1755.0,1755.0,0.0,337.47397246890023,337.38659413579336,-0.08737833310686938,0.7862876420116691,21801.097565973185,21800.503071436688,-0.5944945364972227,28.201706611600024,28.20170661160009,6.750155989720952e-14,7.775890983256495,7.77584226258822,-4.872066827488197e-05,2939.0,2938.0,-1.0,511.5929966930463,511.6049833088348,0.011986615788487143
6.913131966262387,75,14,0.3903100961626508,11451.730499117988,11451.994506368494,0.26400725050552865,25.246077377557018,24.90025099171212,-0.345826385844898,7.245690100708,7.245683382946224,-6.717761776187103e-06,1730.0,1730.0,0.0,334.3094318319323,334.28297089143916,-0.02646094049310932,0.9512107531065962,21825.516571117136,21826.081535035148,0.5649639180119266,27.707216534265804,27.707216534265804,0.0,7.78925442522791,7.789276382664243,2.195743633226499e-05,2980.0,2979.0,-1.0,507.0620325807002,507.0488418988544,-0.01319068184579919
6.913131966262387,75,15,0.7482690319731335,11353.941805584942,11353.781959344591,-0.15984624035081652,24.87905909674633,24.875617184074702,-0.00344191267162941,7.245793948025004,7.245748404592037,-4.554343296714336e-05,1709.0,1709.0,0.0,326.9366976174251,326.9779286592631,0.04123104183798887,0.7093705248475515,21870.98703408165,21870.809654283294,-0.17737979835510487,31.54211013490386,31.54211013490386,0.0,7.791255609819037,7.791298428753503,4.281893446655971e-05,3001.0,3000.0,-1.0,506.3704696386067,506.3290654504668,-0.041404188139892995
7.226000353601509,76,0,0.8436252386367762,12074.775307907392,12075.635351600158,0.8600436927663395,28.62927156901274,28.629271569012733,-7.105427357601002e-15,7.236586282406269,7.236610339977172,2.405757090340188e-05,1703.0,1705.0,2.0,360.90930413772054,360.95488243830476,0.04557830058422496,0.5502262211843802,22264.4945611835,22265.24654285686,0.7519816733620246,29.904697479728338,29.904697479728338,0.0,7.776509304723607,7.776568665208538,5.936048493104806e-05,2928.0,2928.0,0.0,523.074366166438,523.0189510527829,-0.055415113655158166
7.226000353601509,76,1,0.40671390426573395,12150.599353678956,12150.291549528558,-0.3078041503977147,29.053927519977183,29.198440269986783,0.14451275000959996,7.239424245987794,7.239449248054008,2.5002066213808405e-05,1716.0,1716.0,0.0,367.980022825954,367.9964482316465,0.01642540569253015,0.7788824464644906,22599.142498015965,22599.559079928138,0.41658191217356944,33.78730894184088,33.658574039373,-0.1287349024678761,7.790555711920643,7.790518928829629,-3.6783091013958824e-05,2983.0,2983.0,0.0,531.1720863877945,531.1954054459738,0.023319058179367858
7.226000353601509,76,2,0.4944861683021882,12352.099636550316,12351.101243146848,-0.9983934034680715,25.567549303624663,25.567539858387995,-9.445236667460222e-06,7.251862590587254,7.251830887461058,-3.1703126195381515e-05,1726.0,1726.0,0.0,365.09783038581924,365.1002685565165,0.002438170697246278,0.8780306988177338,22923.423539082232,22922.467612093333,-0.9559269888995914,33.0693274187752,33.0693274187752,0.0,7.795832610028982,7.795880755771448,4.814574246569947e-05,2967.0,2968.0,1.0,533.1341169425278,533.0602955059508,-0.07382143657707729
7.226000353601509,76,3,0.47890853739022954,12175.369972050332,12174.647928076525,-0.7220439738066489,24.75366126875247,24.75366126875247,0.0,7.248559292500005,7.248517745576354,-4.1546923650770395e-05,1718.0,1717.0,-1.0,358.86855370920887,358.8792168559157,0.010663146706804127,0.3118255151623188,22965.904528387673,22964.936966063942,-0.9675623237308173,28.856938176422084,28.856938176426628,4.543920795185841e-12,7.789190773999961,7.789222151921323,3.137792136254092e-05,2965.0,2965.0,0.0,543.573852869323,543.5389196518562,-0.03493321746680067
7.226000353601509,76,4,0.366629794534515,12008.676827176463,12008.450472089018,-0.22635508744497201,23.93282237075146,23.93282237075147,1.0658141036401503e-14,7.250860819104791,7.250996722475669,0.00013590337087787674,1713.0,1713.0,0.0,348.13197087997395,348.05700865553047,-0.07496222444348177,0.8436759578331152,22667.134320564684,22666.81624519692,-0.3180753677661414,29.652342517300312,29.499412031341283,-0.15293048595902903,7.796975207240417,7.7970175765017125,4.236926129586038e-05,3010.0,3010.0,0.0,531.7910933320643,531.7552849350327,-0.03580839703158745
7.226000353601509,76,5,0.49799824497864326,12015.931282266445,12016.982980866123,1.051698599678275,23.137089933473465,23.460123189895718,0.3230332564222529,7.260616530059733,7.260629274862639,1.2744802906361485e-05,1717.0,1718.0,1.0,342.18316835937543,342.2529770789096,0.0698087195341941,0.7483410928351419,22809.587359199457,22810.443682979447,0.856323779989907,31.03579051194158,31.035788361869447,-2.150072134554648e-06,7.808695287049634,7.8087048584573004,9.571407666442155e-06,3006.0,3006.0,0.0,527.1099312202467,527.0635700284924,-0.04636119175427211
7.226000353601509,76,6,0.6528702018516972,11636.395173166884,11635.746980580814,-0.6481925860698539,24.129478121678066,23.998742717826776,-0.1307354038512898,7.209886769671521,7.209794245445372,-9.252422614913769e-05,1648.0,1649.0,1.0,345.72238373672064,345.73887451872343,0.016490782002790638,0.6936518349721643,22386.869901255912,22387.06829728609,0.1983960301768093,28.893282378699393,28.893282378699393,0.0,7.782166635482943,7.782205429768184,3.8794285241117166e-05,2987.0,2987.0,0.0,533.1981878172336,533.2026133810509,0.004425563817335387
7.226000353601509,76,7,0.4241436266127133,11846.316115842532,11844.987459794083,-1.3286560484484653,24.25662784964712,24.25662784964712,0.0,7.234897657279959,7.234938593886106,4.0936606147568e-05,1708.0,1708.0,0.0,350.3751116902839,350.2931006626119,-0.08201102767202428,0.3811540232197758,22266.55969296626,22265.165579428012,-1.394113538248348,30.297778121042395,30.297778121042395,0.0,7.770886101729036,7.770929419551964,4.3317822927768646e-05,2907.0,2906.0,-1.0,527.945355876577,527.8399815833113,-0.10537429326564052
7.226000353601509,76,8,0.5433818100164749,12341.634847426221,12339.797351818319,-1.8374956079023832,25.19329482360733,25.193259494702453,-3.532890487889517e-05,7.27058198730927,7.27053752171768,-4.446559159010377e-05,1766.0,1766.0,0.0,363.2292557852199,363.0991776494408,-0.1300781357791152,0.40317365562957364,22388.790170870532,22386.769104367035,-2.0210665034974227,29.24845057682983,29.23812397640231,-0.010326600427518429,7.784034510715864,7.7840376729434215,3.1622275571407954e-06,2947.0,2947.0,0.0,525.2874907554828,525.2001203025541,-0.08737045292878065
7.226000353601509,76,9,0.5298326429682649,12196.84109642045,12195.8671946572,-0.9739017632509785,24.11211273718265,24.11211273718265,0.0,7.253163355937119,7.253159525827826,-3.8301092928350045e-06,1730.0,1730.0,0.0,358.63400516217325,358.6135368365551,-0.020468325618139716,0.6126208047350182,23111.1428986538,23110.92873977978,-0.21415887401963118,31.858110581076968,31.858110581364873,2.87904811102635e-10,7.800573468660417,7.800552695465212,-2.0773195204881745e-05,3007.0,3007.0,0.0,542.0711825400697,542.0329945137496,-0.038188026320085555
7.226000353601509,76,10,0.5220584827476182,12073.58102892787,12072.101709643113,-1.4793192847573664,24.452567299704082,24.236031632388077,-0.2165356673160055,7.256393645580835,7.256289403853539,-0.00010424172729628367,1753.0,1753.0,0.0,355.20912710078005,355.13168046297073,-0.0774466378093166,0.5886716544280712,22566.597780474665,22565.107553142185,-1.490227332480572,32.50490129195876,32.50490129195876,0.0,7.788120268297952,7.788124196270571,3.927972619166553e-06,2993.0,2994.0,1.0,532.6034787580458,532.5414609549541,-0.06201780309163496
7.226000353601509,76,11,0.5433854906982003,12004.557511719124,12004.441563646305,-0.11594807281835529,26.705615857235593,26.705615857235394,-1.9895196601282805e-13,7.248044300623926,7.248129677781333,8.537715740697394e-05,1724.0,1725.0,1.0,355.2090340678562,355.1319184986314,-0.07711556922475893,0.5667190441691787,22667.329202065015,22666.972136168395,-0.3570658966200426,28.3361047338417,28.3361047338417,0.0,7.800767145126458,7.80081226434147,4.51192150121571e-05,2997.0,2997.0,0.0,523.3513938587602,523.2871619310276,-0.0642319277325214
7.226000353601509,76,12,0.5885913381578449,12086.196865383225,12085.635976814514,-0.5608885687106522,27.693607711051254,27.693607711641786,5.905320676902193e-10,7.227299870937918,7.227372074071734,7.220313381672838e-05,1683.0,1683.0,0.0,363.93185355476146,363.8927493861157,-0.039104168645735626,0.6636912637460552,22373.247760085727,22373.235297906478,-0.012462179249268956,28.319549787084334,28.31954439187954,-5.3952047949223925e-06,7.795785993303774,7.7957745654722,-1.1427831573485037e-05,3000.0,3000.0,0.0,515.6520752373501,515.701765651403,0.04969041405286134
7.226000353601509,76,13,0.7787762523689821,11972.272147358182,11972.394670637732,0.12252327954956854,29.17917760651163,29.17917760651163,0.0,7.239789294382399,7.239798823675409,9.529293009791218e-06,1715.0,1715.0,0.0,358.1238604956861,358.0683530847407,-0.05550741094538125,0.5494443284539994,22347.2312511215,22347.121786531814,-0.10946458968464867,27.891595803681973,27.891595803681973,0.0,7.787765876921657,7.787828668210877,6.279128921971022e-05,2964.0,2964.0,0.0,521.9113331100548,521.8657809318587,-0.0455521781960897
7.226000353601509,76,14,0.39664078164519156,12274.772203341367,12274.700735845665,-0.07146749570165412,29.48411976867124,29.48411976867124,0.0,7.263419320170442,7.26350119471072,8.187454027819285e-05,1744.0,1744.0,0.0,362.3690159083821,362.31125309775643,-0.05776281062566113,0.45432458742967186,22162.398265922122,22162.51265226121,0.1143863390898332,31.360538777341773,31.360538777341773,0.0,7.774397340643567,7.774473463291974,7.612264840695104e-05,2923.0,2924.0,1.0,524.6987650089901,524.6755593380533,-0.023205670936818024
7.226000353601509,76,15,0.4070984984712737,11972.690557804688,11971.847983537726,-0.8425742669624015,24.857433519641944,24.857433531503066,1.1861121862466462e-08,7.226213693900427,7.22625165308291,3.795918248261643e-05,1690.0,1690.0,0.0,356.750478723743,356.72578438739487,-0.024694336348147772,0.9899604860968748,22802.127083967993,22801.620218200733,-0.5068657672600239,27.43715921754373,27.437159217543805,7.460698725481052e-14,7.791409704101195,7.791488396371518,7.869227032308856e-05,2958.0,2958.0,0.0,527.9504392890799,527.8824908950697,-0.06794839401015906
7.553028260572817,77,0,0.6499585662479154,12550.126169036774,12549.82466132685,-0.3015077099244081,30.54490087391789,30.54490087391789,0.0,7.237385787586526,7.237421401379327,3.5613792801036936e-05,1695.0,1695.0,0.0,386.9928717891018,386.96946881599285,-0.02340297310894357,0.7788149044151602,23464.05269167135,23463.542603647824,-0.5100880235258956,29.997935085935303,29.997935085935303,0.0,7.783428729234522,7.783488864404909,6.013517038638838e-05,2956.0,2956.0,0.0,565.9820300479945,565.9242738153857,-0.05775623260876728
7.553028260572817,77,1,0.522081296067723,12575.950724579443,12574.737509059925,-1.2132155195176892,30.12227814165066,30.12227814165066,0.0,7.238070267707656,7.238186029183897,0.00011576147624126065,1700.0,1700.0,0.0,385.3253130181955,385.21998209843395,-0.10533091976157039,0.6363125921959378,23649.79160189328,23648.997995275706,-0.7936066175752785,32.085468612953676,32.08546861295366,-1.4210854715202004e-14,7.796373560145929,7.79639078850382,1.7228357891418966e-05,2993.0,2994.0,1.0,564.9748426250945,564.9428547649715,-0.03198786012308119
7.553028260572817,77,2,0.41278210139178617,12789.598662940572,12789.557773718112,-0.040889222460464225,24.765611631262786,24.76561163126265,-1.3500311979441904e-13,7.255488458059383,7.25562966300347,0.0001412049440867591,1734.0,1734.0,0.0,382.69395506795234,382.6013880547091,-0.09256701324324013,0.5521409249863007,23718.349850103485,23718.658569050942,0.30871894745723694,31.419167097170543,31.419167097170543,0.0,7.776125879046355,7.776126122780262,2.4373390683507523e-07,2950.0,2951.0,1.0,577.2382380767598,577.2811097936172,0.04287171685746216
7.553028260572817,77,3,0.8780521906312826,12552.107916345078,12551.859405876992,-0.24851046808544197,27.770626103712964,27.770626103712964,0.0,7.236350762477155,7.236404607626749,5.3845149594167196e-05,1677.0,1678.0,1.0,375.95461663349,375.9825855517252,0.02796891823521719,0.47261263150562743,23762.730827721636,23761.28442815858,-1.4463995630576392,35.32849083733255,35.32849083733255,0.0,7.787612768119122,7.787632581860919,1.981374179660378e-05,2963.0,2964.0,1.0,572.8498433896142,572.8002895639356,-0.04955382567857214
7.553028260572817,77,4,0.590663037208903,12329.498606549927,12329.73461423541,0.2360076854838553,24.672435380499742,24.672435380499742,0.0,7.230918306602776,7.230843038625858,-7.52679769178144e-05,1702.0,1702.0,0.0,373.69805624052736,373.734171690493,0.03611544996562088,0.5432527224258058,23623.59504554477,23623.823730034554,0.22868448978260858,28.892473571647102,28.892473571647102,0.0,7.789099690977029,7.789083729482984,-1.5961494044702818e-05,2963.0,2963.0,0.0,566.2874622801858,566.3233959846463,0.035933704460489935
7.553028260572817,77,5,0.48188922809551815,12746.293971300714,12746.48150991529,0.18753861457480525,26.314006172876113,26.245993442168253,-0.06801273070785996,7.268452951194542,7.268414362696161,-3.858849838067613e-05,1737.0,1737.0,0.0,374.1495069928359,374.14824471077276,-0.001262282063123621,0.4574432500212806,23838.088452007254,23838.433899487893,0.3454474806385406,29.897817557697156,29.897817557697156,0.0,7.7832939405935955,7.783231751401957,-6.218919163814007e-05,2944.0,2944.0,0.0,575.0596350724888,575.0968243110572,0.037189238568316796
7.553028260572817,77,6,0.4833027562848775,12676.167542513731,12676.122224804523,-0.04531770920766576,30.74987466147524,30.749874661580982,1.0574296993581811e-10,7.234919250785973,7.234898464658857,-2.078612711553518e-05,1687.0,1686.0,-1.0,387.6893965195007,387.67736746927693,-0.012029050223759441,0.5257276358021924,23232.880153719743,23232.735894171783,-0.14425954796024598,27.84133818604846,27.84133818604846,0.0,7.765797617601056,7.765847425498347,4.980789729103208e-05,2919.0,2921.0,2.0,564.5920800573165,564.548288784018,-0.04379127329843868
7.553028260572817,77,7,0.6585446757040836,12566.528146431176,12565.68494562734,-0.8432008038362255,26.286797570218862,26.286797570218862,0.0,7.252324799806084,7.252292383464811,-3.2416341273489024e-05,1715.0,1716.0,1.0,374.3036717753377,374.3077380541559,0.00406627881818622,0.5387970847500321,23455.43928229026,23454.74533617356,-0.6939461166984984,30.285020228926918,30.40999630747752,0.12497607855060267,7.784015765313681,7.784037385122561,2.1619808880046776e-05,2935.0,2935.0,0.0,565.3570461705181,565.3314037122684,-0.02564245824964928
7.553028260572817,77,8,0.7306889802243148,12433.964586749466,12433.939079212925,-0.025507536540317233,27.454293838192957,27.454293838192957,0.0,7.230987648711176,7.230881431681354,-0.00010621702982227532,1691.0,1691.0,0.0,378.1693992921672,378.2346400256173,0.06524073345008219,0.6613836677930618,23539.19292081901,23538.703422186,-0.4894986330073152,31.090862903901694,31.091093332211365,0.0002304283096705717,7.779994144495811,7.780062120215753,6.797571994177076e-05,2950.0,2950.0,0.0,569.8665540767637,569.8136471779997,-0.05290689876403576
7.553028260572817,77,9,0.6636527520833188,12471.083928309285,12470.539274659688,-0.544653649596512,29.23615414553961,29.23615414553961,0.0,7.243492999327806,7.243524980895399,3.198156759331994e-05,1710.0,1710.0,0.0,375.61010590346234,375.5430169631409,-0.06708894032146873,0.4854401578158777,24105.624855313607,24104.810258707683,-0.8145966059237253,29.337873590292784,29.337873588978535,-1.3142482657713117e-09,7.798003562833179,7.797969608226294,-3.395460688437879e-05,2983.0,2983.0,0.0,570.439959622746,570.4381539943546,-0.0018056283913665538
7.553028260572817,77,10,0.6746064740408056,12782.748695689032,12782.401100961419,-0.34759472761288635,24.873891949065865,24.87389852692276,6.577856893841272e-06,7.249743341230262,7.2496770456635975,-6.629556666482017e-05,1730.0,1729.0,-1.0,384.7970343123479,384.8095227680293,0.012488455681420874,0.8781464241060402,23771.74738272241,23772.154253124485,0.4068704020755831,33.11997223642485,33.11997223642485,0.0,7.783978279323152,7.7839749454360385,-3.333887113043943e-06,2946.0,2946.0,0.0,574.7641378253088,574.760531046464,-0.003606778844755354
7.553028260572817,77,11,0.551227087853646,12515.136590790993,12514.681813165646,-0.4547776253475604,28.10610085465704,28.059892318544136,-0.04620853611290343,7.235162952438789,7.235149362472265,-1.3589966523674946e-05,1690.0,1690.0,0.0,380.13872234842955,380.13484979457934,-0.0038725538502148993,0.4274140323795941,23287.352631839123,23287.20132583263,-0.15130600649354164,28.084030251686173,28.084030251686173,0.0,7.780962481392796,7.7809676256706135,5.1442778179477955e-06,2957.0,2957.0,0.0,559.3361351327695,559.3278527851941,-0.008282347575459426
7.553028260572817,77,12,0.5226305083182196,12660.050597791505,12658.979764162324,-1.0708336291809246,26.897189292871705,26.897189292871705,0.0,7.2601374679122355,7.260286811465523,0.0001493435532875509,1734.0,1735.0,1.0,375.9179728485014,375.79663206867224,-0.12134077982915414,0.6906894142713232,23707.437355271708,23706.47623856109,-0.9611167106195353,30.48758929064914,30.48758929064914,0.0,7.804967894533898,7.804968016549128,1.2201522991972524e-07,3016.0,3017.0,1.0,560.1767933005988,560.1003046559887,-0.07648864461009452
7.553028260572817,77,13,0.6035833984819643,12771.92891182933,12771.680437938483,-0.2484738908478903,27.786083121747378,27.786083121747378,0.0,7.239961519521874,7.239853658619152,-0.0001078609027214128,1714.0,1713.0,-1.0,391.35364648407915,391.3903505575178,0.03670407343867055,0.7894653786977135,23572.01265683535,23572.341842490598,0.3291856552459649,32.582154058086076,32.582154058086076,0.0,7.772588561564951,7.772631660235483,4.3098670531982464e-05,2931.0,2932.0,1.0,575.203427846524,575.1647323260219,-0.03869552050218772
7.553028260572817,77,14,0.4525275334726059,12567.30248361025,12568.042643490371,0.7401598801207001,25.60157147257245,25.601395621019563,-0.0001758515528855753,7.2548808453939575,7.25489305829445,1.2212900492691858e-05,1731.0,1731.0,0.0,372.4137700364846,372.45848097471946,0.04471093823485717,0.48189187174835846,23487.155678651256,23488.68121258114,1.5255339298855688,33.05396967634927,33.05396967627248,-7.678835345359403e-11,7.784910540066964,7.784932966716418,2.2426649454843073e-05,2961.0,2961.0,0.0,568.8757058146919,568.9425392733386,0.06683345864678358
7.553028260572817,77,15,0.9312942799896496,12547.046344356753,12546.419607443928,-0.6267369128254359,25.853578049803616,25.853578049803616,0.0,7.250038390816637,7.250069910878004,3.1520061367196206e-05,1729.0,1730.0,1.0,377.58192402779815,377.56753020911407,-0.01439381868408418,0.5281837512068609,24137.70095164875,24137.30859877896,-0.39235286978873773,32.358938820372124,32.358938833979074,1.360695023322478e-08,7.79881261715275,7.798800872365897,-1.174478685328495e-05,2997.0,2997.0,0.0,579.3228396641426,579.3679277977438,0.045088133601211666
7.894856506141497,78,0,0.47157761738268866,13366.147449841563,13366.247217850907,0.09976800934418861,27.826432203595548,27.826432203595548,0.0,7.2787208896876905,7.278678312437656,-4.257725003409263e-05,1762.0,1762.0,0.0,399.81836941382153,399.83739018157394,0.019020767752408574,0.5220991929896889,24238.6104787893,24238.43874051629,-0.17173827300939593,31.5170096403903,31.517009640390295,-3.552713678800501e-15,7.772832303910618,7.772806305369183,-2.599854143436886e-05,2923.0,2923.0,0.0,602.3664449467594,602.3293029539923,-0.0371419927671468
7.894856506141497,78,1,0.4292734044676102,13238.268158783883,13238.950036510709,0.6818777268254053,27.83025498392976,27.83025498392976,0.0,7.240660373414598,7.240689816387998,2.9442973399795846e-05,1721.0,1721.0,0.0,415.52338025699396,415.54529172612223,0.0219114691282698,0.6450229726302859,24639.018090059853,24639.411350464412,0.3932604045585322,35.46777934897301,35.46777934897301,0.0,7.773530067825768,7.77351692384822,-1.3143977548146779e-05,2914.0,2916.0,2.0,614.1406745050024,614.1840346237531,0.043360118750683796
7.894856506141497,78,2,0.42199190084091576,13140.609916846202,13140.255185368927,-0.35473147727498144,27.205417573778377,27.24016558527981,0.03474801150143492,7.2435386149437235,7.2434722382003,-6.637674342346855e-05,1714.0,1713.0,-1.0,404.82493082147516,404.8678949527674,0.042964131292251295,0.5433863680101867,24550.71372990981,24550.778720423106,0.06499051329592476,31.31903747453584,31.319036033286178,-1.4412496618376736e-06,7.780620189613318,7.780610221532649,-9.968080668443235e-06,2957.0,2957.0,0.0,608.6289006515249,608.6404415576677,0.011540906142840868
7.894856506141497,78,3,0.42523139831815965,12939.736663534019,12938.909208076024,-0.8274554579948017,26.380936201684698,26.102315123801898,-0.2786210778828,7.2456923723551,7.245577810719903,-0.00011456163519696361,1713.0,1713.0,0.0,398.1021991759965,398.0684340347655,-0.03376514123095831,0.778831854272815,24629.780398764626,24629.297557240883,-0.4828415237425361,32.5380327801678,32.5380327801678,0.0,7.783335073034475,7.7833278395284,-7.2335060750106095e-06,2974.0,2974.0,0.0,610.4453161037297,610.4423136393816,-0.003002464348128342
7.894856506141497,78,4,0.41065147258056023,13287.351466924927,13287.747557712428,0.39609078750072513,26.945508796142068,26.94550879418144,-1.960628992492275e-09,7.2519822135569605,7.251910334590567,-7.187896639315738e-05,1731.0,1731.0,0.0,408.1262734215972,408.15688967818033,0.030616256583130053,0.5433641668629206,24252.130259716494,24253.902225935097,1.7719662186027563,33.063748777696865,33.063748777696865,0.0,7.770774166139852,7.77080824799743,3.408185757791671e-05,2948.0,2947.0,-1.0,605.7723131520116,605.810376244223,0.03806309221135962
7.894856506141497,78,5,0.5694588955474287,12892.865751621182,12893.501136557723,0.635384936540504,29.08685521055865,29.08685521055865,0.0,7.237861347809694,7.237939264197114,7.791638742027374e-05,1705.0,1705.0,0.0,398.77169871297315,398.80042896952375,0.028730256550602462,0.395281576301447,24301.876715859376,24302.90262638173,1.0259105223522056,33.362480539969475,33.362480539969475,0.0,7.784700576964269,7.784718203647295,1.7626683026072953e-05,2955.0,2956.0,1.0,592.921642932906,592.930509134378,0.008866201471960267
7.894856506141497,78,6,0.4106364097740106,12890.475858190955,12891.283554040425,0.8076958494693827,26.93680375678815,26.93680375678815,0.0,7.250931624965614,7.251028049005728,9.642404011422911e-05,1735.0,1734.0,-1.0,394.91957350425093,394.93068112138974,0.011107617138804926,0.4895894153746934,24435.424102807505,24436.579340667602,1.1552378600972588,34.80084401791882,34.80084400101554,-1.6903278776680963e-08,7.784941344363838,7.784877163776895,-6.418058694279694e-05,2955.0,2954.0,-1.0,605.1337498675393,605.245412253336,0.11166238579664878
7.894856506141497,78,7,0.5924669412848791,13041.40841245165,13040.123275412165,-1.2851370394855621,26.564131130796824,26.564131130796824,0.0,7.234803148839667,7.2348167515252495,1.36026855823701e-05,1707.0,1707.0,0.0,403.9053252864767,403.74993748598445,-0.15538780049223533,0.6880331584096224,24745.779643633345,24743.74848738385,-2.031156249493506,34.91354981964795,34.912712973542085,-0.0008368461058623211,7.784345363177348,7.784309658930248,-3.570424710019893e-05,3003.0,3003.0,0.0,620.1003011189572,620.0086957150519,-0.09160540390530514
7.894856506141497,78,8,0.6467800708536107,13272.498012502994,13272.043092562817,-0.4549199401772057,28.344741690263202,28.21600678667559,-0.1287349035876133,7.231550481197071,7.231689792557628,0.00013931136055678195,1677.0,1677.0,0.0,411.997575415414,411.90344214479813,-0.09413327061588461,0.6125821739612202,24601.03598935443,24600.008464186118,-1.0275251683124225,30.144685000644568,30.144685000644568,0.0,7.79092110233688,7.790910841528849,-1.0260808031681279e-05,2968.0,2968.0,0.0,600.3317586113586,600.2955408238871,-0.036217787471514384
7.894856506141497,78,9,0.612709134219523,13509.591656889032,13508.798466186749,-0.7931907022830273,27.25150784802499,27.251507848024694,-2.948752353404416e-13,7.258868359475121,7.258947486725319,7.91272501974305e-05,1738.0,1738.0,0.0,413.2740229377598,413.2307892740495,-0.043233663710282144,0.7782713875690217,24112.232996217932,24112.04876354271,-0.18423267522302922,29.65963901140043,29.65963901140043,0.0,7.784048728919071,7.784042217041357,-6.5118777143879925e-06,2972.0,2972.0,0.0,591.4072091249978,591.3699551689642,-0.03725395603362358
7.894856506141497,78,10,0.5220864339427586,13158.76085063409,13158.379498289385,-0.3813523447042826,29.67107434577113,29.67107434577113,0.0,7.253838215762981,7.253938687844833,0.00010047208185248735,1726.0,1726.0,0.0,401.1387084460302,401.04960569100973,-0.08910275502046261,0.6242570443732595,24414.465090758917,24413.508591153543,-0.9564996053741197,35.077799229993126,35.07779608488915,-3.145103974588892e-06,7.774361266058781,7.774375914203735,1.464814495388822e-05,2944.0,2944.0,0.0,611.7093027336047,611.6742619196093,-0.03504081399535153
7.894856506141497,78,11,0.635136870613338,12505.866113771586,12505.93350641632,0.06739264473435469,29.014013296823663,29.014013296823663,0.0,7.238976502018205,7.239015826336319,3.932431811382031e-05,1703.0,1703.0,0.0,383.26355084777055,383.2366509958095,-0.026899851961047716,0.36747161529402406,25375.65996625402,25375.789885293412,0.1299190393910976,30.385764957701113,30.386110636685903,0.0003456789847895436,7.798010124931697,7.798030701054836,2.0576123139548486e-05,3001.0,3001.0,0.0,623.629657417183,623.6567258068625,0.027068389679470783
7.894856506141497,78,12,0.5605979106945547,12963.706637754467,12963.797496150431,0.09085839596446021,28.788781299167198,28.788781299167198,0.0,7.241548999707133,7.241549088435099,8.872796630754465e-08,1697.0,1697.0,0.0,398.0086192228712,398.0556792227757,0.04705999990454757,0.49378514102929527,24537.68202061511,24536.54381262705,-1.1382079880604579,33.90337670293299,33.90337670293299,0.0,7.779395038752283,7.779405337335705,1.0298583421608498e-05,2975.0,2975.0,0.0,615.6472687143616,615.5926751481863,-0.0545935661752992
7.894856506141497,78,13,0.6907599373215143,13239.402201712415,13238.957919978573,-0.44428173384221736,27.230259925408635,27.230259925408635,0.0,7.241612095434892,7.241601986631462,-1.0108803429886848e-05,1711.0,1711.0,0.0,412.91539943201957,412.93997132138276,0.024571889363187438,0.8780575694491335,24775.46171120089,24774.688773219073,-0.7729379818156303,32.984638228303915,32.98463822156638,-6.737536750733852e-09,7.790451376594891,7.790437327004078,-1.404959081341417e-05,2983.0,2984.0,1.0,608.4013436241088,608.4033967726825,0.0020531485737365074
7.894856506141497,78,14,0.8781172454404871,13260.83509236991,13260.47834043366,-0.3567519362513849,30.95148661096422,30.95148661096422,0.0,7.236636291225398,7.236708218642996,7.192741759798338e-05,1705.0,1705.0,0.0,417.54449722574464,417.4568537353319,-0.087643490412745,0.7561604384649487,24643.044708024456,24642.76678688542,-0.27792113903706195,33.682536077024494,33.68253781097339,1.7339488991297003e-06,7.7850696003995665,7.785123573996039,5.397359647218991e-05,2965.0,2965.0,0.0,611.5194806533124,611.4756110735517,-0.043869579760666966
7.894856506141497,78,15,0.5306896774535109,13251.702030229984,13251.497561453789,-0.20446877619542647,28.603141542724405,28.614529819671485,0.011388276947080556,7.259014714236246,7.258974943733284,-3.977050296199991e-05,1753.0,1753.0,0.0,407.8083518689199,407.8220692989827,0.013717430062797575,0.4303814865618151,25246.4530273084,25246.057903712055,-0.3951235963431827,32.80174973523337,32.80174973523337,0.0,7.802053211716201,7.802088761015311,3.554929910976057e-05,3024.0,3024.0,0.0,620.425610528229,620.3503512221954,-0.07525930603355846
8.252154910888384,79,0,0.8692288904527072,13463.58907385224,13462.761898784152,-0.8271750680869445,27.758720232105937,27.666141990862727,-0.0925782412432099,7.246298501321348,7.246271823311872,-2.6678009476199804e-05,1715.0,1715.0,0.0,417.644905082911,417.638869601772,-0.006035481139008425,0.6612961385969331,25324.407117392468,25324.49695075528,0.08983336281380616,36.69753034987849,36.69753034987849,0.0,7.771317494514744,7.771372615042265,5.512052752099095e-05,2907.0,2907.0,0.0,642.3853581365832,642.3009904092903,-0.08436772729294262
8.252154910888384,79,1,0.6636693242049538,14026.661300395162,14027.381339313502,0.7200389183399238,28.930706536249406,28.93070653624941,3.552713678800501e-15,7.260489407840494,7.260488139306137,-1.268534356668738e-06,1740.0,1740.0,0.0,438.32682168127957,438.35478294855693,0.027961267277362367,0.6173368375280592,26213.4957475169,26214.36348245976,0.8677349428617163,35.74914333523169,35.74914333283697,-2.394720866050193e-09,7.7948584652199795,7.794897206059727,3.8740839747752887e-05,2991.0,2991.0,0.0,653.6215319917078,653.6579193478237,0.03638735611593802
8.252154910888384,79,2,0.6464867886392748,13470.812284611984,13469.75693857889,-1.0553460330938833,28.656906896168763,28.656906896168763,0.0,7.238355850076373,7.238254389919906,-0.00010146015646750328,1709.0,1708.0,-1.0,425.20889805793826,425.1966929703425,-0.012205087595759778,0.8436760179198743,25976.24546782958,25974.271473013087,-1.9739948164933594,34.03760557532006,34.03760557532006,0.0,7.7874960445274874,7.787405697537359,-9.034699012833158e-05,2990.0,2990.0,0.0,655.6308891300959,655.6096398929161,-0.02124923717974525
8.252154910888384,79,3,0.7845604545960789,14001.467897293402,14002.265145297055,0.7972480036532943,31.782151617487497,31.782151617487497,0.0,7.25149781347919,7.251540631289842,4.281781065174073e-05,1731.0,1731.0,0.0,443.4256987975918,443.3648527617969,-0.06084603579489567,0.6958692248234356,25555.34693267324,25556.169863417643,0.822930744401674,35.69398659147852,35.69398659147852,0.0,7.774585055114586,7.7746758383614125,9.07832468266534e-05,2945.0,2945.0,0.0,646.4874173460006,646.4722997443503,-0.01511760165033138
8.252154910888384,79,4,0.4405337588986848,14243.320291880229,14243.451507008685,0.13121512845646066,27.73146848110792,27.73146848110792,0.0,7.280244555285607,7.280356063702646,0.00011150841703866377,1777.0,1777.0,0.0,443.63099335494206,443.6015769977916,-0.029416357150466865,0.533767867314835,26053.069202132854,26052.952938107643,-0.11626402521142154,32.83046664798882,32.83046664798882,0.0,7.800313666886069,7.800322273732408,8.606846338743424e-06,3016.0,3016.0,0.0,645.868590493199,645.83346657235,-0.03512392084905969
8.252154910888384,79,5,0.7482115860069187,13727.846183153624,13727.973580055668,0.12739690204398357,29.133674436438383,29.133674436438383,0.0,7.2471500664554025,7.247189317655763,3.925120036019081e-05,1719.0,1718.0,-1.0,430.997031546629,430.9998891805598,0.0028576339308301613,0.517828092413742,25181.64781364023,25181.74805905762,0.10024541739039705,32.29410120373006,32.294074481105895,-2.672262416325566e-05,7.76671853596485,7.766736723926105,1.8187961254412244e-05,2895.0,2895.0,0.0,636.1751587596867,636.130036790678,-0.045121969008732776
8.252154910888384,79,6,0.5434001885392514,13742.518881395907,13742.46777169174,-0.05110970416717464,30.364233251965928,30.364233251965928,0.0,7.2525366128503705,7.252439058695159,-9.755415521173205e-05,1735.0,1735.0,0.0,431.8975680053234,432.0156459565336,0.11807795121018216,0.4439699426112299,26175.123404628073,26175.323436016664,0.20003138859101455,32.39628823880164,32.396288238772236,-2.9402258405752946e-11,7.790221255759988,7.790208257813182,-1.2997946805981542e-05,2973.0,2974.0,1.0,659.9253949907963,659.9358666564742,0.010471665677869169
8.252154910888384,79,7,0.8436925158762963,13686.264611519307,13686.394383254843,0.12977173553554167,36.17274777896983,36.17249676450709,-0.000251014462740784,7.246436833906898,7.246385741737453,-5.109216944543249e-05,1710.0,1710.0,0.0,431.89227742698074,431.99389100727814,0.10161358029739631,0.4951538926843799,25724.589323063876,25724.636327544606,0.047004480729810894,34.555869893303694,34.681087280116586,0.12521738681289207,7.777598253703037,7.777587374192164,-1.0879510872641163e-05,2944.0,2945.0,1.0,652.3008062025835,652.3618213337522,0.06101513116868773
8.252154910888384,79,8,0.6906921519882813,13459.04739337867,13458.988232759471,-0.05916061919924687,31.256713538109324,31.256713538109324,0.0,7.251452987765804,7.251309133335246,-0.00014385443055786595,1726.0,1726.0,0.0,420.5126247110001,420.6273291645446,0.11470445354450476,0.7787784577054244,25458.682002968613,25459.652970362906,0.9709673942925292,34.51803063285291,34.51803063285291,0.0,7.791376886710937,7.791368441398417,-8.445312520422021e-06,2963.0,2963.0,0.0,630.7286464828046,630.707428250049,-0.02121823275558654
8.252154910888384,79,9,0.6907911618681326,14073.73423347377,14073.627530178928,-0.1067032948412816,29.474223646824818,29.474223646824818,0.0,7.252019235390984,7.251990357153332,-2.88782376518526e-05,1733.0,1733.0,0.0,447.15467734933287,447.1430636636625,-0.011613685670397444,0.4448429537326901,25443.015239411707,25442.564197844324,-0.4510415673830721,35.18685963327481,35.18685963327481,0.0,7.782432056143829,7.782479033769078,4.6977625248523225e-05,2968.0,2967.0,-1.0,645.2332991730676,645.1813099743492,-0.05198919871838825
8.252154910888384,79,10,0.5221236200123981,13758.908584277613,13758.249538722555,-0.6590455550576735,30.900631519066444,30.900631519066444,0.0,7.240952388317026,7.240904469920476,-4.791839654938457e-05,1693.0,1694.0,1.0,428.279865912146,428.2259124208216,-0.053953491324421066,0.7448519628384649,25700.98748962088,25700.374193076717,-0.6132965441611304,34.56095415305962,34.56095413744603,-1.561358686785752e-08,7.7925165979149815,7.792553936193158,3.73382781768683e-05,2963.0,2963.0,0.0,637.3290612628256,637.2646470281937,-0.06441423463184037
8.252154910888384,79,11,0.673925691990394,13744.916751913152,13744.576683557003,-0.34006835614854936,27.04030203095743,27.04030203095743,0.0,7.239934578387564,7.239917122265231,-1.7456122333392443e-05,1694.0,1694.0,0.0,432.39651184961406,432.43574392774536,0.039232078131306025,0.6636164595909877,25653.2981007885,25653.04407061088,-0.2540301776207343,31.46434481485156,31.46434481485156,0.0,7.790340900280938,7.79030723771124,-3.3662569697945344e-05,2960.0,2960.0,0.0,641.6278817887006,641.6505029325543,0.022621143853712056
8.252154910888384,79,12,0.748251929420761,13967.969928357837,13968.656876655252,0.6869482974143466,32.22746373581168,32.22746373581168,0.0,7.233044453409955,7.233026255058664,-1.819835129168723e-05,1709.0,1709.0,0.0,451.10408507163885,451.17688215849535,0.07279708685649666,0.5434112488901779,25830.27610330964,25830.59634837129,0.32024506165180355,34.31653006043551,34.31653006042801,-7.503331289626658e-12,7.775925416324529,7.7759511726087664,2.5756284237843374e-05,2916.0,2917.0,1.0,653.6026792394737,653.5817159157575,-0.02096332371615972
8.252154910888384,79,13,0.44454201944815497,13469.683473891255,13469.429431363784,-0.25404252747102873,27.511361670359832,27.511139040502915,-0.00022262985691767767,7.250402954699048,7.250423963489311,2.1008790263010724e-05,1707.0,1707.0,0.0,416.49906367934034,416.4884995163625,-0.01056416297785745,0.6636754074198233,25761.888549916417,25761.894474348865,0.005924432447500294,35.118705149516394,35.118705149516394,0.0,7.779723812207656,7.779783936075495,6.012386783815771e-05,2981.0,2983.0,2.0,659.6849727180627,659.6161584303985,-0.06881428766416775
8.252154910888384,79,14,0.51547584297193,13647.25464067486,13647.144861136327,-0.10977953853398503,28.85315920583163,28.85315920583163,0.0,7.24518181804149,7.245214422979235,3.2604937744373785e-05,1712.0,1712.0,0.0,429.61754006974724,429.5884192990787,-0.02912077066855545,0.6126216697659901,26160.815893771396,26160.282900213737,-0.5329935576592106,32.438986597616875,32.43896617354399,-2.042407288627146e-05,7.803521979484758,7.803519236872751,-2.742612006834122e-06,3007.0,3004.0,-3.0,647.6793716367492,647.6513944822235,-0.02797715452572902
8.252154910888384,79,15,0.5433903559315063,13763.866446286669,13763.468475347758,-0.397970938911385,27.609116160243477,27.609116160245264,1.787014980436652e-12,7.231697254683607,7.231734136508619,3.688182501182524e-05,1691.0,1691.0,0.0,437.73927019519283,437.6649856921124,-0.07428450308043466,0.5859940321419462,25805.40173330565,25805.43531009568,0.03357679002874647,35.388124972196614,35.388124972196614,0.0,7.785904190059757,7.785918337625155,1.4147565398303641e-05,2954.0,2954.0,0.0,647.2752650873847,647.2906205101768,0.015355422792140416
8.62562360953933,80,0,0.6391096438527314,14186.62487874153,14185.588486319895,-1.0363924216344458,29.323726759449436,29.323726759458292,8.856915201249649e-12,7.232797112929726,7.232780953023947,-1.6159905778856398e-05,1688.0,1688.0,0.0,460.9845608779946,460.9863493815772,0.0017885035825884188,0.6661756432350558,26405.478452101903,26403.638298973856,-1.8401531280469499,34.295420530642815,34.295421600747424,1.0701046093686273e-06,7.782339742234797,7.782343142531858,3.400297061695312e-06,2977.0,2977.0,0.0,680.0693606643965,679.9862692972753,-0.08309136712125564
8.62562360953933,80,1,0.7061413321693839,14509.731859539337,14509.751884685964,0.020025146626721835,29.284056217271022,29.284056216489674,-7.813483193785942e-10,7.270895813058151,7.270979979245541,8.41661873902666e-05,1762.0,1761.0,-1.0,454.9801487093745,454.9316794178107,-0.04846929156377655,0.5765928442486126,26796.71248751117,26796.60272535847,-0.10976215270056855,35.204174152078586,35.204174152078586,0.0,7.790637765063577,7.790623375422838,-1.4389640739409515e-05,2966.0,2967.0,1.0,682.2859646960734,682.2847371814725,-0.0012275146009415039
8.62562360953933,80,2,0.4843872230295602,14300.27689855944,14300.144363686875,-0.13253487256406515,29.333003425028956,29.333003425028956,0.0,7.2456787002899805,7.245835302818336,0.0001566025283556982,1709.0,1710.0,1.0,459.2871786992704,459.17465852931326,-0.11252016995712211,0.7777582422933822,26909.12269867376,26908.622931146157,-0.4997675276026712,32.9043384767273,32.90414109948928,-0.00019737723801682705,7.776177859403033,7.776156518554153,-2.134084888005816e-05,2929.0,2929.0,0.0,694.0567610429136,694.0260001314912,-0.030760911422476056
8.62562360953933,80,3,0.427504688644649,14280.002236342356,14280.962854902837,0.9606185604807251,31.086321081840076,31.086320870632953,-2.1120712290212396e-07,7.255358424642054,7.25535890885611,4.842140555183505e-07,1721.0,1721.0,0.0,452.9264028333608,452.9734535650023,0.047050731641490984,0.6498030037910218,27695.33060110947,27696.43050681806,1.0999057085900859,35.111445984215365,35.111445984215365,0.0,7.78910218429162,7.789179854579555,7.767028793548292e-05,3005.0,3006.0,1.0,717.9490081861577,717.9483481351923,-0.000660050965393566
8.62562360953933,80,4,0.5339344099056667,14660.193314812583,14659.815752859202,-0.37756195338079124,29.29392082969521,29.29392082969521,0.0,7.260991884744476,7.260958576600441,-3.3308144034904785e-05,1728.0,1728.0,0.0,468.16892529404475,468.1499095622402,-0.019015731804529423,0.5956876367398181,26452.450411040572,26452.17095554452,-0.27945549605283304,40.32816196134811,40.32816196134811,0.0,7.773788268313029,7.773750714262274,-3.7554050755339574e-05,2926.0,2926.0,0.0,682.2430921315243,682.3196739619068,0.0765818303824517
8.62562360953933,80,5,0.5271702149771198,14351.273407214203,14350.996700132539,-0.27670708166442637,34.54849881977024,34.54849881977024,0.0,7.245107782455908,7.245034911000672,-7.287145523626748e-05,1710.0,1710.0,0.0,460.1688745159155,460.2546204802874,0.0857459643718812,0.8401569326013175,27699.738468784642,27699.771603252357,0.03313446771426243,35.71262510916488,35.71262510916488,0.0,7.800703616258583,7.800679211450198,-2.440480838483694e-05,3020.0,3021.0,1.0,713.4811199905671,713.4925303423245,0.011410351757376702
8.62562360953933,80,6,0.6375840181159305,14436.721604907721,14436.878371730922,0.15676682320008695,30.014931987295352,30.014931987295352,0.0,7.249248753739635,7.249280622290647,3.186855101233732e-05,1717.0,1717.0,0.0,466.0349641326929,466.0404793240549,0.005515191362007954,0.6176966461952711,26544.054611113243,26544.03910464441,-0.01550646883333684,41.171142795491285,41.171142795491285,0.0,7.772367042881535,7.772376548789483,9.50590794790429e-06,2951.0,2951.0,0.0,696.2209380182759,696.195833097285,-0.02510492099088424
8.62562360953933,80,7,0.5119695857575408,14061.217604800055,14060.379670523387,-0.8379342766675109,33.58373780306237,33.58373780289148,-1.708926333776617e-10,7.243397810151924,7.24340456088945,6.750737526317607e-06,1714.0,1714.0,0.0,454.0551092073,454.02087308929265,-0.03423611800735671,0.6636675781059473,26470.156860768722,26469.386241086293,-0.770619682429242,33.020152466187746,33.016341986120565,-0.003810480067180322,7.792510200267097,7.792524981697009,1.4781429912069655e-05,2983.0,2984.0,1.0,673.0227058464851,673.0098843198061,-0.012821526678976625
8.62562360953933,80,8,0.5566530795550819,14832.041878085423,14832.150257765174,0.10837967975021456,31.651629526582692,31.65159434207738,-3.5184505311036673e-05,7.270859839159948,7.270910116612941,5.027745299290842e-05,1751.0,1751.0,0.0,472.16375870049893,472.11235533847656,-0.05140336202236995,0.9513062925012459,26778.917784172783,26777.873294727793,-1.0444894449901767,33.71943118763615,33.71943118763617,2.1316282072803006e-14,7.789649381131009,7.789670710735409,2.132960440004439e-05,2985.0,2985.0,0.0,687.1214202409327,687.0427121641669,-0.07870807676579261
8.62562360953933,80,9,0.4144252862001695,13851.663638899123,13851.520621446472,-0.14301745265038335,31.726730545564404,31.726729540038633,-1.0055257710916976e-06,7.232251966244175,7.232301862978885,4.989673471023082e-05,1688.0,1688.0,0.0,444.5178423397161,444.49235349330775,-0.025488846408336485,0.4992495942132971,26509.633830710347,26509.827871479407,0.1940407690599386,41.275058859753635,41.27507630454375,1.7444790117338016e-05,7.782708300468446,7.782715896548011,7.596079565352909e-06,2946.0,2947.0,1.0,677.2887672018984,677.2929360759726,0.004168874074252926
8.62562360953933,80,10,0.7481530196018962,14455.388745078752,14454.946532694143,-0.44221238460886525,34.52456918531354,34.52456918530314,-1.0395240224170266e-11,7.239556360348049,7.239574615000037,1.8254651988236503e-05,1729.0,1729.0,0.0,478.8863561631516,478.8582339880253,-0.02812217512632742,0.9512759819038883,27242.589414605205,27241.006873023824,-1.5825415813815198,35.22762056155777,35.22762056155777,0.0,7.784361105516089,7.784346311101504,-1.4794414584962112e-05,2933.0,2933.0,0.0,700.3240565385779,700.3116499700825,-0.012406568495407555
8.62562360953933,80,11,0.5433370220428786,14105.129322494458,14105.820340020402,0.6910175259436073,29.117297720105697,29.117297720105697,0.0,7.2378936791575565,7.23783853874776,-5.514040979637258e-05,1706.0,1707.0,1.0,457.33147865555986,457.437526648725,0.10604799316513436,0.5625269382736409,27080.902961087373,27081.56267360171,0.6597125143380254,34.69167592251867,34.691675922518804,1.3500311979441904e-13,7.797004660100889,7.797002945760295,-1.7143405939279432e-06,2991.0,2991.0,0.0,692.9034421769438,692.971968282526,0.06852610558212291
8.62562360953933,80,12,0.6443473568880864,14877.456141249208,14876.408066003121,-1.0480752460862277,30.50188286063582,30.50188268058019,-1.8005562907319472e-07,7.257892857735861,7.257893885464387,1.027728526281635e-06,1735.0,1735.0,0.0,479.2560798176871,479.2457119420349,-0.010367875652207204,0.7788231087862845,27341.57829339388,27341.24587354976,-0.3324198441187036,35.33952191495049,35.33952191495049,0.0,7.794465465170594,7.794445487938008,-1.997723258639894e-05,2979.0,2979.0,0.0,699.6841021674288,699.6541204219558,-0.029981745473037336
8.62562360953933,80,13,0.5321586048143583,14490.949677190478,14490.285628640748,-0.6640485497300688,28.448875244113115,28.448971355765178,9.611165206280248e-05,7.251914563548331,7.251999651729223,8.508818089225656e-05,1729.0,1729.0,0.0,464.45069038490766,464.2610077952306,-0.18968258967703377,0.5755471907662992,26912.917621230525,26913.107247736956,0.189626506431523,33.467445682949354,33.468562808217165,0.0011171252678110477,7.7983899345298475,7.798428392712837,3.8458182989309364e-05,2994.0,2994.0,0.0,680.9314813165812,680.8205771651385,-0.11090415144269627
8.62562360953933,80,14,0.5515396022229528,14525.231148220446,14524.541931271957,-0.6892169484890474,30.22265073551288,30.22265073551288,0.0,7.277397829061192,7.277415194694571,1.7365633379284873e-05,1748.0,1748.0,0.0,450.83516847933606,450.801229260032,-0.03393921930404531,0.7787890500685644,26791.20436191994,26791.196899064395,-0.007462855544872582,33.04609849107065,33.04609849107065,0.0,7.782864376626869,7.782902031567871,3.765494100171907e-05,2972.0,2972.0,0.0,691.5631700891009,691.5274786178243,-0.03569147127666383
8.62562360953933,80,15,0.7075989955590041,14779.176580277634,14777.964993508143,-1.211586769490168,29.73868699074506,29.73868699074506,0.0,7.251940961332269,7.251969415079443,2.845374717352911e-05,1716.0,1715.0,-1.0,477.2469474982896,477.13779407561566,-0.10915342267395545,0.6637366203478732,27220.381141014168,27218.761558430797,-1.6195825833710842,35.106234397803924,35.10623439779267,-1.1254996934439987e-11,7.8058367533211985,7.805842421748141,5.6684269420514966e-06,2999.0,2999.0,0.0,685.8242547482639,685.7201264053397,-0.10412834292424122
9.015994422895853,81,0,0.48182116221336346,15027.48571063437,15026.849546486887,-0.636164147483214,31.500830572244656,31.500830572244656,0.0,7.224508874831088,7.224521257624699,1.2382793610932197e-05,1699.0,1699.0,0.0,511.1527098622201,511.0626617979851,-0.09004806423502032,0.5433422995942154,27767.79108209058,27767.475243542354,-0.31583854822747526,37.27516276862756,37.27516276862756,0.0,7.783286315990946,7.783297475871802,1.1159880855871052e-05,2981.0,2981.0,0.0,736.4427843175442,736.4079115939277,-0.03487272361655869
9.015994422895853,81,1,0.8619954844962392,14997.72199834559,14997.753403716728,0.0314053711372253,30.464360286865478,30.464360286865478,0.0,7.255733842675369,7.2558067525452445,7.290986987573689e-05,1742.0,1742.0,0.0,494.58864951087753,494.55541717542303,-0.03323233545449966,0.5886987554499944,28395.747182938678,28395.456674592642,-0.29050834603549447,40.419760762769386,40.419760762769386,0.0,7.784395634916069,7.784363784307172,-3.185060889698832e-05,2960.0,2960.0,0.0,749.4337046510441,749.4250034147749,-0.008701236269189394
9.015994422895853,81,2,0.4448429565932859,14462.480295593557,14461.963542550024,-0.516753043533754,31.732866740689623,31.732866740689623,0.0,7.235406709972688,7.23542496844493,1.825847224168342e-05,1698.0,1698.0,0.0,474.0013257058344,473.89435118111084,-0.10697452472356872,0.6376757026286899,27809.482157751227,27807.544011055088,-1.938146696138574,34.68032164802647,34.837207339269824,0.15688569124335316,7.767790290095014,7.767805134293948,1.4844198933161579e-05,2929.0,2928.0,-1.0,746.5381452813534,746.3969307196328,-0.14121456172063063
9.015994422895853,81,3,0.7046727422457555,15074.033962835321,15074.419565830642,0.3856029953203688,32.77724804610905,32.77724732932086,-7.167881932446107e-07,7.257455790974263,7.25746126593689,5.474962626372815e-06,1733.0,1733.0,0.0,488.0077544762181,488.0634546123106,0.05570013609246871,0.7483297884474231,28387.482179776067,28388.110419420198,0.6282396441310993,41.03797952209255,41.03797952209467,2.1245227799226996e-12,7.78493372564731,7.7848741938987995,-5.9531748510366356e-05,2978.0,2978.0,0.0,753.33482090874,753.3803796388752,0.0455587301352125
9.015994422895853,81,4,0.5812279673327565,14949.23708029608,14949.373916976863,0.13683668078374467,33.39497573206268,33.39497573206268,0.0,7.25862123755487,7.258664730830404,4.349327553399007e-05,1733.0,1733.0,0.0,485.4004744472055,485.3646846547418,-0.035789792463731374,0.4993489564614336,28378.159897916346,28378.29723041853,0.1373325021850178,35.61567093955583,35.615679128402064,8.188846237544567e-06,7.784470958758007,7.7844920192549,2.1060496893099412e-05,2964.0,2964.0,0.0,744.9069340434428,744.8699692913539,-0.03696475208892025
9.015994422895853,81,5,0.7605811430236892,15233.640613079775,15231.951991823193,-1.688621256582337,30.303467886184592,30.305825748191083,0.0023578620064910183,7.261009294462121,7.261001592773426,-7.701688694794484e-06,1732.0,1729.0,-3.0,492.6723246082529,492.621781244941,-0.050543363311874145,0.7787771279649679,28085.18236651292,28083.412201537925,-1.770164974994259,36.395977925138475,36.395977925138475,0.0,7.78585915021254,7.785897273771516,3.812355897636621e-05,2953.0,2953.0,0.0,734.8747373699674,734.7112238816906,-0.16351348827686252
9.015994422895853,81,6,0.4966041241323519,14917.51492738504,14917.970747810661,0.45582042562091374,32.98841094890365,32.98841094890365,0.0,7.244701823992934,7.244701684438498,-1.3955443645130572e-07,1715.0,1716.0,1.0,494.4335331515269,494.49203166413275,0.05849851260586547,0.6185581657065433,28462.831694468143,28463.360885260758,0.5291907926148269,38.810174219355574,38.810174350102784,1.307472103917462e-07,7.795133506727739,7.795134082291968,5.755642291660479e-07,2990.0,2990.0,0.0,749.0440319140284,749.0602520322727,0.01622011824429137
9.015994422895853,81,7,0.4627634130559225,14822.950969203486,14820.97921893781,-1.9717502656767465,32.52901569940752,32.52901569934713,-6.039613253960852e-11,7.24009652197924,7.239991542174625,-0.00010497980461465772,1699.0,1699.0,0.0,486.1339146570623,486.1360985145852,0.002183857522936705,0.8437291459062686,28264.389403279703,28262.880611105364,-1.50879217433976,34.94648240645735,34.946483590450654,1.1839933051760454e-06,7.788854710773674,7.788852132278922,-2.578494751936944e-06,2982.0,2983.0,1.0,740.3246044078099,740.2466974845601,-0.07790692324988413
9.015994422895853,81,8,0.8174439620245694,14903.377870465814,14903.594952929974,0.21708246415983012,32.634427847438076,32.634427847438076,0.0,7.225014165652894,7.225091880448176,7.771479528173586e-05,1686.0,1686.0,0.0,499.6925068137987,499.64065869101313,-0.05184812278554318,0.7787698352451804,28046.61895773112,28046.58282401802,-0.03613371309984359,37.15555754161863,37.15555771205517,1.7043654310100464e-07,7.783848940938597,7.783864968539055,1.6027600457491076e-05,2978.0,2978.0,0.0,738.6082011760514,738.6045524501643,-0.0036487258870465666
9.015994422895853,81,9,0.5315971956092909,14890.269879334814,14888.783482791654,-1.4863965431595716,29.506500674570162,29.506500674570162,0.0,7.249507409419946,7.2495223107541475,1.4901334201233851e-05,1730.0,1729.0,-1.0,481.84284996744316,481.73736497086406,-0.1054849965790936,0.868742959123193,28088.455065148613,28086.263334134463,-2.1917310141507187,36.41414210720491,36.414142107204775,-1.3500311979441904e-13,7.796349955006882,7.796403494078689,5.353907180705164e-05,2986.0,2986.0,0.0,732.3122606268411,732.1787569980718,-0.13350362876929012
9.015994422895853,81,10,0.5220892784680222,15282.128627577145,15282.690319525947,0.5616919488020358,32.29347446313184,32.29347446313037,-1.4637180356658064e-12,7.267599392608185,7.267487598823614,-0.00011179378457093492,1760.0,1760.0,0.0,500.84850137245684,500.92942102384677,0.08091965138993373,0.569440615360075,27797.680514919626,27797.98317568666,0.30266076703264844,34.84256874100931,34.84256874100931,0.0,7.785664953212997,7.785644670068431,-2.028314456570257e-05,2936.0,2936.0,0.0,723.5167630985696,723.5273662707002,0.010603172130572602
9.015994422895853,81,11,0.6126225813720519,15001.95397933053,15002.390752554023,0.4367732234932191,33.79325487328243,33.79325487328243,0.0,7.231595498829762,7.2315726670683524,-2.2831761409491946e-05,1686.0,1686.0,0.0,501.6135917808253,501.6908333570179,0.07724157619259131,0.5015814446479898,29040.031361025875,29040.216449463853,0.18508843797826557,36.358632786202605,36.358632786202605,0.0,7.799963947159968,7.799957073434221,-6.87372574681433e-06,3008.0,3009.0,1.0,764.4448235363786,764.4523772973142,0.0075537609355933455
9.015994422895853,81,12,0.4823322407732309,15058.382842781597,15057.438996575966,-0.9438462056314165,31.866763167759053,31.891273141681776,0.02450997392272214,7.232113496550871,7.232052590408914,-6.0906141956529325e-05,1692.0,1692.0,0.0,501.8622835366378,501.78837808342206,-0.07390545321572972,0.9511439161611178,28657.0288919628,28656.206508001957,-0.822383960843581,35.27715086893104,35.27715086893104,0.0,7.788224107409672,7.788240392973389,1.62855637171333e-05,2980.0,2981.0,1.0,760.4746152705195,760.452655966405,-0.021959304114488987
9.015994422895853,81,13,0.9512731845728989,15181.252047223028,15181.452205226886,0.2001580038577231,31.445276014978717,31.445276014978717,0.0,7.244369042527574,7.2442875502280994,-8.149229947473913e-05,1719.0,1719.0,0.0,502.32976673261817,502.51590097754456,0.18613424492639297,0.9512148181816856,28262.551468557347,28262.959133333803,0.40766477645593113,38.53831083016037,38.53831083016037,0.0,7.796450078328803,7.796479591011309,2.951268250583894e-05,2995.0,2995.0,0.0,738.4706678463069,738.4782465773495,0.007578731042599429
9.015994422895853,81,14,0.42739136618653595,15087.181122169677,15086.417294017965,-0.7638281517120049,34.86974352865875,34.86974352865875,0.0,7.237534871069009,7.237607268106003,7.239703699379874e-05,1717.0,1717.0,0.0,512.7575144381466,512.6274442251047,-0.13007021304190403,0.581465141615898,27867.586113057278,27867.954072859993,0.36795980271563167,36.062930188836674,36.06293071903773,5.302010563923432e-07,7.781536619597114,7.781574062607386,3.744301027186481e-05,2953.0,2954.0,1.0,735.0952261342189,735.0339235437782,-0.061302590440732274
9.015994422895853,81,15,0.612642536365851,15137.594183230558,15137.674116214392,0.07993298383371439,32.67187270838798,32.671875231537946,2.5231499662936585e-06,7.269916376633952,7.269971491616922,5.511498297039452e-05,1728.0,1728.0,0.0,482.4695349116225,482.48464935863893,0.015114447016458143,0.6377136519120397,28545.545661243217,28545.589748385122,0.04408714190503815,39.94336163628103,39.94336163628103,0.0,7.797339273939659,7.797333172319277,-6.101620382281681e-06,2992.0,2992.0,0.0,749.1927374324052,749.2296237769372,0.03688634453192208
9.424032291855417,82,0,0.7380778084885754,15775.919552947433,15775.641935363623,-0.27761758380984247,33.01645782851247,33.01645782851247,0.0,7.238724729183049,7.2387375777661624,1.2848583113012069e-05,1701.0,1701.0,0.0,532.7301254233998,532.6922675013732,-0.03785792202666016,0.48187500321490806,29128.225142291863,29126.94879079495,-1.276351496911957,38.69835834417445,38.698358344164724,-9.727330052555772e-12,7.774450050083603,7.774449629153011,-4.209305917157735e-07,2936.0,2936.0,0.0,786.600635012108,786.5040643446143,-0.0965706674936655
9.424032291855417,82,1,0.6743348567500593,15890.293555027627,15889.499696142968,-0.7938588846591301,34.50966167251235,34.50966167250154,-1.0814460438268725e-11,7.244593788648248,7.244657753874739,6.396522649065872e-05,1729.0,1729.0,0.0,545.6276676453691,545.5089789299116,-0.11868871545755155,0.890821607710754,29768.46832974336,29767.527918928285,-0.9404108150738466,42.08882642766263,42.088826427662624,-7.105427357601002e-15,7.788636559664164,7.788632119143228,-4.440520935844461e-06,2971.0,2971.0,0.0,801.3338028984633,801.3043913296633,-0.02941156880001472
9.424032291855417,82,2,0.7788552898438716,15293.623841991415,15293.083329180077,-0.540512811337976,33.72749308390276,33.72757832729118,8.52433884190873e-05,7.240818277777953,7.24074707144759,-7.12063303627275e-05,1712.0,1711.0,-1.0,514.5222183109352,514.5145119248174,-0.007706386117774855,0.6907622059277152,29628.178419969576,29627.720234443266,-0.4581855263095349,37.840211223289316,37.84021103588592,-1.8740339413625406e-07,7.785858090338506,7.785861835505194,3.7451666878851597e-06,2970.0,2969.0,-1.0,796.9491302999993,796.8880460801266,-0.061084219872668655
9.424032291855417,82,3,0.4767612833583184,15738.149439983854,15737.11590148617,-1.033538497684276,29.63682726915053,29.63682726915053,0.0,7.247990047396153,7.248014832193459,2.478479730605443e-05,1715.0,1715.0,0.0,523.9415738764337,523.9103257078166,-0.031248168617139527,0.9511788988259324,29175.01266843959,29173.9515874665,-1.0610809730897017,41.8639787298985,41.8639787298985,0.0,7.771926996090876,7.771912496618309,-1.4499472567486293e-05,2931.0,2931.0,0.0,796.1410253010055,796.1808137752104,0.039788474204897284
9.424032291855417,82,4,0.5154482397425929,15895.838223987765,15895.628078691418,-0.2101452963470365,31.250746397387893,31.250746397387893,0.0,7.264809157278163,7.264739689771328,-6.946750683489711e-05,1733.0,1732.0,-1.0,524.2177582287251,524.3370759003494,0.11931767162434426,0.6045000043940487,28805.757705678734,28805.977105818703,0.21940013996936614,39.2145671636781,39.2145671636781,0.0,7.77027742223687,7.770266984835613,-1.043740125616921e-05,2907.0,2907.0,0.0,781.5390974305081,781.5753858106806,0.03628838017243652
9.424032291855417,82,5,0.8436302939426612,15557.487151957797,15556.05561922204,-1.4315327357580827,34.305763211425216,34.305602058202865,-0.00016115322235066287,7.246043162203529,7.245923628848522,-0.00011953335500702877,1703.0,1702.0,-1.0,524.4146731651048,524.4596330012165,0.0449598361117296,0.7787656353686252,29199.18108746414,29197.966813221046,-1.214274243095133,37.48674726464041,37.48674870587036,1.4412299549348973e-06,7.7791930209114355,7.77920499054698,1.1969635544062385e-05,2960.0,2960.0,0.0,793.3285509339762,793.2756488554123,-0.052902078563874966
9.424032291855417,82,6,0.558985071296092,15898.047866498891,15898.157874840523,0.11000834163132822,36.89935581152271,36.89935581152757,4.860112312599085e-12,7.258910324271744,7.258872238057994,-3.80862137498994e-05,1746.0,1746.0,0.0,534.3524247197017,534.4015862889206,0.049161569218881596,0.9512125189952167,29965.653745495038,29965.537412179532,-0.11633331550547155,40.03878117033922,40.03878117033928,5.684341886080802e-14,7.791768919464823,7.791769780064023,8.605991999033336e-07,3008.0,3008.0,0.0,817.7127762915112,817.7110748850686,-0.001701406442634834
9.424032291855417,82,7,0.5425332098362838,15627.405039905196,15628.180789887894,0.7757499826984713,35.105804847833234,35.10580484049863,-7.3346058115930646e-09,7.234501857805803,7.234493498506481,-8.35929932208046e-06,1704.0,1704.0,0.0,537.1679461447005,537.1839353222745,0.01598917757394247,0.7482300869520249,29696.221763311572,29696.918012129732,0.6962488181598019,36.43024333149417,36.43024992104129,6.589547119517647e-06,7.783631913589207,7.78360004015796,-3.187343124633202e-05,2961.0,2961.0,0.0,805.0682619612809,805.1357397480235,0.06747778674264282
9.424032291855417,82,8,0.6256265408079407,16321.522169672333,16323.205759748096,1.6835900757632771,34.39048404925991,34.3905059278583,2.1878598388980208e-05,7.252415334083169,7.2524096897516515,-5.644331517729029e-06,1744.0,1744.0,0.0,559.7433013508706,559.8457504547432,0.10244910387257278,0.9511952639277651,29368.609543539278,29370.366793030866,1.7572494915875723,37.8617100173598,37.8617100173598,0.0,7.7958555510643475,7.795899799408346,4.424834399863187e-05,3008.0,3009.0,1.0,786.1275625234983,786.0819404954362,-0.04562202806209825
9.424032291855417,82,9,0.6436554348201944,16622.24440045863,16620.739035595125,-1.505364863503928,32.21012228346135,32.21012228346135,0.0,7.259233625201665,7.259246257920902,1.2632719236904677e-05,1733.0,1733.0,0.0,560.3123326934386,560.2314792647053,-0.08085342873334866,0.69076930638945,29378.96188399106,29377.3137251644,-1.648158826661529,36.713129637727235,36.713128963703156,-6.740240792169061e-07,7.7881643617964595,7.788113132005342,-5.1229791117712864e-05,2968.0,2967.0,-1.0,783.8497193805555,783.8421103435168,-0.00760903703871918
9.424032291855417,82,10,0.599988790238249,15889.846579612375,15890.023752369443,0.17717275706854707,31.376980221736073,31.376980221736073,0.0,7.264660580285398,7.264669074264964,8.493979566814858e-06,1733.0,1733.0,0.0,524.0901060682381,524.0935332673232,0.0034271990850811562,0.7788657368006413,29491.66279183707,29491.066336851003,-0.5964549860655097,43.23611042018238,43.23611042018238,0.0,7.791414473628492,7.791380068648694,-3.4404979797564295e-05,2977.0,2977.0,0.0,790.8833769538438,790.9274068462569,0.04402989241305022
9.424032291855417,82,11,0.5286780233503401,15793.02564985264,15792.65065547524,-0.37499437740007124,34.394602178852466,34.394602178847606,-4.860112312599085e-12,7.2486606234679725,7.248669476217286,8.852749313170705e-06,1717.0,1717.0,0.0,532.7651427578598,532.7342339878612,-0.030908769998632124,0.6264535800692332,29605.15797968085,29604.71206786311,-0.4459118177401251,42.4645159202784,42.609153952212196,0.14463803193379476,7.793799247253295,7.793798322317501,-9.24935793733539e-07,2985.0,2986.0,1.0,798.1657757960425,798.13016239641,-0.035613399632438814
9.424032291855417,82,12,0.6907329455840723,15626.976634726081,15627.765915324597,0.7892805985156883,33.23323230653718,33.233232275210526,-3.132665682414881e-08,7.254922523552346,7.254847230006433,-7.529354591273574e-05,1720.0,1720.0,0.0,519.2957796561233,519.3423196291501,0.046539973026824555,0.9139257977067834,29842.889065437656,29843.048531992492,0.15946655483639915,45.21695857947255,45.21695857951066,3.810640691881417e-11,7.788114052733358,7.788068688456747,-4.5364276611614684e-05,2976.0,2976.0,0.0,815.8828176679564,815.9180750859111,0.035257417954767334
9.424032291855417,82,13,0.42197310406907473,16069.330960407091,16070.902927811774,1.5719674046831642,33.13863129484528,33.13863129484528,0.0,7.261398169823921,7.261346325150422,-5.1844673499168437e-05,1739.0,1738.0,-1.0,535.464477716986,535.5757599571241,0.11128224013805266,0.878107786266335,29122.43934433011,29123.754704783776,1.315360453667381,36.36683446482695,36.36683446482695,0.0,7.78818290454346,7.788149685714927,-3.321882853235536e-05,2958.0,2958.0,0.0,779.7756689778917,779.9023411451518,0.1266721672601534
9.424032291855417,82,14,0.4437858671215821,16003.010809414875,16003.28977265228,0.2789632374060602,34.91909773165102,34.91909787803427,1.4638325041005373e-07,7.26891318296673,7.268891043092912,-2.2139873817828004e-05,1765.0,1765.0,0.0,537.8714608174646,537.9202446063596,0.04878378889497981,0.9139225672841215,29450.359683376286,29450.9328620746,0.5731786983124039,36.101758095080015,36.101758095080015,0.0,7.781046540149145,7.781042571704384,-3.968444761248691e-06,2947.0,2947.0,0.0,799.6166143213205,799.6685826925786,0.05196837125811271
9.424032291855417,82,15,0.46594161019220537,16080.790949389135,16080.419727962799,-0.3712214263359783,34.80066112408416,34.80066112408416,0.0,7.249287631052328,7.249296202790544,8.571738215223945e-06,1729.0,1729.0,0.0,551.178511364686,551.149237859247,-0.02927350543893681,0.691634560279964,29898.51661740961,29897.729119928008,-0.7874974816004396,35.235608507849285,35.235608507849285,0.0,7.798672140576909,7.798646583987038,-2.555658987102305e-05,3011.0,3011.0,0.0,795.2624412390236,795.2315856684228,-0.03085557060080646
9.850536776331317,83,0,0.47448935877362086,16959.85777650811,16960.154511931163,0.29673542305317824,32.820561637129714,32.82056163732239,1.9267787365606637e-10,7.246826492866914,7.246844474804907,1.7981937992850305e-05,1707.0,1707.0,0.0,584.2937991838492,584.2880368915917,-0.005762292257486479,0.8981981602635775,30745.611114671683,30745.015020448216,-0.5960942234669346,42.469920623751776,42.469920623751776,0.0,7.775722081279289,7.775724385130334,2.3038510450490435e-06,2942.0,2942.0,0.0,853.8557726560018,853.786040462757,-0.06973219324481761
9.850536776331317,83,1,0.5434361361428655,15987.851670412554,15987.09111533156,-0.7605550809948909,36.39839472807438,36.39839472807436,-2.1316282072803006e-14,7.238600318386341,7.238562037337031,-3.82810493100294e-05,1709.0,1709.0,0.0,556.8483246085679,556.7592704025598,-0.08905420600808611,0.4526023853557455,31022.450688400306,31021.973740064062,-0.4769483362433675,42.121075764487614,42.121075764487614,0.0,7.776389116822471,7.7764190562636415,2.9939441170689918e-05,2936.0,2936.0,0.0,860.0849209156257,859.9449226581377,-0.1399982574880596
9.850536776331317,83,2,0.6004421648569563,16225.707579495347,16223.961889104095,-1.7456903912516282,35.59920740294339,35.59920740294339,0.0,7.260811799272568,7.260767066616484,-4.473265608329058e-05,1732.0,1732.0,0.0,542.9986516262668,542.9509725081714,-0.04767911809540237,0.8780993573642562,30579.052845408252,30578.306610538304,-0.7462348699482391,46.08439841927959,46.08439841927959,0.0,7.783177020927914,7.783225564938884,4.854401097009742e-05,2974.0,2975.0,1.0,846.5819608483661,846.4701223266712,-0.11183852169483544
9.850536776331317,83,3,0.5129480682395584,16560.24690370258,16560.79304506953,0.5461413669509056,34.122512970947234,34.12266961805175,0.0001566471045180151,7.247073318118565,7.247033729406944,-3.958871162090816e-05,1720.0,1720.0,0.0,578.7364709628572,578.7674018366185,0.030930873761349176,0.6596765042241293,30770.217196891834,30770.758951244086,0.5417543522526103,38.413669696340655,38.413669696340655,0.0,7.775352374187899,7.775345054623085,-7.3195648138124625e-06,2949.0,2947.0,-2.0,856.5601090601768,856.6091503958118,0.049041335634910865
9.850536776331317,83,4,0.8437045381852057,16317.73118334617,16316.419677237449,-1.3115061087210051,33.35358319551629,33.35358319551629,0.0,7.259676312780514,7.259764468224529,8.815544401485909e-05,1742.0,1742.0,0.0,554.9190732584225,554.7891223557406,-0.12995090268191234,0.8164329873075092,30886.88883715052,30886.255813642863,-0.6330235076566169,40.712514731845374,40.712514731844976,-3.979039320256561e-13,7.780148006103348,7.780166757086935,1.875098358716798e-05,2945.0,2946.0,1.0,852.822878244174,852.7605092742244,-0.062368969949602615
9.850536776331317,83,5,0.5685113922726138,16345.813531293767,16345.508894680375,-0.304636613391267,35.31343906714961,35.3134364410215,-2.6261281078632237e-06,7.25368598398237,7.253692323113354,6.339130983690211e-06,1735.0,1735.0,0.0,560.367663698408,560.3322605318405,-0.03540316656756204,0.3905750189513786,31150.313033111965,31151.245400515363,0.9323674033985299,41.1087160612122,41.1087160612122,0.0,7.787400675414986,7.787452024275201,5.1348860214517345e-05,2974.0,2975.0,1.0,853.036863082252,852.9955688731717,-0.04129420908031989
9.850536776331317,83,6,0.5701679419459478,16349.116150958287,16349.44686545038,0.3307144920927385,34.75364956352108,34.753649563519616,-1.4637180356658064e-12,7.261615085340866,7.261721824910383,0.00010673956951734453,1728.0,1728.0,0.0,550.4241267298617,550.3746894489981,-0.049437280863571686,0.8423104467824654,31167.12492796683,31168.22288936638,1.0979613995514228,41.56949371485531,41.56949371485531,0.0,7.804470562856747,7.804482189621005,1.1626764258032551e-05,2999.0,3000.0,1.0,842.8316375303757,842.8619774073475,0.03033987697176599
9.850536776331317,83,7,0.5434860998140286,16357.039106610688,16356.215571323475,-0.8235352872125077,34.92018599440664,34.920217353696685,3.135929004827176e-05,7.2441554800212025,7.244166021739905,1.0541718702405944e-05,1722.0,1722.0,0.0,565.3707307020802,565.350685846596,-0.02004485548422963,0.5648063481641635,31331.81878561419,31331.18922068104,-0.6295649331477762,36.433991495425396,36.433991495425396,0.0,7.783738542599813,7.783780786646563,4.224404675046145e-05,2950.0,2950.0,0.0,864.6972214534995,864.5923909565663,-0.1048304969332321
9.850536776331317,83,8,0.5985931857568527,16554.46045971058,16554.36023919545,-0.10022051513078623,32.92431367051178,32.92431367051169,-9.237055564881302e-14,7.248482774343502,7.248526706362805,4.39320193024173e-05,1738.0,1738.0,0.0,575.1282302482218,575.102644048074,-0.025586200147813543,0.6346062182790444,31238.521205747817,31238.540008899923,0.01880315210655681,41.08324191780866,41.083241913343905,-4.46475212356745e-09,7.7907168033356395,7.790731982129638,1.5178793998593676e-05,2974.0,2974.0,0.0,858.5307174994424,858.4804985178332,-0.05021898160919136
9.850536776331317,83,9,0.8740568296972508,16409.007800996587,16408.266273204128,-0.7415277924592374,36.04441207448076,36.04441207450815,2.7391422463551862e-11,7.222870492134159,7.222782848722041,-8.764341211797699e-05,1679.0,1679.0,0.0,577.5501317791241,577.5913212261518,0.04118944702770477,0.5308564521785533,31381.381070051713,31380.691614739884,-0.6894553118290787,39.98804944220517,39.98804944928969,7.08452319031494e-09,7.788897353886174,7.788920557063129,2.3203176954922355e-05,2989.0,2989.0,0.0,869.9677304856081,869.9567002148076,-0.01103027080046104
9.850536776331317,83,10,0.5901415459185215,16789.773955486413,16789.3615237521,-0.412431734312122,34.009410640469405,34.009410640474464,5.059064278611913e-12,7.24218012259649,7.242126723619553,-5.339897693712459e-05,1701.0,1701.0,0.0,584.9489008053273,584.8598288673429,-0.08907193798438584,0.6636864130228142,30848.08993667344,30846.85933513924,-1.2306015342001047,44.66063968590442,44.66063968590442,0.0,7.790263156922228,7.7903059445402905,4.278761806286724e-05,2977.0,2977.0,0.0,841.324898174782,841.2095939845138,-0.11530419026814798
9.850536776331317,83,11,0.5412081421025836,16401.084776402018,16401.556198749007,0.47142234698912944,32.70545128691401,32.70545128691401,0.0,7.236914606838846,7.236878032964263,-3.657387458311234e-05,1705.0,1705.0,0.0,570.9890965572357,571.057318604815,0.0682220475792974,0.7560760991393758,30794.236525287954,30795.246981318312,1.0104560303589096,39.80817956893705,39.80817956893705,0.0,7.784148951735933,7.784158822808003,9.871072069955744e-06,2956.0,2957.0,1.0,846.3438017105494,846.4016201328953,0.0578184223459175
9.850536776331317,83,12,0.45913944927690853,16188.77955978676,16188.579220847996,-0.20033893876461661,35.68304302007913,35.68304302007913,0.0,7.246362104247119,7.246489629726495,0.00012752547937644465,1710.0,1710.0,0.0,554.2054592735559,554.1325995549162,-0.07285971863973373,0.6397015383606702,31171.923695023634,31170.862161628815,-1.06153339481898,39.27540772649499,39.27540772649499,0.0,7.791698639646432,7.791710599491348,1.1959844916198392e-05,2971.0,2971.0,0.0,850.8984889877821,850.8075920899676,-0.09089689781455945
9.850536776331317,83,13,0.7487614266597924,16534.76419607836,16533.974942115965,-0.789253962393559,38.37519287354969,38.37519287354969,0.0,7.253642170544753,7.253629642040774,-1.2528503978259664e-05,1729.0,1729.0,0.0,569.1147491392928,569.0314874037729,-0.08326173551995453,0.7970485362695422,30698.629433201128,30698.15377345812,-0.4756597430059628,39.308688589411084,39.308688589411084,0.0,7.791086495678372,7.791068580307236,-1.7915371135934777e-05,2991.0,2991.0,0.0,841.8522838248844,841.8028996151735,-0.049384209710865434
9.850536776331317,83,14,0.6636332573036237,16730.140828852018,16729.95523916185,-0.18558969016885385,36.621691291595354,36.621691291595354,0.0,7.238089861944629,7.238064817711951,-2.5044232677906564e-05,1710.0,1711.0,1.0,585.4990991850111,585.4527638490312,-0.0463353359799612,0.46873297503073436,31007.56732387791,31008.31562205104,0.7482981731300242,37.516111006437995,37.516111006437995,0.0,7.783657688256351,7.7836549308531175,-2.7574032337440713e-06,2949.0,2949.0,0.0,850.2774258709674,850.2695480381149,-0.007877832852500433
9.850536776331317,83,15,0.8157735471116869,16403.803385070063,16403.439268161248,-0.3641169088150491,33.780704854696936,33.780704854696936,0.0,7.238571535806046,7.238550912103827,-2.0623702218891538e-05,1700.0,1700.0,0.0,568.8345096965494,568.7945041827364,-0.04000551381295736,0.9511943430609756,31328.395180892825,31327.861932314263,-0.533248578562052,37.891228487873725,37.891228487873725,0.0,7.804739538398743,7.804729937176077,-9.601222665800435e-06,3022.0,3022.0,0.0,848.1422323902569,848.1783471262511,0.03611473599414694
10.29634362200936,84,0,0.7483594336616113,17455.894112322356,17457.189973913075,1.2958615907191415,36.17558709684511,36.175586474642465,-6.22202648514758e-07,7.23801543506082,7.23799686780743,-1.8567253389889515e-05,1708.0,1708.0,0.0,625.3217033841645,625.3529245518528,0.031221167688272544,0.7788322235765464,33154.084649236764,33154.04545311523,-0.039196121535496786,39.8597960906775,39.8597960906775,0.0,7.808082855649225,7.808041565374674,-4.12902745505761e-05,3019.0,3019.0,0.0,922.5967980865234,922.6885052783396,0.09170719181611275
10.29634362200936,84,1,0.5404634166735549,17791.657856900078,17790.015273113793,-1.6425837862843764,35.732639832335174,35.732639832335174,0.0,7.265674744520713,7.265747958321832,7.321380111857678e-05,1745.0,1745.0,0.0,622.1652622019828,622.0472480853267,-0.11801411665612704,0.4654146438993213,31985.780148032063,31984.52431403431,-1.2558339977549622,42.51118850641241,42.51118850641241,0.0,7.774254070354045,7.774265115039608,1.104468556256677e-05,2947.0,2947.0,0.0,911.0607296472225,911.0362265233891,-0.0245031238333695
10.29634362200936,84,2,0.5064984273532094,17506.214732102533,17506.202810040228,-0.011922062305529835,37.37310846695389,37.37310846695389,0.0,7.266615361246899,7.2666175715902765,2.2103433776621273e-06,1756.0,1756.0,0.0,613.6080552794926,613.6347939403818,0.02673866088912291,0.5221192307072586,32441.50232595388,32441.05687870314,-0.44544725073865266,43.64555536980926,43.64570377403314,0.00014840422387862873,7.785820187330893,7.7858190997251935,-1.0876056997233263e-06,2979.0,2979.0,0.0,919.4389536926706,919.4353570432851,-0.0035966493854857617
10.29634362200936,84,3,0.48394059719446336,17253.256504204117,17251.70042275775,-1.556081446367898,33.1955077301272,33.1955077301272,0.0,7.254134517736794,7.254110324673093,-2.4193063701716255e-05,1729.0,1729.0,0.0,598.9354524951433,598.9052914338097,-0.03016106133361518,0.9900316557740192,31324.336344793865,31323.20255214106,-1.1337926528030948,44.700673004847694,44.700673004847694,0.0,7.765880147106905,7.76588890231676,8.75520985488265e-06,2922.0,2922.0,0.0,888.986734961695,888.8529044785304,-0.13383048316461554
10.29634362200936,84,4,0.8436586545614354,17178.8179983083,17179.050152777432,0.2321544691330928,37.757800234778784,37.757800234778784,0.0,7.264724332738184,7.264608838190199,-0.00011549454798487346,1759.0,1759.0,0.0,597.7141667096444,597.890660973789,0.17649426414459413,0.4609443822238638,31821.689735942506,31822.398598224994,0.7088622824885533,46.2342088316394,46.234204049566294,-4.7820731055026044e-06,7.77717276885513,7.777172943105417,1.742502870882845e-07,2945.0,2945.0,0.0,904.0183550951369,904.0764299368864,0.05807484174943056
10.29634362200936,84,5,0.8444837466643313,17560.5332343504,17561.08551378582,0.5522794354183134,42.43526851099367,42.4352685121136,1.1199290383956395e-09,7.245593333171394,7.245575638650086,-1.7694521307731748e-05,1699.0,1699.0,0.0,622.4242035294769,622.5133702599634,0.08916673048645407,0.45227941049951914,32398.744556811256,32399.539373883505,0.7948170722484065,36.1364423831404,36.1364423831404,0.0,7.798593428748062,7.798594122476159,6.937280963015269e-07,3006.0,3006.0,0.0,893.4792220800856,893.4879639265769,0.00874184649126164
10.29634362200936,84,6,0.6907715384132985,17433.91422374698,17434.422478717803,0.5082549708240549,33.60591471225924,33.50788883971774,-0.09802587254150552,7.263327368799251,7.263424800881229,9.743208197843245e-05,1733.0,1733.0,0.0,601.309821896063,601.3149113795538,0.00508948349079219,0.951241945183682,32241.461196176246,32241.79933101952,0.33813484327401966,41.6231644803441,41.6231644803441,0.0,7.795446626449847,7.795431258892822,-1.536755702513659e-05,2996.0,2997.0,1.0,900.7469041019573,900.8170335844341,0.07012948247677286
10.29634362200936,84,7,0.5927025087909465,17260.8493763212,17259.607238288918,-1.2421380322812183,39.136959328265995,39.136959328265995,0.0,7.247785869878145,7.247745565524428,-4.030435371671359e-05,1743.0,1743.0,0.0,613.2962218361236,613.3049382029341,0.008716366810517684,0.7585695583105556,32988.23588453863,32986.652869699195,-1.5830148394379648,41.278058808650044,41.278058808650044,0.0,7.806210550045668,7.806199839230658,-1.0710815010028796e-05,3024.0,3024.0,0.0,918.7023288177984,918.6251491822828,-0.07717963551556295
10.29634362200936,84,8,0.6907667575892358,17071.83274637357,17072.87657706897,1.0438306954019936,34.50600757174091,34.50600757174091,0.0,7.242368032340719,7.24239056165545,2.2529314730235228e-05,1693.0,1695.0,2.0,591.5907791571351,591.6439695850715,0.053190427936442575,0.8071336445729984,32127.417700191218,32127.56454386427,0.14684367305380874,42.52497966908398,42.52497966908398,0.0,7.785412883980726,7.785407105687428,-5.778293298064341e-06,2976.0,2978.0,2.0,910.3392638385063,910.3705875294293,0.031323690922931746
10.29634362200936,84,9,0.5422577541191367,17153.775812698113,17154.461919118447,0.6861064203330898,36.07447898678414,36.07447898679789,1.3749001936957939e-11,7.248784375526315,7.2487734447599745,-1.0930766340067066e-05,1711.0,1711.0,0.0,601.0406205548394,601.0501434308834,0.00952287604400226,0.4897792518692794,31994.52547644142,31994.913372985604,0.3878965441836044,39.52644543950026,39.52644543950026,0.0,7.785604179128589,7.785579238136027,-2.494099256189486e-05,2972.0,2973.0,1.0,906.4995215372816,906.5638846654338,0.0643631281521948
10.29634362200936,84,10,0.48606257283491816,16973.37995316576,16972.68386652997,-0.6960866357912892,35.51012485027971,35.51012485027971,0.0,7.233108963818401,7.233106096262709,-2.8675556915658262e-06,1691.0,1690.0,-1.0,599.0265257593127,598.9392167163606,-0.0873090429520289,0.778825208760021,32357.90769831399,32357.042400809805,-0.8652975041841273,44.461840884489526,44.461840884489526,0.0,7.791441028550398,7.791462819869956,2.1791319557706856e-05,2991.0,2992.0,1.0,910.2006251795734,910.1279692983185,-0.0726558812549456
10.29634362200936,84,11,0.4819031462253022,16701.353379494678,16702.258321468285,0.9049419736074924,36.102008105103785,36.102008105103785,0.0,7.232334388524112,7.232280577391521,-5.381113259161907e-05,1680.0,1679.0,-1.0,589.3292193071941,589.4082317675964,0.07901246040228216,0.699286982400442,32356.88711398409,32357.065798344287,0.17868436019853107,42.85819892057202,42.85819892057202,0.0,7.7915921402541155,7.791521563791115,-7.057646300090425e-05,2993.0,2993.0,0.0,909.8232944172087,909.929370764232,0.10607634702330415
10.29634362200936,84,12,0.590561037797976,17085.426352763294,17087.368152769242,1.9418000059486076,38.96987086788294,38.96987086790265,1.971045548998518e-11,7.25091382479056,7.250815270687068,-9.855410349235427e-05,1719.0,1719.0,0.0,595.9201212549597,596.1424125663418,0.22229131138215052,0.6562713535235052,32491.451124851003,32494.569491566002,3.1183667149998655,43.02949169702702,43.02949169702702,0.0,7.790764335663406,7.7907568742526605,-7.461410745257524e-06,2972.0,2972.0,0.0,910.594865507832,910.7568511387874,0.16198563095542795
10.29634362200936,84,13,0.7758436594886922,16858.410369012818,16858.413932899184,0.0035638863664644305,30.951221714821298,30.951221714821298,0.0,7.238953643804287,7.238874036412222,-7.960739206502865e-05,1688.0,1688.0,0.0,587.3388789292228,587.3904296257588,0.05155069653596911,0.41387778788184837,33174.76856549221,33173.935387715086,-0.8331777771236375,47.040960554214706,47.011655645399344,-0.029304908815362296,7.807472214569977,7.807437655140721,-3.455942925523203e-05,3047.0,3046.0,-1.0,934.605256798521,934.6177673105809,0.012510512059861867
10.29634362200936,84,14,0.549129019654947,17115.540104516564,17114.44720241834,-1.0929020982221118,37.931631146781164,37.93163114678115,-1.4210854715202004e-14,7.235009264067324,7.235005984906152,-3.2791611719318325e-06,1705.0,1705.0,0.0,617.7603762995653,617.7876887391276,0.02731243956225171,0.5123714910749868,32044.156589229373,32042.96304231902,-1.1935469103518699,40.83053263521684,40.830532635216656,-1.8474111129762605e-13,7.778984628106624,7.779005538066026,2.090995940218221e-05,2934.0,2934.0,0.0,904.8900682898649,904.729620867189,-0.1604474226758157
10.29634362200936,84,15,0.6266509773790747,17120.36484991827,17120.449936372042,0.0850864537715097,37.234724794884684,37.23472482128209,2.639740870336027e-08,7.262967745108052,7.262932860073649,-3.4885034403409065e-05,1749.0,1749.0,0.0,596.0928277065253,596.1074543200289,0.014626613503537556,0.8436542988588789,32315.330162018476,32315.542921926146,0.21275990767026087,44.46164201883243,44.46164057758277,-1.4412496582849599e-06,7.793015282915999,7.793011020862952,-4.262053046488745e-06,2997.0,2997.0,0.0,912.0362782236605,912.0815293244422,0.04525110078168382
10.76232639801142,85,0,0.7482709565034147,18351.35090697773,18352.56834410176,1.2174371240325854,37.10578486862121,37.10578595789427,1.0892730628597747e-06,7.278108026690765,7.278070720050767,-3.730663999768069e-05,1761.0,1761.0,0.0,646.5616041136849,646.6429572491802,0.08135313549530565,0.6792310447405789,32422.7408727652,32423.420187391905,0.6793146267045813,48.03169771533391,48.03169771533391,0.0,7.767725766094861,7.767670551130322,-5.521496453919639e-05,2926.0,2926.0,0.0,940.7772261314909,940.870723621984,0.0934974904930641
10.76232639801142,85,1,0.911869977233779,18352.026445084506,18350.81273603686,-1.2137090476462618,37.38963586117725,37.389631263686994,-4.597490253388514e-06,7.250851053409866,7.250853687261179,2.6338513130497176e-06,1708.0,1708.0,0.0,658.9592551734172,658.9000031141697,-0.05925205924745569,0.6955054884830758,33013.97709203749,33013.318892127805,-0.6581999096815707,41.3348389060052,41.33483890600516,-4.263256414560601e-14,7.779720172074504,7.779745411270385,2.5239195880821796e-05,2943.0,2943.0,0.0,943.933522502973,943.8568966930609,-0.07662580991211598
10.76232639801142,85,2,0.597882535908017,17484.895887026338,17484.330731539412,-0.5651554869255051,34.99565718862828,34.99575330028034,9.611165206280248e-05,7.258024334676723,7.257989876841371,-3.445783535127589e-05,1733.0,1733.0,0.0,610.1051213429473,610.1100494791843,0.004928136237026592,0.5697663079651507,33140.88856045462,33141.19630241299,0.30774195836420404,42.6160574142465,42.6160574142465,0.0,7.783485729140212,7.783506966216801,2.1237076588853654e-05,2967.0,2967.0,0.0,957.7944005425866,957.8375648093269,0.04316426674029117
10.76232639801142,85,3,0.7105155813592691,18284.357578859504,18284.93199830402,0.5744194445142057,38.604184601309655,38.604184601309655,0.0,7.2586740143725,7.258654176237393,-1.983813510708643e-05,1719.0,1720.0,1.0,647.9660451624112,647.9830029144482,0.016957752037001228,0.7822797097579403,33410.242926312014,33411.17976349096,0.936837178946007,41.1490706537394,41.149070653737525,-1.8758328224066645e-12,7.7653195434213895,7.765347292374015,2.774895262547261e-05,2894.0,2894.0,0.0,970.0020578823749,970.0320473164662,0.029989434091362455
10.76232639801142,85,4,0.9900345898657388,17580.895164154463,17579.754772341337,-1.1403918131254613,41.65896942699246,41.65896942699246,0.0,7.246092049326074,7.246145300548644,5.3251222570160905e-05,1704.0,1704.0,0.0,627.7125863204602,627.5654605065534,-0.1471258139067686,0.637716740886919,33993.86632384885,33993.596752650745,-0.2695711981068598,49.03336929551236,49.03336929543557,-7.678835345359403e-11,7.771015892139254,7.77098941784406,-2.6474295194311992e-05,2919.0,2919.0,0.0,1000.5407239268384,1000.5430075565076,0.002283629669250331
10.76232639801142,85,5,0.6118186770364487,17955.56213386918,17955.408669088363,-0.15346478081846726,37.76449551169885,37.76449551169399,-4.860112312599085e-12,7.2427810844690965,7.242786245313518,5.16084442114817e-06,1706.0,1705.0,-1.0,642.7871080932752,642.7697173489737,-0.017390744301451377,0.6376589208787595,32941.263756940214,32940.19054847491,-1.0732084653063794,46.45496707829122,46.45496707829122,0.0,7.755486336953345,7.755418487428795,-6.784952454985671e-05,2897.0,2897.0,0.0,970.0045017448639,970.1171097928026,0.11260804793869283
10.76232639801142,85,6,0.7916855772952649,17983.93587142007,17983.841549790137,-0.09432162993471138,39.14448978374894,39.14487953571719,0.00038975196824964087,7.235961108930223,7.235966922540184,5.813609961435873e-06,1709.0,1709.0,0.0,654.7008749484337,654.735596144508,0.03472119607431523,0.5038670458067771,33329.78775942153,33330.37929774502,0.5915383234896581,44.63761881835392,44.63761881835338,-5.400124791776761e-13,7.786284037673789,7.786282590175656,-1.4474981329115622e-06,2970.0,2971.0,1.0,954.4551704570612,954.4794392359851,0.024268778923897116
10.76232639801142,85,7,0.4761862800916101,17830.810797103622,17830.267895006364,-0.542902097258775,38.60626791983461,38.606267919834615,7.105427357601002e-15,7.229995649709524,7.229978503321858,-1.7146387666144847e-05,1693.0,1693.0,0.0,651.1177991487785,651.0515647126646,-0.06623443611397306,0.4714669637963477,33683.321558811665,33682.65606444241,-0.6654943692556117,44.309486738905136,44.3094867389045,-6.323830348264892e-13,7.788192258541004,7.788146814929436,-4.544361156799681e-05,2993.0,2993.0,0.0,970.5637118659733,970.5821739363028,0.018462070329405833
10.76232639801142,85,8,0.5737794813425938,17721.169245624995,17721.75921383622,0.5899682112249138,37.742864831900086,37.742864831900086,0.0,7.245489078015481,7.245444265529747,-4.4812485734624374e-05,1709.0,1709.0,0.0,633.8591906198103,633.908083347241,0.0488927274307116,0.6507114189248445,33849.1589896495,33849.39369402585,0.2347043763511465,48.05042826226506,48.05042826226683,1.7692514120426495e-12,7.785439383962513,7.785460890286485,2.1506323972353414e-05,2960.0,2960.0,0.0,979.721550140228,979.6628714482039,-0.05867869202415932
10.76232639801142,85,9,0.8113111299504083,18584.89398529019,18584.944698208656,0.05071291846616077,38.70686463122324,38.70686463122324,0.0,7.2586481753861785,7.258578893789591,-6.928159658770028e-05,1748.0,1747.0,-1.0,672.468599820455,672.5176983625223,0.04909854206732689,0.663584610406567,32707.66930058477,32708.11887910963,0.44957852485822514,40.53280549645564,40.9036169046529,0.37081140819726244,7.764481065511034,7.764490359332841,9.293821807254687e-06,2910.0,2909.0,-1.0,949.0938017631289,949.0865272030153,-0.007274560113614825
10.76232639801142,85,10,0.45309668654392704,17729.37470734036,17728.969172994075,-0.4055343462860037,37.9205708540609,37.9205708540609,0.0,7.252069889651021,7.2520466952849585,-2.319436606246228e-05,1733.0,1732.0,-1.0,632.7136890781696,632.6651430628732,-0.04854601529643787,0.48753445087364666,34196.06109257827,34196.634960090545,0.5738675122775021,50.616307980223986,50.616307980223986,0.0,7.792374353569018,7.7923965441225995,2.2190553581324934e-05,2985.0,2985.0,0.0,987.8706877060831,987.878093830723,0.007406124639828704
10.76232639801142,85,11,0.7788217660734791,18643.80247196975,18642.87951080016,-0.922961169588234,38.48151774127482,38.48151774127482,0.0,7.272306576978995,7.272265801608279,-4.077537071545123e-05,1771.0,1770.0,-1.0,666.0852775060639,666.0651821320904,-0.020095373973504138,0.5682548729230711,34110.12702295715,34110.38267590248,0.25565294532862026,47.23081288136773,47.23081288136773,0.0,7.797581745422786,7.797608492225642,2.674680285608133e-05,3010.0,3010.0,0.0,974.5542232241712,974.5692857241733,0.015062500002045454
10.76232639801142,85,12,0.913895979226352,17755.060382060805,17755.846508392926,0.7861263321210572,35.61994327124334,35.61994327124334,0.0,7.251044268097272,7.251032675861551,-1.1592235720669919e-05,1702.0,1702.0,0.0,630.9148699484432,631.1088124699124,0.19394252146923918,0.6636651601071613,33809.55458564604,33810.22623806427,0.6716524182338617,43.21907045097909,43.21907045097909,0.0,7.793438458485739,7.793404530452721,-3.392803301860425e-05,3001.0,3001.0,0.0,972.482146404233,972.596167188506,0.11402078427295237
10.76232639801142,85,13,0.6815769056428294,18250.73080777897,18249.847099341703,-0.8837084372680692,40.196226165643616,40.18198381036891,-0.0142423552747033,7.245681429345549,7.245736172342745,5.4742997196655097e-05,1722.0,1722.0,0.0,663.9695079750765,663.8846359253512,-0.08487204972527707,0.7220347507870533,34048.43388336569,34047.710016178884,-0.7238671868035453,44.18567252679745,44.18567252679745,0.0,7.788983228726014,7.788990263926726,7.035200711769107e-06,2962.0,2963.0,1.0,976.6164464932162,976.5709247953507,-0.0455216978655244
10.76232639801142,85,14,0.6379848698898365,16997.342132503596,16996.458149524187,-0.8839829794087564,39.659604730725405,39.629103858746866,-0.030500871978539124,7.22397697712605,7.224088257074705,0.00011127994865489654,1666.0,1666.0,0.0,609.0812623435289,609.0132954181422,-0.06796692538671323,0.7820137196242966,34420.49250138676,34419.283025368815,-1.2094760179461446,48.9387768323946,48.938776832423834,2.923172814917052e-11,7.79737647425886,7.797371296184139,-5.178074721001735e-06,3029.0,3029.0,0.0,1001.7356167597968,1001.6449748147829,-0.09064194501388556
10.76232639801142,85,15,0.6923518699934872,18172.60343659363,18173.231747815305,0.628311221676995,41.05625325386483,41.05625325443221,5.673754799317976e-10,7.240504004089462,7.240455575149777,-4.842893968515227e-05,1717.0,1717.0,0.0,669.0520483775271,669.1574355251325,0.10538714760548373,0.546921923500254,33707.52845060952,33707.82326621955,0.29481561003194656,42.73151219527229,42.73151219527229,0.0,7.782203859755409,7.782164927762504,-3.893199290505578e-05,2977.0,2977.0,0.0,973.9867612689399,974.077868141837,0.09110687289717134
11.249398208674913,86,0,0.5106469001168791,18606.53535256995,18604.67495651453,-1.8603960554210062,38.74295779397797,38.74295779397797,0.0,7.239238608354741,7.239231016526787,-7.591827953845609e-06,1714.0,1714.0,0.0,690.1641284898932,690.0245670667655,-0.13956142312770226,0.7788156648948852,35297.11079160774,35295.6553122278,-1.4554793799397885,47.51177258031252,47.51177258031252,0.0,7.782882506049791,7.782869230120555,-1.3275929235945227e-05,2968.0,2968.0,0.0,1044.6208331624168,1044.505564358997,-0.11526880341989454
11.249398208674913,86,1,0.597927791620884,18414.494853012126,18414.6640879536,0.16923494147340534,40.04823980956637,40.04823782478144,-1.9847849301868337e-06,7.234550598022332,7.234544600488185,-5.997534146651162e-06,1699.0,1699.0,0.0,683.2724505425897,683.184601001764,-0.08784954082568674,0.8240794824965169,35620.08605626879,35620.444010375875,0.35795410708669806,44.289867474708444,44.289867474708444,0.0,7.786964269542022,7.786969345802612,5.076260590541892e-06,2975.0,2975.0,0.0,1046.8589510821346,1046.8653404370705,0.0063893549358908786
11.249398208674913,86,2,0.5495362315017971,18962.664760338957,18961.817416782927,-0.8473435560299549,40.74014210983265,40.7401421098405,7.851497230149107e-12,7.250400478428968,7.25048833824284,8.785981387138264e-05,1714.0,1714.0,0.0,700.5942370563301,700.4675819741703,-0.12665508215980026,0.9512949888132449,34787.889595948065,34787.66419290195,-0.22540304611175088,46.03696252009057,46.036962510379944,-9.710625192838052e-09,7.774540263128666,7.774590058287292,4.979515862579831e-05,2926.0,2926.0,0.0,1022.5790997790224,1022.4409788291618,-0.1381209498605358
11.249398208674913,86,3,0.631258812482212,18894.085720789128,18893.631053508332,-0.4546672807955474,37.70510856250197,37.716329206311556,0.011220643809586761,7.257174246276792,7.257141871149745,-3.237512704679091e-05,1724.0,1724.0,0.0,691.6747831146251,691.6733650792257,-0.0014180353994106554,0.6403224814603217,34449.616944504756,34449.83761541327,0.22067090851487592,49.24945639488608,49.24945639488608,0.0,7.765316688166308,7.765291431695136,-2.525647117224139e-05,2939.0,2939.0,0.0,1035.9064813800505,1035.9266098011271,0.020128421076606173
11.249398208674913,86,4,0.5746493569319178,18712.27950779909,18711.76536799274,-0.5141398063497036,43.24674301249032,43.236180204303395,-0.010562808186925565,7.257003120584832,7.256967771587732,-3.53489971001153e-05,1730.0,1730.0,0.0,686.9519511433596,686.9034450637147,-0.04850607964488063,0.7788310410961119,36078.40643413138,36078.16938003957,-0.23705409180547576,42.093603859617524,42.02572292220639,-0.06788093741113244,7.79868930345585,7.798705668700523,1.6365244673188784e-05,2972.0,2972.0,0.0,1053.9061102017472,1053.841302174782,-0.06480802696523824
11.249398208674913,86,5,0.5975611075695269,19046.948761531585,19047.399922547353,0.45116101576786605,39.842158631351275,39.842158631351275,0.0,7.269280450081143,7.2692514215966035,-2.902848453967266e-05,1761.0,1761.0,0.0,687.2716517414282,687.3035458961626,0.031894154734459335,0.7484657783127964,35195.33983136144,35195.43548151958,0.09565015813859645,50.39302531208181,50.39302531208181,0.0,7.782536664949225,7.782513210222156,-2.345472706899443e-05,2957.0,2957.0,0.0,1041.2336495519157,1041.3032380537973,0.0695885018815261
11.249398208674913,86,6,0.843623767089703,19089.338241264115,19089.1259732566,-0.21226800751537667,42.14258685002956,42.14256963968625,-1.7210343308704523e-05,7.260653059759025,7.260645599189413,-7.4605696118723586e-06,1733.0,1734.0,1.0,704.1011156553544,704.1298140206964,0.02869836534193837,0.4911819826447366,35754.30149605959,35754.81915482509,0.5176587655005278,47.84047771453972,47.84047771453721,-2.5153212845907547e-12,7.802391780626651,7.802388896128354,-2.8844982971065747e-06,2991.0,2991.0,0.0,1040.0277170329168,1040.0411278497627,0.013410816845862428
11.249398208674913,86,7,0.44389256963127366,18962.659879232866,18962.470238111484,-0.18964112138201017,37.72856869032404,37.72856869032404,0.0,7.2666209558329244,7.2665965860369806,-2.4369795943890438e-05,1744.0,1744.0,0.0,688.7371343272802,688.7522549920146,0.015120664734467937,0.8781040803143163,35102.09467985842,35101.276588608955,-0.8180912494644872,44.32606873474082,44.32606873426952,-4.713029966296745e-10,7.788173206953916,7.788196580145627,2.337319171097363e-05,2952.0,2952.0,0.0,1025.1157373076571,1025.0659315132827,-0.04980579437437882
11.249398208674913,86,8,0.6042732050922908,18739.37516888701,18740.20902343218,0.8338545451697428,38.842594084922546,38.723674422600254,-0.11891966232229123,7.259905924665808,7.259935889966462,2.9965300654133387e-05,1735.0,1735.0,0.0,680.1794686295889,680.2162457778693,0.036777148280407346,0.5870488084338378,35903.19188364252,35903.710584970206,0.5187013276881771,46.88127938047186,46.88127938047734,5.4782844927103724e-12,7.811448752762516,7.8114523096048245,3.556842308682917e-06,3058.0,3056.0,-2.0,1045.873300195808,1045.9023035301548,0.02900333434672575
11.249398208674913,86,9,0.6637030334288705,18806.838706722967,18808.145085909757,1.3063791867898544,44.149768810739786,44.14976881072377,-1.6015633264032658e-11,7.246538416773438,7.246472316722388,-6.610005105045502e-05,1724.0,1724.0,0.0,707.7978586686058,707.9185471845731,0.12068851596723107,0.5491770658072924,35942.731059787795,35944.39020561646,1.6591458286638954,49.027739452157704,49.02773945385277,1.6950636450019374e-09,7.790173805917742,7.790139442347635,-3.436357010677682e-05,2992.0,2992.0,0.0,1065.133510216078,1065.2757349887843,0.14222477270618583
11.249398208674913,86,10,0.5081922164644814,19256.6201742948,19255.527047848103,-1.0931264466962602,38.87164977264888,38.87164977264888,0.0,7.272982084606356,7.273027806208688,4.572160233173861e-05,1758.0,1759.0,1.0,692.5503292589758,692.3900186726968,-0.1603105862790244,0.5382280664714756,35749.95210178353,35748.874265659586,-1.0778361239426886,53.07060279121039,53.07060279121039,0.0,7.780213624570608,7.780214173741993,5.491713848115864e-07,2968.0,2968.0,0.0,1070.2880634894773,1070.193716968591,-0.09434652088634721
11.249398208674913,86,11,0.6672961687893101,18483.17869017552,18482.236636856254,-0.9420533192642324,40.4876806039211,40.4876806039211,0.0,7.230940519075709,7.230927630118112,-1.2888957597212425e-05,1682.0,1682.0,0.0,682.1865485432625,682.1728695386236,-0.01367900463890237,0.878153850761954,34869.410797349774,34869.09034415272,-0.3204531970550306,44.488071001396435,44.488071001396435,0.0,7.783957731654379,7.783928648588925,-2.9083065453683332e-05,2968.0,2968.0,0.0,1024.547725845479,1024.5755196756618,0.027793830182872625
11.249398208674913,86,12,0.5415342512998521,18983.517787187957,18984.08315164611,0.5653644581543631,37.969150977645405,37.969150977609495,-3.5910829865315463e-11,7.241259991077882,7.241261016631222,1.0255533400282957e-06,1713.0,1713.0,0.0,702.2129558479347,702.2576401278402,0.04468427990548207,0.620655753851802,34921.273445581144,34922.452574114846,1.179128533702169,48.27873265162935,48.27873265162935,0.0,7.770107318016747,7.770094418342019,-1.2899674727506749e-05,2946.0,2946.0,0.0,1054.1306314970088,1054.2324375665005,0.10180606949165849
11.249398208674913,86,13,0.7223818243885547,19129.34313048954,19127.999884052402,-1.3432464371362585,37.16206801876559,37.16206801876559,0.0,7.259255057340095,7.25928023925989,2.5181919794725616e-05,1732.0,1732.0,0.0,699.8319375552974,699.6589707375057,-0.1729668177916892,0.6907852024323438,34762.49175113956,34760.68135547424,-1.8103956653212663,42.89015561112415,42.89015561112415,0.0,7.795711753309467,7.795741332441076,2.9579131608947762e-05,3008.0,3008.0,0.0,1015.0394885813957,1014.8683010475909,-0.1711875338048685
11.249398208674913,86,14,0.6119317003894489,18793.28998220209,18793.565487632153,0.27550543006145745,36.46889266172084,36.48174375568136,0.012851093960520643,7.249730501409866,7.249672479516027,-5.8021893838855476e-05,1711.0,1711.0,0.0,678.5860659904764,678.6288181207993,0.04275213032292413,0.7788709975733401,34828.15087145017,34829.79477984796,1.643908397789346,45.431627464359615,45.43162746435961,-7.105427357601002e-15,7.784911454313965,7.78493622912329,2.477480932494558e-05,2984.0,2983.0,-1.0,1027.5904624098139,1027.6011710313699,0.010708621555977516
11.249398208674913,86,15,0.9512407702906222,18473.43109616462,18474.292029969773,0.8609338051537634,40.57484577722286,40.574861664372094,1.588714923173029e-05,7.255665819147778,7.255700495043273,3.467589549543959e-05,1720.0,1720.0,0.0,666.3203819775271,666.4262164334838,0.10583445595671037,0.663605999523143,34874.599190401335,34875.45949886281,0.8603084614733234,50.78536549531511,50.78549201351997,0.0001265182048584279,7.777128719665501,7.77713847768132,9.75801581937219e-06,2964.0,2964.0,0.0,1039.4387418794556,1039.4489526354712,0.010210756015567313
11.758513482802481,87,0,0.8589186528434432,19509.072226776298,19509.395128907832,0.3229021315346472,41.34179398795896,41.34179398795886,-9.947598300641403e-14,7.247858956393951,7.2478797941937465,2.0837799795891954e-05,1713.0,1713.0,0.0,730.9836668784029,730.9760031122266,-0.007663766176278841,0.6375597565915676,37604.09291230139,37605.1617494155,1.0688371141077369,43.75329423521002,43.753292474863706,-1.760346314938488e-06,7.803461835481379,7.803437272496008,-2.4562985371012758e-05,3020.0,3021.0,1.0,1123.266044658392,1123.374992065247,0.10894740685489523
11.758513482802481,87,1,0.505611086297914,19971.26050285997,19970.558910959677,-0.7015919002915325,39.633403255552075,39.633403255552075,0.0,7.258326392179295,7.258336494383446,1.0102204151429817e-05,1739.0,1739.0,0.0,752.3483700978279,752.2406757960077,-0.10769430182017459,0.9512520381246827,36835.783492527335,36835.83006473991,0.04657221257366473,46.77396475686784,46.77396475686784,0.0,7.7971289368837144,7.797144261460733,1.5324577018915875e-05,2981.0,2980.0,-1.0,1094.6851206611973,1094.625459510853,-0.059661150344254565
11.758513482802481,87,2,0.822616574616337,19268.110479094557,19265.56218364229,-2.548295452266757,43.34387048907142,43.34387048907142,0.0,7.221214610449206,7.221152099961947,-6.251048725847141e-05,1686.0,1686.0,0.0,735.9046341859538,735.8452405735909,-0.05939361236289642,0.8436501016008746,36761.506463742066,36758.9592524566,-2.5472112854622537,44.85505318357011,44.85505318357011,0.0,7.763502629568068,7.763510602694117,7.973126049165558e-06,2909.0,2908.0,-1.0,1127.937993425816,1127.756022331778,-0.1819710940380901
11.758513482802481,87,3,0.6133432014508853,19528.405201577232,19527.502729482192,-0.9024720950401388,42.40254123767557,42.40254123767557,0.0,7.239342993570049,7.2393907793729735,4.778580292441603e-05,1725.0,1725.0,0.0,747.1693356532302,746.9192244738099,-0.25011117942028704,0.6255843047561598,36691.6000470852,36690.19077305542,-1.4092740297783166,47.53616066694526,47.53616066694526,0.0,7.79212128489139,7.792099076511753,-2.2208379637511655e-05,2972.0,2973.0,1.0,1092.3273782271415,1092.2178494901075,-0.10952873703399746
11.758513482802481,87,4,0.6636576720806626,19627.58651391795,19627.10219770129,-0.4843162166616821,41.40912821793699,41.40912821793699,0.0,7.245236773289645,7.245161353272705,-7.54200169401642e-05,1726.0,1726.0,0.0,740.8783426425565,740.8443825149627,-0.03396012759378664,0.6694537687985628,36252.38071718282,36251.63346815268,-0.7472490301443031,51.31232238494997,51.31232238494997,0.0,7.77903489322328,7.77906562999657,3.0736773290129804e-05,2942.0,2942.0,0.0,1080.7233646364036,1080.6554469889222,-0.0679176474814085
11.758513482802481,87,5,0.7828542387458096,19476.7621547988,19476.20754086756,-0.554613931239146,42.9058761117528,42.87028184729561,-0.035594264457188274,7.2451613977422165,7.2451867541117565,2.5356369540041612e-05,1714.0,1714.0,0.0,736.4832096035452,736.4031722094713,-0.08003739407388366,0.8436735317697325,35654.44138077232,35654.11869328981,-0.322687482504989,55.01535771148156,55.01536289513735,5.18365578727753e-06,7.765766550969058,7.7657875646025065,2.1013633448419e-05,2915.0,2915.0,0.0,1088.6629529893714,1088.6692479952671,0.0062950058957085275
11.758513482802481,87,6,0.8780989325097592,20422.0676181161,20420.857697017193,-1.2099210989072162,41.10946783423726,41.10946783423726,0.0,7.262227255720987,7.2622271972852115,-5.843577532971267e-08,1745.0,1745.0,0.0,761.8979595404587,761.8640812362595,-0.03387830419922011,0.951276720472948,36823.38872659938,36822.39926565093,-0.9894609484545072,46.378279308358834,46.378279308358834,0.0,7.786676859286736,7.786672277952743,-4.581333993058934e-06,2961.0,2961.0,0.0,1108.129432703707,1108.143450845589,0.014018141882161217
11.758513482802481,87,7,0.6595270950242507,19825.4741724829,19824.5746592241,-0.8995132587988337,42.52594455320968,42.52594455320968,0.0,7.236844390978309,7.236878858183182,3.4467204873323e-05,1710.0,1710.0,0.0,756.3007726776297,756.1419505219886,-0.15882215564101898,0.6383481765356132,36554.55595103673,36553.416370882245,-1.1395801544858841,45.452509452739946,45.452509452739946,0.0,7.787339834937705,7.787318600810238,-2.1234127467018027e-05,2959.0,2960.0,1.0,1083.3942903664217,1083.3114586889008,-0.08283167752097143
11.758513482802481,87,8,0.6858958270919464,19857.993285137727,19857.348926981333,-0.6443581563944463,44.92644966343029,44.92644966343029,0.0,7.25294184795778,7.252885477062421,-5.6370895359592055e-05,1735.0,1735.0,0.0,752.9676743619855,753.0267268934228,0.059052531437373545,0.663598860779422,36607.51715263261,36606.75618387986,-0.7609687527510687,47.182225235878775,47.182225235878775,0.0,7.786264653361603,7.786262298074483,-2.3552871200038794e-06,2988.0,2988.0,0.0,1105.6226550103268,1105.5785825803378,-0.04407242998900074
11.758513482802481,87,9,0.9511727018178493,19552.125938727648,19554.41147832782,2.285539600172342,38.05115920069533,38.05115920069533,0.0,7.247361879869148,7.247339866916429,-2.2012952719308032e-05,1705.0,1705.0,0.0,723.0576709511065,723.2049936167919,0.14732266568535124,0.6376553156628808,36417.88797816918,36419.906288146114,2.018309976934688,47.478870818112554,47.47887081811254,-1.4210854715202004e-14,7.779194464633599,7.779187657311932,-6.80732166635778e-06,2998.0,2998.0,0.0,1111.3274064130862,1111.458489165055,0.13108275196873365
11.758513482802481,87,10,0.5429319993707544,19083.26601776034,19082.744453979016,-0.5215637813234935,41.84987759525137,41.84987759525137,0.0,7.233352305778215,7.233242932775176,-0.00010937300303925923,1711.0,1711.0,0.0,729.5306096045352,729.5792814258073,0.04867182127202341,0.7814045802047151,36443.55501531751,36444.67486423942,1.119848921909579,48.59796707594537,48.597945197322325,-2.187862304481314e-05,7.7744640870777735,7.774451640487178,-1.2446590595516227e-05,2947.0,2947.0,0.0,1102.6109849624906,1102.6364897116491,0.025504749158471895
11.758513482802481,87,11,0.5067311941550545,19450.083998546084,19448.579050443535,-1.5049481025489513,44.25870314281472,44.25870314281472,0.0,7.2444800162641,7.2445532470318454,7.323076774579107e-05,1733.0,1733.0,0.0,733.1442989519951,732.9492650242377,-0.19503392775743578,0.663625246538103,36218.39129477292,36217.738284176005,-0.6530105969141005,52.17650019708718,52.17650019708718,0.0,7.778026527273574,7.778021907576836,-4.619696738039636e-06,2945.0,2944.0,-1.0,1085.9841589152038,1085.9525121679396,-0.031646747264176156
11.758513482802481,87,12,0.7787761494653683,19490.360553870967,19490.285510094807,-0.07504377615987323,43.40836593089034,43.408365930920944,3.0603075629187515e-11,7.227072525174134,7.227072261461558,-2.637125762205983e-07,1683.0,1683.0,0.0,742.305194457369,742.3392674307888,0.03407297341982485,0.9512259747521508,35216.956726954035,35217.06255578152,0.10582882748713018,44.861501643629126,44.861501643629126,0.0,7.769267247864733,7.769295188175907,2.794031117403506e-05,2911.0,2911.0,0.0,1052.0330369503492,1051.9893610709298,-0.043675879419424746
11.758513482802481,87,13,0.6616790544159747,19998.110213654363,19999.196549268345,1.086335613981646,47.72349757701742,47.72349757701226,-5.158540261618327e-12,7.2609293504977845,7.260891521480968,-3.782901681681494e-05,1761.0,1762.0,1.0,764.578626374059,764.7399043220584,0.1612779479993378,0.5837960067524381,37071.295039944285,37072.75681374204,1.461773797753267,48.25713055784567,48.257130557845805,1.3500311979441904e-13,7.79437688253037,7.794371434292405,-5.4482379656661806e-06,2999.0,2999.0,0.0,1121.4546322489525,1121.4565726666526,0.0019404177000978962
11.758513482802481,87,14,0.913982192000691,19471.097416617995,19469.759306652075,-1.3381099659200117,44.591316951687055,44.5961610216993,0.004844070012246959,7.250090541190637,7.2500923258537835,1.7846631461537754e-06,1709.0,1709.0,0.0,725.4854601302692,725.4239595374445,-0.06150059282470011,0.8148443473540052,36090.46567974665,36089.39796672431,-1.067713022341195,44.616345619470955,44.61634561868961,-7.813483193785942e-10,7.771648844819825,7.771644269722335,-4.575097489301072e-06,2923.0,2923.0,0.0,1092.9328056703066,1092.8849153309213,-0.04789033938527609
11.758513482802481,87,15,0.6366260243002844,19507.824131108497,19506.717675313048,-1.10645579544871,41.49471305944654,41.49471305944653,-7.105427357601002e-15,7.254963098993106,7.254962191313554,-9.076795519646907e-07,1736.0,1736.0,0.0,724.2200777565953,724.0675195938293,-0.15255816276601308,0.7483409313295482,36648.82855507495,36647.90178484699,-0.9267702279612422,53.65900721967636,53.659007217725716,-1.9506458670548454e-09,7.794852313736203,7.794841544872604,-1.0768863599075473e-05,3018.0,3018.0,0.0,1099.8773184370827,1099.8688963544778,-0.008422082604965908
12.290669843887937,88,0,0.9512419948910751,20776.82752724912,20777.100003787313,0.27247653819358675,40.73829854714193,40.793874759753415,0.055576212611484266,7.241679107491103,7.241624597113376,-5.4510377726302295e-05,1704.0,1704.0,0.0,809.3122447484587,809.3745233869038,0.06227863844503645,0.7551284894060358,38099.993171481095,38100.182473055145,0.18930157404975034,51.44398470907867,51.44398470907867,0.0,7.79313993529584,7.793149287921036,9.3526251960796e-06,2992.0,2992.0,0.0,1155.109011443493,1155.2007916932923,0.09178024979928523
12.290669843887937,88,1,0.8009302172078568,20480.06821732929,20479.569105654995,-0.49911167429672787,43.65368172448702,43.653681724487214,1.9184653865522705e-13,7.257470779108006,7.257403214315367,-6.75647926389189e-05,1730.0,1730.0,0.0,774.6410394282897,774.7067514591567,0.06571203086707555,0.8306383006328688,39184.92600935592,39184.10951082268,-0.8164985332405195,50.72820324052904,50.72820324052904,0.0,7.786039522129841,7.786044259462166,4.737332324644683e-06,2952.0,2952.0,0.0,1219.4360206346041,1219.3782911413348,-0.05772949326933485
12.290669843887937,88,2,0.5697644653040554,20798.51386259393,20799.025789769683,0.5119271757539536,45.20023831511655,45.20023831511655,0.0,7.2634098558582885,7.263368023398894,-4.1832459394264276e-05,1727.0,1727.0,0.0,781.0202978734682,781.1283538326826,0.10805595921442546,0.6670525297698452,38563.56489385805,38564.17784787719,0.612954019139579,49.47483765278132,49.473443020293814,-0.0013946324875035998,7.794295496705372,7.794298867349116,3.3706437436720194e-06,2991.0,2990.0,-1.0,1176.293525352692,1176.289937731595,-0.003587621097040028
12.290669843887937,88,3,0.7104650332021312,20082.411662570332,20083.21155123465,0.7998886643181322,42.86371123610442,42.86371123610442,0.0,7.236343659159192,7.236289962433288,-5.3696725903940035e-05,1710.0,1710.0,0.0,780.543013454233,780.6492620185388,0.10624856430581531,0.7377411958079385,37490.82044059796,37492.22026556686,1.3998249688957003,47.542987157169186,47.542987157169186,0.0,7.76991825028643,7.769926763117315,8.512830884654932e-06,2918.0,2918.0,0.0,1162.1212733054967,1162.2078485691636,0.08657526366687307
12.290669843887937,88,4,0.4658498005217544,21234.062238968592,21234.064354917402,0.00211594880966004,45.89024034193231,45.89024034193231,0.0,7.265193784538096,7.26521654229773,2.2757759634117747e-05,1731.0,1731.0,0.0,798.4693562364896,798.481823722505,0.012467486015452778,0.7522099231921445,38374.897254879594,38374.1588824037,-0.738372475891083,47.45048464722687,47.45048464722687,0.0,7.788834723617031,7.788851461935342,1.6738318310949296e-05,2979.0,2979.0,0.0,1176.6761258765002,1176.5780314729443,-0.09809440355593324
12.290669843887937,88,5,0.6906746030373128,20793.145984011742,20793.020757884464,-0.12522612727843807,48.42814541696422,48.42814541696422,0.0,7.243811818027585,7.243780849294813,-3.096873277197432e-05,1718.0,1718.0,0.0,808.8401899403655,808.8768739325981,0.03668399223261076,0.7614323621539332,38834.705648749885,38834.91138810184,0.2057393519571633,50.847124392501854,50.84712439178058,-7.212719310700777e-10,7.783015888119695,7.783008154940545,-7.733179149482794e-06,2968.0,2967.0,-1.0,1207.3199697226185,1207.3858690092304,0.06589928661196609
12.290669843887937,88,6,0.6918303018992471,20547.13072132347,20545.98931419012,-1.1414071333492757,45.212596770128684,45.212596770128684,0.0,7.2588294369880675,7.258832206809725,2.7698216573668333e-06,1736.0,1736.0,0.0,782.5608804686161,782.5495173003015,-0.011363168314574068,0.77878208173857,38642.86359096686,38641.12447970194,-1.7391112649202114,55.38188230292426,55.38188230292426,0.0,7.771506003917673,7.771501924072098,-4.079845575155616e-06,2932.0,2932.0,0.0,1213.1271162999178,1213.0099665778725,-0.1171497220452693
12.290669843887937,88,7,0.5441881573923775,20149.93484285309,20149.14613983837,-0.7887030147212499,46.90261866342654,46.90261866383854,4.120010999031365e-10,7.229261225396924,7.229294916775767,3.369137884234874e-05,1697.0,1697.0,0.0,785.8360773625199,785.7417229942502,-0.09435436826970545,0.8436329558431233,38811.84945456458,38811.44904947409,-0.4004050904914038,53.3999385849536,53.3999385849536,0.0,7.7908005916749925,7.790817793798646,1.7202123653525803e-05,2984.0,2984.0,0.0,1189.28418778032,1189.1643626878765,-0.11982509244353423
12.290669843887937,88,8,0.5098024694972751,20607.67644124227,20606.72037323529,-0.9560680069807859,45.675877314573285,45.675877314573285,0.0,7.230844324557603,7.23081519444693,-2.913011067295912e-05,1707.0,1707.0,0.0,811.8456632891321,811.7758145777915,-0.06984871134056903,0.7204648273534955,38501.05071578471,38500.101163467065,-0.9495523176447023,49.71495404007159,49.71495404007159,0.0,7.789574917978516,7.789574969498339,5.1519823074386295e-08,2960.0,2961.0,1.0,1176.3243479090877,1176.2517924199299,-0.07255548915782128
12.290669843887937,88,9,0.942342940351274,20990.772151467954,20990.01185467137,-0.760296796583134,44.70545709661567,44.70545717926367,8.264800044344156e-08,7.26325403781998,7.263356788506657,0.00010275068667731091,1742.0,1741.0,-1.0,798.6636278646858,798.4966466725696,-0.16698119211628182,0.8711542876492318,39159.56668229654,39158.643488792295,-0.9231935042480472,42.875794028511244,42.875794028511244,0.0,7.804874887025573,7.804875627313132,7.40287559253261e-07,3018.0,3018.0,0.0,1183.112757875079,1183.1166166971718,0.0038588220927522343
12.290669843887937,88,10,0.7154450176206206,20217.378000589728,20216.988152394133,-0.38984819559482276,43.28430461352726,43.133002765511186,-0.15130184801607527,7.2202177942324415,7.220218381330498,5.870980563926764e-07,1677.0,1677.0,0.0,794.5257277658992,794.4333438146043,-0.09238395129489163,0.7213319478883216,38304.4045878872,38303.55757956127,-0.8470083259308012,55.11849438001235,55.11849438001235,0.0,7.784370678075523,7.784398894043012,2.8215967489586546e-05,2986.0,2986.0,0.0,1187.8959960252485,1187.810012236488,-0.08598378876035895
12.290669843887937,88,11,0.5885913219176033,20474.43182627854,20474.20566864603,-0.2261576325072383,43.39940382035984,43.12585697497243,-0.2735468453874077,7.251075746665272,7.251047967823078,-2.7778842193626474e-05,1720.0,1720.0,0.0,783.5688955361005,783.5790787782286,0.010183242128050551,0.690754299764477,38911.54363660898,38911.002056202386,-0.5415804065924021,54.54909015774444,54.54909015774444,0.0,7.794044235689682,7.794036161649306,-8.074040376726543e-06,2999.0,2998.0,-1.0,1197.3471484774984,1197.2823799676341,-0.06476850986427962
12.290669843887937,88,12,0.543331491981563,20833.34631706973,20833.58600487929,0.23968780956056435,43.06948417117846,43.06948417117846,0.0,7.229213142442452,7.229159188639571,-5.3953802881423485e-05,1679.0,1679.0,0.0,823.234079504443,823.3348337439129,0.10075423946989304,0.6175671169297288,37688.28654194084,37689.09998132916,0.8134393883156008,52.332117751942086,52.332117751942086,0.0,7.767699361617518,7.767673206102631,-2.6155514886383457e-05,2920.0,2920.0,0.0,1173.5044798055822,1173.6049268257766,0.1004470201944514
12.290669843887937,88,13,0.6131270758787262,20864.598070156128,20864.752645189663,0.15457503353536595,41.684993390798546,41.684993390798525,-2.1316282072803006e-14,7.25836825681143,7.258337043017639,-3.1213793790563216e-05,1728.0,1728.0,0.0,797.5092804520932,797.5621796019333,0.05289914984007282,0.7482564151347315,38475.00649352393,38475.49017823555,0.4836847116239369,49.459768664373875,49.459768664373875,0.0,7.786937861637355,7.786973001482663,3.513984530734149e-05,2992.0,2992.0,0.0,1182.0319856551062,1181.9980970811487,-0.03388857395748346
12.290669843887937,88,14,0.5220317136734854,20802.770238628073,20801.96163061345,-0.808608014624042,47.573706482384104,47.573706482384104,0.0,7.263782401507115,7.263812992043404,3.0590536288954695e-05,1745.0,1745.0,0.0,792.361543048056,792.1834385062695,-0.17810454178652435,0.9512805293881559,38499.478858792136,38499.25449681822,-0.22436197391652968,47.69147985209044,47.764613845670596,0.07313399358015715,7.7916060192049414,7.791646011083807,3.9991878865386354e-05,2981.0,2981.0,0.0,1184.038375041806,1183.9382867582717,-0.1000882835342054
12.290669843887937,88,15,0.6024933469046989,21252.722283079427,21252.379429881083,-0.3428531983445282,39.96935610211563,39.969356104416455,2.3008226435194956e-09,7.2698732712026946,7.2698594732872355,-1.379791545907949e-05,1762.0,1762.0,0.0,814.197476764793,814.2641625471049,0.06668578231187894,0.7481793424680863,38595.17738302068,38594.96133775018,-0.21604527049930766,50.40028108212735,50.40028108212735,0.0,7.7953003304915995,7.795335363318046,3.503282644690131e-05,3020.0,3020.0,0.0,1185.5301295961062,1185.4748393504738,-0.05529024563247731
12.84691006498324,89,0,0.7080917181682999,21146.138428788414,21145.834423002038,-0.304005786376365,51.48478013969421,51.48478013969421,0.0,7.2543743443809054,7.254362071959697,-1.2272421208159301e-05,1714.0,1714.0,0.0,822.4866689671844,822.4613974129157,-0.025271554268670116,0.5116622979379489,40466.60101657502,40466.440958738516,-0.1600578365032561,54.964255420312014,54.964230752264584,-2.4668047430509432e-05,7.793101236664077,7.793102486655479,1.249991401941486e-06,2968.0,2967.0,-1.0,1253.3785870629201,1253.3639009424803,-0.014686120439819206
12.84691006498324,89,1,0.5922532118479902,21392.188164743355,21391.53270087282,-0.6554638705347315,47.3566294698081,47.3566294698081,0.0,7.256471073255097,7.25647557368542,4.500430322629256e-06,1730.0,1730.0,0.0,833.8733180577426,833.8223698521531,-0.05094820558952051,0.9139462173417618,40176.20985886786,40175.23667005729,-0.9731888105670805,58.30671105417454,58.30671105417454,0.0,7.800013338649445,7.800014327701417,9.89051971878041e-07,3005.0,3005.0,0.0,1247.6922399697753,1247.621142076346,-0.07109789342939621
12.84691006498324,89,2,0.8916452692988311,21328.250823325005,21328.837955714396,0.5871323893916269,45.192322938385935,45.192322938385935,0.0,7.260953940197443,7.2609345727044,-1.9367493043098705e-05,1740.0,1740.0,0.0,822.6625522552999,822.7844180547212,0.12186579942124354,0.5944470010873941,40336.01683177773,40337.24229643502,1.2254646572910133,56.149513078258124,56.22604862367353,0.0765355454154033,7.79003299166675,7.790065300898249,3.2309231499105806e-05,2962.0,2962.0,0.0,1248.946256225298,1249.0142875859106,0.06803136061262194
12.84691006498324,89,3,0.7787931415363886,21295.648975999724,21296.650335537128,1.0013595374039141,44.17005631112851,44.17005631112851,0.0,7.251251232944702,7.251240994239044,-1.0238705657528158e-05,1722.0,1722.0,0.0,824.3707539701862,824.5243307672881,0.15357679710189132,0.8599965462655279,40738.61227357513,40739.42606592411,0.8137923489848617,56.17844650619074,56.17844650619074,0.0,7.789811069073924,7.78985346137738,4.239230345604028e-05,2978.0,2979.0,1.0,1286.1556291247834,1286.0370643796352,-0.11856474514820547
12.84691006498324,89,4,0.6126358284935098,20701.81272714445,20702.242194030296,0.42946688584561343,46.06462359125381,46.06462359125381,0.0,7.231880488825646,7.231825230398651,-5.52584269950529e-05,1695.0,1695.0,0.0,818.2623230619961,818.4711384282992,0.20881536630315622,0.8781305304989826,39408.31695141361,39408.90266354676,0.5857121331500821,48.93915184038453,48.93915184038453,0.0,7.775973341098554,7.775938686666235,-3.465443231931431e-05,2930.0,2930.0,0.0,1227.701972910396,1227.7380030921986,0.03603018180251638
12.84691006498324,89,5,0.5807993705190178,21309.85986964184,21309.681210075003,-0.17865956683817785,45.340438411285355,45.34040705199712,-3.1359288236387783e-05,7.260091895595849,7.260068939332835,-2.2956263014073386e-05,1734.0,1734.0,0.0,817.8351011906092,817.84574687033,0.010645679720823864,0.5885983950929314,39760.333001903105,39759.42718875631,-0.9058131467972999,47.63785725967006,47.63785725967006,0.0,7.802458624523244,7.802421191075593,-3.743344765094747e-05,3004.0,3004.0,0.0,1226.1821332105703,1226.2015491022219,0.019415891651533457
12.84691006498324,89,6,0.9512301065418629,21701.328820073435,21700.411269940705,-0.9175501327299571,46.14500499347802,46.14500499347802,0.0,7.256625783119785,7.256628315440933,2.532321148329686e-06,1724.0,1724.0,0.0,844.8577913512647,844.7362234138322,-0.12156793743247363,0.8373251355570677,40849.53356135429,40848.29827766756,-1.2352836867285077,60.73877547027886,60.73877547027886,0.0,7.785609642707719,7.785632294648904,2.2651941185003466e-05,2954.0,2954.0,0.0,1292.2130092195653,1292.051770875152,-0.16123834441327745
12.84691006498324,89,7,0.5710958341148611,22110.3341071655,22109.74450437824,-0.5896027872622653,49.48324066373826,49.4830655368901,-0.00017512684815557122,7.2528721240061955,7.2529242352227445,5.211121654902229e-05,1737.0,1737.0,0.0,878.1686098667845,878.0867300044962,-0.08187986228836053,0.7736772364355973,39917.895941521856,39917.50677527005,-0.38916625180718256,54.9589022162898,54.9589022162898,0.0,7.779000722746254,7.779004745024677,4.022278423221337e-06,2956.0,2956.0,0.0,1262.0136290411372,1261.9962911395985,-0.01733790153866721
12.84691006498324,89,8,0.4944035301065487,20926.442443333475,20927.629744554706,1.1873012212308822,49.501000817168716,49.50100085209591,3.4927197134493326e-08,7.237611229836582,7.237605511008983,-5.71882759903275e-06,1697.0,1698.0,1.0,811.9828274149676,812.071195863397,0.08836844842937808,0.5089846562145195,39456.55303804978,39457.42988519628,0.8768471465009497,56.570978726354205,56.57097872635391,-2.984279490192421e-13,7.7794511332125325,7.779486515665498,3.538245296574871e-05,2962.0,2962.0,0.0,1247.6762422188895,1247.7130791233174,0.03683690442790066
12.84691006498324,89,9,0.8781714392405982,21211.720749646614,21212.38189099021,0.6611413435966824,43.15254565096356,43.15254563910244,-1.1861118309752783e-08,7.239635913364173,7.23962367500384,-1.2238360332261777e-05,1695.0,1695.0,0.0,836.9296986863352,837.009919972142,0.08022128580682875,0.8895634912116677,40615.161232903905,40615.71999494378,0.5587620398728177,53.4578835791913,53.4578835791913,0.0,7.786216429475045,7.786242859935562,2.6430460517090637e-05,2958.0,2958.0,0.0,1283.9985157904296,1283.9437687310597,-0.05474705936990176
12.84691006498324,89,10,0.8779216821000613,21713.97175240733,21713.820868295094,-0.15088411223769072,51.51005418919187,51.510993842097704,0.0009396529058349756,7.249533321480497,7.249611081751002,7.776027050532264e-05,1736.0,1736.0,0.0,865.7061259937711,865.6600095389293,-0.04611645484180826,0.6907329770799739,40386.21570975178,40386.42546691514,0.20975716336397454,51.229701497185374,51.229701497185374,0.0,7.78884404849336,7.788850753042258,6.704548898284202e-06,2987.0,2987.0,0.0,1271.0343543967372,1271.017516214919,-0.016838181818229714
12.84691006498324,89,11,0.8740946464818777,21541.792271005746,21540.820786090186,-0.9714849155607226,45.25073121869184,45.25073121869184,0.0,7.261221261149693,7.261265282107857,4.402095816402607e-05,1749.0,1749.0,0.0,839.9002156814265,839.7204936166329,-0.17972206479362285,0.7176499965225649,39455.46089264566,39454.25108747475,-1.2098051709035644,51.55793146101276,51.55794327055392,1.1809541163643189e-05,7.770817915580685,7.770856033384595,3.811780390972075e-05,2929.0,2929.0,0.0,1250.6939439217388,1250.495892497277,-0.19805142446170976
12.84691006498324,89,12,0.5827873163422473,21820.936283306466,21822.500876299186,1.5645929927195539,43.48250768119476,43.48250768119365,-1.1084466677857563e-12,7.2595896556023956,7.2595979200403375,8.26443794199605e-06,1719.0,1719.0,0.0,846.5041422253452,846.5822844714772,0.07814224613207443,0.7939219994330048,40488.640864310946,40489.54168983932,0.9008255283770268,53.98861024334425,53.98861024334425,0.0,7.787000855962817,7.786971292020238,-2.9563942579358127e-05,2975.0,2975.0,0.0,1281.7828195835434,1281.9192553509997,0.13643576745630526
12.84691006498324,89,13,0.5738403544935003,20772.540539581172,20772.947920522332,0.40738094116022694,46.60055218218276,46.60055218218276,0.0,7.2499077771635205,7.249919365974504,1.1588810983731435e-05,1711.0,1711.0,0.0,799.634360483101,799.6247340433455,-0.009626439755493266,0.571548009973678,39797.060695687185,39797.447964319086,0.38726863190095173,50.90894123037645,50.90894123037645,0.0,7.784877316999164,7.7848543242518655,-2.2992747298111738e-05,2960.0,2961.0,1.0,1242.222973229506,1242.3405995516794,0.11762632217346436
12.84691006498324,89,14,0.6636411301096727,21283.61091371328,21283.57256063219,-0.03835308109046309,45.20031017741582,45.20031017741582,0.0,7.252718385316513,7.252749149902663,3.076458615058897e-05,1720.0,1720.0,0.0,829.7835268287217,829.6616638075074,-0.12186302121438075,0.7787263547998402,39950.48019003347,39950.891582982425,0.4113929489540169,50.503133383630995,50.6364705853202,0.13333720168920138,7.790772911283762,7.790781465078918,8.553795156629462e-06,2948.0,2948.0,0.0,1236.4764403121624,1236.4067395997931,-0.06970071236924014
12.84691006498324,89,15,0.660168458999639,22003.979369292054,22002.909453042106,-1.0699162499477097,44.15895071708594,44.15895071708594,0.0,7.2773988806145455,7.2773547336089806,-4.4147005564987296e-05,1751.0,1751.0,0.0,839.3193236045329,839.271255627402,-0.04806797713092692,0.8436693752921575,40667.79379080889,40666.674603216554,-1.1191875923395855,56.89899926726739,56.89899926726706,-3.339550858072471e-13,7.788439249418607,7.788445981021763,6.7316031557851375e-06,3002.0,3002.0,0.0,1294.5650216703418,1294.509387376703,-0.05563429363883188
13.428324112037103,90,0,0.6616196663705908,22435.778302617036,22436.006514251563,0.22821163452681503,49.32573777205963,49.32573777205963,0.0,7.247141701215592,7.247083901671669,-5.779954392348685e-05,1721.0,1721.0,0.0,907.7212108304876,907.755736654183,0.03452582369538959,0.6472033303845979,41902.02751163626,41902.34417407396,0.31666243769723224,56.74994815512703,56.74994815512703,0.0,7.785079813963208,7.785107905384782,2.8091421574671926e-05,2962.0,2961.0,-1.0,1348.5943251928009,1348.5122516760744,-0.08207351672649565
13.428324112037103,90,1,0.8436286070565155,22623.452451773017,22622.96492428519,-0.4875274878286291,45.9353019538617,45.9353019538617,0.0,7.261776969703272,7.261818100175707,4.113047243503587e-05,1751.0,1751.0,0.0,906.1802889040548,906.1183118859308,-0.06197701812402556,0.5433429273911516,41863.716360236445,41864.31017508774,0.5938148512941552,54.58624154825481,54.58624154825481,0.0,7.790976955835362,7.791001048663534,2.409282817250613e-05,2980.0,2980.0,0.0,1340.1234501268484,1340.0917759673753,-0.03167415947314112
13.428324112037103,90,2,0.9139404914687781,22575.672163612107,22575.255741651872,-0.4164219602353114,44.36070820146959,44.36070820146959,0.0,7.247322008534055,7.247263979882134,-5.8028651920949414e-05,1724.0,1724.0,0.0,906.4027857938627,906.4255154991961,0.022729705333404127,0.7788212980165574,42867.32804420672,42866.26888043425,-1.0591637724719476,52.27006871653593,52.27006871653593,0.0,7.797430892872779,7.797436076570396,5.183697616928384e-06,3003.0,3002.0,-1.0,1374.6182005562657,1374.5202043135778,-0.09799624268794105
13.428324112037103,90,3,0.8096333448938956,22255.37896805325,22254.955396782487,-0.42357127076320467,45.6481043349517,45.6481043349517,0.0,7.232928106872115,7.232895942086127,-3.216478598755401e-05,1701.0,1701.0,0.0,906.6092790747105,906.6376210155041,0.028341940793666254,0.7788330716795804,41890.729670400535,41890.51411999486,-0.21555040567182004,58.018166498074514,58.018166063980246,-4.340942680869375e-07,7.777343590582914,7.777375268214149,3.1677631234572345e-05,2953.0,2952.0,-1.0,1360.69201327883,1360.6731877084455,-0.01882557038447885
13.428324112037103,90,4,0.46319718845331914,22108.665838765122,22107.501263708047,-1.164575057075126,45.679674834272696,45.6838087298961,0.004133895623404271,7.250974387392621,7.250908635255109,-6.575213751247588e-05,1721.0,1721.0,0.0,879.8383930016792,879.8116203013078,-0.026772700371338942,0.990011458444273,41943.99871243124,41943.41735327097,-0.5813591602709494,52.93764374562252,52.93764374562252,0.0,7.7801786690904535,7.780166827429168,-1.1841661285316718e-05,2919.0,2919.0,0.0,1340.2051377469475,1340.0775545148656,-0.12758323208186084
13.428324112037103,90,5,0.9139174005842976,22444.853089172724,22445.04312462348,0.19003545075611328,49.43920017610963,49.43920018065117,4.541540477021044e-09,7.249465671832085,7.2493807725458055,-8.489928627941623e-05,1732.0,1732.0,0.0,908.9314943314968,909.0468957161864,0.11540138468967598,0.7482701181810238,41404.4751397777,41403.51671621052,-0.9584235671791248,53.14085839413076,53.14085839410136,-2.9402258405752946e-11,7.782651999492057,7.782626419991061,-2.5579500995576154e-05,2957.0,2957.0,0.0,1333.0489777712066,1333.047999922354,-0.0009778488526990259
13.428324112037103,90,6,0.649547868551025,22777.567758271507,22776.65637276077,-0.911385510735272,50.08663153265453,50.08663153265453,0.0,7.238990488791627,7.239001726375415,1.1237583787959693e-05,1707.0,1705.0,-2.0,931.0761567490358,931.0027445188971,-0.07341223013872877,0.7965208311942851,42374.7795165416,42373.46792721179,-1.3115893298163428,53.8165667857338,53.81656678573381,1.4210854715202004e-14,7.815654714733752,7.8156677140801545,1.2999346402864376e-05,3045.0,3045.0,0.0,1328.6339253351177,1328.447861628169,-0.18606370694874386
13.428324112037103,90,7,0.8436360783238259,22500.361277860226,22500.103319053924,-0.25795880630175816,55.42209205200861,55.42209205200861,0.0,7.239749505491668,7.2397558670025965,6.361510928698522e-06,1694.0,1694.0,0.0,908.7992487075159,908.817179397905,0.01793069038910744,0.7787481158752017,41779.58600503577,41778.50781178532,-1.0781932504542056,58.11793584152188,58.11793584152188,0.0,7.771431102748034,7.771406324492522,-2.47782555113929e-05,2948.0,2948.0,0.0,1358.6147471295576,1358.6352289047961,0.02048177523852246
13.428324112037103,90,8,0.6514132593592858,22423.15233306258,22423.757410521383,0.6050774588038621,46.333270215878514,46.333270215878514,0.0,7.250622708260917,7.250552892821959,-6.981543895800968e-05,1727.0,1727.0,0.0,902.6974972993438,902.8957503364884,0.19825303714458187,0.9512770578657561,42246.09693058259,42246.97825131235,0.8813207297571353,58.69715971446157,58.69715971446154,-2.842170943040401e-14,7.793771323461176,7.793748917648282,-2.240581289392196e-05,3007.0,3006.0,-1.0,1354.9397535580786,1355.008913591474,0.06916003339551935
13.428324112037103,90,9,0.8436904826059161,22312.36298753457,22313.30053465849,0.9375471239218314,50.725185658762115,50.725185658762115,0.0,7.270433474190059,7.270415330614213,-1.8143575846174542e-05,1756.0,1756.0,0.0,885.0611652877607,885.1921706137108,0.13100532595012737,0.7787314328902526,41618.02772722673,41618.410173054624,0.3824458278977545,62.02675478733706,62.02675478733706,0.0,7.783969027095941,7.783960298081105,-8.729014836283966e-06,2988.0,2988.0,0.0,1341.0973296171962,1341.1386641474542,0.04133453025792733
13.428324112037103,90,10,0.5974682750846831,22757.303371793172,22755.89604906694,-1.4073227262306318,43.40507845687039,43.40508098002654,2.5231561480154596e-06,7.257921041271649,7.257878499248671,-4.254202297815368e-05,1747.0,1747.0,0.0,906.6202756073441,906.5885458814057,-0.03172972593836221,0.6376247424501462,41598.88859615967,41597.48208533924,-1.4065108204304124,54.91063146667499,54.91070707077828,7.5604103287219e-05,7.764455494631336,7.764475769349079,2.0274717742907455e-05,2920.0,2920.0,0.0,1360.3728157609241,1360.2831434486145,-0.0896723123096308
13.428324112037103,90,11,0.7276077539962719,22566.303436502214,22566.478772382026,0.17533587981233723,47.37981285071983,47.379812850718565,-1.2647660696529783e-12,7.249622042499702,7.249669981012223,4.7938512521383814e-05,1719.0,1719.0,0.0,902.3323513680783,902.3575366542585,0.025185286180203548,0.8780899069013661,42124.892188602345,42124.16952332084,-0.7226652815079433,55.32057550922101,55.320575502711485,-6.509523586828436e-09,7.780563133516039,7.780548306272378,-1.4827243661308387e-05,2952.0,2951.0,-1.0,1363.097410997009,1363.1243246346849,0.026913637675761493
13.428324112037103,90,12,0.6652078108915205,22853.583759024325,22852.796391740165,-0.7873672841596999,44.54286890032229,44.542868900322155,-1.3500311979441904e-13,7.253625320093665,7.253619399307885,-5.9207857798782015e-06,1730.0,1731.0,1.0,921.5744342938862,921.5133742273766,-0.06106006650952622,0.7483517200075276,41806.28745874814,41805.146565277246,-1.140893470896117,49.87456845182411,49.87456845182411,0.0,7.798851949129751,7.798831488633034,-2.0460496716445675e-05,2987.0,2985.0,-2.0,1317.3543003149225,1317.290222292299,-0.06407802262356199
13.428324112037103,90,13,0.7788240697053084,22387.37957622192,22388.291886405008,0.9123101830882661,49.24934586363231,49.24934586363231,0.0,7.262197143021529,7.262148217790017,-4.892523151234229e-05,1744.0,1744.0,0.0,881.342294712421,881.4122519903914,0.06995727797038853,0.5767813193411382,42271.33388083479,42272.06204693751,0.7281661027227528,57.304410580214956,57.304325336844734,-8.524337022208783e-05,7.785822494158811,7.785801496704332,-2.0997454479143585e-05,2951.0,2951.0,0.0,1370.644581046664,1370.688081304526,0.04350025786197875
13.428324112037103,90,14,0.9369106850486771,22351.375957935234,22350.376623827655,-0.9993341075787612,54.382328272897084,54.382328272897084,0.0,7.247734699459979,7.247780793025179,4.609356520024477e-05,1721.0,1721.0,0.0,899.3816275301108,899.2503485168069,-0.13127901330392433,0.7512970364406242,42154.98688578923,42153.31154711453,-1.6753386747004697,57.63699988195653,57.63699988195653,0.0,7.787546449393885,7.78754517629153,-1.273102354204525e-06,2986.0,2986.0,0.0,1351.4961439539238,1351.4014125635213,-0.09473139040255774
13.428324112037103,90,15,0.9139134255884798,22532.32724634256,22532.01036155822,-0.31688478434080025,48.7054429262501,48.7054429262501,0.0,7.258696311811149,7.25866344847491,-3.2863336238975194e-05,1749.0,1749.0,0.0,908.308318437199,908.3531681115338,0.04484967433484144,0.7688202730995926,41787.583993907436,41787.784698021,0.2007041135657346,49.362256868293045,49.55446787396684,0.19221100567379779,7.774822916439499,7.774803852379005,-1.9064060493789725e-05,2942.0,2942.0,0.0,1352.6087930484082,1352.6631886841803,0.05439563577215267
14.036051279709202,91,0,0.5955433699309123,23592.201642224303,23592.080584581865,-0.12105764243824524,45.46541947479004,45.46541947479004,0.0,7.249476108774097,7.2495160256697595,3.991689566262835e-05,1728.0,1729.0,1.0,962.7356761358741,962.6194684177743,-0.1162077180997585,0.7787871567004114,44185.90851022763,44185.81822345652,-0.09028677111200523,56.502703429072575,56.502703429072575,0.0,7.7720007285903066,7.77199995433927,-7.742510366171018e-07,2922.0,2921.0,-1.0,1466.6234532081173,1466.5675120461024,-0.055941162014960355
14.036051279709202,91,1,0.6907121295991552,23564.396167352646,23565.43008135065,1.0339139980023901,47.6271403849522,47.48354348233419,-0.1435969026180075,7.257803125971367,7.2578230139945425,1.988802317587357e-05,1729.0,1729.0,0.0,949.4220991672379,949.4068568767544,-0.0152422904834566,0.8084691442875698,43316.73209569762,43317.61410400414,0.8820083065220388,48.55479502854199,48.55479502854199,0.0,7.788519147995691,7.7885281692148975,9.02121920631771e-06,2946.0,2946.0,0.0,1401.3628319119848,1401.3932816304587,0.030449718473846588
14.036051279709202,91,2,0.9512029369616866,23616.88161496301,23616.12468949862,-0.7569254643894965,48.87319164454984,48.8731896407895,-2.0037603434275297e-06,7.265276463502295,7.2652071407089585,-6.932279333682345e-05,1745.0,1744.0,-1.0,957.9625346301591,958.0542770437442,0.09174241358505242,0.9900035447395076,44310.647645281744,44310.18307197277,-0.464573308971012,58.222950811227456,58.222950811227456,0.0,7.7816131384451355,7.7815704862868005,-4.2652158334988144e-05,2958.0,2958.0,0.0,1461.044792465633,1461.1385004246415,0.09370795900849771
14.036051279709202,91,3,0.6635957740979443,23574.092351906063,23572.684831215625,-1.4075206904381048,47.94201078899456,47.94201078899456,0.0,7.264700051055918,7.264739666468597,3.9615412679161466e-05,1741.0,1741.0,0.0,941.7679746630006,941.6684756000462,-0.09949906295435085,0.6243077350110806,44241.624050077735,44240.00358287738,-1.6204672003514133,60.51789153633003,60.51789153633003,0.0,7.786671198963004,7.786688328171346,1.7129208341515323e-05,2956.0,2955.0,-1.0,1449.280153682491,1449.1587734258057,-0.12138025668514274
14.036051279709202,91,4,0.9362847818436578,23800.05644141543,23800.237416325894,0.1809749104650109,46.370013982363936,46.370013982363936,0.0,7.262132844762891,7.262100936335791,-3.1908427099658354e-05,1733.0,1733.0,0.0,964.3521379037434,964.373090887422,0.02095298367862597,0.843583962973333,44731.33104176354,44730.78949684846,-0.5415449150750646,55.58318419314393,55.58318419314393,0.0,7.788618581728818,7.788601675600007,-1.6906128810667553e-05,2989.0,2989.0,0.0,1492.1409446208843,1492.2028969078922,0.06195228700789812
14.036051279709202,91,5,0.5507758094790322,22579.01881635427,22577.990151565555,-1.0286647887151048,44.63600083666275,44.63600083666276,7.105427357601002e-15,7.244392782598274,7.244397657840985,4.875242711754879e-06,1728.0,1728.0,0.0,924.1919841595256,924.1865003297631,-0.00548382976251105,0.5926673673069331,43535.508318163746,43534.766108443015,-0.742209720730898,52.669819987365955,52.84107078395073,0.17125079658477205,7.774990991266579,7.775012943208123,2.1951941544529063e-05,2944.0,2944.0,0.0,1435.211477008861,1435.1270410866016,-0.08443592225944485
14.036051279709202,91,6,0.7886936048446911,24060.402240501866,24059.737267911558,-0.6649725903080252,47.64864286506343,47.64864286506343,0.0,7.245541089137562,7.24562339948869,8.231035112871155e-05,1707.0,1706.0,-1.0,998.5861022467318,998.348761610689,-0.23734063604274525,0.6382107495757743,44060.7326375146,44060.641095823084,-0.09154169151588576,62.79876105267268,62.7987733829637,1.2330291021100948e-05,7.794441980065534,7.79445657380908,1.4593743546065241e-05,2991.0,2991.0,0.0,1441.4263589999507,1441.3769945553745,-0.04936444457621292
14.036051279709202,91,7,0.8780898799677148,23325.50942873618,23325.287237104207,-0.2221916319722368,44.933895080024264,44.933895080024264,0.0,7.248691580563824,7.2487132831557695,2.17025919457825e-05,1707.0,1707.0,0.0,946.3710093864669,946.2163303417207,-0.1546790447462172,0.709585544485733,44325.20186739798,44324.67424887854,-0.527618519437965,63.93562060170687,63.93562060170687,0.0,7.780604450050005,7.780583416079457,-2.1033970547534864e-05,2935.0,2935.0,0.0,1463.4621092741752,1463.5248153249029,0.06270605072768376
14.036051279709202,91,8,0.8780996848848115,23956.15506848849,23957.88783382512,1.7327653366301092,50.5051068146065,50.650255013090124,0.14514819848362492,7.2550189812614825,7.254987608362811,-3.137289867183313e-05,1742.0,1743.0,1.0,990.3982567850117,990.6001253363022,0.20186855129054493,0.7787525530807515,43683.12610431241,43685.40506684112,2.2789625287114177,59.32045886475385,59.324910928442876,0.004452063689022623,7.781991659612441,7.781976321645887,-1.5337966553730098e-05,2974.0,2973.0,-1.0,1444.297853801986,1444.4962575948018,0.19840379281572496
14.036051279709202,91,9,0.8437593082527413,24117.033680798228,24116.86338093384,-0.17029986438865308,49.88680538560972,49.88680538560972,0.0,7.234843767569862,7.234847490358857,3.7227889952973214e-06,1705.0,1706.0,1.0,1020.2804043557803,1020.304533270226,0.02412891444566867,0.9139120925732749,43784.671240686366,43784.630857726086,-0.040382960280112457,68.72668036330637,68.72668036330637,0.0,7.786072979993094,7.786082953700845,9.973707751242955e-06,2964.0,2964.0,0.0,1431.9884332150448,1431.9280571249678,-0.060376090076943
14.036051279709202,91,10,0.5661499127658969,23576.235484853765,23576.945768681704,0.7102838279388379,50.472909042708395,50.472909042708395,0.0,7.238586270552367,7.2386290066216565,4.273606928961726e-05,1720.0,1720.0,0.0,980.0006548334644,979.9510746725441,-0.04958016092029993,0.6237925843564236,43221.41115831826,43222.16247854389,0.7513202256304794,59.9047688354626,59.90476881043912,-2.502347484778511e-08,7.775441828198122,7.775419636415808,-2.21917823139961e-05,2957.0,2956.0,-1.0,1446.7109221920568,1446.8074296558382,0.0965074637813359
14.036051279709202,91,11,0.6498610365711621,23765.65785323499,23765.415673346044,-0.24217988894451992,49.920400613007295,49.920400613007295,0.0,7.270468497222969,7.270484633865086,1.6136642117636768e-05,1756.0,1756.0,0.0,955.8813202114516,955.7924070623275,-0.08891314912409598,0.7788232264678169,43123.89774873851,43124.228360693756,0.33061195524351206,50.043736998455124,50.043736998455124,0.0,7.776688838786262,7.7767018657164675,1.3026930205661813e-05,2929.0,2929.0,0.0,1405.992093856991,1406.024133028327,0.03203917133600953
14.036051279709202,91,12,0.9900410445726587,23359.19452976944,23359.45248581392,0.25795604447921505,49.503544682069496,49.503544682069496,0.0,7.247399504706749,7.247392290116233,-7.214590516113617e-06,1725.0,1725.0,0.0,959.3483384697759,959.3975161081513,0.04917763837545408,0.8780961675874585,43535.36095130403,43535.04569092643,-0.31526037759613246,55.82525122503039,55.82525122503039,0.0,7.776645795750861,7.776653314151895,7.518401034189992e-06,2929.0,2929.0,0.0,1437.9116075588538,1437.8894002387844,-0.022207320069355774
14.036051279709202,91,13,0.7482428070756719,22955.463194989912,22956.810497838007,1.3473028480948415,47.62073031216022,47.62073031216022,0.0,7.236577471248454,7.236633538256754,5.606700830007583e-05,1705.0,1705.0,0.0,945.1532743718562,945.2358427669598,0.08256839510352165,0.7788109111472635,44108.68920125797,44109.664101751696,0.9749004937257268,58.893923746609396,58.89610014751448,0.0021764009050855293,7.778729626831857,7.7787231702205455,-6.456611311378424e-06,2937.0,2937.0,0.0,1462.770169326515,1462.8493195435208,0.07915021700569014
14.036051279709202,91,14,0.7119214382891119,23581.418035576833,23582.2833683005,0.8653327236679615,51.299016565577965,51.29907370592998,5.714035201265233e-05,7.254140487213439,7.254122082234731,-1.840497870819746e-05,1746.0,1746.0,0.0,973.5740373851103,973.6268616251505,0.052824240040195036,0.7481765315383708,44365.82223144397,44366.91706382873,1.0948323847624124,61.07994591040435,61.07994591040435,0.0,7.798447274717928,7.798465373571103,1.80988531752746e-05,3013.0,3013.0,0.0,1450.4435139760046,1450.5013530622896,0.057839086284957375
14.036051279709202,91,15,0.7307389354252392,23744.68266629988,23743.633668175942,-1.0489981239370536,47.30485679036544,47.30485679036544,0.0,7.244930115051387,7.244897327047154,-3.278800423345274e-05,1716.0,1716.0,0.0,983.9831076807467,983.9497261229518,-0.03338155779488261,0.6907163285531268,43124.967070505445,43124.237304457245,-0.7297660481999628,51.16135024446153,51.16135024446153,0.0,7.779647344373576,7.779664003756959,1.6659383383021975e-05,2960.0,2959.0,-1.0,1412.9204165775495,1412.8148724640578,-0.10554411349176007
14.671282423845177,92,0,0.6646724630618663,25569.38588044609,25569.00471068062,-0.381169765470986,52.560055478488586,52.56005546400138,-1.448720610142118e-08,7.28743414070204,7.2874637378077765,2.9597105736023366e-05,1777.0,1777.0,0.0,1040.1416152404252,1040.0983719944852,-0.04324324593994788,0.805632379032545,45409.232953945415,45408.415414207084,-0.8175397383311065,61.27630384163693,61.39552728584676,0.11922344420982967,7.780608044561465,7.78060881931223,7.747507648758756e-07,2940.0,2940.0,0.0,1534.9433619900046,1534.902655998848,-0.0407059911565284
14.671282423845177,92,1,0.8624425030270052,24374.595722225527,24374.410200053197,-0.18552217233082047,50.83849712503102,50.83849712503102,0.0,7.232448751429407,7.232449311919638,5.604902302280834e-07,1695.0,1695.0,0.0,1034.390332887219,1034.3455370386794,-0.04479584853970664,0.9017468869684613,45730.475711256826,45729.55967055391,-0.9160407029194175,58.11699143642787,58.11699143642787,0.0,7.77499572600305,7.775029157879867,3.34318768171471e-05,2928.0,2929.0,1.0,1558.5456276398995,1558.4394771148582,-0.10615052504135747
14.671282423845177,92,2,0.7796376694991982,24487.748374926032,24487.005458065454,-0.7429168605776795,53.25395985044651,53.25394684314886,-1.3007297653189198e-05,7.265688329673317,7.265701219780415,1.2890107098151304e-05,1743.0,1743.0,0.0,1008.3679612229018,1008.3325364791464,-0.035424743755470445,0.9512163698171376,45245.36915491631,45244.45013611199,-0.9190188043212402,57.257991456856985,57.257991456856985,0.0,7.76508386635448,7.765068109531039,-1.575682344157059e-05,2918.0,2918.0,0.0,1541.620417724045,1541.5771705457662,-0.04324717827876157
14.671282423845177,92,3,0.6763726546050577,24575.68813165718,24575.954387337835,0.26625568065355765,53.216295027216056,53.216295027216056,0.0,7.235832811365126,7.2358712445766304,3.8433211504873555e-05,1690.0,1690.0,0.0,1035.3378962142854,1035.3203683756412,-0.01752783864412777,0.9512721179741732,45386.947782667005,45387.05837038558,0.11058771857642569,54.153310208104635,54.15331020810011,-4.526157226791838e-12,7.77223924346999,7.77222362683348,-1.5616636510173976e-05,2918.0,2918.0,0.0,1527.5378958092433,1527.5790111425315,0.041115333288189504
14.671282423845177,92,4,0.8781135224036132,23981.221142071787,23980.9695757566,-0.25156631518621,48.854586924339074,48.8545869205296,-3.809475401794771e-09,7.231442086788554,7.231470131559465,2.80447709117837e-05,1683.0,1682.0,-1.0,1003.3952264327985,1003.3840961797861,-0.011130253012424873,0.7788087633120525,45890.249574092755,45890.689928831445,0.44035473869007546,56.02909617767623,56.02909617767381,-2.4229507289419416e-12,7.782618035080169,7.782617050613066,-9.844671033931718e-07,2954.0,2954.0,0.0,1541.9477152837385,1542.0755788684435,0.1278635847049827
14.671282423845177,92,5,0.6907094037931489,24146.198320531956,24146.4494241663,0.25110363434578176,50.61633780865528,50.61633780865528,0.0,7.229531485759294,7.229548648792472,1.7163033177780562e-05,1690.0,1690.0,0.0,1022.0231924981475,1022.0050119960804,-0.01818050206713906,0.6375809988614545,45360.170267817404,45359.428160092284,-0.7421077251201496,61.72786435177191,61.72770268931983,-0.0001616624520863752,7.787558561110478,7.787559933115647,1.372005169031354e-06,2974.0,2974.0,0.0,1516.8195253068782,1516.8092181568675,-0.01030715001070348
14.671282423845177,92,6,0.8437442040476937,25060.6942018602,25061.869279225015,1.1750773648163886,60.94076738260797,60.94076738260797,0.0,7.250705458385893,7.25073553018705,3.0071801157660616e-05,1741.0,1741.0,0.0,1076.9240713737647,1076.9502885092038,0.026217135439082995,0.7560452755000846,45395.2053412699,45396.266531782334,1.0611905124314944,60.010739631257145,60.010739631257145,0.0,7.781019944881095,7.780991148378915,-2.8796502180128414e-05,2975.0,2974.0,-1.0,1541.2815517350848,1541.424776144407,0.14322440932210156
14.671282423845177,92,7,0.6907324573132295,24464.355805326006,24464.21327452141,-0.14253080459457124,58.3669699635721,58.3669699635721,0.0,7.246136893636776,7.246171404672768,3.4511035991613426e-05,1719.0,1720.0,1.0,1036.8353476548418,1036.724520713882,-0.11082694095989609,0.8781297107030753,46769.53615858249,46768.778337907715,-0.7578206747712102,65.26312231739618,65.26312231739618,0.0,7.793292273328185,7.793271957272626,-2.0316055558744495e-05,2989.0,2990.0,1.0,1586.5028956051071,1586.4416329742587,-0.06126263084843231
14.671282423845177,92,8,0.9140079745497809,24630.205696105826,24629.53342390842,-0.6722721974074375,55.786503144834256,55.786501627203876,-1.5176303804764757e-06,7.247146724978651,7.247109482085124,-3.72428935273561e-05,1710.0,1710.0,0.0,1037.140133072483,1037.0982135873446,-0.041919485138350865,0.7482548211476387,45771.274667111546,45770.57691458214,-0.6977525294059888,58.3895766172236,58.3895766172236,0.0,7.773453063136581,7.773446030691638,-7.032444942822735e-06,2906.0,2906.0,0.0,1543.8207277269669,1543.7477990471357,-0.07292867983119322
14.671282423845177,92,9,0.7788078284898237,24090.96008854182,24091.278584393098,0.3184958512792946,49.5780570433732,49.5780572024285,1.590552969332748e-07,7.250292643927936,7.25030012485334,7.4809254044794216e-06,1727.0,1727.0,0.0,999.4080269591909,999.3653275897357,-0.042699369455249325,0.6637071711632292,45670.25926508738,45669.63114033017,-0.6281247572042048,64.76032270161893,64.75926324766495,-0.0010594539539852121,7.782785258081979,7.782797455078532,1.2196996552304995e-05,2980.0,2979.0,-1.0,1562.9620132422938,1562.9201887273339,-0.041824514959898806
14.671282423845177,92,10,0.7787880861319119,24030.85011957379,24031.17626304832,0.32614347452908987,53.76696146376235,53.76696146375025,-1.2100542789994506e-11,7.24594707916566,7.245944309785125,-2.769380534672905e-06,1721.0,1721.0,0.0,1014.8124055389409,1014.77566722453,-0.0367383144108544,0.7263673817268287,46160.97505577021,46160.38722726889,-0.5878285013168352,57.846318290737415,57.84631827609924,-1.4638175116488128e-08,7.7758213243832435,7.775793112287772,-2.821209547132497e-05,2947.0,2947.0,0.0,1579.7135242294507,1579.756288098984,0.04276386953324618
14.671282423845177,92,11,0.588577998985482,24763.839994807924,24764.69187100859,0.8518762006642646,52.77526231163948,52.77526231163948,0.0,7.239923378062198,7.2398683419401575,-5.503612204016406e-05,1724.0,1724.0,0.0,1062.6069609943236,1062.7509842288414,0.1440232345178174,0.6062955048994774,46015.436804241945,46016.33052327584,0.8937190338983783,58.306599515510456,58.306599515510456,0.0,7.7796309138000295,7.779629925337401,-9.884626281930764e-07,2955.0,2954.0,-1.0,1556.3987040637062,1556.497606440175,0.09890237646891364
14.671282423845177,92,12,0.778797742702607,24761.754424798448,24761.370126845468,-0.3842979529799777,52.03133208418927,52.03947994388695,0.008147859697679394,7.258367179761185,7.2583832194601206,1.6039698935266244e-05,1746.0,1746.0,0.0,1035.749384939516,1035.7147405570252,-0.03464438249079649,0.7788026773428129,46616.8581290327,46616.89293718136,0.03480814865906723,61.846111113662666,61.84611111366327,6.039613253960852e-13,7.786410114730621,7.786426972185986,1.6857455364949203e-05,2984.0,2984.0,0.0,1589.9545363691823,1589.9795022427347,0.024965873552446283
14.671282423845177,92,13,0.8195040841815076,24941.53851938898,24943.238648266648,1.7001288776664296,48.896238750822256,48.89623875082731,5.051958851254312e-12,7.248729246395297,7.248713780554786,-1.5465840511375006e-05,1716.0,1716.0,0.0,1055.4431349818765,1055.578948902848,0.13581392097148637,0.9511700292825507,46706.68779638772,46708.859885552134,2.1720891644145013,59.38668959981557,59.38668959981559,2.1316282072803006e-14,7.796591239903496,7.796610902428878,1.9662525382102558e-05,2975.0,2976.0,1.0,1557.6564531342406,1557.6912737232017,0.03482058896111084
14.671282423845177,92,14,0.7482632265326831,24418.62087335327,24418.596567120683,-0.024306232586241094,56.799886043682854,56.799886043682854,0.0,7.256354340915978,7.256347869014798,-6.47190118030494e-06,1735.0,1735.0,0.0,1024.5992396466293,1024.6523522825705,0.05311263594126103,0.780887625471484,46121.46108484576,46121.574268293676,0.11318344791652635,59.451239979316306,59.451239979316306,0.0,7.787172839924957,7.787178490825062,5.650900105180767e-06,2974.0,2974.0,0.0,1559.4519414539832,1559.4782937598713,0.026352305888167393
14.671282423845177,92,15,0.854588132699718,24170.009845813223,24169.71282154194,-0.29702427128358977,50.30570494163218,50.26693073380046,-0.038774207831721696,7.259853189101419,7.25981539323534,-3.779586607866037e-05,1729.0,1729.0,0.0,993.1692548227677,993.1809690580001,0.011714235232375358,0.8781155097159234,45916.861215004625,45916.13005661484,-0.7311583897826495,57.19645994400876,57.19645994400876,0.0,7.794028310422783,7.79403961577736,1.1305354576940374e-05,2980.0,2981.0,1.0,1535.1537300882642,1535.07024216673,-0.08348792153424256
15.33526229498699,93,0,0.7641162405377604,25788.441295237568,25787.639342735,-0.8019525025665644,53.480835471548815,53.44706824352807,-0.033767228020742834,7.23960833967314,7.239632998506295,2.465883315494466e-05,1725.0,1725.0,0.0,1128.6397645780085,1128.592116408147,-0.04764816986153164,0.7481914374654244,48598.48074615025,48597.57440307355,-0.9063430766982492,57.88763455560434,57.887634555604144,-1.9895196601282805e-13,7.789053677917222,7.789042993890368,-1.0684026854335116e-05,2971.0,2971.0,0.0,1669.0932257773213,1669.0334928048549,-0.05973297246646325
15.33526229498699,93,1,0.7391928839200348,25381.763178943365,25382.05362501136,0.29044606799288886,49.880398026719526,49.880398026719526,0.0,7.242668736473959,7.242756562159828,8.782568586873651e-05,1716.0,1716.0,0.0,1087.018014905284,1086.8785179141357,-0.13949699114823488,0.543385388471695,47822.78873943496,47821.23246933306,-1.5562701019007363,68.83131086718176,68.83119347614483,-0.00011739103692320896,7.78631508352821,7.78632065495618,5.571427969641718e-06,2967.0,2967.0,0.0,1637.942433853777,1637.8437066237543,-0.09872723002263228
15.33526229498699,93,2,0.9900331304047645,26031.787957159715,26032.059259785092,0.2713026253768476,55.03996551551921,55.039965507909805,-7.609401109220926e-09,7.250812698552089,7.250790860212064,-2.1838340025226444e-05,1734.0,1734.0,0.0,1123.5115068907182,1123.6536277392777,0.1421208485594434,0.7788293635413963,47155.56498127678,47155.41423146022,-0.15074981655925512,59.387724161517944,59.387724161517944,0.0,7.768715419726597,7.768702520940984,-1.2898785612946995e-05,2890.0,2890.0,0.0,1621.2734306616253,1621.2865644295775,0.013133767952240305
15.33526229498699,93,3,0.7788143864562384,25609.448158863386,25609.3395955197,-0.10856334368509124,57.69423860156146,57.69423860156146,0.0,7.254209393915059,7.254209262615496,-1.3129956322188718e-07,1731.0,1731.0,0.0,1100.8362800658904,1100.8340836759148,-0.002196389975551938,0.8181568707448135,47682.21616440879,47682.434732663605,0.21856825481518172,69.66399986952277,69.66399982142356,-4.809920994830463e-08,7.793385868872444,7.793413390170841,2.7521298396671057e-05,2998.0,2998.0,0.0,1625.4790364653434,1625.4812369189783,0.0022004536349413684
15.33526229498699,93,4,0.5881265051920059,25568.612719417462,25568.811575219155,0.19885580169284367,65.26151905126885,65.26151905126889,4.263256414560601e-14,7.231786215635449,7.2317659658414435,-2.0249794005167132e-05,1692.0,1692.0,0.0,1111.8838221836095,1111.9494416637772,0.06561948016769747,0.9139363335414756,47666.64223293678,47665.909484350464,-0.7327485863133916,60.194903497201025,60.194903497201025,0.0,7.778270790092072,7.778269116204935,-1.673887136455221e-06,2946.0,2946.0,0.0,1640.064270067132,1640.0456876394958,-0.01858242763614726
15.33526229498699,93,5,0.6376691823133571,25408.877186554004,25409.477146791494,0.5999602374904498,54.12689868116997,54.12689868115915,-1.0821565865626326e-11,7.23519405080017,7.23521630053731,2.2249737139823367e-05,1704.0,1704.0,0.0,1105.121577904812,1105.0783255516335,-0.04325235317855913,0.5886474814113787,47956.01182199892,47956.827840018144,0.8160180192207918,64.02283194455252,64.02283194455252,0.0,7.788604978589824,7.78860984925852,4.87066869592212e-06,2986.0,2986.0,0.0,1644.603169516151,1644.6274236541876,0.024254138036667428
15.33526229498699,93,6,0.6635667689182676,26879.890293818487,26879.388649783818,-0.5016440346698801,55.31379931742054,55.313799317319464,-1.0107470416187425e-10,7.27075898294456,7.270775688522854,1.670557829402952e-05,1746.0,1746.0,0.0,1147.4253003275255,1147.3370031111313,-0.0882972163942668,0.6979111398778653,47439.19808099484,47438.52135474017,-0.6767262546709389,63.731790957058,63.73179069898077,-2.5807723602611077e-07,7.786527123081987,7.786555318322549,2.819524056185685e-05,2960.0,2960.0,0.0,1618.781418346437,1618.6374132973676,-0.14400504906939204
15.33526229498699,93,7,0.7623263909893363,25376.70704492653,25376.523813456915,-0.18323146961483872,51.2033836715428,51.20338244339085,-1.2281519516932349e-06,7.225400552883228,7.22540457324247,4.0203592419629786e-06,1706.0,1706.0,0.0,1114.8745289804492,1114.8711636068574,-0.0033653735918051098,0.6739309144261179,48016.77483560766,48017.49899135601,0.7241557483503129,67.6631308542281,67.6631308542281,0.0,7.79280006520325,7.792812628449027,1.256324577703083e-05,2991.0,2991.0,0.0,1643.3956642774099,1643.4085536562695,0.012889378859654244
15.33526229498699,93,8,0.9139296738243884,26018.99532060956,26019.188971622712,0.19365101315270294,54.47987702778683,54.21232746903573,-0.2675495587510994,7.2357318607684435,7.23569903263216,-3.282813628313619e-05,1699.0,1699.0,0.0,1138.7498189861542,1138.7949533527344,0.04513436658021419,0.8780746550247845,47245.236402618764,47245.165707703796,-0.07069491496804403,59.1755237835006,59.175523783502065,1.4637180356658064e-12,7.764945612814536,7.764920029335973,-2.558347856318477e-05,2919.0,2917.0,-2.0,1646.7922565240037,1646.8441897413175,0.05193321731371725
15.33526229498699,93,9,0.6312947020676797,25591.876240587946,25592.07041542605,0.19417483810320846,62.10818103705544,62.10818103705544,0.0,7.245775988292369,7.245771200841601,-4.787450768262147e-06,1707.0,1707.0,0.0,1097.7824844574761,1097.7042179900693,-0.07826646740682008,0.6043344912935837,47457.81959569334,47457.608970619185,-0.21062507415626897,60.02333869978101,60.02333869978101,0.0,7.782732080300692,7.78276446752757,3.238722687814999e-05,2929.0,2929.0,0.0,1625.937025386811,1625.9064972089589,-0.030528177852147564
15.33526229498699,93,10,0.7773334868526763,25668.69154373746,25667.452687844147,-1.238855893312575,53.38028282997419,53.380282829974455,2.6290081223123707e-13,7.248250657864323,7.248275809173621,2.515130929836573e-05,1715.0,1714.0,-1.0,1105.090896682331,1104.9402493212992,-0.1506473610318153,0.9512184229981593,49096.02127448231,49094.969867353575,-1.051407128732535,64.7841255210484,64.7841253937166,-1.2733180199120397e-07,7.800971471853234,7.800968939858816,-2.531994418575323e-06,3011.0,3012.0,1.0,1672.1441076655806,1672.0884367003875,-0.0556709651930305
15.33526229498699,93,11,0.6907705405682987,25164.354374375594,25162.967948190664,-1.3864261849303148,53.63500510243642,53.635005104132894,1.6964705196187424e-09,7.234328834461825,7.234328936012711,1.0155088681074176e-07,1714.0,1714.0,0.0,1092.0966451470326,1092.0110554234025,-0.08558972363016437,0.9139433996783592,48247.00220770588,48246.24340026872,-0.7588074371597031,61.47518989980729,61.47518989980729,0.0,7.786627468765831,7.786640080299302,1.2611533470874292e-05,2975.0,2974.0,-1.0,1669.5325336407698,1669.3972148595494,-0.13531878122034868
15.33526229498699,93,12,0.9139414778612208,24778.983486366844,24779.38142509656,0.3979387297149515,54.571478479447805,54.571478479447805,0.0,7.224854611923169,7.224830469858788,-2.41420643805057e-05,1679.0,1679.0,0.0,1083.4559798150415,1083.628494716106,0.17251490106446,0.568357372301392,47697.75220484182,47698.07799098928,0.3257861474630772,57.188686767797854,57.188686767797854,0.0,7.786028450350056,7.786017619869244,-1.0830480811740983e-05,2959.0,2959.0,0.0,1627.3229743776897,1627.3925331234884,0.06955874579875854
15.33526229498699,93,13,0.9512592727656262,25153.085003606222,25153.465611915522,0.38060830930044176,55.39501700972719,55.3950170097747,4.75068873129203e-11,7.236905449265053,7.23687962818345,-2.582108160265051e-05,1696.0,1696.0,0.0,1083.254143841451,1083.296058321361,0.04191447991001951,0.9511709195550163,48028.56175092451,48030.12558788034,1.5638369558291743,64.91425697499349,64.91425694235494,-3.263855319346476e-08,7.784085473594819,7.784086390367859,9.167730405934549e-07,2952.0,2952.0,0.0,1640.552223213791,1640.659413530748,0.10719031695703052
15.33526229498699,93,14,0.9317105255066738,26215.964691272995,26217.468613805027,1.5039225320324476,55.027556661223,55.027556661223,0.0,7.251497425157114,7.2514603126756345,-3.7112481479084636e-05,1735.0,1735.0,0.0,1154.0415677672995,1154.2038484779398,0.16228071064028882,0.8882593962831896,47380.058356717185,47381.63043654638,1.5720798291949905,63.11468859665894,62.704032843938435,-0.41065575272050125,7.777374247111503,7.777392535521146,1.8288409643574255e-05,2962.0,2962.0,0.0,1630.678826655426,1630.6721651677392,-0.006661487686869805
15.33526229498699,93,15,0.5968920201121319,26008.910526514017,26008.52499987125,-0.3855266427672177,54.80693572304022,54.80693572304022,0.0,7.24223998892317,7.242255566727539,1.557780436911571e-05,1713.0,1713.0,0.0,1130.3353267188395,1130.2631403727203,-0.07218634611922425,0.9133921680236404,49074.64012865279,49074.10701699917,-0.5331116536181071,77.30968038589518,77.30968038589519,1.4210854715202004e-14,7.784390462378252,7.7843709921694835,-1.9470208768801456e-05,2964.0,2964.0,0.0,1711.8213155412518,1711.7370587913283,-0.08425674992349741
16.029291977491233,94,0,0.6443574999437932,27288.863654411864,27288.414024458274,-0.449629953589465,54.48398762526815,54.48398749452093,-1.3074721749717355e-07,7.257340110687011,7.257336263992278,-3.846694732523304e-06,1714.0,1714.0,0.0,1184.7221316482965,1184.7051110576958,-0.01702059060062311,0.6587110116410273,49931.04472460448,49930.40500658145,-0.6397180230269441,61.823686189177224,61.823686189177224,0.0,7.78307862189084,7.783075665539652,-2.9563511878549775e-06,2953.0,2953.0,0.0,1738.0302138468328,1738.0154012102835,-0.014812636549322633
16.029291977491233,94,1,0.8781252773941759,26610.94813246867,26612.332535326575,1.384402857904206,56.07123624273795,56.07123624273795,0.0,7.269780111243973,7.269795957157137,1.5845913163836656e-05,1758.0,1758.0,0.0,1141.6300165846656,1141.7301862066402,0.10016962197460089,0.8436592371091182,50609.40073526667,50611.32589802088,1.9251627542107599,62.81594405109261,62.81729088324201,0.0013468321494016777,7.780436118153793,7.780432031586885,-4.086566907979261e-06,2976.0,2976.0,0.0,1807.3206341813864,1807.4492508214055,0.12861664001911777
16.029291977491233,94,2,0.6842957693163363,26621.322960339232,26620.739252383893,-0.5837079553384683,55.818483156384346,55.818483156384346,0.0,7.238636354560714,7.238598627200408,-3.772736030605017e-05,1693.0,1692.0,-1.0,1167.3373760110012,1167.3328487570875,-0.00452725391369313,0.9512420869367253,50965.613266434964,50965.32299118912,-0.2902752458467148,70.37819827009305,70.37819827009305,0.0,7.80123553693175,7.80123290249966,-2.6344320902538243e-06,3034.0,3034.0,0.0,1804.0835451197113,1803.9803809644486,-0.1031641552626752
16.029291977491233,94,3,0.6907810743132848,27487.351676549384,27487.653977599854,0.3023010504693957,55.18229869904498,55.18229869904498,0.0,7.251122496741362,7.251158353808921,3.585706755870888e-05,1736.0,1736.0,0.0,1227.809005157377,1227.671689836979,-0.13731532039787453,0.6125900152655785,49805.900309761,49806.050091848614,0.14978208761749556,62.75703218824237,62.75774236263121,0.0007101743888426881,7.7697531903226995,7.7697397122659595,-1.347805674001279e-05,2911.0,2911.0,0.0,1763.2934091125915,1763.3152249748737,0.02181586228221022
16.029291977491233,94,4,0.6376318855562821,26712.530196810676,26712.521902405548,-0.008294405128253857,51.32941310640879,51.32941310640879,0.0,7.239339773607847,7.239284149341211,-5.562426663630049e-05,1719.0,1719.0,0.0,1189.8056064639898,1189.913857274726,0.10825081073630827,0.7261005506957673,50493.4174296749,50493.828967397574,0.41153772267716704,61.73750659266105,61.73750659266105,0.0,7.786433696529473,7.786421374202015,-1.2322327457958693e-05,2960.0,2960.0,0.0,1768.9632264886632,1769.0620464459416,0.09881995727846515
16.029291977491233,94,5,0.7482666751891768,26680.864827423375,26681.04280493735,0.17797751397665706,56.980092742398185,56.980092742398185,0.0,7.253634699557593,7.25363795059414,3.2510365466364988e-06,1716.0,1716.0,0.0,1161.123803380061,1161.0962465886448,-0.027556791416145643,0.843715431537609,50291.64765602704,50291.16256094737,-0.48509507966809906,62.72052546105591,62.72052546105591,0.0,7.7853703880519465,7.785372955671282,2.567619335813731e-06,2965.0,2965.0,0.0,1764.0277571399463,1763.9832644305789,-0.044492709367432326
16.029291977491233,94,6,0.647249108178501,26737.794508891035,26739.52431488382,1.7298059927852591,57.51765524469258,57.51765524469258,0.0,7.24089613455381,7.240874320455929,-2.181409788093447e-05,1712.0,1712.0,0.0,1187.3569567203137,1187.486663219116,0.12970649880230667,0.8436765612546657,49925.17740078004,49927.81800315606,2.640602376020979,64.16077697641377,64.16080118809985,2.421168608179869e-05,7.78346144689305,7.783435377350744,-2.6069542305329207e-05,2961.0,2962.0,1.0,1758.8164128832814,1759.013960068309,0.19754718502758806
16.029291977491233,94,7,0.8780125555206668,26533.4316616835,26532.508272380182,-0.9233893033160712,56.06007531742377,56.06061833959922,0.0005430221754565423,7.242386674164434,7.24236818980826,-1.8484356174575112e-05,1709.0,1708.0,-1.0,1168.35229810865,1168.238527023154,-0.11377108549618242,0.7565300912497477,51370.19013332848,51369.15632569232,-1.033807636158599,65.59465084209903,65.59465084209897,-5.684341886080802e-14,7.790387765983992,7.790411822936454,2.405695246210371e-05,2977.0,2977.0,0.0,1804.2565405854828,1804.1466284341063,-0.1099121513764203
16.029291977491233,94,8,0.9513021545954716,26392.647301833276,26393.66298954387,1.0156877105946478,58.086570582973366,58.0865705829621,-1.1262102361797588e-11,7.23089305131617,7.230946513722602,5.346240643167022e-05,1695.0,1695.0,0.0,1165.5162090413692,1165.5474140222736,0.031204980904476542,0.7482978448355682,49518.39720939279,49519.65424831641,1.257038923620712,65.49040117944439,65.49040117944439,0.0,7.780405216468852,7.780418871553637,1.365508478556876e-05,2945.0,2945.0,0.0,1742.670965335394,1742.7547377897622,0.08377245436827252
16.029291977491233,94,9,0.5705206459896743,26498.246581863896,26498.399297343443,0.15271547954762354,52.79086569518851,52.79086568813716,-7.051347949982301e-09,7.2371295054272595,7.237123956199362,-5.5492278976387865e-06,1697.0,1697.0,0.0,1162.8791530672904,1162.8674057534397,-0.011747313850719365,0.7702811449019017,50505.00311521933,50504.39521824969,-0.6078969696463901,70.12187614385559,70.12187614385559,0.0,7.783191219564164,7.783158012459495,-3.3207104668697696e-05,2973.0,2973.0,0.0,1781.6346827098782,1781.68640921346,0.0517265035816763
16.029291977491233,94,10,0.9512468074264194,27493.54388335131,27491.34098151692,-2.202901834389195,57.516117991584245,57.516117991584245,0.0,7.254779998882614,7.254770971761405,-9.027121208760036e-06,1730.0,1730.0,0.0,1214.0663152701181,1213.9098337582536,-0.15648151186451287,0.7482922746643446,49315.8060777683,49314.13822294338,-1.6678548249183223,60.85611605765215,60.85611605765215,0.0,7.779108679321526,7.779120795105356,1.2115783829536042e-05,2959.0,2959.0,0.0,1735.8702121108308,1735.7302602017514,-0.13995190907940014
16.029291977491233,94,11,0.6386102767061242,26765.956454420535,26764.80812399241,-1.1483304281246092,61.23528813770366,61.23528813770366,0.0,7.227051628019028,7.227036021769969,-1.5606249059274546e-05,1679.0,1679.0,0.0,1197.4050683324422,1197.349564874263,-0.05550345817914604,0.7787465394885467,50684.125488555175,50683.07448469464,-1.0510038605352747,74.81297181329863,74.81297181329863,0.0,7.779544189031703,7.779525406284824,-1.8782746878720502e-05,2957.0,2957.0,0.0,1820.904705634964,1820.8499965221843,-0.05470911277984669
16.029291977491233,94,12,0.8708744572490472,26810.40487208725,26811.198800046543,0.7939279592937964,60.94830770612145,60.95613608367067,0.00782837754922383,7.228250640498364,7.228260365759676,9.725261311821498e-06,1687.0,1687.0,0.0,1208.7555327340658,1208.8053203978689,0.04978766380304478,0.7788084981830867,50307.90750464068,50308.26703666243,0.3595320217500557,69.45276623881267,69.45276623881267,0.0,7.7843833645381775,7.784386754643127,3.390104949652084e-06,2960.0,2960.0,0.0,1769.8555343485523,1769.8866245581592,0.03109020960687303
16.029291977491233,94,13,0.6767616119696169,27149.76581996304,27149.0968110979,-0.6690088651375845,52.432537150097346,52.432537150097346,0.0,7.249456505659261,7.249422059004967,-3.444665429341853e-05,1706.0,1706.0,0.0,1184.973498403974,1184.9832635540952,0.009765150121211263,0.6637324091211774,50985.83110182152,50985.93256800028,0.10146617876307573,70.84045739103203,70.84045739103193,-9.947598300641403e-14,7.801025860211611,7.801060558076665,3.4697865054056365e-05,3002.0,3002.0,0.0,1782.4216055506713,1782.2975964767393,-0.12400907393202942
16.029291977491233,94,14,0.9512920989814061,27033.849160803333,27034.32746930413,0.4783085007984482,59.883950937492564,59.88395093749266,9.947598300641403e-14,7.249837297614618,7.249859217162941,2.191954832309051e-05,1724.0,1725.0,1.0,1190.0912313144188,1190.0171358933044,-0.07409542111440715,0.663662262912387,49820.70474724025,49821.78236566635,1.0776184261048911,64.47306890577686,64.47306890577686,0.0,7.788990975516091,7.789018456635823,2.7481119731831427e-05,2970.0,2970.0,0.0,1727.3258207132,1727.356696230332,0.030875517132017194
16.029291977491233,94,15,0.9119130681561068,26625.81512159681,26624.81333048275,-1.0017911140603246,59.272208049788546,59.27220061990223,-7.429886316856482e-06,7.232572250463383,7.232594093644604,2.184318122111506e-05,1701.0,1701.0,0.0,1187.0187243119285,1186.8436027205225,-0.1751215914059685,0.7118508502540735,49196.966150070366,49196.77101192256,-0.19513814780657412,68.31025541756529,68.31025541756529,0.0,7.775579269556024,7.775567326187879,-1.1943368145139743e-05,2930.0,2930.0,0.0,1719.7124429751216,1719.7512227722946,0.0387797971729924
16.754731439034888,95,0,0.9139794469104405,28473.63245068679,28474.692904185253,1.0604534984631755,57.71988531212965,57.719883929628494,-1.382501153557314e-06,7.264469085137926,7.264503819090692,3.473395276554214e-05,1738.0,1738.0,0.0,1267.9620257593417,1268.0125866996998,0.05056094035808201,0.8436786699980132,52879.41540772124,52880.57232741947,1.1569196982309222,67.55593217571206,67.55593216122486,-1.4487198995993822e-08,7.793506387717322,7.793508738744262,2.3510269402393646e-06,2990.0,2990.0,0.0,1894.2661519268315,1894.3371494629748,0.07099753614329529
16.754731439034888,95,1,0.7788543802773178,28209.671427867223,28209.643429682867,-0.02799818435596535,57.16815159493768,57.16815159493769,7.105427357601002e-15,7.267149754922858,7.267133519139264,-1.6235783593998576e-05,1750.0,1749.0,-1.0,1250.3363199738553,1250.3046441063686,-0.03167586748668327,0.6907811140877422,52015.737496375485,52016.22755746143,0.49006108594767284,65.90558936836001,65.90558936836001,0.0,7.752403779116843,7.752387832689504,-1.5946427339486036e-05,2850.0,2850.0,0.0,1913.4101450147268,1913.5492211405572,0.1390761258303428
16.754731439034888,95,2,0.6859166019046166,28326.294546573514,28325.40452163256,-0.8900249409525713,55.27211951932078,55.27211951545074,-3.870042064590962e-09,7.267222273236362,7.267234197801336,1.1924564974563623e-05,1750.0,1750.0,0.0,1254.9293582154767,1254.839731086109,-0.08962712936772732,0.8371916107600716,52593.68071174455,52593.75727631617,0.07656457162374863,72.39272553050685,72.39272553050685,0.0,7.756031550325035,7.7560399469507315,8.396625696072135e-06,2889.0,2889.0,0.0,1944.0733394175504,1944.0547872528077,-0.018552164742686728
16.754731439034888,95,3,0.84366359961123,27724.271068341586,27722.927695105984,-1.3433732356024848,56.65318904134721,56.67011687061024,0.016927829263025274,7.25999218273753,7.259977913095764,-1.4269641766873065e-05,1743.0,1743.0,0.0,1225.8791574229622,1225.8149293681347,-0.06422805482748117,0.9900107588845561,52291.286270662604,52289.4332512653,-1.8530193973056157,71.93115191326598,71.93114214620338,-9.767062593368792e-06,7.806149372689532,7.806154733644185,5.360954652644523e-06,3023.0,3023.0,0.0,1827.824139946242,1827.7675832114862,-0.05655673475575895
16.754731439034888,95,4,0.9900436201225802,27564.557116817425,27565.498476124027,0.941359306601953,57.254662244221976,57.254662244221976,0.0,7.246923586122609,7.246955589067031,3.200294442251561e-05,1715.0,1715.0,0.0,1229.4966247045322,1229.5104207789864,0.013796074454148766,0.6636001981224743,53171.513261783955,53172.34239929458,0.8291375106273335,82.83318620328834,82.83318620328835,1.4210854715202004e-14,7.79163814210759,7.791616734045345,-2.1408062245598103e-05,3004.0,3004.0,0.0,1927.1558450925986,1927.3298490936274,0.17400400102883395
16.754731439034888,95,5,0.7010274012336982,28398.462555156482,28398.410755562476,-0.05179959400629741,58.41134468016106,58.41134468016106,0.0,7.242049402257649,7.242101620081462,5.2217823812483743e-05,1708.0,1708.0,0.0,1297.7432147536765,1297.6737304140506,-0.06948433962588751,0.637637386359023,52157.19743247266,52157.09777284918,-0.09965962348360335,73.23228491259226,73.23228491259226,0.0,7.79448799579478,7.794490714999048,2.7192042679757833e-06,3002.0,3003.0,1.0,1875.8839953175254,1875.9188657534037,0.03487043587824701
16.754731439034888,95,6,0.799303497554835,28557.640776548993,28558.350022236475,0.709245687481598,58.09473854600774,58.09473854600774,0.0,7.265693277646017,7.265690793731766,-2.4839142511723367e-06,1736.0,1736.0,0.0,1262.8999244387687,1262.9860461615722,0.08612172280345476,0.778780857966952,53246.63997104173,53247.92659902863,1.2866279868976562,70.42999882702566,70.42999882702566,0.0,7.790257216950091,7.7902331156076485,-2.4101342442683915e-05,2971.0,2971.0,0.0,1906.2499317321415,1906.4605080725999,0.21057634045837403
16.754731439034888,95,7,0.7764035046276541,28286.773540785434,28287.520039921474,0.7464991360393469,56.79551765135722,56.79551765135722,0.0,7.266185601979537,7.266134398931197,-5.1203048339942825e-05,1754.0,1754.0,0.0,1248.7650907588973,1248.897335239729,0.13224448083178686,0.9139751404610141,53482.77870394512,53484.27598266343,1.4972787183069158,74.78006430678717,74.78006430678717,0.0,7.8109028298832595,7.810895812443382,-7.017439877188281e-06,3062.0,3062.0,0.0,1908.2292461224392,1908.388114422458,0.15886830001886665
16.754731439034888,95,8,0.8780244872938997,27588.791544108542,27588.536611647272,-0.25493246127007296,56.851010264456335,56.851010264456335,0.0,7.256087994036562,7.25608258117627,-5.412860292430821e-06,1734.0,1734.0,0.0,1220.3629341800383,1220.3907960077777,0.027861827739343425,0.748227991057136,53004.511468897326,53004.11598433301,-0.3954845643165754,81.10901610308423,81.10902022464634,4.121562113823529e-06,7.788886850604306,7.78889366981527,6.819210963904254e-06,2980.0,2980.0,0.0,1914.3070014746972,1914.2260071252167,-0.08099434948053386
16.754731439034888,95,9,0.7788255167926157,27852.669622679394,27851.78670498245,-0.8829176969447872,69.88599631763182,69.88599631763182,0.0,7.2374270659218265,7.237428546904022,1.4809821955452662e-06,1706.0,1706.0,0.0,1267.959424962132,1267.8810303707962,-0.0783945913358366,0.9311539125459055,53976.27231488157,53976.12298190123,-0.14933298034156905,70.4148708923901,70.4148708923901,0.0,7.807490150008621,7.807517376377826,2.722636920449162e-05,3052.0,3052.0,0.0,1927.4713384670397,1927.3656885808164,-0.10564988622331839
16.754731439034888,95,10,0.8235336941551383,28219.729483988704,28218.532425332043,-1.1970586566603743,57.14298478850143,57.14310697035745,0.00012218185602108633,7.261855801586751,7.261873334777208,1.7533190456830994e-05,1733.0,1733.0,0.0,1243.6911418587374,1243.4279961620057,-0.2631456967317263,0.9139520360929053,52980.52884198439,52979.54053663132,-0.9883053530720645,61.71570406339216,61.71570406339216,0.0,7.797285376561468,7.797296978823248,1.1602261779763978e-05,2985.0,2985.0,0.0,1880.6901669993738,1880.559717943676,-0.13044905569768162
16.754731439034888,95,11,0.7945785982980504,27981.96825932029,27982.16441057617,0.19615125588097726,60.08237724968976,60.08237724968976,0.0,7.24651467980808,7.246495270071459,-1.9409736621511797e-05,1719.0,1719.0,0.0,1253.9932433752056,1254.0205216447223,0.02727826951672796,0.9140095919940262,50506.88540905244,50507.209436331366,0.3240272789262235,68.05613092373672,68.0561309237367,-1.4210854715202004e-14,7.762209832473339,7.762234290248248,2.445777490933665e-05,2926.0,2926.0,0.0,1843.7828188682731,1843.8057411736702,0.022922305397059972
16.754731439034888,95,12,0.63758708032463,27780.43947983873,27779.496420765438,-0.9430590732918063,65.69270225356543,65.69270225356543,0.0,7.228175967184504,7.228198119568598,2.2152384093310218e-05,1699.0,1700.0,1.0,1286.40275303855,1286.2400360826089,-0.1627169559410504,0.8392130337162709,52231.314510885495,52230.76935607178,-0.5451548137134523,65.80346567500396,65.80346567500396,0.0,7.779431755696085,7.779435094365255,3.3386691695724835e-06,2964.0,2964.0,0.0,1883.8241171770856,1883.8429571026402,0.0188399255546301
16.754731439034888,95,13,0.7272433795535072,28049.137853013977,28048.99514609599,-0.1427069179881073,58.82453457346537,58.82453457346335,-2.0179413695586845e-12,7.255688509356653,7.25568886988091,3.605242566706579e-07,1727.0,1727.0,0.0,1244.7630914071583,1244.7419718395697,-0.021119567588584687,0.8295137078874031,50907.91926114684,50907.218522608346,-0.7007385384931695,69.10290554553448,69.10290554553448,0.0,7.754897649096453,7.7548613912648445,-3.625783160821072e-05,2866.0,2867.0,1.0,1857.5508123748623,1857.6177179747656,0.06690559990329348
16.754731439034888,95,14,0.6636093882653842,27468.658884597156,27467.833113740275,-0.8257708568817179,59.64971433844953,59.64971433844953,0.0,7.235937092813975,7.235960245809286,2.315299531119308e-05,1709.0,1709.0,0.0,1247.7953756012728,1247.6885764034837,-0.10679919778908697,0.8781569327247805,52809.96690939856,52808.91918477939,-1.0477246191658196,64.04395393446912,64.04395393446912,0.0,7.783346346747994,7.783363063960488,1.671721249429936e-05,2971.0,2971.0,0.0,1910.93237683664,1910.84946808524,-0.08290875140005483
16.754731439034888,95,15,0.7788204045906599,27611.47087812111,27611.526112719657,0.055234598548850045,53.85132928881126,53.85132928881126,0.0,7.242427087526794,7.242376927756778,-5.0159770015767435e-05,1695.0,1695.0,0.0,1230.015414467742,1230.170055567454,0.15464109971208018,0.778851645779889,53089.37379059578,53089.60887369777,0.2350831019866746,62.94499508575204,62.94499508575204,0.0,7.784641048654853,7.784629535024671,-1.1513630182591328e-05,2952.0,2952.0,0.0,1906.7884862815692,1906.818580808416,0.03009452684682401
17.513002195504342,96,0,0.5967013292629071,29013.31553576082,29013.944191574235,0.6286558134161169,64.0672241530014,64.0672241530014,0.0,7.2317246225081755,7.231755644649421,3.1022141245173884e-05,1697.0,1697.0,0.0,1353.9757348817277,1353.9081572009943,-0.06757768073339321,0.9102435064603458,54026.721364497505,54027.48626644262,0.764901945112797,69.35728303671145,69.35728303671145,0.0,7.7766499945775855,7.776631919200288,-1.8075377297144257e-05,2950.0,2950.0,0.0,1997.796949607298,1997.9278249970719,0.13087538977379154
17.513002195504342,96,1,0.7787421854531791,30195.21872759516,30195.499267985637,0.2805403904785635,60.09954716904023,60.09954716904023,0.0,7.251804268300638,7.251806571347744,2.3030471067997382e-06,1727.0,1727.0,0.0,1386.2602636261095,1386.3417299275104,0.08146630140095112,0.9512474734220073,55892.86832419875,55891.66866391779,-1.199660280959506,71.63158604743958,71.63158604743958,0.0,7.783830252504474,7.783815851425242,-1.4401079232229108e-05,2961.0,2961.0,0.0,2077.212774438667,2077.1411871047844,-0.07158733388268956
17.513002195504342,96,2,0.6635820773075487,30015.66926973212,30016.563507307405,0.894237575284933,58.91982638228672,58.91982414444799,-2.2378387285471035e-06,7.255031951733712,7.255008414512066,-2.353722164638583e-05,1737.0,1737.0,0.0,1392.6031712739464,1392.7258497907542,0.1226785168078095,0.9900300452788787,54694.035354918815,54694.49648058142,0.4611256626085378,76.57245616319447,76.7285456348572,0.15608947166272458,7.778288641082732,7.778256078543627,-3.256253910421947e-05,2945.0,2945.0,0.0,2024.6239781633242,2024.8069547527832,0.18297658945903095
17.513002195504342,96,3,0.786305676721059,29358.104233748374,29357.17598018021,-0.9282535681631998,69.62777220189625,69.62777219996502,-1.931226734086522e-09,7.236811183981256,7.236815629746664,4.445765407368185e-06,1684.0,1684.0,0.0,1359.2624922261932,1359.0023029361055,-0.2601892900877374,0.7267123641007063,54265.74286277918,54264.869601413375,-0.8732613658066839,69.70404251701758,69.70385280436777,-0.00018971264981360036,7.77891115167267,7.778866780940156,-4.437073251395418e-05,2945.0,2944.0,-1.0,2008.7761278642688,2008.8818376466663,0.10570978239752549
17.513002195504342,96,4,0.8436523114019165,29039.161413944486,29040.13822160112,0.9768076566324453,59.854726849288916,59.85472684889309,-3.958291472372366e-10,7.254289160802273,7.254291849932466,2.689130193189726e-06,1728.0,1728.0,0.0,1315.2021833925378,1315.295712650682,0.09352925814414448,0.8173935133158264,55530.66807644433,55531.422284717235,0.754208272905089,78.70400781676481,78.70400781676481,0.0,7.794853527200669,7.79486749302637,1.396582570123428e-05,2992.0,2992.0,0.0,2044.1925255412452,2044.1160230685225,-0.07650247272272281
17.513002195504342,96,5,0.9899952994274239,29039.478407380597,29038.329636532755,-1.1487708478416607,61.65094126344583,61.650941255495084,-7.950745839480078e-09,7.239768330359746,7.239768492176401,1.6181665429826353e-07,1707.0,1707.0,0.0,1347.8562850168832,1347.7684396766995,-0.08784534018377599,0.8121974649021201,52958.72914572467,52958.26389712856,-0.4652485961050843,69.7875026245697,69.78750262454464,-2.5053736862901133e-11,7.7725642248357385,7.772568536419309,4.311583570171251e-06,2934.0,2935.0,1.0,1950.562225033135,1950.4983595413496,-0.06386549178546375
17.513002195504342,96,6,0.6636405875137521,28318.36498168938,28319.12329348917,0.7583117997892259,62.50027344223649,62.50027344223649,0.0,7.211629058308467,7.211646833409558,1.7775101091466183e-05,1665.0,1666.0,1.0,1334.1974076324416,1334.2102387287734,0.01283109633186541,0.8436473162200523,54436.26240238173,54436.19912208328,-0.06328029845462879,66.78653400301427,66.78653400301427,0.0,7.772382783539025,7.772389089595283,6.306056257621151e-06,2906.0,2906.0,0.0,2001.477056550494,2001.3397179063159,-0.13733864417804398
17.513002195504342,96,7,0.9139858878409384,29109.628219156522,29108.80250320323,-0.8257159532913647,61.05905220214433,61.05905220214433,0.0,7.271153037058862,7.271162509208754,9.472149891998072e-06,1750.0,1750.0,0.0,1303.4821878889516,1303.3689967432429,-0.11319114570869715,0.7218361757541587,54082.588589649546,54082.85916657175,0.27057692220114404,66.72540553636019,66.72540553636019,0.0,7.781959241556768,7.781983179380934,2.39378241664312e-05,2945.0,2946.0,1.0,1956.3599046245797,1956.3011452687263,-0.0587593558534536
17.513002195504342,96,8,0.6718428750415045,28801.06791939766,28801.3953841076,0.32746470993879484,64.428646879152,64.428646879152,0.0,7.2476875012392075,7.247697859729314,1.0358490106554541e-05,1725.0,1725.0,0.0,1327.391236952201,1327.442884501368,0.05164754916700076,0.9900531664915319,55358.62034446081,55359.24049114657,0.620146685760119,74.76642500875391,74.76842330169596,0.0019982929420478968,7.7965747710657,7.796567575092823,-7.195972877127588e-06,2993.0,2993.0,0.0,2026.0604638334416,2026.1910446256475,0.1305807922058193
17.513002195504342,96,9,0.9899611173470609,29047.131366722842,29047.432446447598,0.3010797247552546,68.02253799823772,68.02254062436583,2.6261281078632237e-06,7.225801066606312,7.225881931973128,8.086536681606304e-05,1689.0,1689.0,0.0,1375.8952924072858,1375.8462896455503,-0.04900276173543716,0.7136030587104343,55376.7245378795,55377.28424733117,0.559709451670642,70.23235521419105,70.23235521419105,0.0,7.787851467289432,7.7878636617476,1.219445816769138e-05,2958.0,2958.0,0.0,2027.7427199527865,2027.7872917675868,0.044571814800292486
17.513002195504342,96,10,0.8780728018551224,28148.786004000496,28148.239414526306,-0.5465894741901138,66.2258187303435,66.22581873035236,8.853362487570848e-12,7.236762866259574,7.236773139369094,1.0273109520397838e-05,1712.0,1712.0,0.0,1300.1570509322366,1300.111563119219,-0.04548781301764393,0.6906725457192482,55251.81563300763,55251.565781588324,-0.24985141930665122,71.88132553327387,71.88132553327387,0.0,7.780399127863273,7.7803985951658134,-5.326974594765943e-07,2949.0,2949.0,0.0,2029.513790548321,2029.4576043130708,-0.056186235250152095
17.513002195504342,96,11,0.8217762955513921,29032.113453278773,29032.649282535676,0.5358292569035257,67.31591055922816,67.31591055922816,0.0,7.23315886407479,7.233153567821671,-5.2962531187361606e-06,1702.0,1702.0,0.0,1352.6178015194532,1352.6652171224273,0.04741560297406977,0.839428282660446,54769.27377655942,54769.220536597226,-0.05323996219522087,72.18713340798045,72.17289698726672,-0.014236420713729103,7.784677057799218,7.784693200382883,1.6142583664446875e-05,2962.0,2962.0,0.0,2010.5764206138008,2010.53446616818,-0.04195444562083139
17.513002195504342,96,12,0.9512435559815067,29175.653949002415,29177.08286150424,1.4289125018258346,60.61628969055354,60.61628969055354,0.0,7.250608893312835,7.250634760391848,2.586707901297558e-05,1717.0,1717.0,0.0,1325.6586714817856,1325.7706994996931,0.11202801790750527,0.8259391767126589,53949.167766529536,53950.85941595404,1.6916494245015201,66.73557727643855,66.73557732299548,4.655693430777319e-08,7.781016594804671,7.781027180684154,1.0585879483215876e-05,2922.0,2922.0,0.0,1959.9320981243325,1959.8602735685022,-0.07182455583028968
17.513002195504342,96,13,0.7032591062341751,28650.462620494098,28651.24086645648,0.7782459623813338,58.40182148260292,58.40182148260292,0.0,7.237038848402584,7.23701268681338,-2.616158920343281e-05,1686.0,1686.0,0.0,1311.2004892690672,1311.3174929641982,0.1170036951309612,0.848656770446599,55081.17227040125,55081.6879597846,0.5156893833482172,67.34646572134663,67.34646572134663,0.0,7.791050122149547,7.791061235195663,1.1113046116228986e-05,3005.0,3005.0,0.0,2003.679693660674,2003.6939048821032,0.0142112214291501
17.513002195504342,96,14,0.8436859037435773,29580.52640385296,29581.21976437153,0.6933605185695342,67.77079208930759,67.77079208930759,0.0,7.241479596276117,7.241460625050111,-1.8971226006136988e-05,1707.0,1706.0,-1.0,1378.531185623484,1378.5844501603076,0.05326453682368992,0.7482820441039121,54107.04835343215,54107.29946378978,0.2511103576325695,69.74641373561093,69.74641373561093,0.0,7.773236774610663,7.773262665960013,2.5891349349826953e-05,2922.0,2922.0,0.0,1995.102526947607,1994.9844971522782,-0.11802979532876634
17.513002195504342,96,15,0.8436826659793237,28892.941203672508,28894.33814846044,1.3969447879317158,58.163283266669886,58.163283266669886,0.0,7.231135235819056,7.231069100283236,-6.613553582024423e-05,1695.0,1695.0,0.0,1341.290917804528,1341.4442300332873,0.1533122287594324,0.951234209650411,55130.644629904215,55131.032605554436,0.3879756502210512,82.5798856080666,82.5798856080684,1.7905676941154525e-12,7.7839079739222505,7.783917985369705,1.001144745416127e-05,2970.0,2970.0,0.0,2038.3693464217288,2038.3496993321655,-0.01964708956325012
18.30559009648961,97,0,0.8780933302834739,30651.861615567846,30651.853470752143,-0.008144815703417407,61.417445181233006,61.417455830707205,1.0649474198487496e-05,7.252428406562967,7.252453056149161,2.4649586193525863e-05,1746.0,1746.0,0.0,1438.1662476562637,1438.122175099642,-0.04407255662181342,0.8436770561954154,57515.87445221134,57515.64174335278,-0.2327088585589081,74.8607736996695,74.8607736996695,0.0,7.787279912853746,7.7872698292822635,-1.008357148268857e-05,2977.0,2977.0,0.0,2154.085146273304,2154.0497627719806,-0.03538350132339474
18.30559009648961,97,1,0.820688584225989,30299.18618594711,30299.156084580063,-0.030101367046881933,63.58763866009199,63.60808400612992,0.020445346037931245,7.22787942966781,7.227886149925069,6.720257258230333e-06,1678.0,1678.0,0.0,1447.302750405048,1447.292220212078,-0.010530192970009011,0.9139443570287387,58776.01060499092,58776.394630140494,0.3840251495712437,78.66286414940218,78.66286414940218,0.0,7.795159008546605,7.795182605436808,2.3596890202703946e-05,2971.0,2971.0,0.0,2201.3274106640406,2201.26872461349,-0.058686050550477376
18.30559009648961,97,2,0.6760725122886577,31369.78100571643,31370.525286129763,0.7442804133315803,67.20193471429072,67.20205689614673,0.0001221818560139809,7.25144259625635,7.251412026676861,-3.056957948910366e-05,1737.0,1737.0,0.0,1487.8371028353781,1487.9371837992326,0.10008096385445242,0.9347429775271485,54951.16018682327,54952.52422951067,1.3640426874044351,72.2641859604533,72.26402505795711,-0.00016090249619082897,7.78058515427859,7.780571338402362,-1.3815876227951662e-05,2954.0,2954.0,0.0,2031.7407312059977,2031.8080148813413,0.06728367534356039
18.30559009648961,97,3,0.6636656576350681,31118.67199986147,31118.315440973893,-0.35655888757901266,69.29366486984237,69.29366486984237,0.0,7.2623612120447145,7.262360022046878,-1.1899978362706065e-06,1740.0,1740.0,0.0,1466.0445546300618,1466.0336369989216,-0.010917631140273443,0.7787938322100381,56851.71274048855,56851.62871369917,-0.08402678938000463,79.64590018011842,79.64590233021025,2.1500918307992833e-06,7.7905082208443055,7.790520136884023,1.1916039717618787e-05,2969.0,2968.0,-1.0,2105.9854893215343,2105.9295692165547,-0.055920104979577445
18.30559009648961,97,4,0.7809785936833287,31398.594398523583,31399.005475348098,0.4110768245154759,62.622978817423466,62.622978817423466,0.0,7.263330871967151,7.263338641632522,7.769665371526457e-06,1747.0,1747.0,0.0,1468.9459791508968,1468.9368608235932,-0.009118327303667684,0.8780990876208821,55975.377916434256,55975.51536665445,0.13745022019429598,84.12893942485898,84.12892353770975,-1.588714923173029e-05,7.7839671043590375,7.78395693258947,-1.0171769567079991e-05,2973.0,2973.0,0.0,2086.5918764691787,2086.627124023596,0.03524755441731031
18.30559009648961,97,5,0.761645299400423,30739.66077398917,30739.384834430042,-0.27593955912743695,65.52484764782822,65.52484764782822,0.0,7.236546535571376,7.236567905907203,2.1370335826276232e-05,1698.0,1698.0,0.0,1458.2456878014873,1458.2116360204743,-0.03405178101297679,0.7596467436880866,56539.019099919795,56538.77967676424,-0.2394231555517763,67.67548082405311,67.67548082405311,0.0,7.783220114786188,7.7832282237696315,8.10898344383304e-06,2968.0,2968.0,0.0,2113.705249678908,2113.6410218207106,-0.06422785819722776
18.30559009648961,97,6,0.9511942783886276,31351.534158715258,31351.04502664741,-0.48913206784709473,61.49487235965226,61.49487242329377,6.364150806348334e-08,7.2614418833535845,7.2613758569145,-6.602643908415473e-05,1726.0,1726.0,0.0,1459.8502561604457,1459.9327011250655,0.08244496461975359,0.951235081243861,57377.55551055385,57376.98143019002,-0.5740803638327634,76.2362016018434,76.2362016018434,0.0,7.77658877353498,7.776610612872473,2.183933749222433e-05,2946.0,2946.0,0.0,2183.040869090333,2182.890861693503,-0.15000739683000575
18.30559009648961,97,7,0.9512396045387466,31129.486342233933,31129.34271534655,-0.1436268873840163,62.87753760017791,62.87753760017791,0.0,7.249537726683539,7.249470826900873,-6.689978266649632e-05,1726.0,1726.0,0.0,1473.5426701810147,1473.6787547431538,0.13608456213910358,0.9512015627815473,56505.52265626619,56505.48163097279,-0.04102529340161709,77.54935604836862,77.54935604836862,0.0,7.788798933061046,7.788803102865469,4.169804422637924e-06,2966.0,2966.0,0.0,2088.4482537017216,2088.4215318906204,-0.02672181110119709
18.30559009648961,97,8,0.6959562725694108,30277.799233346304,30277.14645385131,-0.65277949499432,64.57899267733079,64.56395199537275,-0.015040681958041091,7.250848790860544,7.250870711889325,2.192102878151303e-05,1714.0,1714.0,0.0,1405.4819135577266,1405.3246016786877,-0.15731187903884347,0.8127740552413025,57734.45084029297,57734.47607623677,0.025235943801817484,78.51988826745176,78.51988826745176,0.0,7.79193664145465,7.791951790953808,1.5149499158262358e-05,2990.0,2991.0,1.0,2168.003004121875,2167.967208963912,-0.035795157963093516
18.30559009648961,97,9,0.8841918159716966,29665.27482069973,29665.377176356036,0.10235565630500787,72.65235378048236,72.65235378048236,0.0,7.232569782307539,7.232624149031379,5.4366723839294195e-05,1687.0,1687.0,0.0,1388.6355045835446,1388.6001323993971,-0.03537218414749077,0.8581762407927772,56546.7466826167,56547.15611781966,0.40943520295695635,71.9217979648973,71.9262881095175,0.004490144620206138,7.785341621662038,7.785315891888649,-2.5729773389215893e-05,2964.0,2964.0,0.0,2116.4014380521367,2116.5546047653847,0.1531667132480834
18.30559009648961,97,10,0.6376316263515267,30073.90233463701,30074.467755254453,0.5654206174440333,63.83810299168416,63.838102913952795,-7.773136445621276e-08,7.24159322235665,7.241565843809505,-2.7378547144962795e-05,1714.0,1714.0,0.0,1414.9852571617737,1415.0435799123916,0.05832275061789005,0.7787521648312834,57380.51060445742,57381.72699606922,1.2163916118006455,84.0062199767561,84.0062199763907,-3.654037072919891e-10,7.796225037983944,7.7962761958308215,5.1157846877813995e-05,3004.0,3004.0,0.0,2137.072781427347,2137.0505479513354,-0.02223347601147907
18.30559009648961,97,11,0.7509256769862679,31455.41950972504,31455.571702582314,0.1521928572728939,70.2442715361486,70.2442715361486,0.0,7.2386832758581585,7.238682088233423,-1.1876247354436487e-06,1708.0,1708.0,0.0,1528.865070647733,1528.8679595544052,0.0028889066720694245,0.990111921797102,56478.99838344297,56478.52910419877,-0.4692792442001519,82.73906068688986,82.73905816373376,-2.523156098277468e-06,7.776482398305969,7.776495120937541,1.2722631571371323e-05,2950.0,2950.0,0.0,2144.19625109763,2144.1429789705126,-0.05327212711745233
18.30559009648961,97,12,0.772018807287264,31363.09647269943,31365.010482977665,1.914010278233036,73.226112425088,73.22611242508802,1.4210854715202004e-14,7.259723056762855,7.259729086576768,6.029813913066562e-06,1726.0,1726.0,0.0,1470.3598832757596,1470.4517451938032,0.09186191804360533,0.7336420446759286,57307.86000128892,57309.53425698028,1.6742556913595763,80.4773138077983,80.47731380779831,1.4210854715202004e-14,7.797463412442305,7.797463897389295,4.849469901202497e-07,3005.0,3005.0,0.0,2135.016113124957,2135.058190685864,0.04207756090681869
18.30559009648961,97,13,0.9900866809042934,30696.493436459736,30696.558109697486,0.06467323774995748,62.63711415202451,62.63711415202451,0.0,7.251630207921814,7.2515930449365325,-3.716298528111395e-05,1727.0,1727.0,0.0,1435.2996094860268,1435.3963754624428,0.09676597641600893,0.9139336051606051,56851.88880849684,56852.21674223388,0.32793373704043915,75.80283838069099,75.80283838069099,0.0,7.793385919759254,7.793408590360603,2.2670601349084052e-05,2976.0,2976.0,0.0,2107.321666393862,2107.286638401742,-0.03502799211992169
18.30559009648961,97,14,0.8436650959876744,30126.83278899687,30127.75173213962,0.9189431427475938,63.91450349846623,63.91450349846623,0.0,7.23239326355486,7.232384181714466,-9.081840393498908e-06,1690.0,1690.0,0.0,1418.104766010835,1418.1663345508998,0.06156854006485446,0.8436708391003649,57488.0006130086,57489.367385146776,1.3667721381789306,82.75327331939651,82.75327329863157,-2.0764943542417313e-08,7.778085307739048,7.77806894778587,-1.6359953177946807e-05,2967.0,2967.0,0.0,2204.00283455514,2204.1505713227043,0.14773676756431087
18.30559009648961,97,15,0.6700771387068533,31544.0827698774,31543.74633945545,-0.3364304219503538,62.923772448661886,62.923772448661886,0.0,7.262513177109339,7.2624827914018715,-3.0385707467495138e-05,1739.0,1739.0,0.0,1467.226187236371,1467.2234764899763,-0.0027107463947686483,0.778808864627355,57834.2210498323,57834.94499191614,0.7239420838450314,75.47181200649709,75.4718120064971,1.4210854715202004e-14,7.788593505147793,7.78862522623021,3.1721082417668356e-05,2986.0,2986.0,0.0,2182.573487311602,2182.5814455742175,0.007958262615375133
19.1340482368419,98,0,0.647990998959922,31950.241140117905,31950.4161470201,0.17500690219458193,70.56296414978377,70.56296414978377,0.0,7.238554458572962,7.23863295947091,7.850089794736448e-05,1706.0,1706.0,0.0,1550.5254946113319,1550.3553480649014,-0.17014654643048743,0.9511911301244974,58950.37594832946,58950.27761639177,-0.09833193769009085,79.73807996803312,79.7380799752626,7.22947390841e-09,7.789365755021285,7.789365786515627,3.149434224525294e-08,2999.0,2999.0,0.0,2271.962280864651,2271.9730548146636,0.01077395001266268
19.1340482368419,98,1,0.7574223556509045,32202.42114926863,32201.983348334557,-0.4378009340725839,65.9841294939267,65.9841294939267,0.0,7.241364624123531,7.241367374632986,2.7505094548629927e-06,1718.0,1716.0,-2.0,1557.5371359101725,1557.4121754418186,-0.12496046835394736,0.9512542115896527,60082.686748163665,60081.686506171754,-1.0002419919110253,80.16147853197074,80.16151073494832,3.220297757877688e-05,7.785691893673242,7.78570116330806,9.269634817954397e-06,2972.0,2972.0,0.0,2307.010269658768,2306.9125372173335,-0.09773244143434567
19.1340482368419,98,2,0.7482592414728573,32060.82128891733,32059.560618237552,-1.2606706797778315,67.50596602223311,67.50596602223307,-4.263256414560601e-14,7.245668241334346,7.245643199996778,-2.5041337567976996e-05,1710.0,1710.0,0.0,1539.6000767597786,1539.573956244091,-0.026120515687580337,0.7482416832197931,59353.85875727261,59352.2707910799,-1.5879661927101552,77.28854092284054,77.28854092284054,0.0,7.768140713336518,7.768127751722545,-1.296161397235096e-05,2916.0,2916.0,0.0,2309.284758852339,2309.1965511687067,-0.0882076836323904
19.1340482368419,98,3,0.7013680798449577,32067.225961597127,32068.356805992567,1.1308443954403629,70.18419127675982,70.18419127675982,0.0,7.246020677672132,7.246052061811719,3.138413958669872e-05,1708.0,1708.0,0.0,1536.7693233144737,1536.84629624369,0.07697292921625376,0.7482405891448649,59955.31573654574,59956.46255094068,1.1468143949459773,72.853596473659,72.33155069689798,-0.5220457767610185,7.777264716323116,7.777264476859318,-2.3946379812400664e-07,2925.0,2925.0,0.0,2317.892303452559,2317.959198693812,0.06689524125295065
19.1340482368419,98,4,0.9511677145120441,32384.42626305452,32381.443801343758,-2.9824617107624363,67.30344430879623,67.30344430879623,0.0,7.238547423696099,7.238500589543179,-4.6834152920283145e-05,1699.0,1699.0,0.0,1567.5062744782044,1567.4576312496063,-0.04864322859816639,0.8436508549216202,59978.8694363958,59976.36986834476,-2.4995680510401144,76.47886585822664,76.47886585822664,0.0,7.793341136455638,7.793334471273597,-6.665182040954676e-06,3002.0,3002.0,0.0,2303.5163543368253,2303.3116570082907,-0.2046973285346212
19.1340482368419,98,5,0.5886091021711539,31527.230961223046,31525.530569193645,-1.7003920294009731,65.04090153657425,64.80595634258215,-0.2349451939921039,7.246741502696285,7.246821487047956,7.998435167166917e-05,1696.0,1696.0,0.0,1498.1186614528094,1497.8192266727694,-0.2994347800399737,0.7483136276747933,60320.004780067655,60317.63020930442,-2.3745707632333506,76.03179070312265,76.0317838162577,-6.886864952093674e-06,7.789297658545991,7.78930431546724,6.656921248904268e-06,2972.0,2972.0,0.0,2297.332179749324,2297.124812871122,-0.20736687820226507
19.1340482368419,98,6,0.8780937017003873,31625.848469275203,31627.64959013891,1.8011208637071832,63.10784348657004,63.107843476858974,-9.711065729334223e-09,7.246362986744794,7.246350994276933,-1.1992467860544309e-05,1721.0,1721.0,0.0,1509.5396790414106,1509.6580501414173,0.11837110000669782,0.8347127387995943,59406.39833928153,59408.023732866655,1.6253935851273127,77.5054136084586,77.50529142660258,-0.0001221818560139809,7.77976476698025,7.779748045881322,-1.6721098927696687e-05,2968.0,2968.0,0.0,2295.6645920606434,2295.773679055842,0.1090869951985951
19.1340482368419,98,7,0.7196054701490222,32086.94473194514,32086.386742935385,-0.5579890097542375,77.93034456911795,77.92311806583658,-0.007226503281373198,7.247045296728034,7.247029322784057,-1.5973943977343197e-05,1698.0,1698.0,0.0,1554.9221453275882,1555.0408928994,0.1187475718118094,0.9139133672239513,59485.237141044214,59485.21953327407,-0.017607770147151314,69.747704958589,69.70893075075729,-0.038774207831707486,7.7832214990183,7.7832388058257855,1.730680748579516e-05,2951.0,2951.0,0.0,2273.751922610951,2273.620627791138,-0.13129481981331992
19.1340482368419,98,8,0.6665192292239436,32235.102166322446,32235.107113681708,0.00494735926258727,66.33728986876618,66.33728986876618,0.0,7.2447014856052,7.24472260575839,2.112015319077898e-05,1720.0,1720.0,0.0,1545.5792665052609,1545.5505607841885,-0.028705721072356027,0.8781171206350821,59733.34320700381,59734.52359431765,1.1803873138414929,79.92640502705729,79.92640502705729,0.0,7.7829489941798355,7.782936054705408,-1.2939474427930975e-05,2954.0,2954.0,0.0,2292.6751789548716,2292.9143653739716,0.2391864190999513
19.1340482368419,98,9,0.849558515002485,32411.132726164953,32409.780193189556,-1.3525329753974802,64.50370588854754,64.50370588854754,0.0,7.252002719617237,7.251975401201928,-2.7318415308563715e-05,1713.0,1712.0,-1.0,1537.5621175502793,1537.4991352266754,-0.06298232360381917,0.8780091382464033,58806.07380395898,58805.47972525824,-0.5940787007348263,77.5806807092981,77.5806807092981,0.0,7.780869373198463,7.780887487808403,1.8114609940056425e-05,2952.0,2952.0,0.0,2243.6912674581267,2243.581574694884,-0.10969276324294697
19.1340482368419,98,10,0.6981492502339308,32132.46355396379,32133.21561810497,0.7520641411792894,69.12730938813812,69.12730938817403,3.5910829865315463e-11,7.253970829651379,7.253988883176565,1.8053525185912633e-05,1735.0,1735.0,0.0,1543.875941934341,1543.9046587467192,0.02871681237820667,0.989966926476177,59083.19257995928,59083.93106790586,0.7384879465826089,77.19143259634322,77.19143259634322,0.0,7.782686704949805,7.782679237515042,-7.467434762986613e-06,2970.0,2970.0,0.0,2274.0914032305964,2274.1621777104842,0.07077447988785934
19.1340482368419,98,11,0.8742515896707455,31891.107431409502,31890.881555498872,-0.22587591062983847,70.97755531025074,70.97537872944777,-0.0021765808029670097,7.250928349537716,7.250927372408662,-9.771290541138455e-07,1725.0,1725.0,0.0,1542.6619730846778,1542.632689491534,-0.029283593143873077,0.7412483377430551,60441.12470746433,60440.961690213226,-0.163017251106794,76.84830530572711,76.84830530572711,0.0,7.787480196913508,7.787467979851979,-1.2217061529540274e-05,2962.0,2962.0,0.0,2320.0257080293572,2320.03077255008,0.005064520722953603
19.1340482368419,98,12,0.8436529878408605,31928.46580127572,31927.495164273332,-0.9706370023886848,63.518217363704466,63.518217363704466,0.0,7.260550148843907,7.260573683246282,2.3534402374458807e-05,1738.0,1738.0,0.0,1501.5321450693893,1501.5246125520227,-0.007532517366598768,0.8056080823671271,59970.38812385304,59969.411051054805,-0.9770727982322569,75.93388375181877,75.93388375181877,0.0,7.780829663391881,7.780838555188021,8.891796140275687e-06,2968.0,2968.0,0.0,2306.4641915628317,2306.4571329168944,-0.00705864593737715
19.1340482368419,98,13,0.9900559661623742,31309.858582931418,31308.614641634213,-1.2439412972053105,68.43081330907593,68.43081330907593,0.0,7.239887108706663,7.239872363713659,-1.474499300346821e-05,1706.0,1706.0,0.0,1499.6172397681958,1499.537903163286,-0.07933660490971306,0.9899991419462371,60142.62456812028,60141.26828517407,-1.3562829462098307,74.226290548348,74.226290548348,0.0,7.795539045777623,7.795550940584942,1.1894807318668654e-05,2972.0,2972.0,0.0,2276.7832186749974,2276.4988551636425,-0.28436351135496807
19.1340482368419,98,14,0.8780682874466137,31383.46204438604,31383.770992565158,0.30894817911757855,70.81681600384728,70.78979951448177,-0.027016489365507823,7.247111100848687,7.247110340781262,-7.600674249985673e-07,1720.0,1720.0,0.0,1495.3677033257834,1495.3791529689693,0.011449643185869718,0.9900267692475323,59756.52263037977,59757.55427513295,1.0316447531804442,73.57974945308779,73.57974945308779,0.0,7.801121926654269,7.801146360782438,2.4434128168770997e-05,2997.0,2997.0,0.0,2264.61542845146,2264.531370516087,-0.08405793537303907
19.1340482368419,98,15,0.7788309362254878,32282.514973406076,32282.836297088495,0.32132368241946097,63.961542082686805,63.96159698253289,5.4899846084310866e-05,7.236610384413862,7.23662354130791,1.3156894048016454e-05,1688.0,1688.0,0.0,1565.2160433813738,1565.2880749269036,0.07203154552985325,0.9901245361332198,59166.898750902736,59167.48304414801,0.5842932452724199,77.94760117968715,77.94760117968715,0.0,7.775314384326096,7.775313810404924,-5.739211719202331e-07,2939.0,2938.0,-1.0,2291.043933467661,2291.020212476653,-0.023720991008303827
20.0,99,0,0.8927883773747882,33409.801175103865,33409.314367731924,-0.486807371940813,69.05872933816174,69.05872933816174,0.0,7.246731316622874,7.246771931439337,4.061481646289167e-05,1724.0,1724.0,0.0,1649.757661745433,1649.5801976086063,-0.17746413682675666,0.9900508492827296,64202.57045224126,64202.64579786842,0.07534562715591164,78.89577547563592,78.89577547563592,0.0,7.80708518685902,7.807081870345217,-3.316513802253951e-06,3033.0,3033.0,0.0,2501.6530518911236,2501.6125948772697,-0.040457013853938406
20.0,99,1,0.9867732777243996,32998.73489634443,32997.817338674286,-0.9175576701454702,71.75800702718263,71.75800702718263,0.0,7.223091796658078,7.223073956266859,-1.7840391219436924e-05,1668.0,1668.0,0.0,1648.7966482192696,1648.8369915791448,0.0403433598751235,0.6803013888430813,63606.74490892073,63605.58102477601,-1.163884144720214,92.52722622239682,92.52722622239682,0.0,7.788046207150338,7.7880369475664235,-9.259583914733582e-06,2964.0,2964.0,0.0,2494.8281094899453,2494.700751599567,-0.12735789037833456
20.0,99,2,0.8436999441861787,33625.40236914226,33624.779303342904,-0.6230657993583009,71.6163348107511,71.61633480369942,-7.051681905068108e-09,7.243089440618287,7.243122497334355,3.305671606756988e-05,1717.0,1717.0,0.0,1670.291563545331,1669.9866617288683,-0.30490181646268866,0.8436314385649764,61425.85412539984,61425.109519687554,-0.7446057122870116,89.02739537481402,89.02739537481402,0.0,7.775845268164175,7.775856561886952,1.1293722777416804e-05,2948.0,2948.0,0.0,2431.3903447231282,2431.2619161540993,-0.12842856902898347
20.0,99,3,0.6126062267211502,33592.09138067286,33592.330803584824,0.23942291196726728,67.16530412324892,67.16530412324892,0.0,7.241293545758506,7.241300738036065,7.192277559298077e-06,1719.0,1719.0,0.0,1658.8709476368078,1658.8558712152262,-0.015076421581625254,0.6830425027636061,61675.82172364365,61675.93253423962,0.11081059597199783,88.59378952519239,88.59378952519239,0.0,7.78210713508917,7.782113672824519,6.5377353486439915e-06,2969.0,2969.0,0.0,2426.119050500494,2426.200393833706,0.08134333321231679
20.0,99,4,0.9513126671470589,33549.83031984407,33550.373138538285,0.5428186942153843,76.10238791143266,76.10238791143266,0.0,7.2640481758021584,7.264038910885712,-9.264916446483085e-06,1759.0,1759.0,0.0,1644.0610679313816,1644.1819711348185,0.12090320343691019,0.9512542993214087,62406.09927290608,62406.83992225284,0.7406493467569817,84.35478481439208,84.35443442641616,-0.00035038797591369075,7.786063297135172,7.786070087345365,6.79021019323045e-06,2968.0,2968.0,0.0,2449.5462549384843,2449.7053674184413,0.1591124799570025
20.0,99,5,0.6693791043160241,33110.18795087988,33108.857718335355,-1.3302325445256429,71.37215604702115,71.37215604702115,0.0,7.232753157519012,7.232771607388821,1.8449869808812025e-05,1681.0,1681.0,0.0,1640.9999879957597,1640.84058658397,-0.15940141178975864,0.9900453845199577,63050.81983809427,63048.85356504855,-1.9662730457202997,79.71567599737831,79.71567599737831,0.0,7.793550773110466,7.793562809746181,1.2036635714807176e-05,2959.0,2959.0,0.0,2440.9041664697506,2440.744584022492,-0.15958244725879922
20.0,99,6,0.778731527579497,34084.51978050206,34083.80745431753,-0.7123261845263187,64.62600299955957,64.62600299955957,0.0,7.25744721489563,7.257494065991743,4.685109611290983e-05,1724.0,1724.0,0.0,1661.2040309860095,1661.0139701280032,-0.1900608580062908,0.9900490662186343,62048.815283627264,62048.36384590157,-0.4514377256928128,87.58694259936753,87.58694259936753,0.0,7.789767099482371,7.789779413559774,1.2314077403097201e-05,2982.0,2982.0,0.0,2437.725876373132,2437.691816865163,-0.034059507968777325
20.0,99,7,0.7849352005555037,32922.12727892471,32921.32665181737,-0.8006271073390963,80.76198810832285,80.76198810832285,0.0,7.2345390912264484,7.234516089078605,-2.300214784334287e-05,1688.0,1688.0,0.0,1607.7257043443028,1607.6611549229472,-0.06454942135565034,0.9512098514968182,63193.66452422201,63193.18683901166,-0.4776852103532292,78.66902496466335,78.66902496466335,0.0,7.788660227439933,7.788669228111104,9.000671171044416e-06,2960.0,2960.0,0.0,2470.4721831621337,2470.4309757496526,-0.041207412481071515
20.0,99,8,0.8781024586118733,32248.205568119345,32247.64069484988,-0.5648732694644423,71.2003380098832,71.20033802167055,1.178734976292617e-08,7.223013823300786,7.223054030314984,4.0207014198045954e-05,1674.0,1674.0,0.0,1584.5437527249285,1584.4714983181548,-0.07225440677370898,0.8780798608530935,62732.74804599321,62731.57014576554,-1.1779002276743995,82.78023211999499,82.78023211999499,0.0,7.790386578490416,7.7903819446498215,-4.633840594792105e-06,3017.0,3017.0,0.0,2484.4623208653566,2484.4998357055006,0.03751484014401285
20.0,99,9,0.737124275854069,33282.12496715858,33281.13693596549,-0.9880311930901371,69.13088528437447,69.13088528437447,0.0,7.246239561644963,7.246287349079756,4.7787434793278294e-05,1716.0,1716.0,0.0,1633.5584743216843,1633.3942911180711,-0.16418320361322003,0.878046833375669,62349.537621104566,62349.050838216026,-0.48678288853989216,89.70873959268542,89.70873551507735,-4.077608068087102e-06,7.7780142057344674,7.778021966080027,7.76034555993732e-06,2943.0,2942.0,-1.0,2450.4979952635194,2450.3632137733875,-0.13478149013189977
20.0,99,10,0.8649683548653109,33494.76699730732,33496.22627193469,1.4592746273701778,69.20653678158257,69.20653678158257,0.0,7.260078749028759,7.260086616220095,7.867191335719781e-06,1736.0,1737.0,1.0,1614.3338187373317,1614.470189679121,0.1363709417892096,0.9901347723354788,62227.612635143225,62228.99855510107,1.3859199578437256,82.47577559711722,82.47577559711722,0.0,7.788543781117758,7.788522195028125,-2.1586089633096606e-05,2978.0,2978.0,0.0,2430.451997770199,2430.657506095518,0.20550832531898777
20.0,99,11,0.8437106496557101,32886.083591313014,32885.46335636567,-0.6202349473460345,70.43236569480676,70.43236569444134,-3.654179181467043e-10,7.255476642908886,7.255481771814087,5.12890520099063e-06,1726.0,1726.0,0.0,1594.993023675119,1594.9327447402516,-0.06027893486748326,0.916017038410899,61507.697785988974,61506.6407068389,-1.0570791500722407,80.18541282710729,80.05667792351949,-0.12873490358779804,7.774778954053971,7.774791665318551,1.2711264579579051e-05,2929.0,2929.0,0.0,2413.1230039702587,2413.0225989831406,-0.10040498711805412
20.0,99,12,0.7787170962153078,33939.17314667346,33939.35703483499,0.18388816152582876,78.17296199808207,78.17296199808207,0.0,7.252292848961436,7.252275073309606,-1.7775651829587957e-05,1729.0,1729.0,0.0,1677.8343065496658,1677.7293815463809,-0.10492500328496135,0.9512464908177383,62526.53563886669,62525.54477230978,-0.9908665569091681,83.5044130275832,83.5044130275832,0.0,7.782513101442357,7.782518073000748,4.971558390742814e-06,2944.0,2944.0,0.0,2453.2535568632607,2453.114410609724,-0.13914625353663723
20.0,99,13,0.9901268675574336,33430.61872097983,33429.87589302355,-0.7428279562809621,74.7600117577338,73.84608057246257,-0.9139311852712382,7.252227837736875,7.2522639006992335,3.606296235858508e-05,1710.0,1710.0,0.0,1627.9661717870313,1627.507637316675,-0.45853447035619865,0.7603673717890147,62125.551607209076,62126.19729473442,0.6456875253425096,82.05453363932203,82.05453363932203,0.0,7.791246620538534,7.791246243053745,-3.7748478831645116e-07,2983.0,2983.0,0.0,2406.4306834434365,2406.487309878031,0.05662643459436367
20.0,99,14,0.9332896276641611,33250.826968045105,33248.9935491941,-1.8334188510052627,68.85528434401813,68.85528434401813,0.0,7.267214816207175,7.267201988446979,-1.2827760195399662e-05,1768.0,1768.0,0.0,1609.6750313112827,1609.5267525580437,-0.14827875323908302,0.8780687741757909,63617.352319970225,63615.07869693406,-2.273623036162462,79.94691151268296,79.94691151267712,-5.8406612879480235e-12,7.794921522603603,7.794940208515415,1.8685911812532652e-05,2988.0,2988.0,0.0,2483.337485465291,2483.171345940177,-0.16613952511397656
20.0,99,15,0.8437515846156187,33263.839997997464,33264.37580914369,0.5358111462264787,71.14913369323749,71.14913369323749,0.0,7.244574166227155,7.244573877840866,-2.8838628907124075e-07,1722.0,1722.0,0.0,1648.2056716638742,1648.2907296684737,0.08505800459943202,0.7788163410357034,63222.49480552931,63223.926491206184,1.431685676870984,86.81260938251016,86.81260938251016,0.0,7.798865190998609,7.798875004131899,9.813133289959808e-06,3012.0,3012.0,0.0,2467.5599497765047,2467.554524725151,-0.005425051353540766
