matrix_size,lesion_sigma_px,sigma,sigma_index,realization,dprime_analytic,h0_bottleneck_normalized,h1_bottleneck_normalized
64,3.0,0.25,0,0,21.269446210866192,0.5739963338457532,0.6674618352717228
64,3.0,0.25,0,1,21.269446210866192,0.9562022679248161,0.8126921265911368
64,3.0,0.25,0,2,21.269446210866192,0.657822293209793,0.47369985565632294
64,3.0,0.25,0,3,21.269446210866192,0.6945030375599976,0.6579505086766768
64,3.0,0.25,0,4,21.269446210866192,0.40415422524849487,0.5432092391612935
64,3.0,0.25,0,5,21.269446210866192,0.7547724424974867,0.8203537787441558
64,3.0,0.25,0,6,21.269446210866192,0.6967050280766237,1.2052322394390758
64,3.0,0.25,0,7,21.269446210866192,0.6623362492291701,0.7066720513230182
64,3.0,0.25,0,8,21.269446210866192,0.4827304836929752,1.2205881200582342
64,3.0,0.25,0,9,21.269446210866192,0.6353288044894725,0.4769919612605722
64,3.0,0.25,0,10,21.269446210866192,0.837795163367894,0.7918641641657533
64,3.0,0.25,0,11,21.269446210866192,0.6009650446129015,0.5969129136002237
64,3.0,0.25,0,12,21.269446210866192,1.235185579947042,0.6899971272500658
64,3.0,0.25,0,13,21.269446210866192,0.7329252928529534,0.8006237594648441
64,3.0,0.25,0,14,21.269446210866192,1.0166377859227436,0.721281990579046
64,3.0,0.25,0,15,21.269446210866192,0.6994742595394292,0.7517941035573824
64,3.0,0.35,1,0,15.19246157919014,0.5638574794359253,0.6432335662284775
64,3.0,0.35,1,1,15.19246157919014,0.809744985160154,0.8344823521199347
64,3.0,0.35,1,2,15.19246157919014,0.4826229399848399,0.7055869862166809
64,3.0,0.35,1,3,15.19246157919014,0.9698683773632614,0.617020608091007
64,3.0,0.35,1,4,15.19246157919014,0.7348238265815878,0.6671275698934068
64,3.0,0.35,1,5,15.19246157919014,1.0224344428114822,0.9862684300860411
64,3.0,0.35,1,6,15.19246157919014,0.8243597676844301,0.6914497106273962
64,3.0,0.35,1,7,15.19246157919014,0.8131708575571304,0.898496675893698
64,3.0,0.35,1,8,15.19246157919014,0.8226420542942584,1.0007254812577715
64,3.0,0.35,1,9,15.19246157919014,0.6309183973954222,0.26022408615371856
64,3.0,0.35,1,10,15.19246157919014,0.5732862438214229,1.0263151125862173
64,3.0,0.35,1,11,15.19246157919014,0.6429938081558116,0.9864948056121198
64,3.0,0.35,1,12,15.19246157919014,0.44471221674833,0.6782804629730336
64,3.0,0.35,1,13,15.19246157919014,0.6793558639579971,0.7397747409534996
64,3.0,0.35,1,14,15.19246157919014,0.8827121639313557,0.5645936510129498
64,3.0,0.35,1,15,15.19246157919014,0.9793155904447258,1.1526646471547708
64,3.0,0.5,2,0,10.634723105433096,0.4150097593231997,0.4402693103064086
64,3.0,0.5,2,1,10.634723105433096,0.41058759163482195,0.5023478423304055
64,3.0,0.5,2,2,10.634723105433096,0.5242409259752194,0.4483184444406061
64,3.0,0.5,2,3,10.634723105433096,0.7500358565035145,0.7508471565908259
64,3.0,0.5,2,4,10.634723105433096,0.7121711644960784,0.29571340004778934
64,3.0,0.5,2,5,10.634723105433096,0.3672439670399851,0.48623239595442785
64,3.0,0.5,2,6,10.634723105433096,0.766361024632716,0.7302641007983832
64,3.0,0.5,2,7,10.634723105433096,0.8440515429572553,0.47325396718217616
64,3.0,0.5,2,8,10.634723105433096,0.37296130978906766,0.47809116040950467
64,3.0,0.5,2,9,10.634723105433096,0.5245865603791178,0.30789231080013063
64,3.0,0.5,2,10,10.634723105433096,0.3526177007205197,0.36609071518732095
64,3.0,0.5,2,11,10.634723105433096,0.49117534366343846,0.6143742482062915
64,3.0,0.5,2,12,10.634723105433096,0.4532483955292268,0.3248839287792776
64,3.0,0.5,2,13,10.634723105433096,0.42171094682865984,0.30176539049573115
64,3.0,0.5,2,14,10.634723105433096,0.9919470567545683,0.30824434442920523
64,3.0,0.5,2,15,10.634723105433096,0.3569724746073211,1.1498166506643135
64,3.0,0.5,2,16,10.634723105433096,0.8394661930491046,0.47952444286045404
64,3.0,0.5,2,17,10.634723105433096,0.537722896494348,0.4394542616332338
64,3.0,0.5,2,18,10.634723105433096,0.72825339784962,0.2086453027003774
64,3.0,0.5,2,19,10.634723105433096,0.6498535899651564,0.7274212249059888
64,3.0,0.5,2,20,10.634723105433096,0.5853991687090938,0.5010197072214411
64,3.0,0.5,2,21,10.634723105433096,0.715650388047726,0.5366450792350728
64,3.0,0.5,2,22,10.634723105433096,0.52028202577385,0.7630938009222176
64,3.0,0.5,2,23,10.634723105433096,0.7290965236075695,0.4809664177415679
64,3.0,0.5,2,24,10.634723105433096,0.6756328109233898,1.065064780814175
64,3.0,0.5,2,25,10.634723105433096,0.8316577507865159,0.17549809654637033
64,3.0,0.5,2,26,10.634723105433096,0.43959164456010297,0.4569093628554306
64,3.0,0.5,2,27,10.634723105433096,0.7508874761370521,0.5135692501955298
64,3.0,0.5,2,28,10.634723105433096,1.0113070277990817,0.3584254190147338
64,3.0,0.5,2,29,10.634723105433096,0.6181444362454143,0.3287971439090561
64,3.0,0.5,2,30,10.634723105433096,0.9953021229443577,0.3782432319636436
64,3.0,0.5,2,31,10.634723105433096,0.4958335061490222,1.0681803490244652
64,3.0,0.5,2,32,10.634723105433096,0.44799491300119687,0.7364390010975771
64,3.0,0.5,2,33,10.634723105433096,0.8947341544349408,0.25697332079031254
64,3.0,0.5,2,34,10.634723105433096,0.8010095392103942,0.424887763214265
64,3.0,0.5,2,35,10.634723105433096,0.737252888082451,0.5172933265445802
64,3.0,0.5,2,36,10.634723105433096,0.643163148729847,0.6498062872398265
64,3.0,0.5,2,37,10.634723105433096,0.8158551060847822,0.6208999058548801
64,3.0,0.5,2,38,10.634723105433096,0.610932512969103,0.4404748582416511
64,3.0,0.5,2,39,10.634723105433096,0.5005382283942046,0.6778915625582715
64,3.0,0.5,2,40,10.634723105433096,0.6987856984252716,0.633704134888581
64,3.0,0.5,2,41,10.634723105433096,0.9301005187150861,0.4568903511608883
64,3.0,0.5,2,42,10.634723105433096,0.5964450068339868,0.58701871277161
64,3.0,0.5,2,43,10.634723105433096,0.43554004058458495,0.5232197527600773
64,3.0,0.5,2,44,10.634723105433096,0.8404575269436362,0.629009259072117
64,3.0,0.5,2,45,10.634723105433096,0.2827071058557331,0.46186544859917034
64,3.0,0.5,2,46,10.634723105433096,0.7776160392682081,0.2222843985184937
64,3.0,0.5,2,47,10.634723105433096,0.4050196214032523,0.34957867247377805
64,3.0,0.5,2,48,10.634723105433096,0.6431327535977049,0.7316847978259493
64,3.0,0.5,2,49,10.634723105433096,0.5916224630671729,0.7282374613131721
64,3.0,0.5,2,50,10.634723105433096,0.5250968494352972,1.0420096992673862
64,3.0,0.5,2,51,10.634723105433096,0.7340802338930649,0.3389914370453347
64,3.0,0.5,2,52,10.634723105433096,0.7412999084390646,0.39108069924364974
64,3.0,0.5,2,53,10.634723105433096,0.5951230755438848,0.4064808744022392
64,3.0,0.5,2,54,10.634723105433096,0.8197557522015202,0.28838724646407754
64,3.0,0.5,2,55,10.634723105433096,0.535333040586403,0.6573577170545738
64,3.0,0.5,2,56,10.634723105433096,0.7621784316990134,0.5044873796991115
64,3.0,0.5,2,57,10.634723105433096,0.5704137597178531,0.47779567438809023
64,3.0,0.5,2,58,10.634723105433096,0.6921420073389899,0.24013724906786954
64,3.0,0.5,2,59,10.634723105433096,0.4831980986326643,0.4845921878694398
64,3.0,0.5,2,60,10.634723105433096,0.39041526072821076,1.259551386845232
64,3.0,0.5,2,61,10.634723105433096,0.8437031509527425,0.2222891882309242
64,3.0,0.5,2,62,10.634723105433096,0.9029317011054647,0.5748841397238098
64,3.0,0.5,2,63,10.634723105433096,0.9052859806280358,0.380661686973647
64,3.0,0.65,3,0,8.180556234948535,0.4290519858199422,0.5903363075026962
64,3.0,0.65,3,1,8.180556234948535,0.5670668785472691,0.7731375238275765
64,3.0,0.65,3,2,8.180556234948535,0.4350156482993469,0.22131468388212405
64,3.0,0.65,3,3,8.180556234948535,0.314787157880696,0.5298116138345084
64,3.0,0.65,3,4,8.180556234948535,0.32261805661804666,0.5470514364646779
64,3.0,0.65,3,5,8.180556234948535,0.35335766834693816,0.6391709860111795
64,3.0,0.65,3,6,8.180556234948535,0.6368627581312701,0.2685673548909368
64,3.0,0.65,3,7,8.180556234948535,0.6714770829949119,0.24901818158839223
64,3.0,0.65,3,8,8.180556234948535,0.44011296675469613,0.29354353042156284
64,3.0,0.65,3,9,8.180556234948535,0.7270315012888627,0.6248813177918597
64,3.0,0.65,3,10,8.180556234948535,0.3166725310801457,0.38910558280660906
64,3.0,0.65,3,11,8.180556234948535,0.37838755227400844,0.6729545183224684
64,3.0,0.65,3,12,8.180556234948535,0.8935769499917956,0.8040819915608607
64,3.0,0.65,3,13,8.180556234948535,0.501208283388401,0.3122228379027267
64,3.0,0.65,3,14,8.180556234948535,0.8377211683506997,0.7290073554030778
64,3.0,0.65,3,15,8.180556234948535,0.5022332049739648,0.42020865380262984
64,3.0,0.65,3,16,8.180556234948535,0.49395905157139525,0.30420736426287515
64,3.0,0.65,3,17,8.180556234948535,0.3834067434834338,0.30651641823667336
64,3.0,0.65,3,18,8.180556234948535,0.7786900886815075,0.5616518640054424
64,3.0,0.65,3,19,8.180556234948535,0.32964311155824566,0.5810301236579035
64,3.0,0.65,3,20,8.180556234948535,0.33457226130684964,0.48807908446131976
64,3.0,0.65,3,21,8.180556234948535,0.40930158023115665,0.4007259370998016
64,3.0,0.65,3,22,8.180556234948535,0.49080115196105095,0.33585146076276434
64,3.0,0.65,3,23,8.180556234948535,0.5374835222066489,0.33743295355315284
64,3.0,0.65,3,24,8.180556234948535,0.18620397864978513,0.33258498036971934
64,3.0,0.65,3,25,8.180556234948535,0.5994516605439971,0.36669824342476304
64,3.0,0.65,3,26,8.180556234948535,0.5490853843087204,0.6797033055046872
64,3.0,0.65,3,27,8.180556234948535,0.4892990001968746,0.34119095349322703
64,3.0,0.65,3,28,8.180556234948535,0.712670770134069,0.7761058449303168
64,3.0,0.65,3,29,8.180556234948535,0.35914101835540313,0.7683566427899212
64,3.0,0.65,3,30,8.180556234948535,0.49750445857580483,0.5695474421764946
64,3.0,0.65,3,31,8.180556234948535,0.7064530552496255,0.519691299328135
64,3.0,0.65,3,32,8.180556234948535,0.38051857006109213,0.31491725957179184
64,3.0,0.65,3,33,8.180556234948535,0.4827687144691065,0.17264370442619464
64,3.0,0.65,3,34,8.180556234948535,0.7945238017189853,0.37917176851076967
64,3.0,0.65,3,35,8.180556234948535,0.8203217888369612,0.39193503421786785
64,3.0,0.65,3,36,8.180556234948535,0.664003738383906,0.5601634536445443
64,3.0,0.65,3,37,8.180556234948535,0.22319580807055914,0.41613827564635625
64,3.0,0.65,3,38,8.180556234948535,0.2588625009416579,0.48101847008445875
64,3.0,0.65,3,39,8.180556234948535,0.4169980464878818,0.2719060809568774
64,3.0,0.65,3,40,8.180556234948535,0.44235647041383575,0.3568193578500687
64,3.0,0.65,3,41,8.180556234948535,0.2949153924179371,0.6396142120599535
64,3.0,0.65,3,42,8.180556234948535,0.564768594725009,0.29946201825705304
64,3.0,0.65,3,43,8.180556234948535,0.3531433764749514,0.27778543818140966
64,3.0,0.65,3,44,8.180556234948535,0.23939615972534287,0.18690217261235775
64,3.0,0.65,3,45,8.180556234948535,0.28276867325568616,0.2594115025800593
64,3.0,0.65,3,46,8.180556234948535,0.23427053562714145,0.20776694796023193
64,3.0,0.65,3,47,8.180556234948535,0.47735140268088766,0.6375825538386696
64,3.0,0.65,3,48,8.180556234948535,0.42682547798713094,0.2272969005066932
64,3.0,0.65,3,49,8.180556234948535,0.26579118167699456,0.22796522089704832
64,3.0,0.65,3,50,8.180556234948535,0.2918895029874908,0.31099453217644113
64,3.0,0.65,3,51,8.180556234948535,0.46408425252117846,0.2346545831740245
64,3.0,0.65,3,52,8.180556234948535,0.2926299231513134,0.34925144360657173
64,3.0,0.65,3,53,8.180556234948535,0.5048090931054875,0.579231165834423
64,3.0,0.65,3,54,8.180556234948535,0.5330401916707053,0.24275257576684445
64,3.0,0.65,3,55,8.180556234948535,0.4184401917742236,0.767343963195579
64,3.0,0.65,3,56,8.180556234948535,0.4785081622979347,0.44425437216586655
64,3.0,0.65,3,57,8.180556234948535,0.39880836276594095,0.3040721036076386
64,3.0,0.65,3,58,8.180556234948535,0.5502792084609047,0.33244942588759324
64,3.0,0.65,3,59,8.180556234948535,0.3384851966216645,0.23723043808275374
64,3.0,0.65,3,60,8.180556234948535,0.3883608190722453,0.36474391090223407
64,3.0,0.65,3,61,8.180556234948535,0.4636739509899955,0.24276888680576936
64,3.0,0.65,3,62,8.180556234948535,0.32950319980521064,0.4334547010554409
64,3.0,0.65,3,63,8.180556234948535,0.3313461123712794,0.25861912174901414
64,3.0,0.8,4,0,6.646701940895685,0.3971854931266386,0.7346955384827405
64,3.0,0.8,4,1,6.646701940895685,0.6438075366376717,0.363532162368866
64,3.0,0.8,4,2,6.646701940895685,0.15771637597420818,0.5280183363021342
64,3.0,0.8,4,3,6.646701940895685,0.31403004870327683,0.19428708235474232
64,3.0,0.8,4,4,6.646701940895685,0.3264130446973934,0.24728636004686264
64,3.0,0.8,4,5,6.646701940895685,0.29015840258213754,0.22587762583508406
64,3.0,0.8,4,6,6.646701940895685,0.4749399637935887,0.3949351072799941
64,3.0,0.8,4,7,6.646701940895685,0.17913377588289564,0.34676901228588697
64,3.0,0.8,4,8,6.646701940895685,0.20299162104299098,0.3939446382194679
64,3.0,0.8,4,9,6.646701940895685,0.8743230014090233,0.3179323445143443
64,3.0,0.8,4,10,6.646701940895685,0.4823975794376431,0.4191816896770581
64,3.0,0.8,4,11,6.646701940895685,0.472279515198936,0.5095482107588714
64,3.0,0.8,4,12,6.646701940895685,0.18442552139428545,0.2712898896617677
64,3.0,0.8,4,13,6.646701940895685,0.26304159857404735,0.5392689292404279
64,3.0,0.8,4,14,6.646701940895685,0.2141777528507748,0.6196657550659147
64,3.0,0.8,4,15,6.646701940895685,0.3502657981595847,0.24515051398164753
64,3.0,0.8,4,16,6.646701940895685,0.40274537810816285,0.2709904377607492
64,3.0,0.8,4,17,6.646701940895685,0.654893391554934,0.29007372869759046
64,3.0,0.8,4,18,6.646701940895685,0.5612116716712056,0.2090985744353426
64,3.0,0.8,4,19,6.646701940895685,0.5794138493269305,0.41934516233056635
64,3.0,0.8,4,20,6.646701940895685,0.2665378361789502,0.37449375193763695
64,3.0,0.8,4,21,6.646701940895685,0.62317982994517,0.26645520534233896
64,3.0,0.8,4,22,6.646701940895685,0.30354485657450486,0.2954558861621573
64,3.0,0.8,4,23,6.646701940895685,0.3663695439006115,0.8711305732089025
64,3.0,0.8,4,24,6.646701940895685,0.5555207040975049,0.3361499635843754
64,3.0,0.8,4,25,6.646701940895685,0.2654737604471599,0.20538111562732483
64,3.0,0.8,4,26,6.646701940895685,0.4265715509672936,0.3794248412655286
64,3.0,0.8,4,27,6.646701940895685,0.24622161264693548,0.19929106218192455
64,3.0,0.8,4,28,6.646701940895685,0.32983956982444224,0.2843831631843105
64,3.0,0.8,4,29,6.646701940895685,0.47180593869098797,0.42186752029506613
64,3.0,0.8,4,30,6.646701940895685,0.5761645700973395,0.4001643598689506
64,3.0,0.8,4,31,6.646701940895685,0.18870585405509663,0.2453342197757631
64,3.0,0.8,4,32,6.646701940895685,0.2054073709424172,0.32349553833756595
64,3.0,0.8,4,33,6.646701940895685,0.4315647257561456,0.22072939959176202
64,3.0,0.8,4,34,6.646701940895685,0.4140047615139933,0.1711444503591346
64,3.0,0.8,4,35,6.646701940895685,0.458273480793538,0.35996722788058255
64,3.0,0.8,4,36,6.646701940895685,0.35513165636339233,0.19492398703462552
64,3.0,0.8,4,37,6.646701940895685,0.5998941902968324,0.20756719824192096
64,3.0,0.8,4,38,6.646701940895685,0.17268176143068825,0.27985870034748145
64,3.0,0.8,4,39,6.646701940895685,0.6860336560995686,0.268270037771718
64,3.0,0.8,4,40,6.646701940895685,0.3044321333828335,0.15902752179817062
64,3.0,0.8,4,41,6.646701940895685,0.6450371889172831,0.2278852810850903
64,3.0,0.8,4,42,6.646701940895685,0.2853973821418303,0.40152403192215885
64,3.0,0.8,4,43,6.646701940895685,0.6372696924658502,0.24765992527835448
64,3.0,0.8,4,44,6.646701940895685,0.2360577473550742,0.30681018827863543
64,3.0,0.8,4,45,6.646701940895685,0.2974825478699192,0.21692388459668466
64,3.0,0.8,4,46,6.646701940895685,0.28775629450162055,0.3615562336341757
64,3.0,0.8,4,47,6.646701940895685,0.525228714587371,0.12184027654679588
64,3.0,0.8,4,48,6.646701940895685,0.4914118986994735,0.6241988283759643
64,3.0,0.8,4,49,6.646701940895685,0.49367086120319353,0.36190320336648585
64,3.0,0.8,4,50,6.646701940895685,0.687860581847487,0.3622853969535921
64,3.0,0.8,4,51,6.646701940895685,0.5633911647377213,0.33525129156769234
64,3.0,0.8,4,52,6.646701940895685,0.2876751058186912,0.6035586285534148
64,3.0,0.8,4,53,6.646701940895685,0.2122520224597584,0.24793646361909524
64,3.0,0.8,4,54,6.646701940895685,0.6307875528509044,0.22237497598490946
64,3.0,0.8,4,55,6.646701940895685,0.36874536558436727,0.18403205606310183
64,3.0,0.8,4,56,6.646701940895685,0.3181241211931572,0.1422636982926132
64,3.0,0.8,4,57,6.646701940895685,0.17010895155436517,0.4399130804041261
64,3.0,0.8,4,58,6.646701940895685,0.17514576351911532,0.12941558860491564
64,3.0,0.8,4,59,6.646701940895685,0.16167253827163655,0.3536278969130228
64,3.0,0.8,4,60,6.646701940895685,0.30796693396688585,0.345068921095618
64,3.0,0.8,4,61,6.646701940895685,0.3249484905481574,0.15846375009780428
64,3.0,0.8,4,62,6.646701940895685,0.41139141927072215,0.36727843316226666
64,3.0,0.8,4,63,6.646701940895685,0.2012573157777446,0.1751203300075188
64,3.0,1.0,5,0,5.317361552716548,0.3135450028173282,0.3307463299798421
64,3.0,1.0,5,1,5.317361552716548,0.2539040856010286,0.17089200646832414
64,3.0,1.0,5,2,5.317361552716548,0.3456396125447682,0.2018383684373774
64,3.0,1.0,5,3,5.317361552716548,0.0862035958389323,0.24603184238817777
64,3.0,1.0,5,4,5.317361552716548,0.290476841407165,0.22573803107324764
64,3.0,1.0,5,5,5.317361552716548,0.1317268874162552,0.276920623925123
64,3.0,1.0,5,6,5.317361552716548,0.1667763298624888,0.27304906797496725
64,3.0,1.0,5,7,5.317361552716548,0.11569313259213612,0.21862106157388123
64,3.0,1.0,5,8,5.317361552716548,0.14542367218768476,0.4301624524165022
64,3.0,1.0,5,9,5.317361552716548,0.43167160608186694,0.2757819527393175
64,3.0,1.0,5,10,5.317361552716548,0.3372177990994387,0.3119478341423605
64,3.0,1.0,5,11,5.317361552716548,0.41954262325989594,0.18855382138394047
64,3.0,1.0,5,12,5.317361552716548,0.2597857063653619,0.19527375950108838
64,3.0,1.0,5,13,5.317361552716548,0.4049589672485593,0.6563800773967536
64,3.0,1.0,5,14,5.317361552716548,0.1651727126791565,0.2870997255801947
64,3.0,1.0,5,15,5.317361552716548,0.2714009531057903,0.21913857003692028
64,3.0,1.0,5,16,5.317361552716548,0.2881856393194609,0.1787484469150342
64,3.0,1.0,5,17,5.317361552716548,0.13742448106337252,0.6776624954186624
64,3.0,1.0,5,18,5.317361552716548,0.1782117750945187,0.3497909400850407
64,3.0,1.0,5,19,5.317361552716548,0.32946432134725545,0.2433538131960074
64,3.0,1.0,5,20,5.317361552716548,0.48596963905300744,0.47161163844414355
64,3.0,1.0,5,21,5.317361552716548,0.21255655146029234,0.47508916340423585
64,3.0,1.0,5,22,5.317361552716548,0.17102317194700828,0.1771627382404548
64,3.0,1.0,5,23,5.317361552716548,0.15958324417940178,0.5694725138017654
64,3.0,1.0,5,24,5.317361552716548,0.39851614491331955,0.7007327131735714
64,3.0,1.0,5,25,5.317361552716548,0.4187640339293919,0.2784508958604656
64,3.0,1.0,5,26,5.317361552716548,0.8703894453752641,0.13624825999358547
64,3.0,1.0,5,27,5.317361552716548,0.3144341500442942,0.12988540263536796
64,3.0,1.0,5,28,5.317361552716548,0.5937408926934045,0.3984398593367853
64,3.0,1.0,5,29,5.317361552716548,0.4217143892129467,0.1841674462321456
64,3.0,1.0,5,30,5.317361552716548,0.4434101935694816,0.39824423328194114
64,3.0,1.0,5,31,5.317361552716548,0.14114857136483333,0.20045960740132673
64,3.0,1.0,5,32,5.317361552716548,0.21759279590719577,0.30385690804028587
64,3.0,1.0,5,33,5.317361552716548,0.24466764209748165,0.23885977800632452
64,3.0,1.0,5,34,5.317361552716548,0.4229258703456962,0.21235884534615626
64,3.0,1.0,5,35,5.317361552716548,0.1407490133416146,0.1325838920203302
64,3.0,1.0,5,36,5.317361552716548,0.266730856118286,0.3130275329390695
64,3.0,1.0,5,37,5.317361552716548,0.17775514753794514,0.24353122052093176
64,3.0,1.0,5,38,5.317361552716548,0.2774735144853862,0.18488177748664636
64,3.0,1.0,5,39,5.317361552716548,0.2650241742924079,0.2030873899587733
64,3.0,1.0,5,40,5.317361552716548,0.2848846262953594,0.37144039441219734
64,3.0,1.0,5,41,5.317361552716548,0.487931033615007,0.39511956880641697
64,3.0,1.0,5,42,5.317361552716548,0.2684992260876954,0.29196789011226776
64,3.0,1.0,5,43,5.317361552716548,0.3912242844220508,0.1928342872325718
64,3.0,1.0,5,44,5.317361552716548,0.37678884687513103,0.27491431884614614
64,3.0,1.0,5,45,5.317361552716548,0.5608257707438838,0.34120252878240226
64,3.0,1.0,5,46,5.317361552716548,0.13894152033407564,0.18176562416912467
64,3.0,1.0,5,47,5.317361552716548,0.23479618023006044,0.3441154745019666
64,3.0,1.0,5,48,5.317361552716548,0.4010343539374891,0.2680243157406063
64,3.0,1.0,5,49,5.317361552716548,0.22797735625039328,0.19682259938241076
64,3.0,1.0,5,50,5.317361552716548,0.17071741091078674,0.22072413600122037
64,3.0,1.0,5,51,5.317361552716548,0.17572598065998218,0.2563183368727207
64,3.0,1.0,5,52,5.317361552716548,0.24815733041412827,0.20440257686278174
64,3.0,1.0,5,53,5.317361552716548,0.24972949536806563,0.23725375076816657
64,3.0,1.0,5,54,5.317361552716548,0.314492087457394,0.2593211618679442
64,3.0,1.0,5,55,5.317361552716548,0.2630782679515925,0.2723473973588259
64,3.0,1.0,5,56,5.317361552716548,0.22604921039321874,0.30401500429844686
64,3.0,1.0,5,57,5.317361552716548,0.14660484975452373,0.2010419830043224
64,3.0,1.0,5,58,5.317361552716548,0.3967425270325744,0.29167712721243777
64,3.0,1.0,5,59,5.317361552716548,0.14826469489816524,0.30780840359605827
64,3.0,1.0,5,60,5.317361552716548,0.3859189398062725,0.3028088870851515
64,3.0,1.0,5,61,5.317361552716548,0.29032070195969684,0.2674174581014272
64,3.0,1.0,5,62,5.317361552716548,0.1472638376568421,0.15633592189048803
64,3.0,1.0,5,63,5.317361552716548,0.2858918720007638,0.19779096256687817
64,3.0,1.25,6,0,4.253889242173239,0.19907238400931446,0.49885540408190004
64,3.0,1.25,6,1,4.253889242173239,0.40598187864399815,0.3210607581507866
64,3.0,1.25,6,2,4.253889242173239,0.2582892433054315,0.09936124804337035
64,3.0,1.25,6,3,4.253889242173239,0.368203851359854,0.18637509826756232
64,3.0,1.25,6,4,4.253889242173239,0.23734278506734469,0.18043201982090648
64,3.0,1.25,6,5,4.253889242173239,0.15350377750593064,0.10577938355235965
64,3.0,1.25,6,6,4.253889242173239,0.17549413281316914,0.23444198006254952
64,3.0,1.25,6,7,4.253889242173239,0.6029078508601803,0.37461532808665365
64,3.0,1.25,6,8,4.253889242173239,0.19585472284855104,0.1965061242563985
64,3.0,1.25,6,9,4.253889242173239,0.141300138982225,0.30084757489313574
64,3.0,1.25,6,10,4.253889242173239,0.1449254293705215,0.28830089945398124
64,3.0,1.25,6,11,4.253889242173239,0.2657343777175186,0.16093626389424795
64,3.0,1.25,6,12,4.253889242173239,0.16099229020228606,0.1539383648083777
64,3.0,1.25,6,13,4.253889242173239,0.16101415331700208,0.18725904277613833
64,3.0,1.25,6,14,4.253889242173239,0.36951936293867566,0.2074854054099499
64,3.0,1.25,6,15,4.253889242173239,0.20896633813909213,0.14978627061268845
64,3.0,1.25,6,16,4.253889242173239,0.4093426238943749,0.13867007876943377
64,3.0,1.25,6,17,4.253889242173239,0.22764673468880972,0.14090797447664416
64,3.0,1.25,6,18,4.253889242173239,0.15727330444996673,0.2745480524035547
64,3.0,1.25,6,19,4.253889242173239,0.10633566214497894,0.23354621391720637
64,3.0,1.25,6,20,4.253889242173239,0.30995745968638067,0.15215095875209256
64,3.0,1.25,6,21,4.253889242173239,0.2552001533734198,0.27093716723956635
64,3.0,1.25,6,22,4.253889242173239,0.19324767287851746,0.17043578975024012
64,3.0,1.25,6,23,4.253889242173239,0.3497957271215958,0.2876280062800783
64,3.0,1.25,6,24,4.253889242173239,0.21283376011743868,0.25369082597780857
64,3.0,1.25,6,25,4.253889242173239,0.40507935608074597,0.22863668859421798
64,3.0,1.25,6,26,4.253889242173239,0.5973663040322204,0.26687420664301875
64,3.0,1.25,6,27,4.253889242173239,0.3553899719459208,0.23864218525251166
64,3.0,1.25,6,28,4.253889242173239,0.17773555871233554,0.16099717884607845
64,3.0,1.25,6,29,4.253889242173239,0.2169465422705473,0.11839632975384866
64,3.0,1.25,6,30,4.253889242173239,0.15025767632494755,0.2089291010087543
64,3.0,1.25,6,31,4.253889242173239,0.34252828887077164,0.2518590386706138
64,3.0,1.25,6,32,4.253889242173239,0.6656143454238792,0.151445473714096
64,3.0,1.25,6,33,4.253889242173239,0.15167550370880456,0.3029707735840634
64,3.0,1.25,6,34,4.253889242173239,0.1696092165767569,0.1552632595875642
64,3.0,1.25,6,35,4.253889242173239,0.37252083461870866,0.25967617928827325
64,3.0,1.25,6,36,4.253889242173239,0.2102614467908559,0.13940364548481915
64,3.0,1.25,6,37,4.253889242173239,0.18180870443949967,0.3574640531931392
64,3.0,1.25,6,38,4.253889242173239,0.15350783122510991,0.5391283790997564
64,3.0,1.25,6,39,4.253889242173239,0.13114585421166072,0.19679281111732252
64,3.0,1.25,6,40,4.253889242173239,0.2168369465415406,0.23615433862926602
64,3.0,1.25,6,41,4.253889242173239,0.23891312037100096,0.32178525147980086
64,3.0,1.25,6,42,4.253889242173239,0.22722295104958423,0.16438857059082737
64,3.0,1.25,6,43,4.253889242173239,0.17779762043784536,0.373723127381269
64,3.0,1.25,6,44,4.253889242173239,0.286219730404024,0.27343141694711703
64,3.0,1.25,6,45,4.253889242173239,0.21648050010337894,0.25615520719722185
64,3.0,1.25,6,46,4.253889242173239,0.22642770186780234,0.15286524523289508
64,3.0,1.25,6,47,4.253889242173239,0.3500497017418103,0.3350039342148102
64,3.0,1.25,6,48,4.253889242173239,0.15418710379717063,0.13981365338955515
64,3.0,1.25,6,49,4.253889242173239,0.279184747261183,0.2136657950087653
64,3.0,1.25,6,50,4.253889242173239,0.13638592296256355,0.25202624892738806
64,3.0,1.25,6,51,4.253889242173239,0.20265897089147683,0.13861566396110098
64,3.0,1.25,6,52,4.253889242173239,0.2982219794653996,0.2561236165688315
64,3.0,1.25,6,53,4.253889242173239,0.18489554296518068,0.11634412437335229
64,3.0,1.25,6,54,4.253889242173239,0.16045464897564807,0.21997980444286486
64,3.0,1.25,6,55,4.253889242173239,0.2796475429480647,0.26785865084001725
64,3.0,1.25,6,56,4.253889242173239,0.17079490173789252,0.1934532719542032
64,3.0,1.25,6,57,4.253889242173239,0.20509134561508996,0.20783884126231103
64,3.0,1.25,6,58,4.253889242173239,0.1842458698214337,0.12621400167221836
64,3.0,1.25,6,59,4.253889242173239,0.41193636444663434,0.13513127324824542
64,3.0,1.25,6,60,4.253889242173239,0.2052267610966557,0.15811518627075133
64,3.0,1.25,6,61,4.253889242173239,0.4196198531521237,0.10564294845707323
64,3.0,1.25,6,62,4.253889242173239,0.33404235914045355,0.12238715777290184
64,3.0,1.25,6,63,4.253889242173239,0.2878714148602812,0.3327435586198593
64,3.0,1.6,7,0,3.3233509704478426,0.29823808068671614,0.2573572723782827
64,3.0,1.6,7,1,3.3233509704478426,0.14549020903910734,0.17915925576757571
64,3.0,1.6,7,2,3.3233509704478426,0.12825763835852919,0.13079127172684107
64,3.0,1.6,7,3,3.3233509704478426,0.17623770177941844,0.18203115740688364
64,3.0,1.6,7,4,3.3233509704478426,0.1440597984465694,0.30429165258027924
64,3.0,1.6,7,5,3.3233509704478426,0.1307587891680887,0.1400402170693686
64,3.0,1.6,7,6,3.3233509704478426,0.21856144840631883,0.23739997034543936
64,3.0,1.6,7,7,3.3233509704478426,0.15813701883297177,0.22428502876704343
64,3.0,1.6,7,8,3.3233509704478426,0.3091872150997252,0.11481127402239238
64,3.0,1.6,7,9,3.3233509704478426,0.1769634093279128,0.22799065146147263
64,3.0,1.6,7,10,3.3233509704478426,0.13158775681548063,0.1602578424523364
64,3.0,1.6,7,11,3.3233509704478426,0.1806534259518857,0.17556975438113775
64,3.0,1.6,7,12,3.3233509704478426,0.14602338250106706,0.17457481008901357
64,3.0,1.6,7,13,3.3233509704478426,0.17252326484673694,0.10944942678663995
64,3.0,1.6,7,14,3.3233509704478426,0.19167167512931824,0.3652303243776231
64,3.0,1.6,7,15,3.3233509704478426,0.1648018238288899,0.25453519468767943
64,3.0,1.6,7,16,3.3233509704478426,0.3601326932973823,0.21635729032779846
64,3.0,1.6,7,17,3.3233509704478426,0.22067097820977327,0.1388894994307171
64,3.0,1.6,7,18,3.3233509704478426,0.16241032595504806,0.1845023558937942
64,3.0,1.6,7,19,3.3233509704478426,0.12932613542831253,0.4355088531335119
64,3.0,1.6,7,20,3.3233509704478426,0.15683337584364543,0.15857829757145697
64,3.0,1.6,7,21,3.3233509704478426,0.12825099279369992,0.139253534752741
64,3.0,1.6,7,22,3.3233509704478426,0.36437017925278353,0.13696760487759913
64,3.0,1.6,7,23,3.3233509704478426,0.2985824802581262,0.15924503139821886
64,3.0,1.6,7,24,3.3233509704478426,0.18072716105625863,0.17012831368929132
64,3.0,1.6,7,25,3.3233509704478426,0.19653661425679073,0.1625052930479679
64,3.0,1.6,7,26,3.3233509704478426,0.285027680307192,0.6078798469667814
64,3.0,1.6,7,27,3.3233509704478426,0.16381591711848123,0.11980440168266607
64,3.0,1.6,7,28,3.3233509704478426,0.4132310995169508,0.3540698201665133
64,3.0,1.6,7,29,3.3233509704478426,0.18377183883417236,0.12886456388257814
64,3.0,1.6,7,30,3.3233509704478426,0.14390830863863782,0.13269034114688302
64,3.0,1.6,7,31,3.3233509704478426,0.3846892295652221,0.13380748390312067
64,3.0,1.6,7,32,3.3233509704478426,0.44464050350417067,0.2192411925915362
64,3.0,1.6,7,33,3.3233509704478426,0.08887530600076539,0.19480706522971727
64,3.0,1.6,7,34,3.3233509704478426,0.21690446682785253,0.2236229393779475
64,3.0,1.6,7,35,3.3233509704478426,0.21972106948535727,0.16871265446211703
64,3.0,1.6,7,36,3.3233509704478426,0.2253162614115502,0.10942210616837592
64,3.0,1.6,7,37,3.3233509704478426,0.33243380684899,0.19109732310941785
64,3.0,1.6,7,38,3.3233509704478426,0.15539875881836257,0.2493828658317957
64,3.0,1.6,7,39,3.3233509704478426,0.1668033564137724,0.15961721716584418
64,3.0,1.6,7,40,3.3233509704478426,0.4726089177798698,0.1287453633990052
64,3.0,1.6,7,41,3.3233509704478426,0.23366971128691377,0.15692423137038117
64,3.0,1.6,7,42,3.3233509704478426,0.11480680388835576,0.12361948472561393
64,3.0,1.6,7,43,3.3233509704478426,0.1243024176224955,0.4327662278121039
64,3.0,1.6,7,44,3.3233509704478426,0.1577992269168716,0.2759414425504388
64,3.0,1.6,7,45,3.3233509704478426,0.12555674915918663,0.13485871305435151
64,3.0,1.6,7,46,3.3233509704478426,0.14448925667383714,0.22360131534824648
64,3.0,1.6,7,47,3.3233509704478426,0.13686502236610998,0.143388329388491
64,3.0,1.6,7,48,3.3233509704478426,0.16297092044333078,0.19702824327725138
64,3.0,1.6,7,49,3.3233509704478426,0.10938643506870718,0.20007814243268046
64,3.0,1.6,7,50,3.3233509704478426,0.2733503109099893,0.18897018740180463
64,3.0,1.6,7,51,3.3233509704478426,0.2905980242951458,0.19952433514374163
64,3.0,1.6,7,52,3.3233509704478426,0.12533974012134777,0.19031454704627798
64,3.0,1.6,7,53,3.3233509704478426,0.2138737464959819,0.1450703715688933
64,3.0,1.6,7,54,3.3233509704478426,0.17666988894943927,0.15172633602928645
64,3.0,1.6,7,55,3.3233509704478426,0.2140587323022274,0.09842766642276304
64,3.0,1.6,7,56,3.3233509704478426,0.1406865966470278,0.17034444633399767
64,3.0,1.6,7,57,3.3233509704478426,0.15727527012873393,0.21353583624651581
64,3.0,1.6,7,58,3.3233509704478426,0.12866604378775412,0.19759955065225826
64,3.0,1.6,7,59,3.3233509704478426,0.11414294200850973,0.14515685354723967
64,3.0,1.6,7,60,3.3233509704478426,0.21279951214943194,0.16863925960392537
64,3.0,1.6,7,61,3.3233509704478426,0.30001447397937697,0.12515891472971455
64,3.0,1.6,7,62,3.3233509704478426,0.19908250748666945,0.17107713068396332
64,3.0,1.6,7,63,3.3233509704478426,0.15867603267193892,0.14749628831463288
64,3.0,2.0,8,0,2.658680776358274,0.20381462679881443,0.1772631583064419
64,3.0,2.0,8,1,2.658680776358274,0.11345169603069204,0.289993440293846
64,3.0,2.0,8,2,2.658680776358274,0.11145362254783048,0.2496861537304194
64,3.0,2.0,8,3,2.658680776358274,0.17397931549724135,0.17579039425515364
64,3.0,2.0,8,4,2.658680776358274,0.09140596994112396,0.24970407110018272
64,3.0,2.0,8,5,2.658680776358274,0.3220726877713449,0.2041977574928988
64,3.0,2.0,8,6,2.658680776358274,0.16901072296282438,0.2929853340744397
64,3.0,2.0,8,7,2.658680776358274,0.15175427664223526,0.1464214507824169
64,3.0,2.0,8,8,2.658680776358274,0.22342362845901514,0.14679429883011702
64,3.0,2.0,8,9,2.658680776358274,0.24734183753361022,0.11471763823445744
64,3.0,2.0,8,10,2.658680776358274,0.15215755195060343,0.16277355104635008
64,3.0,2.0,8,11,2.658680776358274,0.1295731702755336,0.18203857828729839
64,3.0,2.0,8,12,2.658680776358274,0.33377344594198755,0.1615553709445261
64,3.0,2.0,8,13,2.658680776358274,0.08726072712906432,0.19653272993317578
64,3.0,2.0,8,14,2.658680776358274,0.13540453108851697,0.16412474325489063
64,3.0,2.0,8,15,2.658680776358274,0.180249802717042,0.2793070992197607
64,3.0,2.0,8,16,2.658680776358274,0.15221429325928487,0.13809140781821194
64,3.0,2.0,8,17,2.658680776358274,0.09238631724279255,0.2510875819753035
64,3.0,2.0,8,18,2.658680776358274,0.21691056780799065,0.09899175237497804
64,3.0,2.0,8,19,2.658680776358274,0.20957533300979225,0.25514931930626783
64,3.0,2.0,8,20,2.658680776358274,0.11199139718306636,0.12991924559118434
64,3.0,2.0,8,21,2.658680776358274,0.13651917190490032,0.10329531414131256
64,3.0,2.0,8,22,2.658680776358274,0.15654954873240737,0.11371425106758676
64,3.0,2.0,8,23,2.658680776358274,0.197133625727191,0.16009369241229726
64,3.0,2.0,8,24,2.658680776358274,0.09841619248775167,0.2722111428502424
64,3.0,2.0,8,25,2.658680776358274,0.14912850158245355,0.10329848504063381
64,3.0,2.0,8,26,2.658680776358274,0.11470997206351327,0.09608052601632407
64,3.0,2.0,8,27,2.658680776358274,0.20631778629452746,0.24967509336830718
64,3.0,2.0,8,28,2.658680776358274,0.10651191416217173,0.11555635206977624
64,3.0,2.0,8,29,2.658680776358274,0.34047908494849166,0.12819785784473803
64,3.0,2.0,8,30,2.658680776358274,0.10073987717807634,0.2496660025623902
64,3.0,2.0,8,31,2.658680776358274,0.13849271258666995,0.17298182785190985
64,3.0,2.0,8,32,2.658680776358274,0.21176475774176612,0.2694645825757016
64,3.0,2.0,8,33,2.658680776358274,0.18858057793916655,0.2077251383229164
64,3.0,2.0,8,34,2.658680776358274,0.11099970937650408,0.19434509444877288
64,3.0,2.0,8,35,2.658680776358274,0.1806542106573107,0.3118091615998782
64,3.0,2.0,8,36,2.658680776358274,0.16008659583067358,0.15867072567859702
64,3.0,2.0,8,37,2.658680776358274,0.15108798347879882,0.18799910723725052
64,3.0,2.0,8,38,2.658680776358274,0.10011067697008826,0.1098771818025194
64,3.0,2.0,8,39,2.658680776358274,0.1341901633639661,0.12591818316964987
64,3.0,2.0,8,40,2.658680776358274,0.17889516244803527,0.10444606343683718
64,3.0,2.0,8,41,2.658680776358274,0.15046901409984037,0.15845090337002432
64,3.0,2.0,8,42,2.658680776358274,0.4351518752372933,0.34845671616978746
64,3.0,2.0,8,43,2.658680776358274,0.260619186223846,0.14373259525906912
64,3.0,2.0,8,44,2.658680776358274,0.35024849548270254,0.24968829723079344
64,3.0,2.0,8,45,2.658680776358274,0.09412436718030273,0.1188271227344607
64,3.0,2.0,8,46,2.658680776358274,0.2395901799567942,0.1146963757884521
64,3.0,2.0,8,47,2.658680776358274,0.2304666987785261,0.11469192022809417
64,3.0,2.0,8,48,2.658680776358274,0.13421540466272786,0.1449630615342702
64,3.0,2.0,8,49,2.658680776358274,0.2518848312415685,0.4599357393472927
64,3.0,2.0,8,50,2.658680776358274,0.2347361156101484,0.15710519023607916
64,3.0,2.0,8,51,2.658680776358274,0.08915502707230571,0.20570020679167866
64,3.0,2.0,8,52,2.658680776358274,0.11500246995585595,0.09185703209368277
64,3.0,2.0,8,53,2.658680776358274,0.3331321141343898,0.26204284557473134
64,3.0,2.0,8,54,2.658680776358274,0.16025141999590042,0.18264133341832658
64,3.0,2.0,8,55,2.658680776358274,0.34844282340540533,0.16067054923809646
64,3.0,2.0,8,56,2.658680776358274,0.21481788958833392,0.13653098633514962
64,3.0,2.0,8,57,2.658680776358274,0.1448571812208278,0.09184223339912688
64,3.0,2.0,8,58,2.658680776358274,0.19057427580612002,0.22344918708363906
64,3.0,2.0,8,59,2.658680776358274,0.14759750161090335,0.14326747294051284
64,3.0,2.0,8,60,2.658680776358274,0.1438433458676458,0.1419405238304043
64,3.0,2.0,8,61,2.658680776358274,0.22466231571046022,0.2255875873045362
64,3.0,2.0,8,62,2.658680776358274,0.13435712699555505,0.1611079590284444
64,3.0,2.0,8,63,2.658680776358274,0.1569977439402174,0.09543342038141353
64,3.0,2.5,9,0,2.1269446210866194,0.1080239058746995,0.13722480797322803
64,3.0,2.5,9,1,2.1269446210866194,0.3459366627292095,0.14311384175639322
64,3.0,2.5,9,2,2.1269446210866194,0.19290726509610717,0.08861359700458102
64,3.0,2.5,9,3,2.1269446210866194,0.13177454500652808,0.20181589853320933
64,3.0,2.5,9,4,2.1269446210866194,0.19054382443851647,0.10258702828873711
64,3.0,2.5,9,5,2.1269446210866194,0.14637727455001065,0.1431042153404706
64,3.0,2.5,9,6,2.1269446210866194,0.38902890834086057,0.12282195711756608
64,3.0,2.5,9,7,2.1269446210866194,0.11461721602174682,0.2056942811208203
64,3.0,2.5,9,8,2.1269446210866194,0.09174436811046294,0.0864609455211394
64,3.0,2.5,9,9,2.1269446210866194,0.12878932950026875,0.1109939055956108
64,3.0,2.5,9,10,2.1269446210866194,0.11110396229769696,0.2846028724896196
64,3.0,2.5,9,11,2.1269446210866194,0.10247437095654348,0.11163128204604826
64,3.0,2.5,9,12,2.1269446210866194,0.1997309895269701,0.12806620776626282
64,3.0,2.5,9,13,2.1269446210866194,0.13378017567848136,0.10401991045912369
64,3.0,2.5,9,14,2.1269446210866194,0.11837823937113612,0.09243782698493008
64,3.0,2.5,9,15,2.1269446210866194,0.20125547545638475,0.12123616473691365
64,3.0,2.5,9,16,2.1269446210866194,0.10276288135049046,0.2737470500197957
64,3.0,2.5,9,17,2.1269446210866194,0.19973836082884766,0.1280749294138171
64,3.0,2.5,9,18,2.1269446210866194,0.21390061857016268,0.0994164112766561
64,3.0,2.5,9,19,2.1269446210866194,0.18162232532409553,0.1970552804065851
64,3.0,2.5,9,20,2.1269446210866194,0.126142928320285,0.1057443392032917
64,3.0,2.5,9,21,2.1269446210866194,0.1609636632729185,0.1437599183484485
64,3.0,2.5,9,22,2.1269446210866194,0.08183129791700257,0.19977705480847727
64,3.0,2.5,9,23,2.1269446210866194,0.12806105868616346,0.19427030119629046
64,3.0,2.5,9,24,2.1269446210866194,0.20415888018147585,0.23514281044292246
64,3.0,2.5,9,25,2.1269446210866194,0.09062414063007138,0.11053567450905524
64,3.0,2.5,9,26,2.1269446210866194,0.1726975915501142,0.289404356305011
64,3.0,2.5,9,27,2.1269446210866194,0.13638737813560753,0.10231685928500064
64,3.0,2.5,9,28,2.1269446210866194,0.19973250604577655,0.09174817977867704
64,3.0,2.5,9,29,2.1269446210866194,0.14308993550860272,0.15700050021229237
64,3.0,2.5,9,30,2.1269446210866194,0.1266233982120692,0.1706884794887551
64,3.0,2.5,9,31,2.1269446210866194,0.15452802913943803,0.14730769204806618
64,3.0,2.5,9,32,2.1269446210866194,0.1094512280362554,0.09214380313586415
64,3.0,2.5,9,33,2.1269446210866194,0.09328323369067179,0.178753440532891
64,3.0,2.5,9,34,2.1269446210866194,0.12107195927851247,0.12803705193058798
64,3.0,2.5,9,35,2.1269446210866194,0.1267792180524116,0.12340987242261639
64,3.0,2.5,9,36,2.1269446210866194,0.18909042420238148,0.1286535092603715
64,3.0,2.5,9,37,2.1269446210866194,0.15921139398205944,0.11010353607414594
64,3.0,2.5,9,38,2.1269446210866194,0.23965139955823153,0.09622964314096223
64,3.0,2.5,9,39,2.1269446210866194,0.1562541964382343,0.191295090748975
64,3.0,2.5,9,40,2.1269446210866194,0.13798777012721034,0.12231252554743469
64,3.0,2.5,9,41,2.1269446210866194,0.1519104228328564,0.10010397076130033
64,3.0,2.5,9,42,2.1269446210866194,0.2046662411966646,0.11265041438836076
64,3.0,2.5,9,43,2.1269446210866194,0.12022388093280205,0.09779135617804283
64,3.0,2.5,9,44,2.1269446210866194,0.12970781500010525,0.173890908494326
64,3.0,2.5,9,45,2.1269446210866194,0.17722962058404998,0.13255612905539654
64,3.0,2.5,9,46,2.1269446210866194,0.14395386158146226,0.1501579923679195
64,3.0,2.5,9,47,2.1269446210866194,0.1654881228627536,0.1200307233048735
64,3.0,2.5,9,48,2.1269446210866194,0.11969480192049291,0.2787327002886547
64,3.0,2.5,9,49,2.1269446210866194,0.13070359197102163,0.14041807349497398
64,3.0,2.5,9,50,2.1269446210866194,0.12925348533258116,0.11530211107875846
64,3.0,2.5,9,51,2.1269446210866194,0.09467492786212982,0.11009752744897092
64,3.0,2.5,9,52,2.1269446210866194,0.11356392016070824,0.27875438190680546
64,3.0,2.5,9,53,2.1269446210866194,0.10335155519419495,0.1431203644245437
64,3.0,2.5,9,54,2.1269446210866194,0.14178570642340227,0.16574973731868173
64,3.0,2.5,9,55,2.1269446210866194,0.15101550700787883,0.1431143632234031
64,3.0,2.5,9,56,2.1269446210866194,0.14152539870852648,0.1516438838116288
64,3.0,2.5,9,57,2.1269446210866194,0.15739073819140562,0.24944565152578732
64,3.0,2.5,9,58,2.1269446210866194,0.18480200743938624,0.18159346120851563
64,3.0,2.5,9,59,2.1269446210866194,0.1025608310673605,0.13131160111590295
64,3.0,2.5,9,60,2.1269446210866194,0.14315018660767778,0.1660459866981901
64,3.0,2.5,9,61,2.1269446210866194,0.16503249209013426,0.2787593858242512
64,3.0,2.5,9,62,2.1269446210866194,0.13988521392400205,0.1528728316870257
64,3.0,2.5,9,63,2.1269446210866194,0.130039588895983,0.13079844617816566
64,3.0,3.2,10,0,1.6616754852239213,0.1948743074647545,0.1560662434591815
64,3.0,3.2,10,1,1.6616754852239213,0.17863494612441846,0.2312405056240258
64,3.0,3.2,10,2,1.6616754852239213,0.1274657575725699,0.26501097380444305
64,3.0,3.2,10,3,1.6616754852239213,0.26781421891554014,0.16486233193050134
64,3.0,3.2,10,4,1.6616754852239213,0.11594332803446526,0.15150690201932068
64,3.0,3.2,10,5,1.6616754852239213,0.11191261014578738,0.16684154961414127
64,3.0,3.2,10,6,1.6616754852239213,0.18321136712515665,0.15378325151983135
64,3.0,3.2,10,7,1.6616754852239213,0.10502729066333673,0.1281976137541492
64,3.0,3.2,10,8,1.6616754852239213,0.09256312566940396,0.21829694977686978
64,3.0,3.2,10,9,1.6616754852239213,0.09589626577457752,0.19340608616035607
64,3.0,3.2,10,10,1.6616754852239213,0.11927868641283877,0.09053581221279648
64,3.0,3.2,10,11,1.6616754852239213,0.07911711988621534,0.11151888485906827
64,3.0,3.2,10,12,1.6616754852239213,0.12206732501996069,0.128661030790531
64,3.0,3.2,10,13,1.6616754852239213,0.11181978021424796,0.19488434197736149
64,3.0,3.2,10,14,1.6616754852239213,0.24340308736502275,0.1341569218823035
64,3.0,3.2,10,15,1.6616754852239213,0.11318904263374507,0.07720425459196185
64,3.0,3.2,10,16,1.6616754852239213,0.11704139023582374,0.10291698585384544
64,3.0,3.2,10,17,1.6616754852239213,0.10739141544224808,0.16139071368355032
64,3.0,3.2,10,18,1.6616754852239213,0.13608270185388607,0.15179096387993637
64,3.0,3.2,10,19,1.6616754852239213,0.13053658601032056,0.17278192784308663
64,3.0,3.2,10,20,1.6616754852239213,0.1431861160805696,0.17928564647887918
64,3.0,3.2,10,21,1.6616754852239213,0.1261915307840695,0.15206208645781893
64,3.0,3.2,10,22,1.6616754852239213,0.1331932742193729,0.13964590898501217
64,3.0,3.2,10,23,1.6616754852239213,0.1125547585904274,0.1083077853292245
64,3.0,3.2,10,24,1.6616754852239213,0.09681286102378105,0.18600786020859952
64,3.0,3.2,10,25,1.6616754852239213,0.09992581005618152,0.12463106833970328
64,3.0,3.2,10,26,1.6616754852239213,0.20416686145738844,0.1363046095339629
64,3.0,3.2,10,27,1.6616754852239213,0.0956974784820116,0.1368579465777044
64,3.0,3.2,10,28,1.6616754852239213,0.0970622233039286,0.18198062768233797
64,3.0,3.2,10,29,1.6616754852239213,0.10839052133926937,0.12655572643195812
64,3.0,3.2,10,30,1.6616754852239213,0.10006343615712943,0.11534715317064559
64,3.0,3.2,10,31,1.6616754852239213,0.27041420583552245,0.10364029161851009
64,3.0,3.2,10,32,1.6616754852239213,0.13964664363466128,0.271984953625921
64,3.0,3.2,10,33,1.6616754852239213,0.14790058303445702,0.21779756658275462
64,3.0,3.2,10,34,1.6616754852239213,0.18439354204292105,0.09185397057457576
64,3.0,3.2,10,35,1.6616754852239213,0.10813142288857137,0.11429555402597084
64,3.0,3.2,10,36,1.6616754852239213,0.11963614417330545,0.10005603247812621
64,3.0,3.2,10,37,1.6616754852239213,0.11949952480765177,0.3039497586825832
64,3.0,3.2,10,38,1.6616754852239213,0.13019864721933175,0.15607644956500827
64,3.0,3.2,10,39,1.6616754852239213,0.18585983070770215,0.21760180779864643
64,3.0,3.2,10,40,1.6616754852239213,0.08011926144242056,0.10399191296916496
64,3.0,3.2,10,41,1.6616754852239213,0.09032732855321086,0.15606378940624727
64,3.0,3.2,10,42,1.6616754852239213,0.09241758191906618,0.10030125279760697
64,3.0,3.2,10,43,1.6616754852239213,0.1948896873356984,0.12528324093628718
64,3.0,3.2,10,44,1.6616754852239213,0.11403116700369295,0.13682078133573203
64,3.0,3.2,10,45,1.6616754852239213,0.12689075662777569,0.14454587892445306
64,3.0,3.2,10,46,1.6616754852239213,0.09054665152117845,0.17181277389414154
64,3.0,3.2,10,47,1.6616754852239213,0.08563659080997642,0.07295952195322013
64,3.0,3.2,10,48,1.6616754852239213,0.21780592609129407,0.09687775367265873
64,3.0,3.2,10,49,1.6616754852239213,0.14169560205625897,0.10091361872376761
64,3.0,3.2,10,50,1.6616754852239213,0.1590781318700069,0.111792692770038
64,3.0,3.2,10,51,1.6616754852239213,0.15803356880846767,0.15604310697827908
64,3.0,3.2,10,52,1.6616754852239213,0.12569308981688246,0.12221689152488571
64,3.0,3.2,10,53,1.6616754852239213,0.15366811469957448,0.16467685828917758
64,3.0,3.2,10,54,1.6616754852239213,0.22424689850049087,0.21576540833615376
64,3.0,3.2,10,55,1.6616754852239213,0.13588976642687176,0.13747342584468755
64,3.0,3.2,10,56,1.6616754852239213,0.12577821101570333,0.1135391197991969
64,3.0,3.2,10,57,1.6616754852239213,0.07761399101547349,0.2177840422076488
64,3.0,3.2,10,58,1.6616754852239213,0.12615723571808124,0.0855262716800571
64,3.0,3.2,10,59,1.6616754852239213,0.1000704513307556,0.15107601855766767
64,3.0,3.2,10,60,1.6616754852239213,0.1345735082358996,0.1000789218679299
64,3.0,3.2,10,61,1.6616754852239213,0.15030192397639705,0.08861006401299332
64,3.0,3.2,10,62,1.6616754852239213,0.14749855685899985,0.19017496766782552
64,3.0,3.2,10,63,1.6616754852239213,0.10415327480562474,0.12965563827990126
64,3.0,4.0,11,0,1.329340388179137,0.09715559436562995,0.10108623076230555
64,3.0,4.0,11,1,1.329340388179137,0.1372538230916775,0.1742298539152332
64,3.0,4.0,11,2,1.329340388179137,0.10354695796155579,0.1628616518972742
64,3.0,4.0,11,3,1.329340388179137,0.12482417741541021,0.11676044747635511
64,3.0,4.0,11,4,1.329340388179137,0.21758837794638136,0.15286734521845532
64,3.0,4.0,11,5,1.329340388179137,0.1726807879857815,0.1252793575772872
64,3.0,4.0,11,6,1.329340388179137,0.09314284576831666,0.08944834789997902
64,3.0,4.0,11,7,1.329340388179137,0.20375631121345844,0.12109407759489364
64,3.0,4.0,11,8,1.329340388179137,0.20734171384194527,0.14297941609618928
64,3.0,4.0,11,9,1.329340388179137,0.117709591284213,0.0759400800448077
64,3.0,4.0,11,10,1.329340388179137,0.17421064239306844,0.10246677643154697
64,3.0,4.0,11,11,1.329340388179137,0.07360494955307642,0.1558939170054735
64,3.0,4.0,11,12,1.329340388179137,0.08004913721682971,0.09066829115963906
64,3.0,4.0,11,13,1.329340388179137,0.09810850335460453,0.1275206706547047
64,3.0,4.0,11,14,1.329340388179137,0.13388213289187434,0.07633096548874378
64,3.0,4.0,11,15,1.329340388179137,0.15332822609674507,0.11147083903714422
64,3.0,4.0,11,16,1.329340388179137,0.1267655082117955,0.11172044658411952
64,3.0,4.0,11,17,1.329340388179137,0.21757360206059995,0.12485254417956713
64,3.0,4.0,11,18,1.329340388179137,0.19471315817709473,0.12158856749530589
64,3.0,4.0,11,19,1.329340388179137,0.10775490118049089,0.1424430054171537
64,3.0,4.0,11,20,1.329340388179137,0.19468668800363073,0.12483309228272552
64,3.0,4.0,11,21,1.329340388179137,0.22709216151927408,0.1946988220425549
64,3.0,4.0,11,22,1.329340388179137,0.21758932986325522,0.17423455808419586
64,3.0,4.0,11,23,1.329340388179137,0.13747932830798199,0.13843694330019107
64,3.0,4.0,11,24,1.329340388179137,0.11438930246559362,0.08595848379717405
64,3.0,4.0,11,25,1.329340388179137,0.1085964081993613,0.08308170606451581
64,3.0,4.0,11,26,1.329340388179137,0.11888240468222805,0.2027629410839234
64,3.0,4.0,11,27,1.329340388179137,0.13244618192218657,0.12483902831448118
64,3.0,4.0,11,28,1.329340388179137,0.09566503518029024,0.10738224578742844
64,3.0,4.0,11,29,1.329340388179137,0.12472348327574342,0.16372759268134396
64,3.0,4.0,11,30,1.329340388179137,0.10390165205787577,0.17422146465112756
64,3.0,4.0,11,31,1.329340388179137,0.08666691738082853,0.12499064421358266
64,3.0,4.0,11,32,1.329340388179137,0.13074579914715154,0.11172522505215429
64,3.0,4.0,11,33,1.329340388179137,0.15589821549596125,0.0768761376997801
64,3.0,4.0,11,34,1.329340388179137,0.13931137505697208,0.10151558519129239
64,3.0,4.0,11,35,1.329340388179137,0.09105939880496866,0.11078786306089611
64,3.0,4.0,11,36,1.329340388179137,0.11481124151268088,0.1066466484830716
64,3.0,4.0,11,37,1.329340388179137,0.12341274866322657,0.15282178880484412
64,3.0,4.0,11,38,1.329340388179137,0.1273171046202412,0.155901449942993
64,3.0,4.0,11,39,1.329340388179137,0.18752865463994062,0.12096765902429735
64,3.0,4.0,11,40,1.329340388179137,0.10716938237685741,0.11171309053592754
64,3.0,4.0,11,41,1.329340388179137,0.15540044816201976,0.08943259433654893
64,3.0,4.0,11,42,1.329340388179137,0.08320902305819801,0.10163189616200316
64,3.0,4.0,11,43,1.329340388179137,0.09806584377541838,0.15104912663665845
64,3.0,4.0,11,44,1.329340388179137,0.11515457387714004,0.07537399453067381
64,3.0,4.0,11,45,1.329340388179137,0.10044726614322513,0.10221832297559261
64,3.0,4.0,11,46,1.329340388179137,0.08005140225149902,0.12406325891714483
64,3.0,4.0,11,47,1.329340388179137,0.17900777662229825,0.19450233684829704
64,3.0,4.0,11,48,1.329340388179137,0.1946851020666226,0.08383783050449434
64,3.0,4.0,11,49,1.329340388179137,0.07547653943905808,0.08943971660159605
64,3.0,4.0,11,50,1.329340388179137,0.07548338520438125,0.12379489127281468
64,3.0,4.0,11,51,1.329340388179137,0.12484970432622947,0.17421975238296006
64,3.0,4.0,11,52,1.329340388179137,0.1742272387207276,0.11604123701397734
64,3.0,4.0,11,53,1.329340388179137,0.09991800033875893,0.10025301833028037
64,3.0,4.0,11,54,1.329340388179137,0.1018393184972442,0.1772722369765713
64,3.0,4.0,11,55,1.329340388179137,0.16491825675086963,0.10973303084910205
64,3.0,4.0,11,56,1.329340388179137,0.1248369300135665,0.11173194013375495
64,3.0,4.0,11,57,1.329340388179137,0.13641703490877644,0.08399470815311282
64,3.0,4.0,11,58,1.329340388179137,0.12484221767061665,0.12485220437497752
64,3.0,4.0,11,59,1.329340388179137,0.12564844026712796,0.13684882706961213
64,3.0,4.0,11,60,1.329340388179137,0.12567022347867673,0.11168718553347644
64,3.0,4.0,11,61,1.329340388179137,0.16310172251605634,0.11437912068881313
64,3.0,4.0,11,62,1.329340388179137,0.09050047832415317,0.09772804661402301
64,3.0,4.0,11,63,1.329340388179137,0.09687876524268642,0.10272995768481175
64,3.0,5.0,12,0,1.0634723105433097,0.15576062291782508,0.06601790722542855
64,3.0,5.0,12,1,1.0634723105433097,0.07455766298083388,0.09480784464444278
64,3.0,5.0,12,2,1.0634723105433097,0.15574826087181176,0.11808636084763857
64,3.0,5.0,12,3,1.0634723105433097,0.11653259249591104,0.08409599169319229
64,3.0,5.0,12,4,1.0634723105433097,0.07154959338200265,0.09986293298144326
64,3.0,5.0,12,5,1.0634723105433097,0.1051072253037904,0.09022299390606017
64,3.0,5.0,12,6,1.0634723105433097,0.1421513807598811,0.13637172565771116
64,3.0,5.0,12,7,1.0634723105433097,0.11990974556520859,0.0824119609756532
64,3.0,5.0,12,8,1.0634723105433097,0.14083204888548662,0.09987157008945413
64,3.0,5.0,12,9,1.0634723105433097,0.09982777240438752,0.12473838710197886
64,3.0,5.0,12,10,1.0634723105433097,0.0964821583406756,0.09985749622865661
64,3.0,5.0,12,11,1.0634723105433097,0.17406587379566613,0.12470788359770324
64,3.0,5.0,12,12,1.0634723105433097,0.10160146409852841,0.10308950596117754
64,3.0,5.0,12,13,1.0634723105433097,0.08799362746518764,0.11561853392018322
64,3.0,5.0,12,14,1.0634723105433097,0.07503941294907068,0.11617825048608585
64,3.0,5.0,12,15,1.0634723105433097,0.09393415514110655,0.08156291450836231
64,3.0,5.0,12,16,1.0634723105433097,0.1393759171421002,0.09987286737575442
64,3.0,5.0,12,17,1.0634723105433097,0.1393834618605149,0.1945216028461164
64,3.0,5.0,12,18,1.0634723105433097,0.19451037833099213,0.1740627383719499
64,3.0,5.0,12,19,1.0634723105433097,0.16051645974825704,0.14780456666373282
64,3.0,5.0,12,20,1.0634723105433097,0.08060256010635895,0.08156548406988037
64,3.0,5.0,12,21,1.0634723105433097,0.1333947849925448,0.09105032568360791
64,3.0,5.0,12,22,1.0634723105433097,0.0940889609923692,0.08529785427579177
64,3.0,5.0,12,23,1.0634723105433097,0.10298576366678362,0.14825244019693096
64,3.0,5.0,12,24,1.0634723105433097,0.09197825043752325,0.1318240069817585
64,3.0,5.0,12,25,1.0634723105433097,0.1263514042605091,0.0814970732015064
64,3.0,5.0,12,26,1.0634723105433097,0.1393735076319152,0.09410963484203279
64,3.0,5.0,12,27,1.0634723105433097,0.11992978610993263,0.07305894940025026
64,3.0,5.0,12,28,1.0634723105433097,0.11539134599358891,0.14914989670014295
64,3.0,5.0,12,29,1.0634723105433097,0.10055923921478885,0.08051927064294531
64,3.0,5.0,12,30,1.0634723105433097,0.1393798055444821,0.07794626553548353
64,3.0,5.0,12,31,1.0634723105433097,0.07699994489863039,0.07156261146460481
64,3.0,5.0,12,32,1.0634723105433097,0.08220915970577052,0.08438597989497584
64,3.0,5.0,12,33,1.0634723105433097,0.12588085297896875,0.1454437063775793
64,3.0,5.0,12,34,1.0634723105433097,0.19453728072294343,0.07606059925182482
64,3.0,5.0,12,35,1.0634723105433097,0.12471193118625061,0.13939103873308606
64,3.0,5.0,12,36,1.0634723105433097,0.09987599659911889,0.08040704732253916
64,3.0,5.0,12,37,1.0634723105433097,0.10686228420607784,0.08405409426850205
64,3.0,5.0,12,38,1.0634723105433097,0.09986193462281912,0.1393792204751883
64,3.0,5.0,12,39,1.0634723105433097,0.11650659189077435,0.11711743225333415
64,3.0,5.0,12,40,1.0634723105433097,0.1945109146643926,0.19452957490904815
64,3.0,5.0,12,41,1.0634723105433097,0.10859165166258604,0.07060643069700308
64,3.0,5.0,12,42,1.0634723105433097,0.09007802126641877,0.1114624189437838
64,3.0,5.0,12,43,1.0634723105433097,0.0860170440533507,0.1154923537300006
64,3.0,5.0,12,44,1.0634723105433097,0.07743058073360583,0.08451481881281395
64,3.0,5.0,12,45,1.0634723105433097,0.10553776405239343,0.15704528123162764
64,3.0,5.0,12,46,1.0634723105433097,0.08409720259414391,0.11968920928447757
64,3.0,5.0,12,47,1.0634723105433097,0.08084207049328075,0.0882267097781527
64,3.0,5.0,12,48,1.0634723105433097,0.06620701790997766,0.09987396858505013
64,3.0,5.0,12,49,1.0634723105433097,0.077853334193938,0.1843325140604938
64,3.0,5.0,12,50,1.0634723105433097,0.12468932054964507,0.13023437067624016
64,3.0,5.0,12,51,1.0634723105433097,0.08118244760818384,0.09985884086593147
64,3.0,5.0,12,52,1.0634723105433097,0.09985386914208276,0.1740579725329178
64,3.0,5.0,12,53,1.0634723105433097,0.07455734467005355,0.1480071926339271
64,3.0,5.0,12,54,1.0634723105433097,0.09535776988238487,0.07155044335249794
64,3.0,5.0,12,55,1.0634723105433097,0.09987260706112508,0.07334183327463151
64,3.0,5.0,12,56,1.0634723105433097,0.1134794994608705,0.08889515425604286
64,3.0,5.0,12,57,1.0634723105433097,0.08511031445230487,0.1557557925627499
64,3.0,5.0,12,58,1.0634723105433097,0.09099868323816787,0.1067322716580287
64,3.0,5.0,12,59,1.0634723105433097,0.09987407865981117,0.0685496397450159
64,3.0,5.0,12,60,1.0634723105433097,0.09955255791480422,0.14900239441555804
64,3.0,5.0,12,61,1.0634723105433097,0.09784185977492056,0.19451122447475314
64,3.0,5.0,12,62,1.0634723105433097,0.10601327561800877,0.11890937574188207
64,3.0,5.0,12,63,1.0634723105433097,0.11927068250067978,0.07333351960483636
64,3.0,6.5,13,0,0.8180556234948535,0.10722068774270081,0.12635014258181435
64,3.0,6.5,13,1,0.8180556234948535,0.10721569472513605,0.10552229882970347
64,3.0,6.5,13,2,0.8180556234948535,0.13390657698620836,0.08207347918091673
64,3.0,6.5,13,3,0.8180556234948535,0.11190436510708471,0.09594711109969084
64,3.0,6.5,13,4,0.8180556234948535,0.08095938748258734,0.1334624494253114
64,3.0,6.5,13,5,0.8180556234948535,0.1137916452118704,0.09594428733621624
64,3.0,6.5,13,6,0.8180556234948535,0.07024839626439462,0.12449623077545025
64,3.0,6.5,13,7,0.8180556234948535,0.0677322053308708,0.0972941192633831
64,3.0,6.5,13,8,0.8180556234948535,0.06841963964532252,0.08206690278362082
64,3.0,6.5,13,9,0.8180556234948535,0.07682489285563067,0.0889946083732067
64,3.0,6.5,13,10,0.8180556234948535,0.11857955010868489,0.13389390414990934
64,3.0,6.5,13,11,0.8180556234948535,0.1338848892414934,0.09593946116702692
64,3.0,6.5,13,12,0.8180556234948535,0.07180531335272693,0.07262219122657249
64,3.0,6.5,13,13,0.8180556234948535,0.08339680948366901,0.11981458005320984
64,3.0,6.5,13,14,0.8180556234948535,0.07005522055634641,0.12931554560800698
64,3.0,6.5,13,15,0.8180556234948535,0.10460814967313073,0.07895927213299515
64,3.0,8.0,14,0,0.6646701940895685,0.07917382420926689,0.07598852810790588
64,3.0,8.0,14,1,0.6646701940895685,0.05586041126607176,0.08620107020113565
64,3.0,8.0,14,2,0.6646701940895685,0.08031312385112174,0.08711518816860703
64,3.0,8.0,14,3,0.6646701940895685,0.08756101836093093,0.06978072976224384
64,3.0,8.0,14,4,0.6646701940895685,0.09199647068609296,0.06898201047767527
64,3.0,8.0,14,5,0.6646701940895685,0.10879027369764768,0.10022475854869917
64,3.0,8.0,14,6,0.6646701940895685,0.059878867263352745,0.10879864217733323
64,3.0,8.0,14,7,0.6646701940895685,0.06522279836958692,0.12157541216525179
64,3.0,8.0,14,8,0.6646701940895685,0.08710842131001029,0.10075273218992961
64,3.0,8.0,14,9,0.6646701940895685,0.10879401440787125,0.09734750880343937
64,3.0,8.0,14,10,0.6646701940895685,0.06866396273403473,0.10120413410696931
64,3.0,8.0,14,11,0.6646701940895685,0.09716634272295283,0.08711427288858178
64,3.0,8.0,14,12,0.6646701940895685,0.06854606988547532,0.12158407069551022
64,3.0,8.0,14,13,0.6646701940895685,0.1215766775385626,0.06974603717502922
64,3.0,8.0,14,14,0.6646701940895685,0.10878778032219247,0.12158291769642973
64,3.0,8.0,14,15,0.6646701940895685,0.06449588425127811,0.11355780868165738
64,3.0,12.0,15,0,0.443113462726379,0.08105175172893918,0.07252388528618668
64,3.0,12.0,15,1,0.443113462726379,0.0725296341764312,0.07955478823071137
64,3.0,12.0,15,2,0.443113462726379,0.062118773146073135,0.07252489170999765
64,3.0,12.0,15,3,0.443113462726379,0.08023276337838278,0.08104557754523872
64,3.0,12.0,15,4,0.443113462726379,0.05807838257136624,0.08105142417094204
64,3.0,12.0,15,5,0.443113462726379,0.06489833998783978,0.06891946509788831
64,3.0,12.0,15,6,0.443113462726379,0.07444540029150866,0.07056395020677421
64,3.0,12.0,15,7,0.443113462726379,0.06241393783639823,0.07072859871188905
64,3.0,12.0,15,8,0.443113462726379,0.06071474286417441,0.06075594193465966
64,3.0,12.0,15,9,0.443113462726379,0.06706284027039434,0.07253061887879403
64,3.0,12.0,15,10,0.443113462726379,0.06817169614151618,0.07252638164210738
64,3.0,12.0,15,11,0.443113462726379,0.05612948000983884,0.05662455405938451
64,3.0,12.0,15,12,0.443113462726379,0.051289220253564305,0.08104502988471142
64,3.0,12.0,15,13,0.443113462726379,0.07252633993804038,0.08105180458982528
64,3.0,12.0,15,14,0.443113462726379,0.06865138555347068,0.06755474346445105
64,3.0,12.0,15,15,0.443113462726379,0.06076199613004294,0.05196057397379439
64,3.0,20.0,16,0,0.2658680776358274,0.04863013040628652,0.038939007303699515
64,3.0,20.0,16,1,0.2658680776358274,0.04863052139556335,0.043514885409534076
64,3.0,20.0,16,2,0.2658680776358274,0.043515097531634385,0.04351533572601226
64,3.0,20.0,16,3,0.2658680776358274,0.04351735310521075,0.04351605254304367
64,3.0,20.0,16,4,0.2658680776358274,0.04223701785059293,0.04351652716214845
64,3.0,20.0,16,5,0.2658680776358274,0.04863249597140584,0.04351708616369132
64,3.0,20.0,16,6,0.2658680776358274,0.04862925099019825,0.04862781187759113
64,3.0,20.0,16,7,0.2658680776358274,0.04351585399893943,0.04578370244933204
64,3.0,20.0,16,8,0.2658680776358274,0.04351565572900236,0.04423137624591214
64,3.0,20.0,16,9,0.2658680776358274,0.043515036184808446,0.04863385692351672
64,3.0,20.0,16,10,0.2658680776358274,0.048628912970066406,0.043518226768516084
64,3.0,20.0,16,11,0.2658680776358274,0.04862795491468118,0.04240146579227592
64,3.0,20.0,16,12,0.2658680776358274,0.03484240879627527,0.04741271355342178
64,3.0,20.0,16,13,0.2658680776358274,0.048632821555115946,0.04863186059628609
64,3.0,20.0,16,14,0.2658680776358274,0.04351682200859043,0.048629921803815576
64,3.0,20.0,16,15,0.2658680776358274,0.043513157739880876,0.048633637346545876
64,5.0,0.25,0,0,35.449077018110316,0.9399562815920661,1.579482088412182
64,5.0,0.25,0,1,35.449077018110316,0.6482059013965675,0.9556348660605581
64,5.0,0.25,0,2,35.449077018110316,0.7166407848135665,1.295894012337553
64,5.0,0.25,0,3,35.449077018110316,1.1398047530831517,1.109124941870629
64,5.0,0.25,0,4,35.449077018110316,0.8969588490961751,0.9955731194627994
64,5.0,0.25,0,5,35.449077018110316,0.8518939344663543,0.909777400331508
64,5.0,0.25,0,6,35.449077018110316,0.8962284370809177,0.8944885535404162
64,5.0,0.25,0,7,35.449077018110316,0.9390273498448041,1.265312924347425
64,5.0,0.25,0,8,35.449077018110316,0.8122405927912725,0.7765136227671416
64,5.0,0.25,0,9,35.449077018110316,0.80823725713173,1.5362437967975107
64,5.0,0.25,0,10,35.449077018110316,1.4003588694713809,1.2445662258227084
64,5.0,0.25,0,11,35.449077018110316,1.000120632097723,1.0253202615830097
64,5.0,0.25,0,12,35.449077018110316,0.8812131310302207,1.4836577587357396
64,5.0,0.25,0,13,35.449077018110316,1.237321170368436,0.964587949832913
64,5.0,0.25,0,14,35.449077018110316,1.0914153156016122,0.7664126644932449
64,5.0,0.25,0,15,35.449077018110316,1.2940258356511665,0.927079123689754
64,5.0,0.35,1,0,25.320769298650227,0.831297606236692,0.8273187970132349
64,5.0,0.35,1,1,25.320769298650227,1.13051928871089,1.2147470897748243
64,5.0,0.35,1,2,25.320769298650227,0.8636286573093027,0.9387388743178862
64,5.0,0.35,1,3,25.320769298650227,1.27461431779585,0.9960304354790463
64,5.0,0.35,1,4,25.320769298650227,1.014064400115167,1.1265025846039938
64,5.0,0.35,1,5,25.320769298650227,0.7152818090635437,0.9661475627536118
64,5.0,0.35,1,6,25.320769298650227,1.1308258631040324,1.0673089894305559
64,5.0,0.35,1,7,25.320769298650227,0.6055706992754708,0.6675389722707423
64,5.0,0.35,1,8,25.320769298650227,1.3791509723130255,1.2758697213455217
64,5.0,0.35,1,9,25.320769298650227,0.7116589877486101,0.9366160210907085
64,5.0,0.35,1,10,25.320769298650227,1.0599342167766073,0.7184580388299783
64,5.0,0.35,1,11,25.320769298650227,0.7774834211615987,1.0941144818599795
64,5.0,0.35,1,12,25.320769298650227,0.8445384730821976,0.9669330338169045
64,5.0,0.35,1,13,25.320769298650227,1.049174883332551,1.0042428011753923
64,5.0,0.35,1,14,25.320769298650227,1.0150600577283733,0.951212461831003
64,5.0,0.35,1,15,25.320769298650227,0.6730296653476348,1.0636075459081367
64,5.0,0.5,2,0,17.724538509055158,0.9423778303420534,0.7280123701403064
64,5.0,0.5,2,1,17.724538509055158,0.8074130750987132,0.7873723342247801
64,5.0,0.5,2,2,17.724538509055158,0.9984180200849575,0.4621754738186611
64,5.0,0.5,2,3,17.724538509055158,0.9582006459334111,0.7036530228272087
64,5.0,0.5,2,4,17.724538509055158,0.7739647374735019,1.0980278910030847
64,5.0,0.5,2,5,17.724538509055158,0.50517264986732,0.5834267799431999
64,5.0,0.5,2,6,17.724538509055158,0.715208821293911,0.646590367700873
64,5.0,0.5,2,7,17.724538509055158,0.7519448874406793,0.7970520713806677
64,5.0,0.5,2,8,17.724538509055158,1.0407486966804593,0.9317166562749912
64,5.0,0.5,2,9,17.724538509055158,0.9196113391766494,0.8227446708553747
64,5.0,0.5,2,10,17.724538509055158,1.0708644812250956,0.8349569298091946
64,5.0,0.5,2,11,17.724538509055158,0.8092119381136866,0.7408137561911381
64,5.0,0.5,2,12,17.724538509055158,0.8053468335927255,0.8925856632987188
64,5.0,0.5,2,13,17.724538509055158,0.7662893857716289,1.0374029603983594
64,5.0,0.5,2,14,17.724538509055158,1.0368523681839994,0.8879853728423075
64,5.0,0.5,2,15,17.724538509055158,0.9373599719341112,1.0217242330902527
64,5.0,0.5,2,16,17.724538509055158,1.1014692863470001,0.7682522598609393
64,5.0,0.5,2,17,17.724538509055158,1.151202115373981,1.2745650805141615
64,5.0,0.5,2,18,17.724538509055158,1.0872783195875428,0.516749756640182
64,5.0,0.5,2,19,17.724538509055158,0.7157033877964677,1.018486602158
64,5.0,0.5,2,20,17.724538509055158,0.9483086022328847,0.6640379037716695
64,5.0,0.5,2,21,17.724538509055158,0.8511989080473745,0.840210165434891
64,5.0,0.5,2,22,17.724538509055158,0.7371384554025806,0.8801200239424085
64,5.0,0.5,2,23,17.724538509055158,0.8799393383063938,0.6600105017920185
64,5.0,0.5,2,24,17.724538509055158,0.8729318029997595,0.9674302909994186
64,5.0,0.5,2,25,17.724538509055158,0.9290960931553817,0.7176744632711257
64,5.0,0.5,2,26,17.724538509055158,0.7885708858199323,1.0917534474184745
64,5.0,0.5,2,27,17.724538509055158,0.7933397452514361,0.6991479343507931
64,5.0,0.5,2,28,17.724538509055158,0.7322156459413918,0.6525061406948962
64,5.0,0.5,2,29,17.724538509055158,1.211782096846333,0.6480259464282668
64,5.0,0.5,2,30,17.724538509055158,0.8070134418802308,0.6332035546924346
64,5.0,0.5,2,31,17.724538509055158,0.9720268784100969,0.5417480641834522
64,5.0,0.5,2,32,17.724538509055158,0.7661094570444206,0.7616374443207126
64,5.0,0.5,2,33,17.724538509055158,1.0857642815777437,0.5643550009434246
64,5.0,0.5,2,34,17.724538509055158,0.9210634091257942,1.4964806960686452
64,5.0,0.5,2,35,17.724538509055158,0.7891579371492727,0.7037261249721484
64,5.0,0.5,2,36,17.724538509055158,0.913570535270372,0.6268231044706912
64,5.0,0.5,2,37,17.724538509055158,1.1189971574397504,0.39569327762554257
64,5.0,0.5,2,38,17.724538509055158,1.345757337836094,0.7378359957287804
64,5.0,0.5,2,39,17.724538509055158,0.8022963872636003,0.7042357708208913
64,5.0,0.5,2,40,17.724538509055158,0.9736892102181451,0.6869554609913109
64,5.0,0.5,2,41,17.724538509055158,0.5779005314421417,0.9566503778950786
64,5.0,0.5,2,42,17.724538509055158,0.8184073702663112,0.8090408098441586
64,5.0,0.5,2,43,17.724538509055158,0.7993472417084169,0.8511136076734448
64,5.0,0.5,2,44,17.724538509055158,0.9103028992107678,0.6384562899914585
64,5.0,0.5,2,45,17.724538509055158,1.1494421069020153,0.5540295791149162
64,5.0,0.5,2,46,17.724538509055158,0.8672605235019321,0.6705000787111653
64,5.0,0.5,2,47,17.724538509055158,0.9517354804923606,0.6309355974677149
64,5.0,0.5,2,48,17.724538509055158,0.7977533339799463,0.7284119226723798
64,5.0,0.5,2,49,17.724538509055158,1.0145847494330376,0.7975790771033594
64,5.0,0.5,2,50,17.724538509055158,1.1752462017958076,0.5411303270253107
64,5.0,0.5,2,51,17.724538509055158,0.8983378400628184,0.9002941291197246
64,5.0,0.5,2,52,17.724538509055158,0.6791165598551155,0.9354497772638146
64,5.0,0.5,2,53,17.724538509055158,0.8204857853302459,0.8341085368575752
64,5.0,0.5,2,54,17.724538509055158,0.926719913345047,1.005705966556814
64,5.0,0.5,2,55,17.724538509055158,0.8205431339558487,0.7954238075142683
64,5.0,0.5,2,56,17.724538509055158,0.8895147947825054,1.1173542359591186
64,5.0,0.5,2,57,17.724538509055158,0.7747610301801278,1.0560474289783044
64,5.0,0.5,2,58,17.724538509055158,0.6034043154994654,0.8728503353093056
64,5.0,0.5,2,59,17.724538509055158,0.9568921232190292,0.7697612170143429
64,5.0,0.5,2,60,17.724538509055158,0.7679860456206916,0.7283590766184309
64,5.0,0.5,2,61,17.724538509055158,0.8935761622918854,1.0115591945725706
64,5.0,0.5,2,62,17.724538509055158,0.82358868335541,0.7507540108106243
64,5.0,0.5,2,63,17.724538509055158,0.8347904454242163,0.4335749736015483
64,5.0,0.65,3,0,13.63426039158089,0.7883808408724,0.6679498677432297
64,5.0,0.65,3,1,13.63426039158089,0.41642246173199265,0.5749914903271872
64,5.0,0.65,3,2,13.63426039158089,0.6849115113731735,0.4304733049595292
64,5.0,0.65,3,3,13.63426039158089,0.619853504417642,0.7706316100640942
64,5.0,0.65,3,4,13.63426039158089,0.5522830880805012,0.7135009076194965
64,5.0,0.65,3,5,13.63426039158089,0.7313271550782301,0.7410099110327314
64,5.0,0.65,3,6,13.63426039158089,0.6427599033571666,0.6837359027807759
64,5.0,0.65,3,7,13.63426039158089,0.7551248062075239,0.9756867828714646
64,5.0,0.65,3,8,13.63426039158089,1.1571947671457699,0.827984042161494
64,5.0,0.65,3,9,13.63426039158089,0.9615494930199623,0.5523929459861274
64,5.0,0.65,3,10,13.63426039158089,0.8306513615397678,0.6270864048599697
64,5.0,0.65,3,11,13.63426039158089,0.5308322519455525,0.8658152330771455
64,5.0,0.65,3,12,13.63426039158089,0.6396955652949687,0.4644108150822161
64,5.0,0.65,3,13,13.63426039158089,0.6050017852323397,0.5591176319088841
64,5.0,0.65,3,14,13.63426039158089,0.808408152774747,0.5774866671349
64,5.0,0.65,3,15,13.63426039158089,0.7464000493242748,0.5819118735508859
64,5.0,0.65,3,16,13.63426039158089,0.6084910553592294,0.5485112335579532
64,5.0,0.65,3,17,13.63426039158089,0.3963090884230617,0.5125796343121612
64,5.0,0.65,3,18,13.63426039158089,0.8181155645582157,0.5273945099810311
64,5.0,0.65,3,19,13.63426039158089,0.7033520734600561,0.5345977566350647
64,5.0,0.65,3,20,13.63426039158089,0.7030377516188188,0.6475712922931813
64,5.0,0.65,3,21,13.63426039158089,0.6945592057857339,0.7247841091112157
64,5.0,0.65,3,22,13.63426039158089,0.9257244709197567,0.814631833691187
64,5.0,0.65,3,23,13.63426039158089,0.8580637788407326,0.8149236434621986
64,5.0,0.65,3,24,13.63426039158089,0.6505193498516727,0.7474016704328622
64,5.0,0.65,3,25,13.63426039158089,0.8585999435771643,0.5602618307143771
64,5.0,0.65,3,26,13.63426039158089,0.5893755602504764,0.6311184792444259
64,5.0,0.65,3,27,13.63426039158089,0.9487070608986757,0.6457440055434847
64,5.0,0.65,3,28,13.63426039158089,0.5659740023619506,0.7490638981663609
64,5.0,0.65,3,29,13.63426039158089,0.5335745328003492,0.4458719629231765
64,5.0,0.65,3,30,13.63426039158089,0.9496416498678616,0.8479216955341368
64,5.0,0.65,3,31,13.63426039158089,0.4645099242781738,0.6659242842196537
64,5.0,0.65,3,32,13.63426039158089,0.5157882567330823,0.5277044091821808
64,5.0,0.65,3,33,13.63426039158089,0.6430046033908104,0.4712951998319919
64,5.0,0.65,3,34,13.63426039158089,0.5691460627510071,0.36387708761191406
64,5.0,0.65,3,35,13.63426039158089,0.9264434404475704,0.6014732367583654
64,5.0,0.65,3,36,13.63426039158089,0.7329880008285852,0.6869722096554851
64,5.0,0.65,3,37,13.63426039158089,0.4340374141779126,0.32147798162165975
64,5.0,0.65,3,38,13.63426039158089,0.9179770558324973,0.7223697189410206
64,5.0,0.65,3,39,13.63426039158089,0.7680326989704159,0.433749540749498
64,5.0,0.65,3,40,13.63426039158089,0.9763482746386797,0.6123510077890306
64,5.0,0.65,3,41,13.63426039158089,0.49019053544809293,0.5517319289568894
64,5.0,0.65,3,42,13.63426039158089,0.8135981873921532,0.6687702594301506
64,5.0,0.65,3,43,13.63426039158089,0.6741711318618839,0.4334845090754005
64,5.0,0.65,3,44,13.63426039158089,0.6704846377621668,0.7382383150902063
64,5.0,0.65,3,45,13.63426039158089,0.9615032450899011,0.7737461878857098
64,5.0,0.65,3,46,13.63426039158089,0.5917990641473695,0.5832690958695081
64,5.0,0.65,3,47,13.63426039158089,0.6209443646004353,0.5698958980744735
64,5.0,0.65,3,48,13.63426039158089,0.6164144359069351,0.7032923567943652
64,5.0,0.65,3,49,13.63426039158089,0.5766812166221905,0.48613102314557105
64,5.0,0.65,3,50,13.63426039158089,0.797300901482414,0.8344147987212068
64,5.0,0.65,3,51,13.63426039158089,0.65251035430356,0.6273992962259564
64,5.0,0.65,3,52,13.63426039158089,1.1001570249545425,0.8469408730954238
64,5.0,0.65,3,53,13.63426039158089,0.4607327487284612,0.6943140044499677
64,5.0,0.65,3,54,13.63426039158089,0.5590516447358341,0.5218238026346228
64,5.0,0.65,3,55,13.63426039158089,0.8445326783710195,0.49651815483583794
64,5.0,0.65,3,56,13.63426039158089,0.578436872522243,0.4792212538434699
64,5.0,0.65,3,57,13.63426039158089,0.7252821510485742,0.39353451374166887
64,5.0,0.65,3,58,13.63426039158089,1.1916165590022647,0.8416796839941705
64,5.0,0.65,3,59,13.63426039158089,0.8164274948528675,0.9675455050086785
64,5.0,0.65,3,60,13.63426039158089,0.9262627885820492,0.5850438152474617
64,5.0,0.65,3,61,13.63426039158089,0.7871113714538636,0.4988689368125917
64,5.0,0.65,3,62,13.63426039158089,0.8079267710639046,0.6801416209542984
64,5.0,0.65,3,63,13.63426039158089,0.6700147005901913,0.4077137635329437
64,5.0,0.8,4,0,11.077836568159473,0.6359004137073413,0.3725593019344244
64,5.0,0.8,4,1,11.077836568159473,0.36698567953555694,0.4142349091544449
64,5.0,0.8,4,2,11.077836568159473,0.5333666240276275,0.4604714147833844
64,5.0,0.8,4,3,11.077836568159473,0.549514041546767,0.2378754246072251
64,5.0,0.8,4,4,11.077836568159473,0.6292867718267589,0.263765704796487
64,5.0,0.8,4,5,11.077836568159473,0.702870205601029,0.4825044340543988
64,5.0,0.8,4,6,11.077836568159473,0.9108587370767762,0.36783605424737004
64,5.0,0.8,4,7,11.077836568159473,0.5906977385224672,0.5289422519121151
64,5.0,0.8,4,8,11.077836568159473,0.5247085746190486,0.3255675355359168
64,5.0,0.8,4,9,11.077836568159473,0.48184050335788303,0.33874610766630897
64,5.0,0.8,4,10,11.077836568159473,0.9825185974159526,0.7225067591743736
64,5.0,0.8,4,11,11.077836568159473,0.7315822904791233,0.5156661806253393
64,5.0,0.8,4,12,11.077836568159473,0.5871641509947841,0.3959326684996445
64,5.0,0.8,4,13,11.077836568159473,0.388179597906185,0.3463135639133312
64,5.0,0.8,4,14,11.077836568159473,0.42992005146881906,0.3769264775211077
64,5.0,0.8,4,15,11.077836568159473,0.7019989552618363,0.40380222255786347
64,5.0,0.8,4,16,11.077836568159473,0.8410230388662765,0.3188648414118575
64,5.0,0.8,4,17,11.077836568159473,0.6783830081852683,0.3577488309301352
64,5.0,0.8,4,18,11.077836568159473,0.3139735461810855,0.6096509191124203
64,5.0,0.8,4,19,11.077836568159473,0.4333406481009061,0.44379330634029934
64,5.0,0.8,4,20,11.077836568159473,0.685182170077695,0.4098687392176592
64,5.0,0.8,4,21,11.077836568159473,0.48358017740132736,0.5057225879733842
64,5.0,0.8,4,22,11.077836568159473,0.5934978247828896,0.5615768574782495
64,5.0,0.8,4,23,11.077836568159473,0.5243671222629853,0.5407295744959296
64,5.0,0.8,4,24,11.077836568159473,0.7074048979430786,0.4036382620122148
64,5.0,0.8,4,25,11.077836568159473,0.6617116088697698,0.28192538666958833
64,5.0,0.8,4,26,11.077836568159473,0.6687997903387899,0.5117095586501316
64,5.0,0.8,4,27,11.077836568159473,0.4387714860639899,0.6493173519202722
64,5.0,0.8,4,28,11.077836568159473,0.8512180795584608,0.5597157982722257
64,5.0,0.8,4,29,11.077836568159473,0.6883654670978003,0.4269338690343272
64,5.0,0.8,4,30,11.077836568159473,0.40607727372108066,0.5732434075510187
64,5.0,0.8,4,31,11.077836568159473,0.7456795238241015,0.5634345296028187
64,5.0,0.8,4,32,11.077836568159473,0.5437291587318723,0.43284396937527186
64,5.0,0.8,4,33,11.077836568159473,0.6675008598756967,0.3267216806809671
64,5.0,0.8,4,34,11.077836568159473,0.7206718883633053,0.40936093593282996
64,5.0,0.8,4,35,11.077836568159473,0.8852451134454248,0.44768163744082823
64,5.0,0.8,4,36,11.077836568159473,0.7344099714135629,0.4307764421545886
64,5.0,0.8,4,37,11.077836568159473,0.6417708790414735,0.420118048283222
64,5.0,0.8,4,38,11.077836568159473,0.3763433494959679,0.8734710465856693
64,5.0,0.8,4,39,11.077836568159473,0.40242554554784327,0.49897835888433417
64,5.0,0.8,4,40,11.077836568159473,0.46028760492386145,0.4025987641273852
64,5.0,0.8,4,41,11.077836568159473,0.7763026031389728,0.48719795209728833
64,5.0,0.8,4,42,11.077836568159473,0.4967199915503587,0.3713039698909498
64,5.0,0.8,4,43,11.077836568159473,0.43932079429549226,0.3884830653066766
64,5.0,0.8,4,44,11.077836568159473,0.6377922054468599,0.44449132639672095
64,5.0,0.8,4,45,11.077836568159473,0.5665778446862988,0.4038623923765551
64,5.0,0.8,4,46,11.077836568159473,0.3812325104500754,0.6694880161546832
64,5.0,0.8,4,47,11.077836568159473,0.5099895944196281,0.3504808942113267
64,5.0,0.8,4,48,11.077836568159473,0.6889956410711379,0.3793222849323549
64,5.0,0.8,4,49,11.077836568159473,0.9207765894697922,0.5644175675874604
64,5.0,0.8,4,50,11.077836568159473,0.8637879670159402,0.49067808537645846
64,5.0,0.8,4,51,11.077836568159473,0.6093985957426462,0.5328764384051977
64,5.0,0.8,4,52,11.077836568159473,0.5310458227551286,0.5983455934727622
64,5.0,0.8,4,53,11.077836568159473,0.3837576632153161,0.4844546546046591
64,5.0,0.8,4,54,11.077836568159473,0.5005358808159419,0.28721259046075653
64,5.0,0.8,4,55,11.077836568159473,0.766707038541784,0.3792374745988257
64,5.0,0.8,4,56,11.077836568159473,0.6688723366133698,0.38814370644276464
64,5.0,0.8,4,57,11.077836568159473,0.3849355200788568,0.2920929139357712
64,5.0,0.8,4,58,11.077836568159473,0.467921191933665,0.4108137236205562
64,5.0,0.8,4,59,11.077836568159473,0.5874683372775197,0.6367986839831546
64,5.0,0.8,4,60,11.077836568159473,0.664023093238525,0.3854324026049258
64,5.0,0.8,4,61,11.077836568159473,0.45315120271153725,0.48325359078737085
64,5.0,0.8,4,62,11.077836568159473,0.5263387296531998,0.3800927625006668
64,5.0,0.8,4,63,11.077836568159473,0.9619827589070462,0.42027093950246064
64,5.0,1.0,5,0,8.862269254527579,0.5718935223662611,0.2286603806108394
64,5.0,1.0,5,1,8.862269254527579,0.5974357723516974,0.43499744575012017
64,5.0,1.0,5,2,8.862269254527579,0.3202409986477822,0.2677129812460623
64,5.0,1.0,5,3,8.862269254527579,0.8780770646316389,0.2679165621420335
64,5.0,1.0,5,4,8.862269254527579,0.5801125694089382,0.5591550810814649
64,5.0,1.0,5,5,8.862269254527579,0.4630040455531977,0.4935525567484873
64,5.0,1.0,5,6,8.862269254527579,0.4020070806728831,0.28076338426356007
64,5.0,1.0,5,7,8.862269254527579,0.4697400818769914,0.409324979707807
64,5.0,1.0,5,8,8.862269254527579,0.45927895128534213,0.27474395111089545
64,5.0,1.0,5,9,8.862269254527579,0.7483033568275206,0.32379086584577454
64,5.0,1.0,5,10,8.862269254527579,0.6453680496491608,0.3720582246295715
64,5.0,1.0,5,11,8.862269254527579,0.4664239934422483,0.39615107976528324
64,5.0,1.0,5,12,8.862269254527579,0.35927342629123193,0.2617965716844961
64,5.0,1.0,5,13,8.862269254527579,0.3120300764063287,0.4232503960905952
64,5.0,1.0,5,14,8.862269254527579,0.7060307907513793,0.48894871917515437
64,5.0,1.0,5,15,8.862269254527579,0.3317653329155616,0.31491743328458366
64,5.0,1.0,5,16,8.862269254527579,0.324279162168065,0.392048164610433
64,5.0,1.0,5,17,8.862269254527579,0.2576739747428215,0.25225569004854465
64,5.0,1.0,5,18,8.862269254527579,0.4347173054850032,0.41103670925805
64,5.0,1.0,5,19,8.862269254527579,0.5836861061785605,0.3822658154879157
64,5.0,1.0,5,20,8.862269254527579,0.26634452513531026,0.18728244774389846
64,5.0,1.0,5,21,8.862269254527579,0.3888616892405614,0.2824830170110233
64,5.0,1.0,5,22,8.862269254527579,0.4885187346105992,0.4819083201911938
64,5.0,1.0,5,23,8.862269254527579,0.3804712725750683,0.26490678967986464
64,5.0,1.0,5,24,8.862269254527579,0.25256950081384616,0.6002091735815592
64,5.0,1.0,5,25,8.862269254527579,0.38506862305811246,0.32298302682265284
64,5.0,1.0,5,26,8.862269254527579,0.5220509088179528,0.4216707841068706
64,5.0,1.0,5,27,8.862269254527579,0.7717276740059886,0.35052062776646264
64,5.0,1.0,5,28,8.862269254527579,0.34997772525259135,0.4713306879937691
64,5.0,1.0,5,29,8.862269254527579,0.691218571906056,0.5864473933141933
64,5.0,1.0,5,30,8.862269254527579,0.53322207455159,0.4274210765496298
64,5.0,1.0,5,31,8.862269254527579,0.7714865821362238,0.41629028285377234
64,5.0,1.0,5,32,8.862269254527579,0.7169995232917997,0.5176140296113902
64,5.0,1.0,5,33,8.862269254527579,0.2403308895920797,0.32299901066381076
64,5.0,1.0,5,34,8.862269254527579,0.4746765447019873,0.5885773981663875
64,5.0,1.0,5,35,8.862269254527579,0.26988318683449075,0.37644268650799384
64,5.0,1.0,5,36,8.862269254527579,0.2935847820520134,0.4306280299490651
64,5.0,1.0,5,37,8.862269254527579,0.31816002030046153,0.254131233395386
64,5.0,1.0,5,38,8.862269254527579,0.6473029712430811,0.2889933489007908
64,5.0,1.0,5,39,8.862269254527579,0.3958264131971767,0.26592088399940583
64,5.0,1.0,5,40,8.862269254527579,0.3935427281813999,0.44052010738329206
64,5.0,1.0,5,41,8.862269254527579,0.6427850113666818,0.5006894868002747
64,5.0,1.0,5,42,8.862269254527579,0.3996790930535965,0.392866736495539
64,5.0,1.0,5,43,8.862269254527579,0.4621793483088589,0.3355607658881532
64,5.0,1.0,5,44,8.862269254527579,0.3456987292297008,0.3072163447905366
64,5.0,1.0,5,45,8.862269254527579,0.6690048766628225,0.3454632593142485
64,5.0,1.0,5,46,8.862269254527579,0.395796183929418,0.4085958104131846
64,5.0,1.0,5,47,8.862269254527579,0.4012180130938006,0.3188090496749444
64,5.0,1.0,5,48,8.862269254527579,0.31932779853829385,0.32912978066331094
64,5.0,1.0,5,49,8.862269254527579,0.3811260974938582,0.4665055845046682
64,5.0,1.0,5,50,8.862269254527579,0.6015993898449388,0.19611365072475961
64,5.0,1.0,5,51,8.862269254527579,0.2664463974580875,0.32295249677242444
64,5.0,1.0,5,52,8.862269254527579,0.3001523483099836,0.445775184070176
64,5.0,1.0,5,53,8.862269254527579,0.45922979526378527,0.7471807681819822
64,5.0,1.0,5,54,8.862269254527579,0.6144897931023068,0.23461931918110324
64,5.0,1.0,5,55,8.862269254527579,0.36422807219926934,0.42183869478121766
64,5.0,1.0,5,56,8.862269254527579,0.3832956374589912,0.543313072344427
64,5.0,1.0,5,57,8.862269254527579,0.39042422004866856,0.3733479502613643
64,5.0,1.0,5,58,8.862269254527579,0.8192855269119899,0.4116122759385291
64,5.0,1.0,5,59,8.862269254527579,0.4212739877421381,0.28281836155683954
64,5.0,1.0,5,60,8.862269254527579,0.3296068342213399,0.3882945555655662
64,5.0,1.0,5,61,8.862269254527579,0.45717386715206376,0.30388914094689656
64,5.0,1.0,5,62,8.862269254527579,0.3767059027508588,0.4948129005738747
64,5.0,1.0,5,63,8.862269254527579,0.3631192901897953,0.24140316295699438
64,5.0,1.25,6,0,7.0898154036220635,0.3189211360437333,0.2103951163375724
64,5.0,1.25,6,1,7.0898154036220635,0.3438148706108388,0.2793271013666042
64,5.0,1.25,6,2,7.0898154036220635,0.36377634212465165,0.24444678323638902
64,5.0,1.25,6,3,7.0898154036220635,0.3031114696628508,0.2618527968752291
64,5.0,1.25,6,4,7.0898154036220635,0.25884340370396136,0.21160170984207216
64,5.0,1.25,6,5,7.0898154036220635,0.25684287640556913,0.47633341935354523
64,5.0,1.25,6,6,7.0898154036220635,0.338728276597787,0.44446837317499577
64,5.0,1.25,6,7,7.0898154036220635,0.38669869371854493,0.5677996747645018
64,5.0,1.25,6,8,7.0898154036220635,0.31125331233735876,0.2918173033232277
64,5.0,1.25,6,9,7.0898154036220635,0.20901870516022142,0.37890076769873077
64,5.0,1.25,6,10,7.0898154036220635,0.20473978535179366,0.2355077598204085
64,5.0,1.25,6,11,7.0898154036220635,0.5961444645423689,0.7101014282810064
64,5.0,1.25,6,12,7.0898154036220635,0.26562017853240427,0.34137723746506043
64,5.0,1.25,6,13,7.0898154036220635,0.2653245355892262,0.21805818068163035
64,5.0,1.25,6,14,7.0898154036220635,0.24183326423230606,0.417648910898488
64,5.0,1.25,6,15,7.0898154036220635,0.487686510104273,0.3911118915475146
64,5.0,1.25,6,16,7.0898154036220635,0.32503499759111243,0.2584617681760181
64,5.0,1.25,6,17,7.0898154036220635,0.5842867441798474,0.5677225033643376
64,5.0,1.25,6,18,7.0898154036220635,0.36565697309122147,0.2600162999224653
64,5.0,1.25,6,19,7.0898154036220635,0.5952903505817485,0.23932676815899018
64,5.0,1.25,6,20,7.0898154036220635,0.43198997865797706,0.3950754852878025
64,5.0,1.25,6,21,7.0898154036220635,0.2669334718647045,0.5526107795053091
64,5.0,1.25,6,22,7.0898154036220635,0.2104598093789436,0.2566790462567676
64,5.0,1.25,6,23,7.0898154036220635,0.43919672739266513,0.3599454452242094
64,5.0,1.25,6,24,7.0898154036220635,0.4052569940628711,0.2791054536247747
64,5.0,1.25,6,25,7.0898154036220635,0.25567239759009713,0.2339063038143936
64,5.0,1.25,6,26,7.0898154036220635,0.3636657555760753,0.45745692712924724
64,5.0,1.25,6,27,7.0898154036220635,0.31524102817666383,0.38286150429789484
64,5.0,1.25,6,28,7.0898154036220635,0.4435495401491824,0.251035776569552
64,5.0,1.25,6,29,7.0898154036220635,0.5101283315893701,0.29921963744618857
64,5.0,1.25,6,30,7.0898154036220635,0.33002729681691517,0.6392510898466067
64,5.0,1.25,6,31,7.0898154036220635,0.36014974999056976,0.44716111045920554
64,5.0,1.25,6,32,7.0898154036220635,0.5569381717126424,0.2761567001297296
64,5.0,1.25,6,33,7.0898154036220635,0.3677891255896176,0.39518464381891166
64,5.0,1.25,6,34,7.0898154036220635,0.35199092650035785,0.41739660551678226
64,5.0,1.25,6,35,7.0898154036220635,0.4227401894805836,0.3364631129091036
64,5.0,1.25,6,36,7.0898154036220635,0.31923736453312523,0.3250273903188126
64,5.0,1.25,6,37,7.0898154036220635,0.15789453394298564,0.21293742504922655
64,5.0,1.25,6,38,7.0898154036220635,0.15385694661814972,0.3419403522799325
64,5.0,1.25,6,39,7.0898154036220635,0.43526667619348114,0.3590016606530301
64,5.0,1.25,6,40,7.0898154036220635,0.42991500357452744,0.2123787916547303
64,5.0,1.25,6,41,7.0898154036220635,0.5139189533546217,0.38553180200244486
64,5.0,1.25,6,42,7.0898154036220635,0.23903724771619722,0.33082323107589173
64,5.0,1.25,6,43,7.0898154036220635,0.2827255484290821,0.22347719821894177
64,5.0,1.25,6,44,7.0898154036220635,0.42117334613187635,0.20064271253304522
64,5.0,1.25,6,45,7.0898154036220635,0.4272859367619583,0.28660646592206174
64,5.0,1.25,6,46,7.0898154036220635,0.3314419387267798,0.3908427943375449
64,5.0,1.25,6,47,7.0898154036220635,0.2936319246589577,0.3558515326788439
64,5.0,1.25,6,48,7.0898154036220635,0.2619248035772855,0.24671912320740633
64,5.0,1.25,6,49,7.0898154036220635,0.34075454689401485,0.18768375125099868
64,5.0,1.25,6,50,7.0898154036220635,0.2482702889368972,0.20967211035514488
64,5.0,1.25,6,51,7.0898154036220635,0.4613432749351434,0.5098185973277445
64,5.0,1.25,6,52,7.0898154036220635,0.3472443496985669,0.4068717093306298
64,5.0,1.25,6,53,7.0898154036220635,0.28669045007319277,0.1756930989192457
64,5.0,1.25,6,54,7.0898154036220635,0.39623917544735054,0.5035060973223021
64,5.0,1.25,6,55,7.0898154036220635,0.36403169236118404,0.24804042655217015
64,5.0,1.25,6,56,7.0898154036220635,0.3228904617569742,0.21078490607703299
64,5.0,1.25,6,57,7.0898154036220635,0.6389833366478321,0.28103860213603754
64,5.0,1.25,6,58,7.0898154036220635,0.26506535744470494,0.2961349737355049
64,5.0,1.25,6,59,7.0898154036220635,0.19919927854713365,0.2827535466894835
64,5.0,1.25,6,60,7.0898154036220635,0.38080351768024523,0.41345880052966794
64,5.0,1.25,6,61,7.0898154036220635,0.6471905698966186,0.20405894326856283
64,5.0,1.25,6,62,7.0898154036220635,0.4098854695559028,0.29833788842766334
64,5.0,1.25,6,63,7.0898154036220635,0.6646048749752611,0.4602168994860585
64,5.0,1.6,7,0,5.538918284079736,0.21685130924939167,0.4298434794411976
64,5.0,1.6,7,1,5.538918284079736,0.32039462891555476,0.27753785764815464
64,5.0,1.6,7,2,5.538918284079736,0.2595204089744589,0.30119467577874914
64,5.0,1.6,7,3,5.538918284079736,0.1919926500278201,0.17322558814578656
64,5.0,1.6,7,4,5.538918284079736,0.3837126461907421,0.24651617027058628
64,5.0,1.6,7,5,5.538918284079736,0.18954418443453683,0.19470978204968334
64,5.0,1.6,7,6,5.538918284079736,0.4147818884580968,0.2427244057795639
64,5.0,1.6,7,7,5.538918284079736,0.448390970484125,0.3204185352507338
64,5.0,1.6,7,8,5.538918284079736,0.3105992848544402,0.2369097813279658
64,5.0,1.6,7,9,5.538918284079736,0.20919043276420815,0.13351847328956856
64,5.0,1.6,7,10,5.538918284079736,0.15748271223299937,0.16118273037031797
64,5.0,1.6,7,11,5.538918284079736,0.2888238783973733,0.29029511566398725
64,5.0,1.6,7,12,5.538918284079736,0.3544231138895017,0.24816048109734595
64,5.0,1.6,7,13,5.538918284079736,0.3112677456687057,0.3985245199578911
64,5.0,1.6,7,14,5.538918284079736,0.3477613365596595,0.2669220553462845
64,5.0,1.6,7,15,5.538918284079736,0.25374593411676827,0.2100818338389925
64,5.0,1.6,7,16,5.538918284079736,0.25024862928205993,0.27253888358393097
64,5.0,1.6,7,17,5.538918284079736,0.2722295350111709,0.27128528793889617
64,5.0,1.6,7,18,5.538918284079736,0.28876372368467773,0.26291477417753545
64,5.0,1.6,7,19,5.538918284079736,0.3203801895647447,0.24993087019473892
64,5.0,1.6,7,20,5.538918284079736,0.441650583766197,0.21612028893263308
64,5.0,1.6,7,21,5.538918284079736,0.2621514910606735,0.43748086407308967
64,5.0,1.6,7,22,5.538918284079736,0.22153346639251342,0.17807392800409613
64,5.0,1.6,7,23,5.538918284079736,0.14780607797960413,0.32631851433513137
64,5.0,1.6,7,24,5.538918284079736,0.17618509045276634,0.2780664794864529
64,5.0,1.6,7,25,5.538918284079736,0.44369296714800643,0.34252090371809485
64,5.0,1.6,7,26,5.538918284079736,0.22770567241884462,0.3586610734273704
64,5.0,1.6,7,27,5.538918284079736,0.14609914265978385,0.138051762573064
64,5.0,1.6,7,28,5.538918284079736,0.22049646614776,0.2253688797440831
64,5.0,1.6,7,29,5.538918284079736,0.2119150134044151,0.16398310693388973
64,5.0,1.6,7,30,5.538918284079736,0.21962584204562588,0.22176774048203318
64,5.0,1.6,7,31,5.538918284079736,0.1699539321395023,0.3656794572803364
64,5.0,1.6,7,32,5.538918284079736,0.1635558214278767,0.1774766203430861
64,5.0,1.6,7,33,5.538918284079736,0.4317379959934603,0.5712374451472433
64,5.0,1.6,7,34,5.538918284079736,0.5944825449196536,0.32061441562993986
64,5.0,1.6,7,35,5.538918284079736,0.16621748433316144,0.3261258397371375
64,5.0,1.6,7,36,5.538918284079736,0.3003543090149247,0.3262232857472079
64,5.0,1.6,7,37,5.538918284079736,0.20278089008262445,0.159907917548849
64,5.0,1.6,7,38,5.538918284079736,0.1455716956935816,0.2780192333088398
64,5.0,1.6,7,39,5.538918284079736,0.2581020840423652,0.26777742103502394
64,5.0,1.6,7,40,5.538918284079736,0.39778938352543014,0.283370613576096
64,5.0,1.6,7,41,5.538918284079736,0.27186101166212984,0.5360891321497314
64,5.0,1.6,7,42,5.538918284079736,0.38516079272785525,0.326254669936525
64,5.0,1.6,7,43,5.538918284079736,0.1912624181504785,0.1893763348860847
64,5.0,1.6,7,44,5.538918284079736,0.28895614361047023,0.3703249672139895
64,5.0,1.6,7,45,5.538918284079736,0.26462360622062764,0.4867703054498884
64,5.0,1.6,7,46,5.538918284079736,0.4241702085780001,0.3262619802856534
64,5.0,1.6,7,47,5.538918284079736,0.24034936660271594,0.2731310024295384
64,5.0,1.6,7,48,5.538918284079736,0.21339992157323062,0.3262853076450646
64,5.0,1.6,7,49,5.538918284079736,0.1967496513902685,0.17873661005724106
64,5.0,1.6,7,50,5.538918284079736,0.27519072108595455,0.21482511675148716
64,5.0,1.6,7,51,5.538918284079736,0.2632006235799224,0.15631877253763568
64,5.0,1.6,7,52,5.538918284079736,0.19592858395559454,0.21938341931853428
64,5.0,1.6,7,53,5.538918284079736,0.2026374843929745,0.398845542917656
64,5.0,1.6,7,54,5.538918284079736,0.617941735670924,0.46744729497718973
64,5.0,1.6,7,55,5.538918284079736,0.25364786069492007,0.32622365573136314
64,5.0,1.6,7,56,5.538918284079736,0.24633345461360312,0.4841202986825588
64,5.0,1.6,7,57,5.538918284079736,0.25847583174289174,0.34201407965309444
64,5.0,1.6,7,58,5.538918284079736,0.3353289754687908,0.2710871983572301
64,5.0,1.6,7,59,5.538918284079736,0.24609891398547154,0.1378734328951949
64,5.0,1.6,7,60,5.538918284079736,0.22518859801195493,0.20071454192448995
64,5.0,1.6,7,61,5.538918284079736,0.35646406873202613,0.18593473227271112
64,5.0,1.6,7,62,5.538918284079736,0.35934301883509,0.258735794618193
64,5.0,1.6,7,63,5.538918284079736,0.2526539397918707,0.17616455096438824
64,5.0,2.0,8,0,4.4311346272637895,0.20719134882888363,0.17056073884290435
64,5.0,2.0,8,1,4.4311346272637895,0.12660555042391633,0.3350684591583455
64,5.0,2.0,8,2,4.4311346272637895,0.13237687694036382,0.15466769116405898
64,5.0,2.0,8,3,4.4311346272637895,0.24039891759519438,0.2029996492693073
64,5.0,2.0,8,4,4.4311346272637895,0.29431516846073363,0.3382355603959778
64,5.0,2.0,8,5,4.4311346272637895,0.31758638347800777,0.4950164835092925
64,5.0,2.0,8,6,4.4311346272637895,0.1755821135037641,0.3741343574234868
64,5.0,2.0,8,7,4.4311346272637895,0.14836911140258469,0.2896572877400934
64,5.0,2.0,8,8,4.4311346272637895,0.22114111929757646,0.14060958825767295
64,5.0,2.0,8,9,4.4311346272637895,0.2040819110310358,0.3195139248637202
64,5.0,2.0,8,10,4.4311346272637895,0.1381261765207058,0.22059488059850813
64,5.0,2.0,8,11,4.4311346272637895,0.2452704722893489,0.23686206257567466
64,5.0,2.0,8,12,4.4311346272637895,0.4218442351478997,0.26975551191214286
64,5.0,2.0,8,13,4.4311346272637895,0.2520914663381235,0.2716592335995137
64,5.0,2.0,8,14,4.4311346272637895,0.21370729701449737,0.1647630950865474
64,5.0,2.0,8,15,4.4311346272637895,0.13607040133863244,0.17361039702480752
64,5.0,2.0,8,16,4.4311346272637895,0.2001301543646461,0.23951611947391968
64,5.0,2.0,8,17,4.4311346272637895,0.1637601751749856,0.24648516839409768
64,5.0,2.0,8,18,4.4311346272637895,0.13647870160261605,0.3731590158212963
64,5.0,2.0,8,19,4.4311346272637895,0.3900608951942073,0.22522705293337736
64,5.0,2.0,8,20,4.4311346272637895,0.2168912746626776,0.25847518138998804
64,5.0,2.0,8,21,4.4311346272637895,0.31474618509386565,0.19619478246617258
64,5.0,2.0,8,22,4.4311346272637895,0.20391728046498708,0.2357124500052571
64,5.0,2.0,8,23,4.4311346272637895,0.17518184824143512,0.28494440665085374
64,5.0,2.0,8,24,4.4311346272637895,0.33181006401077895,0.2067778889428607
64,5.0,2.0,8,25,4.4311346272637895,0.2145118364062644,0.18413995283529344
64,5.0,2.0,8,26,4.4311346272637895,0.12807540854655777,0.26558572823752546
64,5.0,2.0,8,27,4.4311346272637895,0.28199527777705957,0.1936522851231573
64,5.0,2.0,8,28,4.4311346272637895,0.23178060426108132,0.19704947880136467
64,5.0,2.0,8,29,4.4311346272637895,0.2409330410880075,0.26939177435021744
64,5.0,2.0,8,30,4.4311346272637895,0.271643842312436,0.27165081898320825
64,5.0,2.0,8,31,4.4311346272637895,0.2474603499403476,0.17623635931730755
64,5.0,2.0,8,32,4.4311346272637895,0.167842342775392,0.25842833360067036
64,5.0,2.0,8,33,4.4311346272637895,0.4049088765670096,0.2667507081225048
64,5.0,2.0,8,34,4.4311346272637895,0.23014552304642752,0.15534595545970767
64,5.0,2.0,8,35,4.4311346272637895,0.13211297542254757,0.1496130195158224
64,5.0,2.0,8,36,4.4311346272637895,0.17574301158741967,0.18216518752199565
64,5.0,2.0,8,37,4.4311346272637895,0.21942556415975348,0.23317723117513683
64,5.0,2.0,8,38,4.4311346272637895,0.2989883719189703,0.2555129633830223
64,5.0,2.0,8,39,4.4311346272637895,0.18445850457491503,0.1680692411197484
64,5.0,2.0,8,40,4.4311346272637895,0.24096260957128007,0.2643695100229185
64,5.0,2.0,8,41,4.4311346272637895,0.29613906378131516,0.2674855822505344
64,5.0,2.0,8,42,4.4311346272637895,0.23422656255230967,0.241958407462183
64,5.0,2.0,8,43,4.4311346272637895,0.21866149692439923,0.1360071611682504
64,5.0,2.0,8,44,4.4311346272637895,0.21530993322655564,0.17860785820871278
64,5.0,2.0,8,45,4.4311346272637895,0.11794280639598773,0.24101686735163838
64,5.0,2.0,8,46,4.4311346272637895,0.16115135252385393,0.17573419138031607
64,5.0,2.0,8,47,4.4311346272637895,0.17220060728269826,0.16156055630384206
64,5.0,2.0,8,48,4.4311346272637895,0.22170379540171176,0.19200244326981702
64,5.0,2.0,8,49,4.4311346272637895,0.16484286534495504,0.3664434025746641
64,5.0,2.0,8,50,4.4311346272637895,0.2117658197457219,0.3062894508888081
64,5.0,2.0,8,51,4.4311346272637895,0.18522046222728566,0.2137172802912499
64,5.0,2.0,8,52,4.4311346272637895,0.13855277510101816,0.2383940672292271
64,5.0,2.0,8,53,4.4311346272637895,0.2717064527458333,0.23772901343893937
64,5.0,2.0,8,54,4.4311346272637895,0.2137303506687585,0.3616443255263274
64,5.0,2.0,8,55,4.4311346272637895,0.18809421021981945,0.2610205074607368
64,5.0,2.0,8,56,4.4311346272637895,0.4439493160534326,0.2723724089395747
64,5.0,2.0,8,57,4.4311346272637895,0.27371309378586517,0.2437316331696602
64,5.0,2.0,8,58,4.4311346272637895,0.15544954967114685,0.18194683499012
64,5.0,2.0,8,59,4.4311346272637895,0.3893637806806873,0.345351702647956
64,5.0,2.0,8,60,4.4311346272637895,0.13404694056878222,0.25418780325272994
64,5.0,2.0,8,61,4.4311346272637895,0.24450174392871354,0.3578527572803858
64,5.0,2.0,8,62,4.4311346272637895,0.1685293160161804,0.1610431495996738
64,5.0,2.0,8,63,4.4311346272637895,0.18953972100432614,0.2568153526434464
64,5.0,2.5,9,0,3.5449077018110318,0.2118843631953821,0.22988560981002243
64,5.0,2.5,9,1,3.5449077018110318,0.11997651533731775,0.13450201872602946
64,5.0,2.5,9,2,3.5449077018110318,0.15018918533489672,0.2674792973341851
64,5.0,2.5,9,3,3.5449077018110318,0.1708237324236677,0.17796653460239487
64,5.0,2.5,9,4,3.5449077018110318,0.3007382872075781,0.17410832031707973
64,5.0,2.5,9,5,3.5449077018110318,0.17910213786498047,0.2380495029925312
64,5.0,2.5,9,6,3.5449077018110318,0.14088670663697295,0.18764088095728532
64,5.0,2.5,9,7,3.5449077018110318,0.1271557309579316,0.11672535850455046
64,5.0,2.5,9,8,3.5449077018110318,0.33748393767296514,0.23351051877023182
64,5.0,2.5,9,9,3.5449077018110318,0.27919135808484286,0.23164533792777187
64,5.0,2.5,9,10,3.5449077018110318,0.26219855601894076,0.1916654016631058
64,5.0,2.5,9,11,3.5449077018110318,0.2503673487369292,0.20238387795866403
64,5.0,2.5,9,12,3.5449077018110318,0.2285521063789417,0.18140436232955107
64,5.0,2.5,9,13,3.5449077018110318,0.18383503151394678,0.284111434679905
64,5.0,2.5,9,14,3.5449077018110318,0.1872743712719931,0.18403042994340213
64,5.0,2.5,9,15,3.5449077018110318,0.13315484067572608,0.22184268056779155
64,5.0,2.5,9,16,3.5449077018110318,0.19542512772752801,0.19201231385967538
64,5.0,2.5,9,17,3.5449077018110318,0.21785353283450223,0.11280812633713752
64,5.0,2.5,9,18,3.5449077018110318,0.351263079936963,0.20621177659897377
64,5.0,2.5,9,19,3.5449077018110318,0.29670861428119333,0.396017221105872
64,5.0,2.5,9,20,3.5449077018110318,0.20122718844066778,0.2992808630743634
64,5.0,2.5,9,21,3.5449077018110318,0.28688384086553287,0.3960558092364434
64,5.0,2.5,9,22,3.5449077018110318,0.12591166970698717,0.20961494759438964
64,5.0,2.5,9,23,3.5449077018110318,0.1767204339932904,0.1776793068239256
64,5.0,2.5,9,24,3.5449077018110318,0.13773547501039815,0.20881471846949767
64,5.0,2.5,9,25,3.5449077018110318,0.14722605734041952,0.16820333672902546
64,5.0,2.5,9,26,3.5449077018110318,0.2310799350031057,0.16353213216279222
64,5.0,2.5,9,27,3.5449077018110318,0.16273466675376574,0.2466172051418213
64,5.0,2.5,9,28,3.5449077018110318,0.1772733444862132,0.142873226265079
64,5.0,2.5,9,29,3.5449077018110318,0.3573128640798326,0.3338918830381929
64,5.0,2.5,9,30,3.5449077018110318,0.16256058351223945,0.15724621793480137
64,5.0,2.5,9,31,3.5449077018110318,0.24507176831981153,0.2370374919791714
64,5.0,2.5,9,32,3.5449077018110318,0.20126395125719226,0.1796107467059516
64,5.0,2.5,9,33,3.5449077018110318,0.22876050899985373,0.15849111080344253
64,5.0,2.5,9,34,3.5449077018110318,0.22203732346358612,0.19580193577907137
64,5.0,2.5,9,35,3.5449077018110318,0.17792909086185182,0.23546035380881464
64,5.0,2.5,9,36,3.5449077018110318,0.3512211953165409,0.1766852812613523
64,5.0,2.5,9,37,3.5449077018110318,0.2642255132494011,0.2762950160349528
64,5.0,2.5,9,38,3.5449077018110318,0.13977188686002445,0.2654544882578861
64,5.0,2.5,9,39,3.5449077018110318,0.12803007302591754,0.2846149714987242
64,5.0,2.5,9,40,3.5449077018110318,0.19074722985972734,0.17359371005963134
64,5.0,2.5,9,41,3.5449077018110318,0.1642537672295143,0.19388286614083056
64,5.0,2.5,9,42,3.5449077018110318,0.36730137654100703,0.3804879328524602
64,5.0,2.5,9,43,3.5449077018110318,0.14891031885586506,0.1563408407293013
64,5.0,2.5,9,44,3.5449077018110318,0.270234412621141,0.20878183663695954
64,5.0,2.5,9,45,3.5449077018110318,0.1967434870810395,0.11359350441843259
64,5.0,2.5,9,46,3.5449077018110318,0.1779322027017901,0.18015314246468955
64,5.0,2.5,9,47,3.5449077018110318,0.17468393417384837,0.21015126633885836
64,5.0,2.5,9,48,3.5449077018110318,0.1642493358311207,0.17479808932491137
64,5.0,2.5,9,49,3.5449077018110318,0.21196319311253617,0.1525580637042497
64,5.0,2.5,9,50,3.5449077018110318,0.1761887585909559,0.2993049752207225
64,5.0,2.5,9,51,3.5449077018110318,0.2354510348590984,0.2549545100570333
64,5.0,2.5,9,52,3.5449077018110318,0.13715768485564409,0.22176918674829774
64,5.0,2.5,9,53,3.5449077018110318,0.1247770933103374,0.19906028718179308
64,5.0,2.5,9,54,3.5449077018110318,0.2682679354239215,0.17722820169586256
64,5.0,2.5,9,55,3.5449077018110318,0.13297641293993231,0.17312918193174953
64,5.0,2.5,9,56,3.5449077018110318,0.14273356854428454,0.14094486738171635
64,5.0,2.5,9,57,3.5449077018110318,0.1809093230083993,0.21733762826317862
64,5.0,2.5,9,58,3.5449077018110318,0.2556409210052464,0.18756320894182435
64,5.0,2.5,9,59,3.5449077018110318,0.09069681813759763,0.16404659197631075
64,5.0,2.5,9,60,3.5449077018110318,0.23543450327937535,0.19500456934575738
64,5.0,2.5,9,61,3.5449077018110318,0.2285094824467196,0.15535106751766511
64,5.0,2.5,9,62,3.5449077018110318,0.11725066047724378,0.12548257143147262
64,5.0,2.5,9,63,3.5449077018110318,0.35122118630325494,0.24596488414206452
64,5.0,3.2,10,0,2.769459142039868,0.12636102690030285,0.263984277464981
64,5.0,3.2,10,1,2.769459142039868,0.1800048745671518,0.2388939767261123
64,5.0,3.2,10,2,2.769459142039868,0.2636313344099129,0.14946778317568654
64,5.0,3.2,10,3,2.769459142039868,0.12136777431454689,0.15817337799987632
64,5.0,3.2,10,4,2.769459142039868,0.15060460302627707,0.16313116096196317
64,5.0,3.2,10,5,2.769459142039868,0.16683798083346837,0.1871492599920701
64,5.0,3.2,10,6,2.769459142039868,0.16031019679291103,0.24338264451915106
64,5.0,3.2,10,7,2.769459142039868,0.17130043148800628,0.20813360156522256
64,5.0,3.2,10,8,2.769459142039868,0.10482176167254563,0.2437212191019574
64,5.0,3.2,10,9,2.769459142039868,0.16313386174034106,0.1467722056405915
64,5.0,3.2,10,10,2.769459142039868,0.2130561850758731,0.1723637399450758
64,5.0,3.2,10,11,2.769459142039868,0.1981662183464189,0.17122147773939256
64,5.0,3.2,10,12,2.769459142039868,0.30940521741696264,0.13901779452094346
64,5.0,3.2,10,13,2.769459142039868,0.1806418568935305,0.20150034390949692
64,5.0,3.2,10,14,2.769459142039868,0.2454473217884966,0.24337060119126078
64,5.0,3.2,10,15,2.769459142039868,0.15530956707531104,0.10341994567206278
64,5.0,3.2,10,16,2.769459142039868,0.18394540108288476,0.17272602463619285
64,5.0,3.2,10,17,2.769459142039868,0.3037781718878285,0.1839621170063247
64,5.0,3.2,10,18,2.769459142039868,0.14763561974490544,0.13356522855470376
64,5.0,3.2,10,19,2.769459142039868,0.24337067013930366,0.17245317397957322
64,5.0,3.2,10,20,2.769459142039868,0.17744299049813034,0.1283176179549694
64,5.0,3.2,10,21,2.769459142039868,0.16698872549332486,0.1496907959588297
64,5.0,3.2,10,22,2.769459142039868,0.27028608632270174,0.15506373594291267
64,5.0,3.2,10,23,2.769459142039868,0.13507229655714237,0.2972672442279771
64,5.0,3.2,10,24,2.769459142039868,0.15260787876187032,0.1051331945825656
64,5.0,3.2,10,25,2.769459142039868,0.20674343625666855,0.26364957468013794
64,5.0,3.2,10,26,2.769459142039868,0.3093844695924409,0.1151385269065994
64,5.0,3.2,10,27,2.769459142039868,0.2534601156724876,0.16980162094027001
64,5.0,3.2,10,28,2.769459142039868,0.1525841854954934,0.19418354865833468
64,5.0,3.2,10,29,2.769459142039868,0.14362197021331205,0.17378377771712722
64,5.0,3.2,10,30,2.769459142039868,0.14739586783243477,0.26363113595618465
64,5.0,3.2,10,31,2.769459142039868,0.2822630213320874,0.21941578324810299
64,5.0,3.2,10,32,2.769459142039868,0.16340676094989473,0.2744245078089303
64,5.0,3.2,10,33,2.769459142039868,0.20763870487721262,0.2744175287740104
64,5.0,3.2,10,34,2.769459142039868,0.2103002130876241,0.14718352334926652
64,5.0,3.2,10,35,2.769459142039868,0.15443726625444584,0.12603941762161516
64,5.0,3.2,10,36,2.769459142039868,0.24976403507555062,0.2165440911696051
64,5.0,3.2,10,37,2.769459142039868,0.2744185670872491,0.24338841422687485
64,5.0,3.2,10,38,2.769459142039868,0.16314034871851943,0.1420965010438426
64,5.0,3.2,10,39,2.769459142039868,0.26363946518913606,0.15060120985563405
64,5.0,3.2,10,40,2.769459142039868,0.16202968356528105,0.17952750881674645
64,5.0,3.2,10,41,2.769459142039868,0.19023046073438235,0.128620836124357
64,5.0,3.2,10,42,2.769459142039868,0.11501554690822424,0.23056274530504758
64,5.0,3.2,10,43,2.769459142039868,0.17354849947443565,0.19218307857279493
64,5.0,3.2,10,44,2.769459142039868,0.16056533502623802,0.16316194541109405
64,5.0,3.2,10,45,2.769459142039868,0.14681882515345732,0.16313654264255323
64,5.0,3.2,10,46,2.769459142039868,0.1661008580566423,0.2234533086890245
64,5.0,3.2,10,47,2.769459142039868,0.22112662430668623,0.14572212516950386
64,5.0,3.2,10,48,2.769459142039868,0.24425735820139244,0.222790822573219
64,5.0,3.2,10,49,2.769459142039868,0.25416089877200443,0.27443019124648127
64,5.0,3.2,10,50,2.769459142039868,0.1419930020712802,0.1631633043206403
64,5.0,3.2,10,51,2.769459142039868,0.0905979913557977,0.1751537951969974
64,5.0,3.2,10,52,2.769459142039868,0.12168742588815441,0.23382957709128738
64,5.0,3.2,10,53,2.769459142039868,0.16977795447139038,0.24337684706915208
64,5.0,3.2,10,54,2.769459142039868,0.14945425241001162,0.10505376125541105
64,5.0,3.2,10,55,2.769459142039868,0.12438214271693927,0.26222065683928447
64,5.0,3.2,10,56,2.769459142039868,0.142906542695418,0.23384620245422055
64,5.0,3.2,10,57,2.769459142039868,0.15366651649595836,0.20736152524375612
64,5.0,3.2,10,58,2.769459142039868,0.13849773696585777,0.16314876873667666
64,5.0,3.2,10,59,2.769459142039868,0.21673661267270716,0.29723885064088756
64,5.0,3.2,10,60,2.769459142039868,0.16312543321019043,0.1477113921239942
64,5.0,3.2,10,61,2.769459142039868,0.15583494384355218,0.1832807882345111
64,5.0,3.2,10,62,2.769459142039868,0.13900825835664124,0.14215660831586457
64,5.0,3.2,10,63,2.769459142039868,0.14212000440570638,0.2318099797848464
64,5.0,4.0,11,0,2.2155673136318947,0.13048398307372144,0.17270052972702782
64,5.0,4.0,11,1,2.2155673136318947,0.13284350373965712,0.16590119714664903
64,5.0,4.0,11,2,2.2155673136318947,0.21090321760472402,0.18854620614465634
64,5.0,4.0,11,3,2.2155673136318947,0.19012969582120992,0.10654850359627387
64,5.0,4.0,11,4,2.2155673136318947,0.1386868977642945,0.11688050181599505
64,5.0,4.0,11,5,2.2155673136318947,0.15939747780836674,0.18540380807800988
64,5.0,4.0,11,6,2.2155673136318947,0.19313710526023703,0.2250715577166888
64,5.0,4.0,11,7,2.2155673136318947,0.15392953919198774,0.13584120029593544
64,5.0,4.0,11,8,2.2155673136318947,0.12990521241819525,0.12841729073696007
64,5.0,4.0,11,9,2.2155673136318947,0.16593089889832088,0.18706122068981829
64,5.0,4.0,11,10,2.2155673136318947,0.20231806730804602,0.17390302611233255
64,5.0,4.0,11,11,2.2155673136318947,0.21954103059959562,0.11419214043605894
64,5.0,4.0,11,12,2.2155673136318947,0.20000387210771842,0.16128723246479817
64,5.0,4.0,11,13,2.2155673136318947,0.15940536906824732,0.17993846499505378
64,5.0,4.0,11,14,2.2155673136318947,0.13999396001963604,0.12256181555871329
64,5.0,4.0,11,15,2.2155673136318947,0.13685040173844382,0.17269539852828852
64,5.0,4.0,11,16,2.2155673136318947,0.12693649436768323,0.16462958874950984
64,5.0,4.0,11,17,2.2155673136318947,0.12887488295765132,0.19038639243095754
64,5.0,4.0,11,18,2.2155673136318947,0.10662907157013879,0.11649066506373101
64,5.0,4.0,11,19,2.2155673136318947,0.23781790378486128,0.2377868757491317
64,5.0,4.0,11,20,2.2155673136318947,0.1274967068185805,0.17266921078305308
64,5.0,4.0,11,21,2.2155673136318947,0.15941039460861667,0.16746128827416917
64,5.0,4.0,11,22,2.2155673136318947,0.18708502664914906,0.2109250010690264
64,5.0,4.0,11,23,2.2155673136318947,0.16317094777585445,0.1314839679618645
64,5.0,4.0,11,24,2.2155673136318947,0.13994086084626028,0.124823247141964
64,5.0,4.0,11,25,2.2155673136318947,0.12332852706039799,0.15938873370246714
64,5.0,4.0,11,26,2.2155673136318947,0.1870612481469467,0.12635785455774184
64,5.0,4.0,11,27,2.2155673136318947,0.14717040338372728,0.148997174287326
64,5.0,4.0,11,28,2.2155673136318947,0.14447008561934988,0.15091818884835806
64,5.0,4.0,11,29,2.2155673136318947,0.14062780872674746,0.16315092548282967
64,5.0,4.0,11,30,2.2155673136318947,0.13021499282396054,0.13533831012319125
64,5.0,4.0,11,31,2.2155673136318947,0.21091638308179605,0.23781768910553047
64,5.0,4.0,11,32,2.2155673136318947,0.10998192949421194,0.12940285950305774
64,5.0,4.0,11,33,2.2155673136318947,0.14748392505225033,0.159427919966871
64,5.0,4.0,11,34,2.2155673136318947,0.1475655256476984,0.1421278932158807
64,5.0,4.0,11,35,2.2155673136318947,0.2475071639878527,0.13584000137233007
64,5.0,4.0,11,36,2.2155673136318947,0.14252768972181823,0.22848075606771476
64,5.0,4.0,11,37,2.2155673136318947,0.1659878777420123,0.23778870484028594
64,5.0,4.0,11,38,2.2155673136318947,0.13910587879766773,0.1471604251471053
64,5.0,4.0,11,39,2.2155673136318947,0.11193958255119832,0.14945532282729565
64,5.0,4.0,11,40,2.2155673136318947,0.10112161547010061,0.12180528841570853
64,5.0,4.0,11,41,2.2155673136318947,0.15058429068046808,0.1536236309727153
64,5.0,4.0,11,42,2.2155673136318947,0.19114202436531935,0.16487818496350315
64,5.0,4.0,11,43,2.2155673136318947,0.19056060168426103,0.16305326004727316
64,5.0,4.0,11,44,2.2155673136318947,0.11371716685370989,0.20654697589831655
64,5.0,4.0,11,45,2.2155673136318947,0.12009025371849671,0.11940577782918996
64,5.0,4.0,11,46,2.2155673136318947,0.219533345551973,0.1448290532304694
64,5.0,4.0,11,47,2.2155673136318947,0.14910831929435697,0.16590802413240696
64,5.0,4.0,11,48,2.2155673136318947,0.10697190935772688,0.194693059879034
64,5.0,4.0,11,49,2.2155673136318947,0.18249691952175554,0.15315255340258827
64,5.0,4.0,11,50,2.2155673136318947,0.12048089976707188,0.1471326881272808
64,5.0,4.0,11,51,2.2155673136318947,0.1424966143163841,0.10772283306330464
64,5.0,4.0,11,52,2.2155673136318947,0.17734231703962533,0.18707310177735376
64,5.0,4.0,11,53,2.2155673136318947,0.23781545571620455,0.1946846410354527
64,5.0,4.0,11,54,2.2155673136318947,0.10683232425766284,0.12594048140291067
64,5.0,4.0,11,55,2.2155673136318947,0.12738394948642848,0.1946934490348759
64,5.0,4.0,11,56,2.2155673136318947,0.2475149247202107,0.1383194947646254
64,5.0,4.0,11,57,2.2155673136318947,0.08980807083063606,0.12047720818094299
64,5.0,4.0,11,58,2.2155673136318947,0.17632059083717738,0.21093062252103362
64,5.0,4.0,11,59,2.2155673136318947,0.13584159629733972,0.13051053470527818
64,5.0,4.0,11,60,2.2155673136318947,0.19930129647343175,0.23358895069981758
64,5.0,4.0,11,61,2.2155673136318947,0.16591631905320423,0.17296571500694766
64,5.0,4.0,11,62,2.2155673136318947,0.12497621550812829,0.15821415728796515
64,5.0,4.0,11,63,2.2155673136318947,0.14922770543783506,0.1497458583628078
64,5.0,5.0,12,0,1.7724538509055159,0.11670877138479444,0.13812788754144828
64,5.0,5.0,12,1,1.7724538509055159,0.09529222131962474,0.1044063307870493
64,5.0,5.0,12,2,1.7724538509055159,0.11772506067740254,0.14964604141641397
64,5.0,5.0,12,3,1.7724538509055159,0.1412086250655304,0.15142658989323438
64,5.0,5.0,12,4,1.7724538509055159,0.09068260071025473,0.15576290027129464
64,5.0,5.0,12,5,1.7724538509055159,0.09639482869556262,0.12081652927046091
64,5.0,5.0,12,6,1.7724538509055159,0.12752305256315735,0.15880154835118357
64,5.0,5.0,12,7,1.7724538509055159,0.0967881807912209,0.09638101878146846
64,5.0,5.0,12,8,1.7724538509055159,0.09829949340477948,0.13432664903056754
64,5.0,5.0,12,9,1.7724538509055159,0.17562195535149705,0.1606839022066801
64,5.0,5.0,12,10,1.7724538509055159,0.10567475698734985,0.10867482867287662
64,5.0,5.0,12,11,1.7724538509055159,0.10441400646875312,0.16872716208240277
64,5.0,5.0,12,12,1.7724538509055159,0.18528257594363712,0.15424180365288115
64,5.0,5.0,12,13,1.7724538509055159,0.12056825423071801,0.14964568667914352
64,5.0,5.0,12,14,1.7724538509055159,0.11084139184903977,0.1381417440148429
64,5.0,5.0,12,15,1.7724538509055159,0.10440469404363335,0.16872229531057897
64,5.0,5.0,12,16,1.7724538509055159,0.09676687780597323,0.149652979135803
64,5.0,5.0,12,17,1.7724538509055159,0.19800725661964033,0.10800123307266465
64,5.0,5.0,12,18,1.7724538509055159,0.1386999390442098,0.1014965356819928
64,5.0,5.0,12,19,1.7724538509055159,0.15575707034197048,0.15041991164003207
64,5.0,5.0,12,20,1.7724538509055159,0.19024529114818986,0.10712669018827414
64,5.0,5.0,12,21,1.7724538509055159,0.08548094747262444,0.15576756433874522
64,5.0,5.0,12,22,1.7724538509055159,0.13018520412919074,0.14994158425166
64,5.0,5.0,12,23,1.7724538509055159,0.19800117510707493,0.17563689579659697
64,5.0,5.0,12,24,1.7724538509055159,0.09630655117380774,0.17561709313802396
64,5.0,5.0,12,25,1.7724538509055159,0.17560471224938473,0.12022873626074629
64,5.0,5.0,12,26,1.7724538509055159,0.07958237930429865,0.11449021379696918
64,5.0,5.0,12,27,1.7724538509055159,0.13272932510027746,0.10866808465390645
64,5.0,5.0,12,28,1.7724538509055159,0.10436244912152026,0.09590131001776792
64,5.0,5.0,12,29,1.7724538509055159,0.11166096353975394,0.13816487632190996
64,5.0,5.0,12,30,1.7724538509055159,0.12073918540291831,0.09626564675763752
64,5.0,5.0,12,31,1.7724538509055159,0.1064488957719579,0.108674789269672
64,5.0,5.0,12,32,1.7724538509055159,0.17562428919818837,0.12181351231472741
64,5.0,5.0,12,33,1.7724538509055159,0.19024155145763919,0.14427157686297587
64,5.0,5.0,12,34,1.7724538509055159,0.13271848659653712,0.15074391549420224
64,5.0,5.0,12,35,1.7724538509055159,0.15576198767693547,0.13959089427654042
64,5.0,5.0,12,36,1.7724538509055159,0.12156173152025382,0.16873528290807854
64,5.0,5.0,12,37,1.7724538509055159,0.149652719200749,0.12252227922398115
64,5.0,5.0,12,38,1.7724538509055159,0.11966378619346787,0.10366300451433916
64,5.0,5.0,12,39,1.7724538509055159,0.18567249534931735,0.14437770448017173
64,5.0,5.0,12,40,1.7724538509055159,0.10689153599011521,0.13926452610971726
64,5.0,5.0,12,41,1.7724538509055159,0.13088300160007832,0.16808772266427588
64,5.0,5.0,12,42,1.7724538509055159,0.14045517844665725,0.13143362213898163
64,5.0,5.0,12,43,1.7724538509055159,0.1673383819678559,0.15575852489292502
64,5.0,5.0,12,44,1.7724538509055159,0.09407909463953594,0.13275919053530028
64,5.0,5.0,12,45,1.7724538509055159,0.08646846802956949,0.1093652534011705
64,5.0,5.0,12,46,1.7724538509055159,0.10734980827048639,0.1327311381056374
64,5.0,5.0,12,47,1.7724538509055159,0.10442352454278483,0.09858325593375922
64,5.0,5.0,12,48,1.7724538509055159,0.15575849819348125,0.13814737773089564
64,5.0,5.0,12,49,1.7724538509055159,0.09403057709489715,0.15957023334613685
64,5.0,5.0,12,50,1.7724538509055159,0.1584957531666952,0.15027009981409784
64,5.0,5.0,12,51,1.7724538509055159,0.11455929862515477,0.14596986687091004
64,5.0,5.0,12,52,1.7724538509055159,0.14934821585557206,0.11773096331158603
64,5.0,5.0,12,53,1.7724538509055159,0.08546065903371439,0.15575494230041498
64,5.0,5.0,12,54,1.7724538509055159,0.1275309089401063,0.14517376157626177
64,5.0,5.0,12,55,1.7724538509055159,0.11541603393475183,0.14046802940658903
64,5.0,5.0,12,56,1.7724538509055159,0.15576386617735075,0.16456646169814704
64,5.0,5.0,12,57,1.7724538509055159,0.1902375842965061,0.1327336707672136
64,5.0,5.0,12,58,1.7724538509055159,0.16872665967303396,0.11369923309449818
64,5.0,5.0,12,59,1.7724538509055159,0.11771978816172227,0.14701717238522366
64,5.0,5.0,12,60,1.7724538509055159,0.09596580540265934,0.09465173771462598
64,5.0,5.0,12,61,1.7724538509055159,0.11429311079163959,0.14165710135125487
64,5.0,5.0,12,62,1.7724538509055159,0.10691702707783632,0.11772390191251328
64,5.0,5.0,12,63,1.7724538509055159,0.1687271673358687,0.12752571793583117
64,5.0,6.5,13,0,1.363426039158089,0.14059543088603788,0.1405998577939573
64,5.0,6.5,13,1,1.363426039158089,0.07183848487504657,0.10627584971426471
64,5.0,6.5,13,2,1.363426039158089,0.13195452122490686,0.1198197571756693
64,5.0,6.5,13,3,1.363426039158089,0.11512101135293255,0.1405941106270922
64,5.0,6.5,13,4,1.363426039158089,0.1157301443072228,0.11982316755306129
64,5.0,6.5,13,5,1.363426039158089,0.0794581303973486,0.12979767437646234
64,5.0,6.5,13,6,1.363426039158089,0.13509371633232536,0.0980991166716733
64,5.0,6.5,13,7,1.363426039158089,0.10206969845423539,0.10699817748259159
64,5.0,6.5,13,8,1.363426039158089,0.10659721067349372,0.11981905284092684
64,5.0,6.5,13,9,1.363426039158089,0.12562654805441203,0.13660323248367917
64,5.0,6.5,13,10,1.363426039158089,0.1350941826909098,0.12563402997145814
64,5.0,6.5,13,11,1.363426039158089,0.10652556465802873,0.1350916602145464
64,5.0,6.5,13,12,1.363426039158089,0.09669367859138776,0.11830631918246547
64,5.0,6.5,13,13,1.363426039158089,0.09495602317830915,0.1067322911884011
64,5.0,6.5,13,14,1.363426039158089,0.14634042833764144,0.1405938904970513
64,5.0,6.5,13,15,1.363426039158089,0.13378792432464887,0.14060199315624505
64,5.0,8.0,14,0,1.1077836568159474,0.10108366526795867,0.0937430218442141
64,5.0,8.0,14,1,1.1077836568159474,0.09679661706395815,0.08114871598933515
64,5.0,8.0,14,2,1.1077836568159474,0.11890638952394267,0.08733377941984834
64,5.0,8.0,14,3,1.1077836568159474,0.07969593859964133,0.09291626034234501
64,5.0,8.0,14,4,1.1077836568159474,0.08795553710404658,0.1097644672127035
64,5.0,8.0,14,5,1.1077836568159474,0.118903902885952,0.09605879546470497
64,5.0,8.0,14,6,1.1077836568159474,0.08633133490688841,0.09367524303155916
64,5.0,8.0,14,7,1.1077836568159474,0.09418752783340163,0.1054616513090486
64,5.0,8.0,14,8,1.1077836568159474,0.07950507549960453,0.10975148769678963
64,5.0,8.0,14,9,1.1077836568159474,0.08530535581969498,0.0806316139433595
64,5.0,8.0,14,10,1.1077836568159474,0.07970953272307787,0.11785569344364241
64,5.0,8.0,14,11,1.1077836568159474,0.10976581888635364,0.11890011252166854
64,5.0,8.0,14,12,1.1077836568159474,0.11425213458191633,0.1142389072044803
64,5.0,8.0,14,13,1.1077836568159474,0.09734904450156995,0.09353375370939318
64,5.0,8.0,14,14,1.1077836568159474,0.10279588328513248,0.11890779697282874
64,5.0,8.0,14,15,1.1077836568159474,0.105458574270229,0.11890655054984228
64,5.0,12.0,15,0,0.7385224378772982,0.08250412225146135,0.07926838698400641
64,5.0,12.0,15,1,0.7385224378772982,0.07317797924710408,0.0825094193370485
64,5.0,12.0,15,2,0.7385224378772982,0.07533005484296691,0.07317947394338874
64,5.0,12.0,15,3,0.7385224378772982,0.06906904274424114,0.06915823270320945
64,5.0,12.0,15,4,0.7385224378772982,0.05656249593129137,0.07317207935156099
64,5.0,12.0,15,5,0.7385224378772982,0.0824982512800802,0.06490222006177139
64,5.0,12.0,15,6,0.7385224378772982,0.07926893386626505,0.07927102655560928
64,5.0,12.0,15,7,0.7385224378772982,0.07317130031993196,0.07926848413131798
64,5.0,12.0,15,8,0.7385224378772982,0.07816879308747049,0.07317482442400768
64,5.0,12.0,15,9,0.7385224378772982,0.07616258034251387,0.0824993798927718
64,5.0,12.0,15,10,0.7385224378772982,0.0731783878082891,0.08250738492594227
64,5.0,12.0,15,11,0.7385224378772982,0.0792680055590384,0.07307576886565052
64,5.0,12.0,15,12,0.7385224378772982,0.07317674271671036,0.07927242247378141
64,5.0,12.0,15,13,0.7385224378772982,0.07317939896673199,0.079269239354306
64,5.0,12.0,15,14,0.7385224378772982,0.07030604128085714,0.07030552878737989
64,5.0,12.0,15,15,0.7385224378772982,0.07909524906251207,0.07317795915612839
64,5.0,20.0,16,0,0.44311346272637897,0.04755941760451734,0.0495071375455664
64,5.0,20.0,16,1,0.44311346272637897,0.04950092422805039,0.04756081735098311
64,5.0,20.0,16,2,0.44311346272637897,0.04756253896056786,0.049397379189907754
64,5.0,20.0,16,3,0.44311346272637897,0.047560677416141735,0.04745372612483256
64,5.0,20.0,16,4,0.44311346272637897,0.0475637017732944,0.049504577949416775
64,5.0,20.0,16,5,0.44311346272637897,0.047564534536187864,0.04755957330878163
64,5.0,20.0,16,6,0.44311346272637897,0.043903872026403244,0.04755855115000077
64,5.0,20.0,16,7,0.44311346272637897,0.04320515717203034,0.04950437789751333
64,5.0,20.0,16,8,0.44311346272637897,0.04950227129907002,0.04755944000030902
64,5.0,20.0,16,9,0.44311346272637897,0.04950350238250813,0.046610703090437786
64,5.0,20.0,16,10,0.44311346272637897,0.04950277193761624,0.04756138832003213
64,5.0,20.0,16,11,0.44311346272637897,0.047562700284923175,0.04889472047640181
64,5.0,20.0,16,12,0.44311346272637897,0.04756192680937164,0.04500008464057721
64,5.0,20.0,16,13,0.44311346272637897,0.049500031730520255,0.04756326326650566
64,5.0,20.0,16,14,0.44311346272637897,0.04390622882714035,0.047560377678535035
64,5.0,20.0,16,15,0.44311346272637897,0.047561916728367834,0.04950496225442145
64,7.0,0.25,0,0,49.62870782067564,0.9003143376839089,1.1581653272337133
64,7.0,0.25,0,1,49.62870782067564,1.306309395553664,1.9695567347401775
64,7.0,0.25,0,2,49.62870782067564,0.9809142555875785,1.3485195981795566
64,7.0,0.25,0,3,49.62870782067564,1.0103818409909762,1.2308378804688738
64,7.0,0.25,0,4,49.62870782067564,1.3562516590524392,1.1590000362124102
64,7.0,0.25,0,5,49.62870782067564,0.9328081678844433,1.3097466586329594
64,7.0,0.25,0,6,49.62870782067564,1.2066048800928657,1.0586463261826586
64,7.0,0.25,0,7,49.62870782067564,1.2692851234348415,1.2544517442113141
64,7.0,0.25,0,8,49.62870782067564,1.1328961014891563,1.414565310668619
64,7.0,0.25,0,9,49.62870782067564,1.0231564318353308,1.3842363180821446
64,7.0,0.25,0,10,49.62870782067564,1.2412218110768762,1.3069157412187313
64,7.0,0.25,0,11,49.62870782067564,0.9446507634123246,0.9839559868309543
64,7.0,0.25,0,12,49.62870782067564,1.0966742463880836,0.9681781842942696
64,7.0,0.25,0,13,49.62870782067564,1.299617398969936,1.2257266385855652
64,7.0,0.25,0,14,49.62870782067564,1.0338572690137195,1.2519236403213245
64,7.0,0.25,0,15,49.62870782067564,0.9824041421570948,1.3713659202489068
64,7.0,0.35,1,0,35.44907701476832,1.0542837747631582,0.9646657710026857
64,7.0,0.35,1,1,35.44907701476832,0.8654670156072702,1.1086212709593346
64,7.0,0.35,1,2,35.44907701476832,1.3516013563206832,1.0149949445146311
64,7.0,0.35,1,3,35.44907701476832,1.2396158747305417,1.0963839187096154
64,7.0,0.35,1,4,35.44907701476832,0.8130108254103108,1.2557954555656412
64,7.0,0.35,1,5,35.44907701476832,1.1609142310051581,1.0407324312539235
64,7.0,0.35,1,6,35.44907701476832,1.054425550575979,0.9409550849409367
64,7.0,0.35,1,7,35.44907701476832,1.102516894332564,1.3186472803146656
64,7.0,0.35,1,8,35.44907701476832,0.9336551228660611,1.1277759789732822
64,7.0,0.35,1,9,35.44907701476832,1.1011692283258436,1.2095748008413303
64,7.0,0.35,1,10,35.44907701476832,1.1372332056443923,1.02176710987884
64,7.0,0.35,1,11,35.44907701476832,1.2661648307102975,1.1618034919045477
64,7.0,0.35,1,12,35.44907701476832,1.0364683824756333,1.2351130962833032
64,7.0,0.35,1,13,35.44907701476832,1.2616901157251417,1.0115747949688019
64,7.0,0.35,1,14,35.44907701476832,1.4127625979745253,1.0307004340063513
64,7.0,0.35,1,15,35.44907701476832,1.3532566520407388,1.099625036256632
64,7.0,0.5,2,0,24.81435391033782,1.270000779928289,0.7647634004552386
64,7.0,0.5,2,1,24.81435391033782,0.8832298271559517,1.0466712382145607
64,7.0,0.5,2,2,24.81435391033782,1.0371473557001298,1.1778508345951046
64,7.0,0.5,2,3,24.81435391033782,0.9658884099747063,1.030174401279947
64,7.0,0.5,2,4,24.81435391033782,0.7113935468219089,1.083252158183052
64,7.0,0.5,2,5,24.81435391033782,1.0340215429494066,0.8317018624453181
64,7.0,0.5,2,6,24.81435391033782,1.055183291614548,0.8625024186611656
64,7.0,0.5,2,7,24.81435391033782,1.0207867235488863,0.8252832078559053
64,7.0,0.5,2,8,24.81435391033782,1.1404586182662633,0.8337853734069511
64,7.0,0.5,2,9,24.81435391033782,0.8831817113517157,0.8813769988714385
64,7.0,0.5,2,10,24.81435391033782,0.831571343441244,0.6749112970222255
64,7.0,0.5,2,11,24.81435391033782,0.9090658410692327,0.9386311600862598
64,7.0,0.5,2,12,24.81435391033782,1.0598626901418884,0.6789768974897035
64,7.0,0.5,2,13,24.81435391033782,1.1129771118732041,1.2464696969592923
64,7.0,0.5,2,14,24.81435391033782,0.9997082728743156,1.156957779860625
64,7.0,0.5,2,15,24.81435391033782,1.3557739024391178,0.7783366618889664
64,7.0,0.5,2,16,24.81435391033782,1.0855709091802512,0.9572106674187544
64,7.0,0.5,2,17,24.81435391033782,1.208085876245926,0.732030008883127
64,7.0,0.5,2,18,24.81435391033782,0.945969657980573,0.8815080483971329
64,7.0,0.5,2,19,24.81435391033782,0.905974393560808,0.9737839812989737
64,7.0,0.5,2,20,24.81435391033782,1.1232091513881581,0.9239343866514622
64,7.0,0.5,2,21,24.81435391033782,1.3790179058683631,1.1971000892040022
64,7.0,0.5,2,22,24.81435391033782,0.8870700878011833,0.9073202229199289
64,7.0,0.5,2,23,24.81435391033782,1.1759689525507402,1.2474151832696236
64,7.0,0.5,2,24,24.81435391033782,1.0594487005313096,1.0058733329860283
64,7.0,0.5,2,25,24.81435391033782,1.203472458811781,0.8901223445556941
64,7.0,0.5,2,26,24.81435391033782,1.0839711420816474,0.9392033326301243
64,7.0,0.5,2,27,24.81435391033782,0.95011678559103,0.9060769574434242
64,7.0,0.5,2,28,24.81435391033782,1.03318508365619,1.0439102840506507
64,7.0,0.5,2,29,24.81435391033782,0.8667911378377312,0.8549559242657783
64,7.0,0.5,2,30,24.81435391033782,1.1830626134929847,0.7140840380861329
64,7.0,0.5,2,31,24.81435391033782,0.938511257063368,0.7766666895570515
64,7.0,0.5,2,32,24.81435391033782,0.8010866312337193,0.859051912115687
64,7.0,0.5,2,33,24.81435391033782,0.8778902765871065,0.7417179268041585
64,7.0,0.5,2,34,24.81435391033782,1.0453972659603763,0.8074618540689316
64,7.0,0.5,2,35,24.81435391033782,1.2364188944645913,0.8827844408247293
64,7.0,0.5,2,36,24.81435391033782,0.9041212510367653,1.091191037292324
64,7.0,0.5,2,37,24.81435391033782,1.052698344510444,0.9138048958132987
64,7.0,0.5,2,38,24.81435391033782,0.8088139621532164,0.5759167642932257
64,7.0,0.5,2,39,24.81435391033782,0.9709688685744355,0.7192417573317575
64,7.0,0.5,2,40,24.81435391033782,0.8928110073973012,0.8663436193128007
64,7.0,0.5,2,41,24.81435391033782,1.0175329988636719,0.9647860478683443
64,7.0,0.5,2,42,24.81435391033782,0.8556176347859894,1.0637960537729803
64,7.0,0.5,2,43,24.81435391033782,0.8444547646476037,0.6582228799700507
64,7.0,0.5,2,44,24.81435391033782,0.9373102977704062,0.9428829401642121
64,7.0,0.5,2,45,24.81435391033782,0.9521441977683489,0.6211231305955001
64,7.0,0.5,2,46,24.81435391033782,1.0101504593324961,0.7672073634955243
64,7.0,0.5,2,47,24.81435391033782,1.3404536533422,0.7053204373582833
64,7.0,0.5,2,48,24.81435391033782,1.2391324563467832,0.9037556773535712
64,7.0,0.5,2,49,24.81435391033782,1.4101780182470294,0.9788510434481912
64,7.0,0.5,2,50,24.81435391033782,1.209943709566704,0.9720235787331203
64,7.0,0.5,2,51,24.81435391033782,1.017978318669214,0.8106293439239831
64,7.0,0.5,2,52,24.81435391033782,0.968778838460618,0.8787864744114459
64,7.0,0.5,2,53,24.81435391033782,1.0844103702121242,1.2095412439211697
64,7.0,0.5,2,54,24.81435391033782,0.930694413144286,0.8083948272594155
64,7.0,0.5,2,55,24.81435391033782,1.0216179660860971,0.726072475364165
64,7.0,0.5,2,56,24.81435391033782,0.7970810911526822,1.1684383660115938
64,7.0,0.5,2,57,24.81435391033782,1.1778658659391306,1.0806227278471363
64,7.0,0.5,2,58,24.81435391033782,1.1340657209411593,0.6909493811955836
64,7.0,0.5,2,59,24.81435391033782,1.0160796249579163,0.9900593920084924
64,7.0,0.5,2,60,24.81435391033782,0.7745087841960165,0.9248724042453467
64,7.0,0.5,2,61,24.81435391033782,0.8862295714159167,0.7516724172444776
64,7.0,0.5,2,62,24.81435391033782,0.8973225630961712,1.0839418013729132
64,7.0,0.5,2,63,24.81435391033782,1.0172415144989089,1.0797202144709295
64,7.0,0.65,3,0,19.08796454641371,0.814895022125846,0.8644256987677839
64,7.0,0.65,3,1,19.08796454641371,0.7077718291563613,0.5468139648054463
64,7.0,0.65,3,2,19.08796454641371,0.9971201449249913,0.8028730517593564
64,7.0,0.65,3,3,19.08796454641371,0.8373707207027231,0.9305407270521228
64,7.0,0.65,3,4,19.08796454641371,0.6872782397184353,0.5029524816513548
64,7.0,0.65,3,5,19.08796454641371,0.6906065757972117,0.8662776251412249
64,7.0,0.65,3,6,19.08796454641371,0.8315557968561332,0.6216836014684296
64,7.0,0.65,3,7,19.08796454641371,0.8644829330864661,0.9502293016847714
64,7.0,0.65,3,8,19.08796454641371,0.7725169786492293,0.5985846151699467
64,7.0,0.65,3,9,19.08796454641371,1.0492416646082363,0.6054949686610276
64,7.0,0.65,3,10,19.08796454641371,1.0822777343803927,0.8510708112603268
64,7.0,0.65,3,11,19.08796454641371,0.6701660980194782,0.7954525796138858
64,7.0,0.65,3,12,19.08796454641371,0.9970774439456369,0.8786629105718826
64,7.0,0.65,3,13,19.08796454641371,0.9874521447547728,0.6817006005342142
64,7.0,0.65,3,14,19.08796454641371,0.8511590331489709,0.6534652713775525
64,7.0,0.65,3,15,19.08796454641371,1.0207765855778475,0.7746526731801515
64,7.0,0.65,3,16,19.08796454641371,0.8399426035969464,0.7400930361790873
64,7.0,0.65,3,17,19.08796454641371,0.9483135186002916,0.6303522164115419
64,7.0,0.65,3,18,19.08796454641371,0.9929297120095677,0.596330359750149
64,7.0,0.65,3,19,19.08796454641371,1.0590764713952403,0.5451745319741771
64,7.0,0.65,3,20,19.08796454641371,0.8214217876207391,0.7175293952205105
64,7.0,0.65,3,21,19.08796454641371,0.9769188278889336,0.8649923313085986
64,7.0,0.65,3,22,19.08796454641371,0.8095967597055953,0.5905716253456058
64,7.0,0.65,3,23,19.08796454641371,0.7005168676039506,0.6370699170214557
64,7.0,0.65,3,24,19.08796454641371,0.9711447035138565,0.568735832971138
64,7.0,0.65,3,25,19.08796454641371,0.7917063011413384,0.6902604125945553
64,7.0,0.65,3,26,19.08796454641371,0.8889940084696724,0.7785521483891162
64,7.0,0.65,3,27,19.08796454641371,1.0405208083570634,0.9357088355971009
64,7.0,0.65,3,28,19.08796454641371,0.8241974163119256,0.5784825644125876
64,7.0,0.65,3,29,19.08796454641371,0.72407449172746,0.9138408030547556
64,7.0,0.65,3,30,19.08796454641371,0.7649322713661746,0.6270932646286271
64,7.0,0.65,3,31,19.08796454641371,0.7936137696295417,0.8149765633153522
64,7.0,0.65,3,32,19.08796454641371,0.8324906857333934,0.8368168189208129
64,7.0,0.65,3,33,19.08796454641371,0.8672693065157485,0.7424733035418143
64,7.0,0.65,3,34,19.08796454641371,0.6110465163227359,0.6055579454080943
64,7.0,0.65,3,35,19.08796454641371,0.85805560235342,0.7432149341045582
64,7.0,0.65,3,36,19.08796454641371,0.6472891905080497,0.6320789675326887
64,7.0,0.65,3,37,19.08796454641371,0.7628087348696263,0.6727594230758089
64,7.0,0.65,3,38,19.08796454641371,0.9474309607690513,0.7107823549271289
64,7.0,0.65,3,39,19.08796454641371,0.9802742700732899,0.5286444228308719
64,7.0,0.65,3,40,19.08796454641371,1.0099636323354617,0.719409926759291
64,7.0,0.65,3,41,19.08796454641371,0.9227294761626376,0.5073094031318851
64,7.0,0.65,3,42,19.08796454641371,0.8749202571867488,0.6316092903484073
64,7.0,0.65,3,43,19.08796454641371,1.0639212367517479,0.5106469506247704
64,7.0,0.65,3,44,19.08796454641371,0.6917306133380425,0.5232478194828867
64,7.0,0.65,3,45,19.08796454641371,0.744100856626348,0.6402989544498691
64,7.0,0.65,3,46,19.08796454641371,1.1158226887671194,0.812024378900992
64,7.0,0.65,3,47,19.08796454641371,0.9791350439958928,0.588759336012745
64,7.0,0.65,3,48,19.08796454641371,0.7391257443217378,0.9183714496912432
64,7.0,0.65,3,49,19.08796454641371,1.069273295562975,0.7772163568525161
64,7.0,0.65,3,50,19.08796454641371,0.8589321873791376,0.8356379022776353
64,7.0,0.65,3,51,19.08796454641371,0.7352258455671464,0.6206052314035745
64,7.0,0.65,3,52,19.08796454641371,0.8002533505368294,1.0953922981847477
64,7.0,0.65,3,53,19.08796454641371,0.9709377006971701,1.0811707999959776
64,7.0,0.65,3,54,19.08796454641371,0.6468042773984409,0.4924660779398798
64,7.0,0.65,3,55,19.08796454641371,1.0216449004739907,0.5570564558621978
64,7.0,0.65,3,56,19.08796454641371,0.612480615421954,0.559666445791807
64,7.0,0.65,3,57,19.08796454641371,0.8623995484025895,0.5864420969592311
64,7.0,0.65,3,58,19.08796454641371,0.7372565564768981,0.5765679087646273
64,7.0,0.65,3,59,19.08796454641371,1.1914006274600961,0.8725508004664078
64,7.0,0.65,3,60,19.08796454641371,1.028126875759546,0.6383688321218501
64,7.0,0.65,3,61,19.08796454641371,0.7347851742076557,0.8778959050380808
64,7.0,0.65,3,62,19.08796454641371,0.9846897232186963,0.600624779098541
64,7.0,0.65,3,63,19.08796454641371,0.8429961580294103,0.8110540555884116
64,7.0,0.8,4,0,15.508971193961138,0.6824458658558483,0.6762288005067292
64,7.0,0.8,4,1,15.508971193961138,0.8234536324186242,0.49764160962648696
64,7.0,0.8,4,2,15.508971193961138,0.6243339554501577,0.5701156658768491
64,7.0,0.8,4,3,15.508971193961138,0.6785776877500449,0.5525259446004095
64,7.0,0.8,4,4,15.508971193961138,0.7938741526809908,0.4655313848616609
64,7.0,0.8,4,5,15.508971193961138,0.7684504282793898,0.4753808691382273
64,7.0,0.8,4,6,15.508971193961138,0.5929416680119023,0.3906137470049532
64,7.0,0.8,4,7,15.508971193961138,0.6972804864303258,0.5418134421743823
64,7.0,0.8,4,8,15.508971193961138,0.8864026059085997,0.5610853911110255
64,7.0,0.8,4,9,15.508971193961138,0.7782807478816112,0.5473139941898916
64,7.0,0.8,4,10,15.508971193961138,0.5170912960402649,0.4712654300097539
64,7.0,0.8,4,11,15.508971193961138,0.5685510587602832,0.3942488313664459
64,7.0,0.8,4,12,15.508971193961138,0.6892226121691437,0.9123760910760443
64,7.0,0.8,4,13,15.508971193961138,0.6891946987271349,0.6721503278356029
64,7.0,0.8,4,14,15.508971193961138,0.7130257951520899,0.5770515675133298
64,7.0,0.8,4,15,15.508971193961138,0.756888235566253,0.7122555707546382
64,7.0,0.8,4,16,15.508971193961138,0.6714345534384233,0.5411320456204199
64,7.0,0.8,4,17,15.508971193961138,0.679050021441727,0.5232169101269222
64,7.0,0.8,4,18,15.508971193961138,0.5791941238754591,0.7775859826931569
64,7.0,0.8,4,19,15.508971193961138,0.6023439563460072,0.486350911006093
64,7.0,0.8,4,20,15.508971193961138,0.8271358479150073,0.7663510017416414
64,7.0,0.8,4,21,15.508971193961138,0.8006517694433257,0.606942057556735
64,7.0,0.8,4,22,15.508971193961138,0.5923686639718004,0.32628266552100754
64,7.0,0.8,4,23,15.508971193961138,0.9045402656260271,0.6192909803751764
64,7.0,0.8,4,24,15.508971193961138,0.7488364441185771,0.4758218077236609
64,7.0,0.8,4,25,15.508971193961138,0.9656079453572538,0.3514701197910384
64,7.0,0.8,4,26,15.508971193961138,0.4856117511350516,0.5816191915291754
64,7.0,0.8,4,27,15.508971193961138,0.8261789334112365,0.8320057004275137
64,7.0,0.8,4,28,15.508971193961138,0.7862550537892474,0.5985441927344599
64,7.0,0.8,4,29,15.508971193961138,0.8289800002680786,0.34076579611888047
64,7.0,0.8,4,30,15.508971193961138,0.7466376981674281,0.6189758756580975
64,7.0,0.8,4,31,15.508971193961138,1.0352519144042986,0.6894547693742492
64,7.0,0.8,4,32,15.508971193961138,0.7962983879023141,0.4017415272963416
64,7.0,0.8,4,33,15.508971193961138,0.7145396001499484,0.536132687264885
64,7.0,0.8,4,34,15.508971193961138,0.8709140894907336,0.5129652480477371
64,7.0,0.8,4,35,15.508971193961138,0.9735204239451045,0.5732962967074715
64,7.0,0.8,4,36,15.508971193961138,0.7369344024353336,0.39976569586496896
64,7.0,0.8,4,37,15.508971193961138,1.0140505722181488,0.5627733616088562
64,7.0,0.8,4,38,15.508971193961138,0.8248854137105524,0.5035567016777877
64,7.0,0.8,4,39,15.508971193961138,0.7946862720599159,0.5659430595679565
64,7.0,0.8,4,40,15.508971193961138,0.4831899796247713,0.6194223631557696
64,7.0,0.8,4,41,15.508971193961138,0.8025723134351553,0.4891033793282455
64,7.0,0.8,4,42,15.508971193961138,0.5192395010261008,0.412311724399739
64,7.0,0.8,4,43,15.508971193961138,0.5978519835035913,0.6128837285108261
64,7.0,0.8,4,44,15.508971193961138,0.5829787682771725,0.4098760538940563
64,7.0,0.8,4,45,15.508971193961138,0.6927609146780705,0.4530570983663376
64,7.0,0.8,4,46,15.508971193961138,0.7713491113753831,0.7376692038710103
64,7.0,0.8,4,47,15.508971193961138,0.5459664860519362,0.49355776746841246
64,7.0,0.8,4,48,15.508971193961138,0.6851784709078634,0.7054615964459737
64,7.0,0.8,4,49,15.508971193961138,0.5241411490768699,0.41391637568970446
64,7.0,0.8,4,50,15.508971193961138,0.7022751510013971,0.6183935064320082
64,7.0,0.8,4,51,15.508971193961138,0.7903927118896623,0.5544213917858296
64,7.0,0.8,4,52,15.508971193961138,0.739983273263499,0.480891525657873
64,7.0,0.8,4,53,15.508971193961138,0.7803805410008737,0.593367282946368
64,7.0,0.8,4,54,15.508971193961138,0.6672757533590973,0.4502026547192142
64,7.0,0.8,4,55,15.508971193961138,0.9503300690016786,0.842542773471377
64,7.0,0.8,4,56,15.508971193961138,0.6700423587371992,0.5855520488599633
64,7.0,0.8,4,57,15.508971193961138,0.6115390345313008,0.4625034454816819
64,7.0,0.8,4,58,15.508971193961138,0.674260781837009,0.7207238925749601
64,7.0,0.8,4,59,15.508971193961138,0.8033530939811064,0.8869999696971261
64,7.0,0.8,4,60,15.508971193961138,0.6398699994693782,0.5081044041320796
64,7.0,0.8,4,61,15.508971193961138,0.9986617979685012,0.7070491056724395
64,7.0,0.8,4,62,15.508971193961138,0.9370770454204278,0.6027098793545074
64,7.0,0.8,4,63,15.508971193961138,0.6530889546582141,0.5170740554860526
64,7.0,1.0,5,0,12.40717695516891,0.33264973620503524,0.33007106862163493
64,7.0,1.0,5,1,12.40717695516891,0.3876515297749761,0.7999436015325689
64,7.0,1.0,5,2,12.40717695516891,0.6490294225240107,0.7294627756635115
64,7.0,1.0,5,3,12.40717695516891,0.5758346382708948,0.36762922322462144
64,7.0,1.0,5,4,12.40717695516891,0.6480907720147628,0.2996691123714813
64,7.0,1.0,5,5,12.40717695516891,0.6268894065309434,0.35185365480470754
64,7.0,1.0,5,6,12.40717695516891,0.38675670802105655,0.7099771427142023
64,7.0,1.0,5,7,12.40717695516891,0.5551567707063676,0.635810626443605
64,7.0,1.0,5,8,12.40717695516891,0.3787197231053047,0.4837914092777212
64,7.0,1.0,5,9,12.40717695516891,0.5723986804524412,0.29878225728077423
64,7.0,1.0,5,10,12.40717695516891,0.4148497277758427,0.4375204958419227
64,7.0,1.0,5,11,12.40717695516891,0.5375887812929179,0.3117754802538427
64,7.0,1.0,5,12,12.40717695516891,0.7640317297561177,0.46947636915085234
64,7.0,1.0,5,13,12.40717695516891,0.3475158391064145,0.6100572648886777
64,7.0,1.0,5,14,12.40717695516891,0.699171242776869,0.7630302088151427
64,7.0,1.0,5,15,12.40717695516891,0.34854067654143084,0.3277080867908798
64,7.0,1.0,5,16,12.40717695516891,0.6423284430803555,0.7880283344262677
64,7.0,1.0,5,17,12.40717695516891,0.5418710011127444,0.659454999290244
64,7.0,1.0,5,18,12.40717695516891,0.5740158882829371,0.579268030397341
64,7.0,1.0,5,19,12.40717695516891,0.5734853489172667,0.401086076902614
64,7.0,1.0,5,20,12.40717695516891,0.4650626079336378,0.5210530526716624
64,7.0,1.0,5,21,12.40717695516891,0.7070788236259925,0.5230519598955696
64,7.0,1.0,5,22,12.40717695516891,0.5548959806238642,0.5394357875729721
64,7.0,1.0,5,23,12.40717695516891,0.5743205629971815,0.6599450810985946
64,7.0,1.0,5,24,12.40717695516891,0.5797484036905147,0.35065279615613065
64,7.0,1.0,5,25,12.40717695516891,0.5275576161952431,0.628371913085575
64,7.0,1.0,5,26,12.40717695516891,0.39289889834762415,0.429937979314647
64,7.0,1.0,5,27,12.40717695516891,0.46912656529549046,0.5583721028985061
64,7.0,1.0,5,28,12.40717695516891,0.6117382743269862,0.7080194369055809
64,7.0,1.0,5,29,12.40717695516891,0.5235968892443984,0.47614136953611597
64,7.0,1.0,5,30,12.40717695516891,0.4217430246414662,0.32574635873950664
64,7.0,1.0,5,31,12.40717695516891,0.7545280129838328,0.4422391910411258
64,7.0,1.0,5,32,12.40717695516891,0.47203398255172746,0.3168899549269771
64,7.0,1.0,5,33,12.40717695516891,0.382720064748317,0.268312519669276
64,7.0,1.0,5,34,12.40717695516891,0.6327481251701186,0.714962210474113
64,7.0,1.0,5,35,12.40717695516891,0.4489123230232212,0.6480585207534062
64,7.0,1.0,5,36,12.40717695516891,0.584041244450417,0.5147656378423564
64,7.0,1.0,5,37,12.40717695516891,0.5866015369232608,0.49257090764340705
64,7.0,1.0,5,38,12.40717695516891,0.45648935862606976,0.3593743870350059
64,7.0,1.0,5,39,12.40717695516891,0.7408304781064815,0.5028429596777735
64,7.0,1.0,5,40,12.40717695516891,0.6232294782648373,0.42127842778265767
64,7.0,1.0,5,41,12.40717695516891,0.7506918095055042,0.5182357061123314
64,7.0,1.0,5,42,12.40717695516891,0.5580188226022333,0.4322578348094812
64,7.0,1.0,5,43,12.40717695516891,0.8497049837152755,0.3598313749461227
64,7.0,1.0,5,44,12.40717695516891,0.7275469741669761,0.4782926521060333
64,7.0,1.0,5,45,12.40717695516891,0.630963334402387,0.4257012083828053
64,7.0,1.0,5,46,12.40717695516891,0.923361146781843,0.40847342153293487
64,7.0,1.0,5,47,12.40717695516891,0.4090608634561286,0.4515908396543672
64,7.0,1.0,5,48,12.40717695516891,0.43850503217852943,0.44941731719311034
64,7.0,1.0,5,49,12.40717695516891,0.40119645222505895,0.5174465496357097
64,7.0,1.0,5,50,12.40717695516891,0.6449074050959076,0.4820164396749902
64,7.0,1.0,5,51,12.40717695516891,0.4429890613386771,0.5114708611555254
64,7.0,1.0,5,52,12.40717695516891,0.5791308206717847,0.5162078506748229
64,7.0,1.0,5,53,12.40717695516891,0.4263901020176486,0.40303789405966595
64,7.0,1.0,5,54,12.40717695516891,0.5465286225467969,0.417477556063049
64,7.0,1.0,5,55,12.40717695516891,0.42528417893878734,0.34973958637673425
64,7.0,1.0,5,56,12.40717695516891,0.4631536988585826,0.44090290884039207
64,7.0,1.0,5,57,12.40717695516891,0.3896851841972475,0.36728148271020106
64,7.0,1.0,5,58,12.40717695516891,0.5960337930097812,0.496097606373459
64,7.0,1.0,5,59,12.40717695516891,0.47465719322773486,0.7177048321532933
64,7.0,1.0,5,60,12.40717695516891,0.3980415795638377,0.30689752529269776
64,7.0,1.0,5,61,12.40717695516891,0.639948771394116,0.5973439000762861
64,7.0,1.0,5,62,12.40717695516891,0.5262054302157125,0.4396895191932938
64,7.0,1.0,5,63,12.40717695516891,0.5429410605901344,0.44003853848252206
64,7.0,1.25,6,0,9.925741564135128,0.29535218582377637,0.27607027358289304
64,7.0,1.25,6,1,9.925741564135128,0.4194501830445354,0.3420717442034319
64,7.0,1.25,6,2,9.925741564135128,0.34616242063105435,0.3181480578384274
64,7.0,1.25,6,3,9.925741564135128,0.31971878456070796,0.42202970264353856
64,7.0,1.25,6,4,9.925741564135128,0.3948831246035363,0.6515419527352894
64,7.0,1.25,6,5,9.925741564135128,0.46198418958644416,0.4262506587474338
64,7.0,1.25,6,6,9.925741564135128,0.30635423761811537,0.2871727694078306
64,7.0,1.25,6,7,9.925741564135128,0.26870889243871215,0.3281289023950783
64,7.0,1.25,6,8,9.925741564135128,0.3612974506236677,0.34520740138473693
64,7.0,1.25,6,9,9.925741564135128,0.3570526043309036,0.4811516505891257
64,7.0,1.25,6,10,9.925741564135128,0.3730895920472205,0.2868659866055026
64,7.0,1.25,6,11,9.925741564135128,0.3639074806951562,0.2829394661835287
64,7.0,1.25,6,12,9.925741564135128,0.4822959061636121,0.38170634018729815
64,7.0,1.25,6,13,9.925741564135128,0.606231965546575,0.406410475708263
64,7.0,1.25,6,14,9.925741564135128,0.466176567099202,0.3664885539934132
64,7.0,1.25,6,15,9.925741564135128,0.47148397344511733,0.2946251573751139
64,7.0,1.25,6,16,9.925741564135128,0.4550413013618,0.3804427946457164
64,7.0,1.25,6,17,9.925741564135128,0.5488617787484126,0.4445491846408885
64,7.0,1.25,6,18,9.925741564135128,0.4778924945375511,0.3649748029761533
64,7.0,1.25,6,19,9.925741564135128,0.6078016972630254,0.27259553083607324
64,7.0,1.25,6,20,9.925741564135128,0.381758013948152,0.5649117560207485
64,7.0,1.25,6,21,9.925741564135128,0.6899964648013239,0.3590453984943705
64,7.0,1.25,6,22,9.925741564135128,0.2894827714701025,0.45860885635240917
64,7.0,1.25,6,23,9.925741564135128,0.37111231425254965,0.4101629553882777
64,7.0,1.25,6,24,9.925741564135128,0.4807370986288181,0.2708402565714937
64,7.0,1.25,6,25,9.925741564135128,0.35429089365951977,0.3538787820862614
64,7.0,1.25,6,26,9.925741564135128,0.5268066702549768,0.2588551811377842
64,7.0,1.25,6,27,9.925741564135128,0.3629603924273443,0.39706800915117646
64,7.0,1.25,6,28,9.925741564135128,0.25178597389891466,0.5090387559668518
64,7.0,1.25,6,29,9.925741564135128,0.4106534064095032,0.3511288652115792
64,7.0,1.25,6,30,9.925741564135128,0.3621338811680609,0.4151925586878306
64,7.0,1.25,6,31,9.925741564135128,0.39012256469593576,0.5015724860402718
64,7.0,1.25,6,32,9.925741564135128,0.42401708657640214,0.29881736124244573
64,7.0,1.25,6,33,9.925741564135128,0.39192114785788146,0.25673352130295246
64,7.0,1.25,6,34,9.925741564135128,0.27751666250609,0.4203649902846447
64,7.0,1.25,6,35,9.925741564135128,0.4487939512791533,0.2680762135361238
64,7.0,1.25,6,36,9.925741564135128,0.531120316424597,0.5119556678408574
64,7.0,1.25,6,37,9.925741564135128,0.27042420027371705,0.3113394611925412
64,7.0,1.25,6,38,9.925741564135128,0.43152556014363536,0.4671441964568393
64,7.0,1.25,6,39,9.925741564135128,0.5766328756429937,0.3351374809045729
64,7.0,1.25,6,40,9.925741564135128,0.3616833726017395,0.2690559793310161
64,7.0,1.25,6,41,9.925741564135128,0.30989097594027276,0.24292335492506129
64,7.0,1.25,6,42,9.925741564135128,0.29121778590592196,0.3593939569192327
64,7.0,1.25,6,43,9.925741564135128,0.2962910119327197,0.30705682533831674
64,7.0,1.25,6,44,9.925741564135128,0.6490054495140543,0.38169405390374506
64,7.0,1.25,6,45,9.925741564135128,0.37447748727880825,0.23874249376634343
64,7.0,1.25,6,46,9.925741564135128,0.3136670983883757,0.3309122503312477
64,7.0,1.25,6,47,9.925741564135128,0.3740376814345404,0.2928168558568086
64,7.0,1.25,6,48,9.925741564135128,0.4825018886826207,0.3195606127654436
64,7.0,1.25,6,49,9.925741564135128,0.6850276363835209,0.30471124440732344
64,7.0,1.25,6,50,9.925741564135128,0.3490079248811523,0.4404472839115943
64,7.0,1.25,6,51,9.925741564135128,0.4256099743027152,0.586074290346414
64,7.0,1.25,6,52,9.925741564135128,0.33563740613735565,0.38582814264736587
64,7.0,1.25,6,53,9.925741564135128,0.49708827826604035,0.3079898728656433
64,7.0,1.25,6,54,9.925741564135128,0.38782330471965387,0.44946879089084285
64,7.0,1.25,6,55,9.925741564135128,0.36559221052752483,0.2985011727585663
64,7.0,1.25,6,56,9.925741564135128,0.29110374014558354,0.30971034159867533
64,7.0,1.25,6,57,9.925741564135128,0.5703396902696432,0.7959343692093903
64,7.0,1.25,6,58,9.925741564135128,0.3449971282508736,0.47973433729701104
64,7.0,1.25,6,59,9.925741564135128,0.3955438503200054,0.4207356958437976
64,7.0,1.25,6,60,9.925741564135128,0.4496470655311352,0.6453444960049688
64,7.0,1.25,6,61,9.925741564135128,0.7798761257493935,0.597804572709897
64,7.0,1.25,6,62,9.925741564135128,0.6021623245547467,0.31836332973585174
64,7.0,1.25,6,63,9.925741564135128,0.501748658278925,0.4969797061817621
64,7.0,1.6,7,0,7.754485596980569,0.4469417084434918,0.34568857706379447
64,7.0,1.6,7,1,7.754485596980569,0.2787953206984788,0.3030684370691291
64,7.0,1.6,7,2,7.754485596980569,0.21699677064404696,0.4486059864689752
64,7.0,1.6,7,3,7.754485596980569,0.62187239766171,0.6092499566470796
64,7.0,1.6,7,4,7.754485596980569,0.28659195137107646,0.3987841266105672
64,7.0,1.6,7,5,7.754485596980569,0.34655225615209767,0.41930608329394947
64,7.0,1.6,7,6,7.754485596980569,0.2921360373183156,0.2868168382864037
64,7.0,1.6,7,7,7.754485596980569,0.4030072062073986,0.39687552701279416
64,7.0,1.6,7,8,7.754485596980569,0.3703281321315664,0.27837755453297697
64,7.0,1.6,7,9,7.754485596980569,0.3229908390150727,0.37676110395467255
64,7.0,1.6,7,10,7.754485596980569,0.2873914348353533,0.2644946783555177
64,7.0,1.6,7,11,7.754485596980569,0.5575337638885214,0.2949196593820168
64,7.0,1.6,7,12,7.754485596980569,0.26539136142154285,0.36715529001566677
64,7.0,1.6,7,13,7.754485596980569,0.2806596555735359,0.38485401352063825
64,7.0,1.6,7,14,7.754485596980569,0.2440829063420318,0.5070363980304395
64,7.0,1.6,7,15,7.754485596980569,0.31494175551335724,0.339427958918101
64,7.0,1.6,7,16,7.754485596980569,0.30293774130652057,0.2841982123674565
64,7.0,1.6,7,17,7.754485596980569,0.31060931727396834,0.3210430777833753
64,7.0,1.6,7,18,7.754485596980569,0.2682533162898437,0.33708036757299537
64,7.0,1.6,7,19,7.754485596980569,0.3397293022244084,0.2981985878525509
64,7.0,1.6,7,20,7.754485596980569,0.5399629637899935,0.4577931888967074
64,7.0,1.6,7,21,7.754485596980569,0.46026984898054374,0.6217856664260905
64,7.0,1.6,7,22,7.754485596980569,0.32178028446342627,0.3191994663458142
64,7.0,1.6,7,23,7.754485596980569,0.32677840619634113,0.40504634196520517
64,7.0,1.6,7,24,7.754485596980569,0.33871544917231683,0.387364913394526
64,7.0,1.6,7,25,7.754485596980569,0.43058008023201366,0.5731120669046413
64,7.0,1.6,7,26,7.754485596980569,0.3511898655243162,0.27409484616722496
64,7.0,1.6,7,27,7.754485596980569,0.24160129294957117,0.39524564845509536
64,7.0,1.6,7,28,7.754485596980569,0.4533523625835334,0.44248397374402837
64,7.0,1.6,7,29,7.754485596980569,0.41656169631432705,0.2870475362011189
64,7.0,1.6,7,30,7.754485596980569,0.24921275600782125,0.3844114894109944
64,7.0,1.6,7,31,7.754485596980569,0.32239510073403116,0.45239044520721117
64,7.0,1.6,7,32,7.754485596980569,0.20427276915756987,0.3595236502084718
64,7.0,1.6,7,33,7.754485596980569,0.45233877644337184,0.46142819968478993
64,7.0,1.6,7,34,7.754485596980569,0.3120032552911035,0.3511733895654358
64,7.0,1.6,7,35,7.754485596980569,0.31151668802926,0.2829956186586531
64,7.0,1.6,7,36,7.754485596980569,0.3046986665244117,0.31511739725031407
64,7.0,1.6,7,37,7.754485596980569,0.3316765895364415,0.35614980970090204
64,7.0,1.6,7,38,7.754485596980569,0.5848974554541689,0.3239927093769472
64,7.0,1.6,7,39,7.754485596980569,0.4109542016908883,0.30121094445744434
64,7.0,1.6,7,40,7.754485596980569,0.43803460159004454,0.37330448862932186
64,7.0,1.6,7,41,7.754485596980569,0.4407234277717115,0.3108984322744982
64,7.0,1.6,7,42,7.754485596980569,0.5848675198323174,0.3302945415445065
64,7.0,1.6,7,43,7.754485596980569,0.3694213092726369,0.43382738521949443
64,7.0,1.6,7,44,7.754485596980569,0.2609484193640245,0.298346802234217
64,7.0,1.6,7,45,7.754485596980569,0.23370699810273288,0.3303082558952655
64,7.0,1.6,7,46,7.754485596980569,0.31998505130082056,0.35113669992379565
64,7.0,1.6,7,47,7.754485596980569,0.3542788534791709,0.29148939716424044
64,7.0,1.6,7,48,7.754485596980569,0.26298180281892514,0.31437185731531564
64,7.0,1.6,7,49,7.754485596980569,0.42110950350062487,0.26388074645881193
64,7.0,1.6,7,50,7.754485596980569,0.48824505473219576,0.33026871837350535
64,7.0,1.6,7,51,7.754485596980569,0.5390478252166784,0.32284606059806636
64,7.0,1.6,7,52,7.754485596980569,0.30527757032603065,0.3810031142398194
64,7.0,1.6,7,53,7.754485596980569,0.29310659009662965,0.3532103771819329
64,7.0,1.6,7,54,7.754485596980569,0.5731111068189718,0.3508361005239126
64,7.0,1.6,7,55,7.754485596980569,0.49396890407678784,0.262169025474991
64,7.0,1.6,7,56,7.754485596980569,0.28924694325878103,0.22790537125610855
64,7.0,1.6,7,57,7.754485596980569,0.4670357865621359,0.1952955953481486
64,7.0,1.6,7,58,7.754485596980569,0.45676497603135807,0.3584115456278397
64,7.0,1.6,7,59,7.754485596980569,0.5070019185064795,0.27676517007931695
64,7.0,1.6,7,60,7.754485596980569,0.25824166405403426,0.3522755703686292
64,7.0,1.6,7,61,7.754485596980569,0.40479287125735103,0.28053451890768893
64,7.0,1.6,7,62,7.754485596980569,0.3809928976913224,0.35284494063969085
64,7.0,1.6,7,63,7.754485596980569,0.3312374025636536,0.25472375048133394
64,7.0,2.0,8,0,6.203588477584455,0.30338778696880575,0.2445040928755721
64,7.0,2.0,8,1,6.203588477584455,0.405605361481867,0.2052000167483773
64,7.0,2.0,8,2,6.203588477584455,0.31753674633076684,0.2254921479646752
64,7.0,2.0,8,3,6.203588477584455,0.30989054311974124,0.3591938497238242
64,7.0,2.0,8,4,6.203588477584455,0.38152459234180813,0.27885257491024207
64,7.0,2.0,8,5,6.203588477584455,0.25315075502064677,0.19653485247345004
64,7.0,2.0,8,6,6.203588477584455,0.2564825112797478,0.27308330412231957
64,7.0,2.0,8,7,6.203588477584455,0.3801065654688175,0.32410833377169923
64,7.0,2.0,8,8,6.203588477584455,0.2997923077051666,0.24467223297158222
64,7.0,2.0,8,9,6.203588477584455,0.27540416476180685,0.155828780840401
64,7.0,2.0,8,10,6.203588477584455,0.2571621643924533,0.23780251050124596
64,7.0,2.0,8,11,6.203588477584455,0.40734420139999516,0.2591339944769623
64,7.0,2.0,8,12,6.203588477584455,0.2580556235460454,0.2642081948738239
64,7.0,2.0,8,13,6.203588477584455,0.27354932614137906,0.2337642277829653
64,7.0,2.0,8,14,6.203588477584455,0.3331984650428863,0.29863151305447133
64,7.0,2.0,8,15,6.203588477584455,0.3662801356377236,0.44012581873660944
64,7.0,2.0,8,16,6.203588477584455,0.23052285278814538,0.2860320440179779
64,7.0,2.0,8,17,6.203588477584455,0.251413660153348,0.35476353176162057
64,7.0,2.0,8,18,6.203588477584455,0.20683955916614993,0.20640277427651066
64,7.0,2.0,8,19,6.203588477584455,0.27983604474521967,0.28094636264840345
64,7.0,2.0,8,20,6.203588477584455,0.4597342337463659,0.2559147325742684
64,7.0,2.0,8,21,6.203588477584455,0.24823212441762266,0.23476986770983133
64,7.0,2.0,8,22,6.203588477584455,0.3664188088026528,0.3445101604859075
64,7.0,2.0,8,23,6.203588477584455,0.3118981201049386,0.2154416048232353
64,7.0,2.0,8,24,6.203588477584455,0.2824973726163612,0.30850965738105707
64,7.0,2.0,8,25,6.203588477584455,0.29546151908818075,0.26190303155864925
64,7.0,2.0,8,26,6.203588477584455,0.3016758349901375,0.38938291711882334
64,7.0,2.0,8,27,6.203588477584455,0.30184012130454546,0.279801388999383
64,7.0,2.0,8,28,6.203588477584455,0.1803925640861878,0.20974471556997437
64,7.0,2.0,8,29,6.203588477584455,0.42785589483708225,0.2986902698088487
64,7.0,2.0,8,30,6.203588477584455,0.2970910543936608,0.27724959664453663
64,7.0,2.0,8,31,6.203588477584455,0.44012920097006636,0.18470773630710607
64,7.0,2.0,8,32,6.203588477584455,0.4584538439052332,0.29624203789947623
64,7.0,2.0,8,33,6.203588477584455,0.3707226680926363,0.4434602749446338
64,7.0,2.0,8,34,6.203588477584455,0.356388818491425,0.2749698893912741
64,7.0,2.0,8,35,6.203588477584455,0.3234726727998093,0.250362006076578
64,7.0,2.0,8,36,6.203588477584455,0.22996832686358537,0.3588743013510356
64,7.0,2.0,8,37,6.203588477584455,0.22132111619440764,0.39195077235847003
64,7.0,2.0,8,38,6.203588477584455,0.22218697663860265,0.2962425555661618
64,7.0,2.0,8,39,6.203588477584455,0.38686084043525903,0.20406199841192446
64,7.0,2.0,8,40,6.203588477584455,0.2405492422971459,0.45846887538575043
64,7.0,2.0,8,41,6.203588477584455,0.20951979503754037,0.2912379295647881
64,7.0,2.0,8,42,6.203588477584455,0.2024193850755658,0.29752377599645097
64,7.0,2.0,8,43,6.203588477584455,0.30249272259419746,0.26423800162990535
64,7.0,2.0,8,44,6.203588477584455,0.2028656960814277,0.3217309278384505
64,7.0,2.0,8,45,6.203588477584455,0.24802587498542972,0.3085254170333721
64,7.0,2.0,8,46,6.203588477584455,0.23858120433196597,0.25836468975002863
64,7.0,2.0,8,47,6.203588477584455,0.21788426305470546,0.2396937813327598
64,7.0,2.0,8,48,6.203588477584455,0.4056160381882158,0.19929420688295701
64,7.0,2.0,8,49,6.203588477584455,0.38700770890078373,0.31761153751576926
64,7.0,2.0,8,50,6.203588477584455,0.26944659506319546,0.49742881716491105
64,7.0,2.0,8,51,6.203588477584455,0.1894074158559751,0.18606059177931505
64,7.0,2.0,8,52,6.203588477584455,0.326881543199255,0.3046439318040214
64,7.0,2.0,8,53,6.203588477584455,0.2557863755255182,0.2868586265710925
64,7.0,2.0,8,54,6.203588477584455,0.40851020281793976,0.27791688761002153
64,7.0,2.0,8,55,6.203588477584455,0.31914360784939416,0.366369522479518
64,7.0,2.0,8,56,6.203588477584455,0.1740770720922447,0.17566955029329162
64,7.0,2.0,8,57,6.203588477584455,0.2731761403821157,0.4032453217108511
64,7.0,2.0,8,58,6.203588477584455,0.3048202490904308,0.25642661503090913
64,7.0,2.0,8,59,6.203588477584455,0.3644738762733273,0.16231770635539458
64,7.0,2.0,8,60,6.203588477584455,0.4528409459781467,0.2986766165430184
64,7.0,2.0,8,61,6.203588477584455,0.30201649558847476,0.30882913451308225
64,7.0,2.0,8,62,6.203588477584455,0.35888123274477707,0.4171690926658633
64,7.0,2.0,8,63,6.203588477584455,0.20044410501483614,0.346183336333173
64,7.0,2.5,9,0,4.962870782067564,0.21576150735032534,0.21615538286682973
64,7.0,2.5,9,1,4.962870782067564,0.29301421241559206,0.3020603381815509
64,7.0,2.5,9,2,4.962870782067564,0.18477430434993974,0.27127562524867316
64,7.0,2.5,9,3,4.962870782067564,0.15730852531820969,0.2962469474881849
64,7.0,2.5,9,4,4.962870782067564,0.19710088894408462,0.1722252792900282
64,7.0,2.5,9,5,4.962870782067564,0.28778160670384373,0.17939313450019917
64,7.0,2.5,9,6,4.962870782067564,0.22473523124844022,0.14734146969222853
64,7.0,2.5,9,7,4.962870782067564,0.25926401308920416,0.25519003211288716
64,7.0,2.5,9,8,4.962870782067564,0.16706310588355242,0.19639267729002902
64,7.0,2.5,9,9,4.962870782067564,0.26703974218425913,0.15805103562371609
64,7.0,2.5,9,10,4.962870782067564,0.20417503077407978,0.16855635440103356
64,7.0,2.5,9,11,4.962870782067564,0.3579829766351468,0.31317149323591165
64,7.0,2.5,9,12,4.962870782067564,0.3244660570585727,0.2756152001450038
64,7.0,2.5,9,13,4.962870782067564,0.21906440831104676,0.22476040516437457
64,7.0,2.5,9,14,4.962870782067564,0.21576666928112215,0.2377299663266595
64,7.0,2.5,9,15,4.962870782067564,0.20960729955526397,0.1730920909376943
64,7.0,2.5,9,16,4.962870782067564,0.21862807281897928,0.23890328229034252
64,7.0,2.5,9,17,4.962870782067564,0.2234276746419212,0.17699418136470718
64,7.0,2.5,9,18,4.962870782067564,0.21440852185144563,0.23806193239428924
64,7.0,2.5,9,19,4.962870782067564,0.21563253894587006,0.2100446015207579
64,7.0,2.5,9,20,4.962870782067564,0.1531938724060821,0.32448442636570823
64,7.0,2.5,9,21,4.962870782067564,0.23351288928596334,0.33119594705204813
64,7.0,2.5,9,22,4.962870782067564,0.25924195261975547,0.2063011007560677
64,7.0,2.5,9,23,4.962870782067564,0.287092735388478,0.14777180614161917
64,7.0,2.5,9,24,4.962870782067564,0.26892924258605705,0.21931220978104662
64,7.0,2.5,9,25,4.962870782067564,0.23617789790972923,0.3324359751909355
64,7.0,2.5,9,26,4.962870782067564,0.16964031731441306,0.19886110622319425
64,7.0,2.5,9,27,4.962870782067564,0.2668665759874967,0.2106526793667352
64,7.0,2.5,9,28,4.962870782067564,0.24993347482819211,0.2114228777669025
64,7.0,2.5,9,29,4.962870782067564,0.21970712682326132,0.22473899129945582
64,7.0,2.5,9,30,4.962870782067564,0.2076143319700095,0.3179473914794621
64,7.0,2.5,9,31,4.962870782067564,0.20581743115245915,0.29300362090355236
64,7.0,2.5,9,32,4.962870782067564,0.312932065241122,0.2430559270283002
64,7.0,2.5,9,33,4.962870782067564,0.22374722377768724,0.17901706478219132
64,7.0,2.5,9,34,4.962870782067564,0.33118542029988324,0.22966508030111613
64,7.0,2.5,9,35,4.962870782067564,0.29360419162172213,0.20108191259189198
64,7.0,2.5,9,36,4.962870782067564,0.19513413748542538,0.2674030490194849
64,7.0,2.5,9,37,4.962870782067564,0.3115577170983137,0.2503515576961437
64,7.0,2.5,9,38,4.962870782067564,0.29345468468915825,0.23811422945898847
64,7.0,2.5,9,39,4.962870782067564,0.33120036913083684,0.21032051630741436
64,7.0,2.5,9,40,4.962870782067564,0.3520980605475005,0.29304433785719775
64,7.0,2.5,9,41,4.962870782067564,0.1789483926364006,0.31856886036008736
64,7.0,2.5,9,42,4.962870782067564,0.2526907440902435,0.2870889757338725
64,7.0,2.5,9,43,4.962870782067564,0.28978632943860916,0.3311952808886994
64,7.0,2.5,9,44,4.962870782067564,0.12914929812666703,0.22474574608511427
64,7.0,2.5,9,45,4.962870782067564,0.24717764931563596,0.3820547288822621
64,7.0,2.5,9,46,4.962870782067564,0.18348887397169705,0.1783893603936899
64,7.0,2.5,9,47,4.962870782067564,0.24771533466572873,0.16685087084182532
64,7.0,2.5,9,48,4.962870782067564,0.22506460101957976,0.2247246005094518
64,7.0,2.5,9,49,4.962870782067564,0.21498034856256232,0.19764131869676854
64,7.0,2.5,9,50,4.962870782067564,0.2391443224333929,0.23634156813166532
64,7.0,2.5,9,51,4.962870782067564,0.18503250979655533,0.15498690846477378
64,7.0,2.5,9,52,4.962870782067564,0.3278582439082919,0.32852541680913916
64,7.0,2.5,9,53,4.962870782067564,0.39794642193735036,0.28712725544312684
64,7.0,2.5,9,54,4.962870782067564,0.20612361644183705,0.18898338926028332
64,7.0,2.5,9,55,4.962870782067564,0.3114894464058785,0.20599171251018072
64,7.0,2.5,9,56,4.962870782067564,0.2283080404620553,0.2592653555342967
64,7.0,2.5,9,57,4.962870782067564,0.20209389266264335,0.3332124019995491
64,7.0,2.5,9,58,4.962870782067564,0.1943182302094338,0.3449798112116068
64,7.0,2.5,9,59,4.962870782067564,0.31427199365382313,0.2618993116489498
64,7.0,2.5,9,60,4.962870782067564,0.1986113559767039,0.15845267946712502
64,7.0,2.5,9,61,4.962870782067564,0.3521292613352752,0.15821169950335817
64,7.0,2.5,9,62,4.962870782067564,0.28361376919775283,0.2832311596678258
64,7.0,2.5,9,63,4.962870782067564,0.22515648283645642,0.33119737736603777
64,7.0,3.2,10,0,3.8772427984902844,0.310921266225522,0.22418334066815696
64,7.0,3.2,10,1,3.8772427984902844,0.20845550042361513,0.21885824576336468
64,7.0,3.2,10,2,3.8772427984902844,0.22429746048441154,0.2534951922758753
64,7.0,3.2,10,3,3.8772427984902844,0.17921926422878848,0.16492085373154763
64,7.0,3.2,10,4,3.8772427984902844,0.23559297288522385,0.3015552114241135
64,7.0,3.2,10,5,3.8772427984902844,0.1855180949154051,0.28890313327075284
64,7.0,3.2,10,6,3.8772427984902844,0.18701243722977365,0.17061676438670229
64,7.0,3.2,10,7,3.8772427984902844,0.16514605410201574,0.22894403923856047
64,7.0,3.2,10,8,3.8772427984902844,0.25874778435716295,0.24336523615737307
64,7.0,3.2,10,9,3.8772427984902844,0.22892752613595196,0.2598489645041852
64,7.0,3.2,10,10,3.8772427984902844,0.2750694377778341,0.30462106619664303
64,7.0,3.2,10,11,3.8772427984902844,0.22428603857775373,0.1783746290859014
64,7.0,3.2,10,12,3.8772427984902844,0.202528956032893,0.18668585272758184
64,7.0,3.2,10,13,3.8772427984902844,0.1942031136180701,0.2587486531529097
64,7.0,3.2,10,14,3.8772427984902844,0.16669750287824683,0.22428671733447514
64,7.0,3.2,10,15,3.8772427984902844,0.18665849430210976,0.2203783237524271
64,7.0,3.2,10,16,3.8772427984902844,0.13762930442300517,0.21321321307153102
64,7.0,3.2,10,17,3.8772427984902844,0.15697694921790803,0.1319416385086123
64,7.0,3.2,10,18,3.8772427984902844,0.17612048720519247,0.1651437548402771
64,7.0,3.2,10,19,3.8772427984902844,0.14377233332265937,0.1383232681836536
64,7.0,3.2,10,20,3.8772427984902844,0.16324809562715276,0.24187107778424047
64,7.0,3.2,10,21,3.8772427984902844,0.17215192877415145,0.2270504543041791
64,7.0,3.2,10,22,3.8772427984902844,0.1700597477574781,0.2827375739594806
64,7.0,3.2,10,23,3.8772427984902844,0.2535302080889514,0.20671715747586347
64,7.0,3.2,10,24,3.8772427984902844,0.15533333355503917,0.21575172812765073
64,7.0,3.2,10,25,3.8772427984902844,0.11762943683192435,0.19413353590591034
64,7.0,3.2,10,26,3.8772427984902844,0.16522241946669416,0.22310023082330407
64,7.0,3.2,10,27,3.8772427984902844,0.17556692125979845,0.22910157447816973
64,7.0,3.2,10,28,3.8772427984902844,0.16774431466050982,0.2338426855071575
64,7.0,3.2,10,29,3.8772427984902844,0.17079885247307722,0.17055656190957452
64,7.0,3.2,10,30,3.8772427984902844,0.16810293700839385,0.24335330698108174
64,7.0,3.2,10,31,3.8772427984902844,0.16245723195819378,0.21493057033364876
64,7.0,3.2,10,32,3.8772427984902844,0.2627828894995586,0.1694629697923338
64,7.0,3.2,10,33,3.8772427984902844,0.21137953364509415,0.16513995950725946
64,7.0,3.2,10,34,3.8772427984902844,0.19521003958489755,0.16516462196158785
64,7.0,3.2,10,35,3.8772427984902844,0.17233058461623088,0.2467825283316923
64,7.0,3.2,10,36,3.8772427984902844,0.22848265035646928,0.17920159419509996
64,7.0,3.2,10,37,3.8772427984902844,0.13828872870602976,0.1820364788857983
64,7.0,3.2,10,38,3.8772427984902844,0.12659420502838098,0.22429505261974167
64,7.0,3.2,10,39,3.8772427984902844,0.22341198290286884,0.1460313639303701
64,7.0,3.2,10,40,3.8772427984902844,0.2445798629521207,0.30463188875315533
64,7.0,3.2,10,41,3.8772427984902844,0.20672683178463122,0.18007151195086632
64,7.0,3.2,10,42,3.8772427984902844,0.18481819194373492,0.22892438149906838
64,7.0,3.2,10,43,3.8772427984902844,0.17886520330957492,0.19688422296610808
64,7.0,3.2,10,44,3.8772427984902844,0.2483997331520861,0.25871712672234026
64,7.0,3.2,10,45,3.8772427984902844,0.18063262446754574,0.21206059962443416
64,7.0,3.2,10,46,3.8772427984902844,0.16461068154346087,0.24096451233985391
64,7.0,3.2,10,47,3.8772427984902844,0.14911836123180955,0.28719754238982453
64,7.0,3.2,10,48,3.8772427984902844,0.22892075066896458,0.18743436073817796
64,7.0,3.2,10,49,3.8772427984902844,0.17286221055834777,0.22042074628307504
64,7.0,3.2,10,50,3.8772427984902844,0.1686486553098606,0.20253293964494448
64,7.0,3.2,10,51,3.8772427984902844,0.22892594476157394,0.16953955824196268
64,7.0,3.2,10,52,3.8772427984902844,0.16460088994308375,0.1489825245087265
64,7.0,3.2,10,53,3.8772427984902844,0.3046354062936203,0.20582901881461238
64,7.0,3.2,10,54,3.8772427984902844,0.12102761742729129,0.19958065960223195
64,7.0,3.2,10,55,3.8772427984902844,0.1216022259646034,0.18666098928275698
64,7.0,3.2,10,56,3.8772427984902844,0.2243082489080253,0.2695215761190562
64,7.0,3.2,10,57,3.8772427984902844,0.12650112419656295,0.207780831758798
64,7.0,3.2,10,58,3.8772427984902844,0.2483705587178634,0.24837430330912438
64,7.0,3.2,10,59,3.8772427984902844,0.2587418366982126,0.275062992662828
64,7.0,3.2,10,60,3.8772427984902844,0.187462670847306,0.19612928381397463
64,7.0,3.2,10,61,3.8772427984902844,0.14464017087574446,0.17920186425542664
64,7.0,3.2,10,62,3.8772427984902844,0.14599645037322187,0.19842616906773503
64,7.0,3.2,10,63,3.8772427984902844,0.2417124799766353,0.19051461035684175
64,7.0,4.0,11,0,3.1017942387922277,0.19470369684554795,0.23534196251840925
64,7.0,4.0,11,1,3.1017942387922277,0.13089470995351363,0.14585787029752798
64,7.0,4.0,11,2,3.1017942387922277,0.1862125546982999,0.18313936983993795
64,7.0,4.0,11,3,3.1017942387922277,0.1345113674279509,0.165359225371849
64,7.0,4.0,11,4,3.1017942387922277,0.16423237609884372,0.16203542453698042
64,7.0,4.0,11,5,3.1017942387922277,0.2437205088979734,0.22923091380982788
64,7.0,4.0,11,6,3.1017942387922277,0.1351135439166291,0.17942933550004958
64,7.0,4.0,11,7,3.1017942387922277,0.22006352770137427,0.14905143296708134
64,7.0,4.0,11,8,3.1017942387922277,0.20623556724959768,0.15242054841622643
64,7.0,4.0,11,9,3.1017942387922277,0.12800044301651947,0.1598191512583814
64,7.0,4.0,11,10,3.1017942387922277,0.13100582644430722,0.20282740110374975
64,7.0,4.0,11,11,3.1017942387922277,0.23876377900411563,0.2339718295519016
64,7.0,4.0,11,12,3.1017942387922277,0.2069907975852243,0.17300868735940175
64,7.0,4.0,11,13,3.1017942387922277,0.13922622194083425,0.2156188340605268
64,7.0,4.0,11,14,3.1017942387922277,0.18176827718563415,0.1493388231269645
64,7.0,4.0,11,15,3.1017942387922277,0.1550384037065456,0.19077980250068738
64,7.0,4.0,11,16,3.1017942387922277,0.21418439804081335,0.17943081963971375
64,7.0,4.0,11,17,3.1017942387922277,0.16073352719221276,0.2028195970709828
64,7.0,4.0,11,18,3.1017942387922277,0.1442155050605943,0.15729099669103574
64,7.0,4.0,11,19,3.1017942387922277,0.16732340541715446,0.117529014193353
64,7.0,4.0,11,20,3.1017942387922277,0.2200735670748489,0.17226903089655626
64,7.0,4.0,11,21,3.1017942387922277,0.1421391172163855,0.23396778916395386
64,7.0,4.0,11,22,3.1017942387922277,0.2487320015438709,0.18923778549470538
64,7.0,4.0,11,23,3.1017942387922277,0.09799997332669476,0.13210469534629515
64,7.0,4.0,11,24,3.1017942387922277,0.20785918947554644,0.15458987874409655
64,7.0,4.0,11,25,3.1017942387922277,0.1676476490352919,0.24370626982724236
64,7.0,4.0,11,26,3.1017942387922277,0.1587462711749027,0.20609258073106346
64,7.0,4.0,11,27,3.1017942387922277,0.14142256376845092,0.14336450619278915
64,7.0,4.0,11,28,3.1017942387922277,0.14043499544545368,0.17945875094288233
64,7.0,4.0,11,29,3.1017942387922277,0.17397246947615125,0.16860902794034696
64,7.0,4.0,11,30,3.1017942387922277,0.14337248868201946,0.14336056330326152
64,7.0,4.0,11,31,3.1017942387922277,0.19076132762685477,0.17866134050903715
64,7.0,4.0,11,32,3.1017942387922277,0.22006394083901776,0.1901270778841378
64,7.0,4.0,11,33,3.1017942387922277,0.19075341970877646,0.22006284187335745
64,7.0,4.0,11,34,3.1017942387922277,0.17226564469141192,0.22232846132345238
64,7.0,4.0,11,35,3.1017942387922277,0.18684111333039993,0.2209866186731671
64,7.0,4.0,11,36,3.1017942387922277,0.21513656651469604,0.22296944659836823
64,7.0,4.0,11,37,3.1017942387922277,0.1987158939844033,0.20279476919537473
64,7.0,4.0,11,38,3.1017942387922277,0.1404477995061006,0.1794282474522833
64,7.0,4.0,11,39,3.1017942387922277,0.19181505227676615,0.24370569059322297
64,7.0,4.0,11,40,3.1017942387922277,0.16203706057076078,0.15701497090182406
64,7.0,4.0,11,41,3.1017942387922277,0.13606868931946964,0.18313595724121018
64,7.0,4.0,11,42,3.1017942387922277,0.21870411908392215,0.182280360156053
64,7.0,4.0,11,43,3.1017942387922277,0.2387851570473991,0.10929760608178837
64,7.0,4.0,11,44,3.1017942387922277,0.12081566084802663,0.13172630070435698
64,7.0,4.0,11,45,3.1017942387922277,0.15874111077210365,0.13137259462745537
64,7.0,4.0,11,46,3.1017942387922277,0.15915475508275806,0.18275164192762489
64,7.0,4.0,11,47,3.1017942387922277,0.15469055050531083,0.1943127962540876
64,7.0,4.0,11,48,3.1017942387922277,0.1924615294065327,0.22289903927176072
64,7.0,4.0,11,49,3.1017942387922277,0.19870687689904099,0.16906322989207762
64,7.0,4.0,11,50,3.1017942387922277,0.1158206665001276,0.12625627679422755
64,7.0,4.0,11,51,3.1017942387922277,0.2209538990001153,0.16194688937592217
64,7.0,4.0,11,52,3.1017942387922277,0.12750183142772137,0.202827666544175
64,7.0,4.0,11,53,3.1017942387922277,0.15244080490711462,0.19871736477440494
64,7.0,4.0,11,54,3.1017942387922277,0.2200417572649875,0.2034274793909868
64,7.0,4.0,11,55,3.1017942387922277,0.12022609812343249,0.16039172616960418
64,7.0,4.0,11,56,3.1017942387922277,0.2156351090123068,0.14961429866188752
64,7.0,4.0,11,57,3.1017942387922277,0.13817274842212734,0.1620216381330718
64,7.0,4.0,11,58,3.1017942387922277,0.16273649643430121,0.1662849905777909
64,7.0,4.0,11,59,3.1017942387922277,0.2071916443965678,0.22005607278136957
64,7.0,4.0,11,60,3.1017942387922277,0.16752288126672177,0.1299053711481457
64,7.0,4.0,11,61,3.1017942387922277,0.16069554374500702,0.14861897372041022
64,7.0,4.0,11,62,3.1017942387922277,0.14603189307692704,0.22921108353828934
64,7.0,4.0,11,63,3.1017942387922277,0.14143213194353943,0.17352222071259993
64,7.0,5.0,12,0,2.481435391033782,0.12543945296440073,0.11935444796749657
64,7.0,5.0,12,1,2.481435391033782,0.15186640135654722,0.12249477943441076
64,7.0,5.0,12,2,2.481435391033782,0.15261170207764707,0.13230130672167018
64,7.0,5.0,12,3,2.481435391033782,0.1772784384796416,0.19496911339287276
64,7.0,5.0,12,4,2.481435391033782,0.12961536885203379,0.16559080604519213
64,7.0,5.0,12,5,2.481435391033782,0.18339087926005376,0.1465000185469109
64,7.0,5.0,12,6,2.481435391033782,0.18337194959674297,0.1949721109807542
64,7.0,5.0,12,7,2.481435391033782,0.16702356104794247,0.1278840726952176
64,7.0,5.0,12,8,2.481435391033782,0.14355885306509028,0.13995271546583044
64,7.0,5.0,12,9,2.481435391033782,0.15574526813395548,0.15564162690566158
64,7.0,5.0,12,10,2.481435391033782,0.16560376344518207,0.19897625184047665
64,7.0,5.0,12,11,2.481435391033782,0.13337058504659033,0.19101448404325283
64,7.0,5.0,12,12,2.481435391033782,0.15321565617767824,0.12961770363809538
64,7.0,5.0,12,13,2.481435391033782,0.17604582054557288,0.13389924654567473
64,7.0,5.0,12,14,2.481435391033782,0.18763172871736683,0.1871786609067851
64,7.0,5.0,12,15,2.481435391033782,0.1194568211307668,0.12894201189552823
64,7.0,5.0,12,16,2.481435391033782,0.1445027427004658,0.12086974274321172
64,7.0,5.0,12,17,2.481435391033782,0.19497730978822783,0.15261658987480145
64,7.0,5.0,12,18,2.481435391033782,0.17250115014650658,0.1905495984353851
64,7.0,5.0,12,19,2.481435391033782,0.14355245076784354,0.13782340146666905
64,7.0,5.0,12,20,2.481435391033782,0.19495424206970685,0.1537620136987147
64,7.0,5.0,12,21,2.481435391033782,0.12949020558964194,0.13816304067018087
64,7.0,5.0,12,22,2.481435391033782,0.17898035079859653,0.14355405297865506
64,7.0,5.0,12,23,2.481435391033782,0.1194634405450635,0.17605790638588234
64,7.0,5.0,12,24,2.481435391033782,0.1374492017218667,0.14554875210651677
64,7.0,5.0,12,25,2.481435391033782,0.15576686895706704,0.1724823053946563
64,7.0,5.0,12,26,2.481435391033782,0.16564613857068416,0.1949497621251171
64,7.0,5.0,12,27,2.481435391033782,0.12003698851998179,0.16225570087295704
64,7.0,5.0,12,28,2.481435391033782,0.17248028989946615,0.19897608490727187
64,7.0,5.0,12,29,2.481435391033782,0.13399038695056784,0.13240932037839862
64,7.0,5.0,12,30,2.481435391033782,0.13780551603879437,0.1711880357020911
64,7.0,5.0,12,31,2.481435391033782,0.12965481389603462,0.17249876726834762
64,7.0,5.0,12,32,2.481435391033782,0.12454771130504057,0.15019133514814711
64,7.0,5.0,12,33,2.481435391033782,0.1833666320327975,0.17604510656690775
64,7.0,5.0,12,34,2.481435391033782,0.1435654508462631,0.17248791759206977
64,7.0,5.0,12,35,2.481435391033782,0.12652250246628843,0.13738146711782415
64,7.0,5.0,12,36,2.481435391033782,0.16559668612531855,0.12962521805873467
64,7.0,5.0,12,37,2.481435391033782,0.19100891334577522,0.1465048395293615
64,7.0,5.0,12,38,2.481435391033782,0.1558597903657917,0.1352804597023085
64,7.0,5.0,12,39,2.481435391033782,0.15895434374199885,0.11946625329662124
64,7.0,5.0,12,40,2.481435391033782,0.14354944807100178,0.1656051919353912
64,7.0,5.0,12,41,2.481435391033782,0.18715119103350042,0.165587063414217
64,7.0,5.0,12,42,2.481435391033782,0.18720555693613916,0.1547338770279691
64,7.0,5.0,12,43,2.481435391033782,0.17605655132184045,0.13742461593677352
64,7.0,5.0,12,44,2.481435391033782,0.1545993813029421,0.15261896927926277
64,7.0,5.0,12,45,2.481435391033782,0.19898826667523703,0.18716689508499687
64,7.0,5.0,12,46,2.481435391033782,0.1365788101134276,0.18337785065300274
64,7.0,5.0,12,47,2.481435391033782,0.130849025112254,0.18337701807098045
64,7.0,5.0,12,48,2.481435391033782,0.1219274759054247,0.13230777558679016
64,7.0,5.0,12,49,2.481435391033782,0.16643228217866718,0.10722595984904296
64,7.0,5.0,12,50,2.481435391033782,0.14356566954732797,0.14355532505930363
64,7.0,5.0,12,51,2.481435391033782,0.13927336648726793,0.16560414949673088
64,7.0,5.0,12,52,2.481435391033782,0.19899334552109685,0.12193299350265312
64,7.0,5.0,12,53,2.481435391033782,0.19101234978119233,0.1589822987165898
64,7.0,5.0,12,54,2.481435391033782,0.13354737511124962,0.15259771531792563
64,7.0,5.0,12,55,2.481435391033782,0.12385150306276885,0.14649075342480336
64,7.0,5.0,12,56,2.481435391033782,0.16315766869965906,0.13106613768990333
64,7.0,5.0,12,57,2.481435391033782,0.15261492293454065,0.18339522538797048
64,7.0,5.0,12,58,2.481435391033782,0.14649915159153643,0.15575632265541986
64,7.0,5.0,12,59,2.481435391033782,0.1257006992608468,0.15671510138138176
64,7.0,5.0,12,60,2.481435391033782,0.14403924023376766,0.14652663653015527
64,7.0,5.0,12,61,2.481435391033782,0.16225684155581493,0.17604501369600684
64,7.0,5.0,12,62,2.481435391033782,0.1435560462056321,0.16560553387062588
64,7.0,5.0,12,63,2.481435391033782,0.1479987664529719,0.12962191505818907
64,7.0,6.5,13,0,1.908796454641371,0.1325382232220094,0.13268692375167435
64,7.0,6.5,13,1,1.908796454641371,0.14397125289539126,0.12738488934276923
64,7.0,6.5,13,2,1.908796454641371,0.1242927878030948,0.11526297799088434
64,7.0,6.5,13,3,1.908796454641371,0.09979954992824637,0.11042651447813157
64,7.0,6.5,13,4,1.908796454641371,0.11843114011348335,0.12736313944871602
64,7.0,6.5,13,5,1.908796454641371,0.12229018669354613,0.09810601398018932
64,7.0,6.5,13,6,1.908796454641371,0.14397490695505938,0.12738044008705407
64,7.0,6.5,13,7,1.908796454641371,0.12444212386572208,0.1465488518224588
64,7.0,6.5,13,8,1.908796454641371,0.1124868278316291,0.11270453289745179
64,7.0,6.5,13,9,1.908796454641371,0.10822849758515625,0.11740895630911673
64,7.0,6.5,13,10,1.908796454641371,0.11989985824407837,0.13541065420923118
64,7.0,6.5,13,11,1.908796454641371,0.09797998443661236,0.13285725038345841
64,7.0,6.5,13,12,1.908796454641371,0.10154082769678478,0.13477815077677735
64,7.0,6.5,13,13,1.908796454641371,0.13268721243139636,0.11242738865928734
64,7.0,6.5,13,14,1.908796454641371,0.13956911541181544,0.15306433531000363
64,7.0,6.5,13,15,1.908796454641371,0.11449081499719689,0.13269050064303078
64,7.0,8.0,14,0,1.5508971193961139,0.11697752088431403,0.11697730472578269
64,7.0,8.0,14,1,1.5508971193961139,0.09257884011163814,0.11029096914432823
64,7.0,8.0,14,2,1.5508971193961139,0.08063314793178772,0.10779676498926588
64,7.0,8.0,14,3,1.5508971193961139,0.11697838003318209,0.11462039393708519
64,7.0,8.0,14,4,1.5508971193961139,0.08840730088934315,0.12185631711435507
64,7.0,8.0,14,5,1.5508971193961139,0.09922807540006079,0.11697125681224803
64,7.0,8.0,14,6,1.5508971193961139,0.1065892440331527,0.10343560625423372
64,7.0,8.0,14,7,1.5508971193961139,0.12185489860718127,0.11003652829426158
64,7.0,8.0,14,8,1.5508971193961139,0.1218628896906282,0.11634124525924393
64,7.0,8.0,14,9,1.5508971193961139,0.12436128943367236,0.1124509236535334
64,7.0,8.0,14,10,1.5508971193961139,0.10715599692163849,0.10139849201133533
64,7.0,8.0,14,11,1.5508971193961139,0.1243742555053347,0.10013104389893733
64,7.0,8.0,14,12,1.5508971193961139,0.11939291056267956,0.11460864851220429
64,7.0,8.0,14,13,1.5508971193961139,0.09363175320976838,0.0933785624846914
64,7.0,8.0,14,14,1.5508971193961139,0.09538081850204119,0.10350166570043683
64,7.0,8.0,14,15,1.5508971193961139,0.08441492042897367,0.10349486451968301
64,7.0,12.0,15,0,1.0339314129307426,0.06907477606577256,0.07799165254658603
64,7.0,12.0,15,1,1.0339314129307426,0.0764163042718088,0.08291227079288065
64,7.0,12.0,15,2,1.0339314129307426,0.0689990852066185,0.08291016421957542
64,7.0,12.0,15,3,1.0339314129307426,0.07798283408621522,0.07335088088619064
64,7.0,12.0,15,4,1.0339314129307426,0.0812374528063584,0.07959290258484113
64,7.0,12.0,15,5,1.0339314129307426,0.08123938982968626,0.07797897350760784
64,7.0,12.0,15,6,1.0339314129307426,0.07527697916313134,0.08123592256805297
64,7.0,12.0,15,7,1.0339314129307426,0.07959270706252379,0.08122874049468316
64,7.0,12.0,15,8,1.0339314129307426,0.0779859183131435,0.06380602696314129
64,7.0,12.0,15,9,1.0339314129307426,0.06760645770113788,0.08123459181310784
64,7.0,12.0,15,10,1.0339314129307426,0.08290676517862405,0.0829108626672699
64,7.0,12.0,15,11,1.0339314129307426,0.07798443634582958,0.07798152967920852
64,7.0,12.0,15,12,1.0339314129307426,0.07631237354349085,0.07335661606572304
64,7.0,12.0,15,13,1.0339314129307426,0.06899864665083703,0.07798605756357167
64,7.0,12.0,15,14,1.0339314129307426,0.07098377468553185,0.07287950295800352
64,7.0,12.0,15,15,1.0339314129307426,0.0829068502106038,0.08122659262475461
64,7.0,20.0,16,0,0.6203588477584455,0.04678743692895914,0.04678910855433384
64,7.0,20.0,16,1,0.6203588477584455,0.04974414531824724,0.04974462945268614
64,7.0,20.0,16,2,0.6203588477584455,0.04974567763379012,0.048740889509751785
64,7.0,20.0,16,3,0.6203588477584455,0.04873604926601608,0.049744148082764686
64,7.0,20.0,16,4,0.6203588477584455,0.04974347635277219,0.04873853363429138
64,7.0,20.0,16,5,0.6203588477584455,0.04874081417585915,0.0487392778020486
64,7.0,20.0,16,6,0.6203588477584455,0.04974288699064563,0.0487379205551194
64,7.0,20.0,16,7,0.6203588477584455,0.047755406709812556,0.04974614477325638
64,7.0,20.0,16,8,0.6203588477584455,0.049744409592457926,0.04974343306021849
64,7.0,20.0,16,9,0.6203588477584455,0.04679306927519831,0.049745993763246524
64,7.0,20.0,16,10,0.6203588477584455,0.04775588895918491,0.04873725769971845
64,7.0,20.0,16,11,0.6203588477584455,0.04679299659200481,0.0487434150175096
64,7.0,20.0,16,12,0.6203588477584455,0.04873802599043614,0.04974415366538071
64,7.0,20.0,16,13,0.6203588477584455,0.048740857365715165,0.04974541677948478
64,7.0,20.0,16,14,0.6203588477584455,0.04775598528452556,0.04974173128935457
64,7.0,20.0,16,15,0.6203588477584455,0.04873830717264476,0.04974238857498238
96,3.0,0.25,0,0,21.269446210866192,0.8198330219169481,0.6052031179607318
96,3.0,0.25,0,1,21.269446210866192,0.9584622219059014,0.7655150386586557
96,3.0,0.25,0,2,21.269446210866192,1.160753307839241,0.6158012608742329
96,3.0,0.25,0,3,21.269446210866192,0.5654647005126718,0.8333363619972194
96,3.0,0.25,0,4,21.269446210866192,0.7686053839832481,0.7355192199164153
96,3.0,0.25,0,5,21.269446210866192,0.3578582565072792,0.8960507107758489
96,3.0,0.25,0,6,21.269446210866192,0.7080862148724181,0.7228015663668044
96,3.0,0.25,0,7,21.269446210866192,0.8019598374631924,0.5445530054424077
96,3.0,0.25,0,8,21.269446210866192,0.6475998588978411,1.1263535108428404
96,3.0,0.25,0,9,21.269446210866192,0.7156702402447739,0.8877682590982302
96,3.0,0.25,0,10,21.269446210866192,0.5704659758014978,0.6150327564948106
96,3.0,0.25,0,11,21.269446210866192,0.7227875175206877,1.2205568622442842
96,3.0,0.25,0,12,21.269446210866192,0.7587429858473078,0.5283532514582514
96,3.0,0.25,0,13,21.269446210866192,0.591917301388339,0.47077096587779554
96,3.0,0.25,0,14,21.269446210866192,0.9362396940035702,1.0282033709430016
96,3.0,0.25,0,15,21.269446210866192,0.889399830037003,0.5986814622415964
96,3.0,0.35,1,0,15.19246157919014,0.6292537735621317,0.7373041331765253
96,3.0,0.35,1,1,15.19246157919014,0.530399818064332,0.8985072042481862
96,3.0,0.35,1,2,15.19246157919014,0.4011204857254601,0.6467410259178363
96,3.0,0.35,1,3,15.19246157919014,0.8268396943020767,0.646656051032966
96,3.0,0.35,1,4,15.19246157919014,0.9337745276907434,0.8098523330612684
96,3.0,0.35,1,5,15.19246157919014,0.8716220611020885,0.4347664306535225
96,3.0,0.35,1,6,15.19246157919014,0.9692424079364916,0.9201698370789319
96,3.0,0.35,1,7,15.19246157919014,0.4270703676628522,0.7094530643797992
96,3.0,0.35,1,8,15.19246157919014,0.7133229928324957,0.3549693862578186
96,3.0,0.35,1,9,15.19246157919014,0.6837974109794134,0.5889923507637851
96,3.0,0.35,1,10,15.19246157919014,0.44283213423136547,0.7374835328427379
96,3.0,0.35,1,11,15.19246157919014,0.8770623655683311,0.9991228701872311
96,3.0,0.35,1,12,15.19246157919014,1.179559133678616,1.0469708367531565
96,3.0,0.35,1,13,15.19246157919014,0.48709786771246666,0.7161795398278823
96,3.0,0.35,1,14,15.19246157919014,0.9054514268889527,0.4642695459607328
96,3.0,0.35,1,15,15.19246157919014,0.799452624747097,0.4647952122039852
96,3.0,0.5,2,0,10.634723105433096,0.5186308458139273,0.6659061676827837
96,3.0,0.5,2,1,10.634723105433096,0.26038127027192365,0.48363194506490226
96,3.0,0.5,2,2,10.634723105433096,0.2919121484974639,0.29472051006986516
96,3.0,0.5,2,3,10.634723105433096,0.5233579341891885,0.4296301638049729
96,3.0,0.5,2,4,10.634723105433096,1.1958435886445127,0.31959398932485417
96,3.0,0.5,2,5,10.634723105433096,0.9774202704278031,0.5511164609177186
96,3.0,0.5,2,6,10.634723105433096,0.4538550368601413,0.5833237161965681
96,3.0,0.5,2,7,10.634723105433096,0.5953074528508338,0.8822759919499321
96,3.0,0.5,2,8,10.634723105433096,0.8549267973777104,0.7169869804611568
96,3.0,0.5,2,9,10.634723105433096,0.2957826953667048,0.1287746641902319
96,3.0,0.5,2,10,10.634723105433096,0.5227435347539027,0.2893696265094652
96,3.0,0.5,2,11,10.634723105433096,0.6156590704700777,0.3805021427227763
96,3.0,0.5,2,12,10.634723105433096,0.3244903865636682,0.24898729694293206
96,3.0,0.5,2,13,10.634723105433096,0.6600801189616794,0.31121931214639836
96,3.0,0.5,2,14,10.634723105433096,0.6217820352222057,0.28317965647191706
96,3.0,0.5,2,15,10.634723105433096,0.5618225500154448,0.435002428985925
96,3.0,0.5,2,16,10.634723105433096,0.9430679132384765,0.5850796890212089
96,3.0,0.5,2,17,10.634723105433096,0.3993344452335154,0.3895815115716154
96,3.0,0.5,2,18,10.634723105433096,0.5647616266365436,0.33479576585147197
96,3.0,0.5,2,19,10.634723105433096,0.4636066845092559,0.9150976786654854
96,3.0,0.5,2,20,10.634723105433096,0.9308533010452249,0.4309662997175432
96,3.0,0.5,2,21,10.634723105433096,0.6366392647580131,0.8230701339105074
96,3.0,0.5,2,22,10.634723105433096,0.28211614499673704,0.5178781626897179
96,3.0,0.5,2,23,10.634723105433096,0.6094994523347125,0.40056542056559263
96,3.0,0.5,2,24,10.634723105433096,0.48330564023550415,0.37486191096126553
96,3.0,0.5,2,25,10.634723105433096,0.5513581724917068,0.6408059444010352
96,3.0,0.5,2,26,10.634723105433096,1.1627014109541298,0.25884440236179335
96,3.0,0.5,2,27,10.634723105433096,0.30984638839351286,0.5305762390194251
96,3.0,0.5,2,28,10.634723105433096,0.6134709095906796,0.5237274259909845
96,3.0,0.5,2,29,10.634723105433096,0.4553566250886278,0.4009609056654484
96,3.0,0.5,2,30,10.634723105433096,0.4220104663176967,0.4177666968330348
96,3.0,0.5,2,31,10.634723105433096,0.5189363423894606,0.5509331300547952
96,3.0,0.5,2,32,10.634723105433096,0.7887142192250911,0.6651020703334403
96,3.0,0.5,2,33,10.634723105433096,0.3698531085808984,0.3509156580561138
96,3.0,0.5,2,34,10.634723105433096,0.5896898373082876,0.4680712497633579
96,3.0,0.5,2,35,10.634723105433096,0.6054257348331091,0.5162605790333573
96,3.0,0.5,2,36,10.634723105433096,0.587742421012775,0.7763538126129639
96,3.0,0.5,2,37,10.634723105433096,0.4194238553395323,0.3367417660185752
96,3.0,0.5,2,38,10.634723105433096,0.5566192171010567,0.3687394246982867
96,3.0,0.5,2,39,10.634723105433096,0.23066579147673372,0.5835725136111642
96,3.0,0.5,2,40,10.634723105433096,0.4314046121195918,0.47744140176240074
96,3.0,0.5,2,41,10.634723105433096,0.520177824188676,0.36294752370321826
96,3.0,0.5,2,42,10.634723105433096,0.5650888550171531,0.33334166089860273
96,3.0,0.5,2,43,10.634723105433096,0.994526117020283,0.3180083654212006
96,3.0,0.5,2,44,10.634723105433096,0.7156494731302409,0.8214394330791386
96,3.0,0.5,2,45,10.634723105433096,0.41621235608780804,0.628853986655366
96,3.0,0.5,2,46,10.634723105433096,0.7766264190664542,0.37143027066611806
96,3.0,0.5,2,47,10.634723105433096,0.48377201136130665,0.4741567576313338
96,3.0,0.5,2,48,10.634723105433096,0.397170809524781,0.8040412163614215
96,3.0,0.5,2,49,10.634723105433096,0.6768999592035916,0.30925697464200275
96,3.0,0.5,2,50,10.634723105433096,0.7901688637402666,0.9837777402072272
96,3.0,0.5,2,51,10.634723105433096,0.7465048836511526,0.682105635053912
96,3.0,0.5,2,52,10.634723105433096,0.9121949791159525,0.39656693091273665
96,3.0,0.5,2,53,10.634723105433096,0.4029319922027242,0.569758967139031
96,3.0,0.5,2,54,10.634723105433096,0.6331566864139817,0.24186278850570164
96,3.0,0.5,2,55,10.634723105433096,0.5534321522826491,0.5407647504578189
96,3.0,0.5,2,56,10.634723105433096,0.5191737447494476,0.2987798568036036
96,3.0,0.5,2,57,10.634723105433096,0.5242652496414559,0.22182813547456165
96,3.0,0.5,2,58,10.634723105433096,0.22439924935310968,0.43149648317064654
96,3.0,0.5,2,59,10.634723105433096,0.48322985917023437,0.3111513940483641
96,3.0,0.5,2,60,10.634723105433096,0.29381039505025974,0.3340133990274464
96,3.0,0.5,2,61,10.634723105433096,0.5847968008228862,0.2799997120896759
96,3.0,0.5,2,62,10.634723105433096,0.6487216981250737,0.2943925309863664
96,3.0,0.5,2,63,10.634723105433096,0.5762936707347666,0.5507842910851712
96,3.0,0.65,3,0,8.180556234948535,0.2426351283957821,0.4040579262404355
96,3.0,0.65,3,1,8.180556234948535,0.5306629624962746,0.2266130972643624
96,3.0,0.65,3,2,8.180556234948535,0.6646086929881164,0.2565203346448939
96,3.0,0.65,3,3,8.180556234948535,0.591728789563041,0.6535278983494655
96,3.0,0.65,3,4,8.180556234948535,0.3705274385305041,0.4254408089366535
96,3.0,0.65,3,5,8.180556234948535,0.32904477885923505,0.2104705084671595
96,3.0,0.65,3,6,8.180556234948535,0.4762741990318106,0.2994360703785115
96,3.0,0.65,3,7,8.180556234948535,0.46492628113509776,0.23141331855057204
96,3.0,0.65,3,8,8.180556234948535,0.46418394367255555,0.7288973515387155
96,3.0,0.65,3,9,8.180556234948535,0.8421648207675059,0.1739796505239581
96,3.0,0.65,3,10,8.180556234948535,0.29074157115460086,0.5573890206609601
96,3.0,0.65,3,11,8.180556234948535,0.5624858480285932,0.3404079430196971
96,3.0,0.65,3,12,8.180556234948535,0.2334482907956299,0.2115276784056007
96,3.0,0.65,3,13,8.180556234948535,0.412016927795318,0.10605864995293679
96,3.0,0.65,3,14,8.180556234948535,0.4655292051967668,0.44997102397357897
96,3.0,0.65,3,15,8.180556234948535,0.6861566895786446,0.519590120165493
96,3.0,0.65,3,16,8.180556234948535,0.4171940337316211,0.1824373091418142
96,3.0,0.65,3,17,8.180556234948535,0.5292236428261519,0.5666000572084687
96,3.0,0.65,3,18,8.180556234948535,0.24694521240113884,0.3390357424787024
96,3.0,0.65,3,19,8.180556234948535,0.9805057098199836,0.9459515164070059
96,3.0,0.65,3,20,8.180556234948535,0.1943337640868788,0.43502637934807437
96,3.0,0.65,3,21,8.180556234948535,0.44873731468870715,0.2907672404346852
96,3.0,0.65,3,22,8.180556234948535,0.9112531343347845,0.2993341199341736
96,3.0,0.65,3,23,8.180556234948535,0.6596737355758108,0.16482235526238873
96,3.0,0.65,3,24,8.180556234948535,0.18534476897004967,0.47988354450736953
96,3.0,0.65,3,25,8.180556234948535,0.3190022055523423,0.35905153673249296
96,3.0,0.65,3,26,8.180556234948535,0.12902568492059746,0.37588839770379806
96,3.0,0.65,3,27,8.180556234948535,0.7190700494760337,0.12471882073770012
96,3.0,0.65,3,28,8.180556234948535,0.42884533347357684,0.6426453551031143
96,3.0,0.65,3,29,8.180556234948535,0.316541942859192,0.17542229440109344
96,3.0,0.65,3,30,8.180556234948535,0.3333789596674012,0.1846550250362531
96,3.0,0.65,3,31,8.180556234948535,0.5753161713349535,0.9342737441278278
96,3.0,0.65,3,32,8.180556234948535,0.7597660672192361,1.1345547635221536
96,3.0,0.65,3,33,8.180556234948535,0.4005298510489734,0.1829487265475626
96,3.0,0.65,3,34,8.180556234948535,0.5076497160862915,0.2692863995369772
96,3.0,0.65,3,35,8.180556234948535,0.701759896895214,0.40077727643502464
96,3.0,0.65,3,36,8.180556234948535,0.5856068013446559,0.39439221665982116
96,3.0,0.65,3,37,8.180556234948535,0.4492996409856202,0.3281658775126773
96,3.0,0.65,3,38,8.180556234948535,0.31797814441495703,0.18000336805845762
96,3.0,0.65,3,39,8.180556234948535,0.49618190492622266,0.499510087082502
96,3.0,0.65,3,40,8.180556234948535,0.35637682999654646,0.3787541693055574
96,3.0,0.65,3,41,8.180556234948535,0.494078144596099,0.33406348065951746
96,3.0,0.65,3,42,8.180556234948535,0.26439045556296326,0.9684721971015142
96,3.0,0.65,3,43,8.180556234948535,0.6122197434437909,0.8138341360114584
96,3.0,0.65,3,44,8.180556234948535,0.32296414484130975,0.2936981749929736
96,3.0,0.65,3,45,8.180556234948535,0.26207272675324267,0.4372964040201198
96,3.0,0.65,3,46,8.180556234948535,0.5986493721280071,0.5562520753422907
96,3.0,0.65,3,47,8.180556234948535,0.3005179206375771,0.29419333129990577
96,3.0,0.65,3,48,8.180556234948535,0.6396339857914783,0.5130456222173341
96,3.0,0.65,3,49,8.180556234948535,0.2552578590709271,0.40526779785118494
96,3.0,0.65,3,50,8.180556234948535,0.7539448551012178,0.26827819650646795
96,3.0,0.65,3,51,8.180556234948535,0.42990110051970526,0.25298436076147013
96,3.0,0.65,3,52,8.180556234948535,0.13003152851714217,0.42058043157487907
96,3.0,0.65,3,53,8.180556234948535,0.6094254693937536,0.24101390559681066
96,3.0,0.65,3,54,8.180556234948535,0.4101565515052776,0.21107659989992533
96,3.0,0.65,3,55,8.180556234948535,0.4930373734724888,0.3886146143038151
96,3.0,0.65,3,56,8.180556234948535,0.29012913795405926,0.2579979530864088
96,3.0,0.65,3,57,8.180556234948535,0.7386821173193283,0.2737583912300402
96,3.0,0.65,3,58,8.180556234948535,0.7880354417361528,0.2720640035995076
96,3.0,0.65,3,59,8.180556234948535,0.7682431606630342,0.4306500854898595
96,3.0,0.65,3,60,8.180556234948535,0.32889417079890315,0.47485680525362545
96,3.0,0.65,3,61,8.180556234948535,0.873267164258446,0.22217794686276376
96,3.0,0.65,3,62,8.180556234948535,0.8923242620126769,0.6147434566282977
96,3.0,0.65,3,63,8.180556234948535,0.33769880854552714,0.14506983633600004
96,3.0,0.8,4,0,6.646701940895685,0.4206975894720663,0.2917595224478943
96,3.0,0.8,4,1,6.646701940895685,0.0926482012573215,0.10907628964161457
96,3.0,0.8,4,2,6.646701940895685,0.27496675575999097,0.2388143128043757
96,3.0,0.8,4,3,6.646701940895685,0.4224514871462257,0.14286137905249963
96,3.0,0.8,4,4,6.646701940895685,0.3391608287589036,0.23888568742937366
96,3.0,0.8,4,5,6.646701940895685,0.28781094936512347,0.21859957131833974
96,3.0,0.8,4,6,6.646701940895685,0.4186430866360858,0.4932949347022872
96,3.0,0.8,4,7,6.646701940895685,0.24909236470048113,0.6978614251176218
96,3.0,0.8,4,8,6.646701940895685,0.1565419046823273,0.15899684381653753
96,3.0,0.8,4,9,6.646701940895685,0.33643785828525785,0.3097988589077418
96,3.0,0.8,4,10,6.646701940895685,0.1374734315818158,0.10890516342983153
96,3.0,0.8,4,11,6.646701940895685,0.551010240181879,0.4019383648330954
96,3.0,0.8,4,12,6.646701940895685,0.276865462924279,0.15014603230977053
96,3.0,0.8,4,13,6.646701940895685,0.2157300193550643,0.3862471923953968
96,3.0,0.8,4,14,6.646701940895685,0.3836311477104957,0.3581301162433752
96,3.0,0.8,4,15,6.646701940895685,0.3009178753313819,0.12104411133986977
96,3.0,0.8,4,16,6.646701940895685,0.2501789688265406,0.29701354523153545
96,3.0,0.8,4,17,6.646701940895685,0.2659727769234434,0.22961267862036983
96,3.0,0.8,4,18,6.646701940895685,0.14384171633011125,0.16033787897206178
96,3.0,0.8,4,19,6.646701940895685,0.17506177687973223,0.5098214634035393
96,3.0,0.8,4,20,6.646701940895685,0.6977886848087167,0.1799970152200004
96,3.0,0.8,4,21,6.646701940895685,0.33686541868707875,0.1597762248734282
96,3.0,0.8,4,22,6.646701940895685,0.4806900178477061,0.22565578599245412
96,3.0,0.8,4,23,6.646701940895685,0.3469123688248901,0.23459460962261597
96,3.0,0.8,4,24,6.646701940895685,0.19686465761372937,0.2581743426743713
96,3.0,0.8,4,25,6.646701940895685,0.2139171654137845,0.2739204749550458
96,3.0,0.8,4,26,6.646701940895685,0.2098457710772861,0.4316538224385587
96,3.0,0.8,4,27,6.646701940895685,0.6256785218101492,0.40016504409222725
96,3.0,0.8,4,28,6.646701940895685,0.6984018082639667,0.1858860098593554
96,3.0,0.8,4,29,6.646701940895685,0.42070892054995185,0.2521337705369466
96,3.0,0.8,4,30,6.646701940895685,0.2671570830951159,0.15826646358948043
96,3.0,0.8,4,31,6.646701940895685,0.500471736218664,0.26151017661468573
96,3.0,0.8,4,32,6.646701940895685,0.5414764124310528,0.5147479185658195
96,3.0,0.8,4,33,6.646701940895685,0.29957327092689917,0.25310486745256433
96,3.0,0.8,4,34,6.646701940895685,0.37652828679256134,0.09576450150645062
96,3.0,0.8,4,35,6.646701940895685,0.1168150834567179,0.1936572819297865
96,3.0,0.8,4,36,6.646701940895685,0.3686816678051101,0.19489351262888593
96,3.0,0.8,4,37,6.646701940895685,0.46389278037200277,0.33988066088353625
96,3.0,0.8,4,38,6.646701940895685,0.20378938145887224,0.2144570498224237
96,3.0,0.8,4,39,6.646701940895685,0.32927643752392477,0.2753660814106127
96,3.0,0.8,4,40,6.646701940895685,0.7800804861744001,0.1250808538798493
96,3.0,0.8,4,41,6.646701940895685,0.24600093099383566,0.18363386892460648
96,3.0,0.8,4,42,6.646701940895685,0.26409058514681627,0.32051653966665355
96,3.0,0.8,4,43,6.646701940895685,0.8318892900819975,0.21061800107094913
96,3.0,0.8,4,44,6.646701940895685,0.45302845478282383,0.09710791161490778
96,3.0,0.8,4,45,6.646701940895685,0.20762147767816463,0.2264145486067489
96,3.0,0.8,4,46,6.646701940895685,0.1298295423190434,0.2134997613014744
96,3.0,0.8,4,47,6.646701940895685,0.3953135691770959,0.14820969152921185
96,3.0,0.8,4,48,6.646701940895685,0.21992829709773667,0.5557372265354062
96,3.0,0.8,4,49,6.646701940895685,0.3652167861972433,0.13883545071049322
96,3.0,0.8,4,50,6.646701940895685,0.3828246574533675,0.39926871002103526
96,3.0,0.8,4,51,6.646701940895685,0.32708143628057407,0.3079228245440572
96,3.0,0.8,4,52,6.646701940895685,0.4311021916950498,0.41642824986941285
96,3.0,0.8,4,53,6.646701940895685,0.1109389107771608,0.3031322279904625
96,3.0,0.8,4,54,6.646701940895685,0.23325992643693955,0.17081665362153012
96,3.0,0.8,4,55,6.646701940895685,0.2009852362032255,0.3582247575667916
96,3.0,0.8,4,56,6.646701940895685,0.43687793196068236,0.2855294146125983
96,3.0,0.8,4,57,6.646701940895685,0.15560699520568336,0.5331615704083537
96,3.0,0.8,4,58,6.646701940895685,0.14183634799775904,0.1546937705445052
96,3.0,0.8,4,59,6.646701940895685,0.24258623664412743,0.1467988601957206
96,3.0,0.8,4,60,6.646701940895685,0.34185272852425025,0.22384787593653385
96,3.0,0.8,4,61,6.646701940895685,0.22009676685630636,0.22390958700704225
96,3.0,0.8,4,62,6.646701940895685,0.12246088671562118,0.19066036144357598
96,3.0,0.8,4,63,6.646701940895685,0.28106513010845313,0.18372337980960737
96,3.0,1.0,5,0,5.317361552716548,0.12521232508723185,0.2565876908700302
96,3.0,1.0,5,1,5.317361552716548,0.1986673970519801,0.1960324614066427
96,3.0,1.0,5,2,5.317361552716548,0.07729651304281752,0.17811060280499139
96,3.0,1.0,5,3,5.317361552716548,0.2046720234946608,0.13744677856373078
96,3.0,1.0,5,4,5.317361552716548,0.3146908334564825,0.1643168109745566
96,3.0,1.0,5,5,5.317361552716548,0.39435758521707553,0.14859505539551554
96,3.0,1.0,5,6,5.317361552716548,0.21005234886014698,0.3084670543727144
96,3.0,1.0,5,7,5.317361552716548,0.11435936996077281,0.16785209621241065
96,3.0,1.0,5,8,5.317361552716548,0.34682457549850215,0.22938668994852257
96,3.0,1.0,5,9,5.317361552716548,0.15285760167268847,0.2865314238507252
96,3.0,1.0,5,10,5.317361552716548,0.18436288520371236,0.20772393702660785
96,3.0,1.0,5,11,5.317361552716548,0.23106666751136956,0.13228289411334168
96,3.0,1.0,5,12,5.317361552716548,0.1958280218579729,0.22237214756304524
96,3.0,1.0,5,13,5.317361552716548,0.18767379103307313,0.19668663111304324
96,3.0,1.0,5,14,5.317361552716548,0.14568844718568413,0.3383756267848532
96,3.0,1.0,5,15,5.317361552716548,0.13937769026183322,0.3528988951407649
96,3.0,1.0,5,16,5.317361552716548,0.2570476367408473,0.18456068264902964
96,3.0,1.0,5,17,5.317361552716548,0.15641948253297006,0.10674758282223322
96,3.0,1.0,5,18,5.317361552716548,0.18446865988152922,0.8448383556887894
96,3.0,1.0,5,19,5.317361552716548,0.23687931941843476,0.15868761292411748
96,3.0,1.0,5,20,5.317361552716548,0.1563774394737602,0.13829901419676657
96,3.0,1.0,5,21,5.317361552716548,0.21444625137481613,0.17595304719123123
96,3.0,1.0,5,22,5.317361552716548,0.35857006142029035,0.1729676785343498
96,3.0,1.0,5,23,5.317361552716548,0.17601083390226374,0.159351323365542
96,3.0,1.0,5,24,5.317361552716548,0.7013352169073545,0.2515576667141525
96,3.0,1.0,5,25,5.317361552716548,0.33741471716864324,0.30977162718242207
96,3.0,1.0,5,26,5.317361552716548,0.13116544436096167,0.3001999893731523
96,3.0,1.0,5,27,5.317361552716548,0.28462462142149453,0.244243713000174
96,3.0,1.0,5,28,5.317361552716548,0.10809646255913129,0.1202988955495354
96,3.0,1.0,5,29,5.317361552716548,0.216825393453113,0.1471227871441217
96,3.0,1.0,5,30,5.317361552716548,0.3516697303252163,0.23731179517797435
96,3.0,1.0,5,31,5.317361552716548,0.3014380607130873,0.25056669304313284
96,3.0,1.0,5,32,5.317361552716548,0.16055939632981336,0.18788042208965777
96,3.0,1.0,5,33,5.317361552716548,0.23385062277158825,0.30613538355803194
96,3.0,1.0,5,34,5.317361552716548,0.4463213794416423,0.25243389839667824
96,3.0,1.0,5,35,5.317361552716548,0.12201426053640577,0.1476531118193267
96,3.0,1.0,5,36,5.317361552716548,0.3528165064427404,0.699906306374394
96,3.0,1.0,5,37,5.317361552716548,0.23417079883570904,0.5216009819908118
96,3.0,1.0,5,38,5.317361552716548,0.3205838399770391,0.18845840205481945
96,3.0,1.0,5,39,5.317361552716548,0.15152627752221703,0.17887998532329558
96,3.0,1.0,5,40,5.317361552716548,0.2336843822544417,0.22132209206766218
96,3.0,1.0,5,41,5.317361552716548,0.21038399795782908,0.19927713043934553
96,3.0,1.0,5,42,5.317361552716548,0.23634552635543055,0.27290780053112307
96,3.0,1.0,5,43,5.317361552716548,0.5820515379811966,0.2634352588841197
96,3.0,1.0,5,44,5.317361552716548,0.11846289234120376,0.2033991739609487
96,3.0,1.0,5,45,5.317361552716548,0.2789833474044555,0.4524228339655611
96,3.0,1.0,5,46,5.317361552716548,0.22280853437232584,0.11183839610250286
96,3.0,1.0,5,47,5.317361552716548,0.12208068536492482,0.16436531997041168
96,3.0,1.0,5,48,5.317361552716548,0.2406164744295064,0.4114416050072871
96,3.0,1.0,5,49,5.317361552716548,0.23512296483458,0.40103383377829294
96,3.0,1.0,5,50,5.317361552716548,0.16097212542946351,0.20933625999849215
96,3.0,1.0,5,51,5.317361552716548,0.22117399591783188,0.1651281801683323
96,3.0,1.0,5,52,5.317361552716548,0.1689231208946222,0.200150610346696
96,3.0,1.0,5,53,5.317361552716548,0.08810841899492182,0.08742643726747376
96,3.0,1.0,5,54,5.317361552716548,0.1089150989438728,0.31331709939250074
96,3.0,1.0,5,55,5.317361552716548,0.24937142987375388,0.24075480738482619
96,3.0,1.0,5,56,5.317361552716548,0.4208708558956185,0.23854460279822975
96,3.0,1.0,5,57,5.317361552716548,0.37106204872739845,0.4385492055648679
96,3.0,1.0,5,58,5.317361552716548,0.13897963178703956,0.18203579857411045
96,3.0,1.0,5,59,5.317361552716548,0.25738473716224847,0.15221888944994327
96,3.0,1.0,5,60,5.317361552716548,0.3550028005764524,0.10597600722642489
96,3.0,1.0,5,61,5.317361552716548,0.4491009193678958,0.37398588797138
96,3.0,1.0,5,62,5.317361552716548,0.5222260301468715,0.2931087554101756
96,3.0,1.0,5,63,5.317361552716548,0.23229941989959363,0.10536339136187113
96,3.0,1.25,6,0,4.253889242173239,0.17691649463527462,0.14779790109723953
96,3.0,1.25,6,1,4.253889242173239,0.1340757113318954,0.1563703702952378
96,3.0,1.25,6,2,4.253889242173239,0.13659664346770461,0.08062926842828695
96,3.0,1.25,6,3,4.253889242173239,0.08476533438224886,0.2504089087367925
96,3.0,1.25,6,4,4.253889242173239,0.1723105355730487,0.14694199853965323
96,3.0,1.25,6,5,4.253889242173239,0.4050938502343741,0.2539243656459972
96,3.0,1.25,6,6,4.253889242173239,0.18426201647712395,0.09707838443379688
96,3.0,1.25,6,7,4.253889242173239,0.2500808455858382,0.18610706586411485
96,3.0,1.25,6,8,4.253889242173239,0.09901826917122422,0.09661430086136825
96,3.0,1.25,6,9,4.253889242173239,0.21667035866990264,0.4006134804527088
96,3.0,1.25,6,10,4.253889242173239,0.11902134626317348,0.16237337573249663
96,3.0,1.25,6,11,4.253889242173239,0.2861716369807027,0.08353970143628012
96,3.0,1.25,6,12,4.253889242173239,0.17612617217491758,0.18553360078519582
96,3.0,1.25,6,13,4.253889242173239,0.12387803076545371,0.09483267716859965
96,3.0,1.25,6,14,4.253889242173239,0.1374458164962365,0.17507107162582541
96,3.0,1.25,6,15,4.253889242173239,0.2185136826731934,0.16999437698977754
96,3.0,1.25,6,16,4.253889242173239,0.11048814060959651,0.11224449616334779
96,3.0,1.25,6,17,4.253889242173239,0.32136623916609774,0.21093996546513552
96,3.0,1.25,6,18,4.253889242173239,0.19522682230234797,0.15701285856044916
96,3.0,1.25,6,19,4.253889242173239,0.18350257313856985,0.18473713077724904
96,3.0,1.25,6,20,4.253889242173239,0.09778091089100001,0.15200068064740468
96,3.0,1.25,6,21,4.253889242173239,0.07423090063048418,0.15459889309524785
96,3.0,1.25,6,22,4.253889242173239,0.24302919597697387,0.35547877232099534
96,3.0,1.25,6,23,4.253889242173239,0.1357582659216446,0.14830425641653028
96,3.0,1.25,6,24,4.253889242173239,0.2334111886492305,0.22038016834298407
96,3.0,1.25,6,25,4.253889242173239,0.2637366343142692,0.1732113475119817
96,3.0,1.25,6,26,4.253889242173239,0.22462811302210356,0.17305911357583567
96,3.0,1.25,6,27,4.253889242173239,0.12373776375495701,0.11847189371153352
96,3.0,1.25,6,28,4.253889242173239,0.09990725880777662,0.11635284970196991
96,3.0,1.25,6,29,4.253889242173239,0.27907072364081664,0.3499090399794563
96,3.0,1.25,6,30,4.253889242173239,0.15315049538798112,0.09827295499379177
96,3.0,1.25,6,31,4.253889242173239,0.2536499113673261,0.13112554179358904
96,3.0,1.25,6,32,4.253889242173239,0.18167304122976216,0.21001418857592444
96,3.0,1.25,6,33,4.253889242173239,0.2170976209208651,0.10731952878479675
96,3.0,1.25,6,34,4.253889242173239,0.16178991076819504,0.4043903842992451
96,3.0,1.25,6,35,4.253889242173239,0.10575885771062507,0.20642047630758747
96,3.0,1.25,6,36,4.253889242173239,0.14519605741373146,0.13360135742738796
96,3.0,1.25,6,37,4.253889242173239,0.13022783682430364,0.19805465182110066
96,3.0,1.25,6,38,4.253889242173239,0.20509075267488636,0.1209769315515806
96,3.0,1.25,6,39,4.253889242173239,0.43385167696653226,0.16463395124718702
96,3.0,1.25,6,40,4.253889242173239,0.11051792610141811,0.085672718102815
96,3.0,1.25,6,41,4.253889242173239,0.10918302210793167,0.07915922060954136
96,3.0,1.25,6,42,4.253889242173239,0.07824935713373485,0.19282147658162874
96,3.0,1.25,6,43,4.253889242173239,0.1258424004134365,0.12156289367601791
96,3.0,1.25,6,44,4.253889242173239,0.08124702214697878,0.07769142610211006
96,3.0,1.25,6,45,4.253889242173239,0.11830457671705386,0.123845110491968
96,3.0,1.25,6,46,4.253889242173239,0.12671670705331714,0.10846442768308859
96,3.0,1.25,6,47,4.253889242173239,0.14412093088680528,0.14734037780446033
96,3.0,1.25,6,48,4.253889242173239,0.23017106238714824,0.3194947638653449
96,3.0,1.25,6,49,4.253889242173239,0.14608706203931188,0.14493060510828176
96,3.0,1.25,6,50,4.253889242173239,0.21139243838167338,0.10417737745808475
96,3.0,1.25,6,51,4.253889242173239,0.10430302228335937,0.09029781667352185
96,3.0,1.25,6,52,4.253889242173239,0.10669547207227784,0.171127989270158
96,3.0,1.25,6,53,4.253889242173239,0.5262260189277441,0.2711709958372057
96,3.0,1.25,6,54,4.253889242173239,0.11068690447527363,0.1381702010131136
96,3.0,1.25,6,55,4.253889242173239,0.19314395670431245,0.1566431445054346
96,3.0,1.25,6,56,4.253889242173239,0.11662090025569505,0.0913823722546246
96,3.0,1.25,6,57,4.253889242173239,0.2796410545039142,0.0818110728885676
96,3.0,1.25,6,58,4.253889242173239,0.09162407275638003,0.18354250980348544
96,3.0,1.25,6,59,4.253889242173239,0.21361697105041327,0.17216134361736782
96,3.0,1.25,6,60,4.253889242173239,0.4795249512055653,0.1274237701364749
96,3.0,1.25,6,61,4.253889242173239,0.20508336378539785,0.14089139821135746
96,3.0,1.25,6,62,4.253889242173239,0.2631177358576996,0.22568645045869168
96,3.0,1.25,6,63,4.253889242173239,0.21645020584868774,0.26157017576908337
96,3.0,1.6,7,0,3.3233509704478426,0.13435099322771615,0.12423214767828296
96,3.0,1.6,7,1,3.3233509704478426,0.2086539524856644,0.13158514484013029
96,3.0,1.6,7,2,3.3233509704478426,0.1455182205274691,0.12421894980063297
96,3.0,1.6,7,3,3.3233509704478426,0.09091601080012154,0.07381648930063442
96,3.0,1.6,7,4,3.3233509704478426,0.11989480402628414,0.11392778508956605
96,3.0,1.6,7,5,3.3233509704478426,0.22549345907662643,0.11483483077159569
96,3.0,1.6,7,6,3.3233509704478426,0.07804119842859299,0.13947897334000356
96,3.0,1.6,7,7,3.3233509704478426,0.06118355491365569,0.10212193321824034
96,3.0,1.6,7,8,3.3233509704478426,0.07054943202620251,0.08893421180151576
96,3.0,1.6,7,9,3.3233509704478426,0.0760936626972358,0.20013220292992928
96,3.0,1.6,7,10,3.3233509704478426,0.2800216021143709,0.13201690019459528
96,3.0,1.6,7,11,3.3233509704478426,0.1579528274069427,0.13415085267786306
96,3.0,1.6,7,12,3.3233509704478426,0.25109831004786487,0.280398586739638
96,3.0,1.6,7,13,3.3233509704478426,0.1514274927346913,0.1416275765890373
96,3.0,1.6,7,14,3.3233509704478426,0.13778131118533357,0.16377082120044176
96,3.0,1.6,7,15,3.3233509704478426,0.12316809892544793,0.14341692011173987
96,3.0,1.6,7,16,3.3233509704478426,0.19091957490743688,0.1452551695341007
96,3.0,1.6,7,17,3.3233509704478426,0.0939030668104645,0.20010098252045222
96,3.0,1.6,7,18,3.3233509704478426,0.10458538011849361,0.12430603863609696
96,3.0,1.6,7,19,3.3233509704478426,0.2231506487572108,0.10101043327053943
96,3.0,1.6,7,20,3.3233509704478426,0.14460982312470352,0.30852086181943333
96,3.0,1.6,7,21,3.3233509704478426,0.11459507873210706,0.13976729790664585
96,3.0,1.6,7,22,3.3233509704478426,0.06943651383087268,0.09329191858948119
96,3.0,1.6,7,23,3.3233509704478426,0.22844979317859052,0.23072004383591138
96,3.0,1.6,7,24,3.3233509704478426,0.10997502133523053,0.5331821952800272
96,3.0,1.6,7,25,3.3233509704478426,0.22177356411930418,0.1161365953293271
96,3.0,1.6,7,26,3.3233509704478426,0.1115034537440607,0.17174681160453606
96,3.0,1.6,7,27,3.3233509704478426,0.059710176365654344,0.14150054818072683
96,3.0,1.6,7,28,3.3233509704478426,0.07923494938481601,0.2563322447358428
96,3.0,1.6,7,29,3.3233509704478426,0.08195963235097463,0.389736895827964
96,3.0,1.6,7,30,3.3233509704478426,0.11379191496302263,0.17910642893558779
96,3.0,1.6,7,31,3.3233509704478426,0.13005963051142108,0.20007679496341058
96,3.0,1.6,7,32,3.3233509704478426,0.25485369401210783,0.5439544049344325
96,3.0,1.6,7,33,3.3233509704478426,0.2135068662089363,0.0822379009272154
96,3.0,1.6,7,34,3.3233509704478426,0.1541768570220789,0.07975305848285884
96,3.0,1.6,7,35,3.3233509704478426,0.2147376557042123,0.13868522685676477
96,3.0,1.6,7,36,3.3233509704478426,0.10702019654412583,0.08273105873479708
96,3.0,1.6,7,37,3.3233509704478426,0.18534261763340318,0.14189036786755224
96,3.0,1.6,7,38,3.3233509704478426,0.10462153982764587,0.20009194544771644
96,3.0,1.6,7,39,3.3233509704478426,0.3662005009751247,0.2104796275363785
96,3.0,1.6,7,40,3.3233509704478426,0.20349173365322887,0.1455162188062561
96,3.0,1.6,7,41,3.3233509704478426,0.12833868060901077,0.38149863903998676
96,3.0,1.6,7,42,3.3233509704478426,0.26036698997355384,0.09878829195918859
96,3.0,1.6,7,43,3.3233509704478426,0.16714624935364647,0.08536946788837138
96,3.0,1.6,7,44,3.3233509704478426,0.2040951696272704,0.35040576537473905
96,3.0,1.6,7,45,3.3233509704478426,0.1243679354544662,0.1547919246408129
96,3.0,1.6,7,46,3.3233509704478426,0.2067098365843289,0.05586880216019973
96,3.0,1.6,7,47,3.3233509704478426,0.1430017054328958,0.09654981657838667
96,3.0,1.6,7,48,3.3233509704478426,0.14217222251407347,0.136051675499083
96,3.0,1.6,7,49,3.3233509704478426,0.1121788658574499,0.07295481414391504
96,3.0,1.6,7,50,3.3233509704478426,0.09793392855824305,0.14338684973107169
96,3.0,1.6,7,51,3.3233509704478426,0.13579247204155398,0.09870477280230587
96,3.0,1.6,7,52,3.3233509704478426,0.11714658574124434,0.10947021698692085
96,3.0,1.6,7,53,3.3233509704478426,0.09000230013831337,0.18956189983727528
96,3.0,1.6,7,54,3.3233509704478426,0.1425011372035083,0.12386418679787473
96,3.0,1.6,7,55,3.3233509704478426,0.2792855562318554,0.15259600568131848
96,3.0,1.6,7,56,3.3233509704478426,0.13574085174767458,0.10038895475898989
96,3.0,1.6,7,57,3.3233509704478426,0.08350150417804411,0.14049231863842118
96,3.0,1.6,7,58,3.3233509704478426,0.2874562435338628,0.3643285909758493
96,3.0,1.6,7,59,3.3233509704478426,0.1284671861620853,0.07891793362784512
96,3.0,1.6,7,60,3.3233509704478426,0.0714476147376072,0.09606927102334836
96,3.0,1.6,7,61,3.3233509704478426,0.14696061250453687,0.07785863246063662
96,3.0,1.6,7,62,3.3233509704478426,0.20067079693639717,0.18797810885716487
96,3.0,1.6,7,63,3.3233509704478426,0.07952752025314325,0.20171920631648022
96,3.0,2.0,8,0,2.658680776358274,0.34844272280960403,0.1123059709546542
96,3.0,2.0,8,1,2.658680776358274,0.10892887511005703,0.07974002874494836
96,3.0,2.0,8,2,2.658680776358274,0.27721784267465077,0.2591968513914371
96,3.0,2.0,8,3,2.658680776358274,0.13119944203907108,0.18825573990658956
96,3.0,2.0,8,4,2.658680776358274,0.1679505617861009,0.17323579623886978
96,3.0,2.0,8,5,2.658680776358274,0.08269369225554804,0.1297580533841307
96,3.0,2.0,8,6,2.658680776358274,0.1954259631428109,0.1621174517916607
96,3.0,2.0,8,7,2.658680776358274,0.08604037606388575,0.12768489451478293
96,3.0,2.0,8,8,2.658680776358274,0.1543748848081473,0.12436406271872094
96,3.0,2.0,8,9,2.658680776358274,0.19221092066928896,0.07219054778559694
96,3.0,2.0,8,10,2.658680776358274,0.08872115102087655,0.09233026314807755
96,3.0,2.0,8,11,2.658680776358274,0.08683946748815224,0.12732409802002717
96,3.0,2.0,8,12,2.658680776358274,0.2523735497714823,0.29355071764121377
96,3.0,2.0,8,13,2.658680776358274,0.15369313180004268,0.09612857871634575
96,3.0,2.0,8,14,2.658680776358274,0.0891552108173505,0.14627201959366498
96,3.0,2.0,8,15,2.658680776358274,0.07076813557135474,0.22006745227691776
96,3.0,2.0,8,16,2.658680776358274,0.07730314101905357,0.09184370089961626
96,3.0,2.0,8,17,2.658680776358274,0.12446816717680932,0.09627579939480818
96,3.0,2.0,8,18,2.658680776358274,0.17892484452684237,0.11270457678663257
96,3.0,2.0,8,19,2.658680776358274,0.1328970404446469,0.1016957503718825
96,3.0,2.0,8,20,2.658680776358274,0.17597154774399795,0.20191823899959133
96,3.0,2.0,8,21,2.658680776358274,0.10528512796461732,0.11833077943768203
96,3.0,2.0,8,22,2.658680776358274,0.10503008557344659,0.07132884589672485
96,3.0,2.0,8,23,2.658680776358274,0.12359461426161789,0.12674730473369794
96,3.0,2.0,8,24,2.658680776358274,0.17888953855532494,0.20104419921021477
96,3.0,2.0,8,25,2.658680776358274,0.10502390723300281,0.09590569491934836
96,3.0,2.0,8,26,2.658680776358274,0.17886528588500167,0.12633304124027084
96,3.0,2.0,8,27,2.658680776358274,0.3371081703262717,0.09779088668175423
96,3.0,2.0,8,28,2.658680776358274,0.13212851817503718,0.13433768638768484
96,3.0,2.0,8,29,2.658680776358274,0.15204008832298369,0.13940563405840692
96,3.0,2.0,8,30,2.658680776358274,0.16440292762906122,0.26066426607746696
96,3.0,2.0,8,31,2.658680776358274,0.1508668053741506,0.18291453271388117
96,3.0,2.0,8,32,2.658680776358274,0.1600576378074876,0.08733222243337971
96,3.0,2.0,8,33,2.658680776358274,0.0596470212714178,0.3277452325319768
96,3.0,2.0,8,34,2.658680776358274,0.2234245183195972,0.17516713454942
96,3.0,2.0,8,35,2.658680776358274,0.13813628266378558,0.1281800240473166
96,3.0,2.0,8,36,2.658680776358274,0.17684901460711,0.08589481471988114
96,3.0,2.0,8,37,2.658680776358274,0.08246505526070147,0.16146106601175805
96,3.0,2.0,8,38,2.658680776358274,0.12887554666020506,0.21577885004860775
96,3.0,2.0,8,39,2.658680776358274,0.09693036724275023,0.10859356058007963
96,3.0,2.0,8,40,2.658680776358274,0.11866647514090961,0.058052507585029896
96,3.0,2.0,8,41,2.658680776358274,0.11492254500953042,0.1463687351984514
96,3.0,2.0,8,42,2.658680776358274,0.15379543105910076,0.07526540954054049
96,3.0,2.0,8,43,2.658680776358274,0.07984404322509639,0.12178059031888062
96,3.0,2.0,8,44,2.658680776358274,0.09750930887885696,0.2218990632149715
96,3.0,2.0,8,45,2.658680776358274,0.0726587788457152,0.09606633711185356
96,3.0,2.0,8,46,2.658680776358274,0.06066247327201128,0.14637729560475898
96,3.0,2.0,8,47,2.658680776358274,0.09686571188791661,0.12607308143770113
96,3.0,2.0,8,48,2.658680776358274,0.12957886432028934,0.06985278549791099
96,3.0,2.0,8,49,2.658680776358274,0.08127455964000749,0.28866017951012624
96,3.0,2.0,8,50,2.658680776358274,0.3158768680129447,0.13546028114569247
96,3.0,2.0,8,51,2.658680776358274,0.07989192370024858,0.12704176276152876
96,3.0,2.0,8,52,2.658680776358274,0.0962132270172556,0.09782914399229833
96,3.0,2.0,8,53,2.658680776358274,0.11716639619657407,0.1953415935044192
96,3.0,2.0,8,54,2.658680776358274,0.11971665759514405,0.11050501398886148
96,3.0,2.0,8,55,2.658680776358274,0.32128217085470645,0.20567662495738426
96,3.0,2.0,8,56,2.658680776358274,0.09035502079668968,0.13936985699349272
96,3.0,2.0,8,57,2.658680776358274,0.07748126343231201,0.10719333682904024
96,3.0,2.0,8,58,2.658680776358274,0.06810390409950016,0.21807332061349058
96,3.0,2.0,8,59,2.658680776358274,0.10439895981607034,0.2219639727779983
96,3.0,2.0,8,60,2.658680776358274,0.07681942067993733,0.0988232700547633
96,3.0,2.0,8,61,2.658680776358274,0.19985620403800525,0.09991943183876267
96,3.0,2.0,8,62,2.658680776358274,0.10323767998282939,0.07047841794381962
96,3.0,2.0,8,63,2.658680776358274,0.17674064885897445,0.24214817605140254
96,3.0,2.5,9,0,2.1269446210866194,0.19141062090086186,0.16295754435055504
96,3.0,2.5,9,1,2.1269446210866194,0.19973650656757574,0.15966067879527301
96,3.0,2.5,9,2,2.1269446210866194,0.10367918472605982,0.091793157245923
96,3.0,2.5,9,3,2.1269446210866194,0.11459724158556153,0.09306945685619697
96,3.0,2.5,9,4,2.1269446210866194,0.10007325234031109,0.0742491478428654
96,3.0,2.5,9,5,2.1269446210866194,0.08961810931437708,0.06587220285612594
96,3.0,2.5,9,6,2.1269446210866194,0.14172952862140858,0.13346721717232107
96,3.0,2.5,9,7,2.1269446210866194,0.09046021224292941,0.27384581377478484
96,3.0,2.5,9,8,2.1269446210866194,0.10014508130870661,0.09453373516477101
96,3.0,2.5,9,9,2.1269446210866194,0.13535135351294503,0.06811393453632822
96,3.0,2.5,9,10,2.1269446210866194,0.05755910849061049,0.1146100398639606
96,3.0,2.5,9,11,2.1269446210866194,0.1313705112611386,0.11972626034198028
96,3.0,2.5,9,12,2.1269446210866194,0.07564940909189208,0.1572904288188045
96,3.0,2.5,9,13,2.1269446210866194,0.07430341559341133,0.062385324223453865
96,3.0,2.5,9,14,2.1269446210866194,0.07821678291821069,0.12105300238096203
96,3.0,2.5,9,15,2.1269446210866194,0.13170420974218805,0.1787387116689081
96,3.0,2.5,9,16,2.1269446210866194,0.12234052962063031,0.15048265987324955
96,3.0,2.5,9,17,2.1269446210866194,0.11586990045033115,0.1271565786503778
96,3.0,2.5,9,18,2.1269446210866194,0.1570883893062859,0.16496981313411235
96,3.0,2.5,9,19,2.1269446210866194,0.07788147557922769,0.10203988456965093
96,3.0,2.5,9,20,2.1269446210866194,0.18978305205141927,0.18611673633934797
96,3.0,2.5,9,21,2.1269446210866194,0.08917549102671411,0.10119813910785584
96,3.0,2.5,9,22,2.1269446210866194,0.0671247530505055,0.10326797948485518
96,3.0,2.5,9,23,2.1269446210866194,0.09603859532504515,0.23645422628296422
96,3.0,2.5,9,24,2.1269446210866194,0.24944759780156361,0.3481390036698079
96,3.0,2.5,9,25,2.1269446210866194,0.18690318426438995,0.19973493200499
96,3.0,2.5,9,26,2.1269446210866194,0.13972945623799596,0.08059679962029467
96,3.0,2.5,9,27,2.1269446210866194,0.11639645591368475,0.11983888728043031
96,3.0,2.5,9,28,2.1269446210866194,0.10295976781045486,0.09417382355494229
96,3.0,2.5,9,29,2.1269446210866194,0.06655349686794527,0.10929142601973756
96,3.0,2.5,9,30,2.1269446210866194,0.22093982484705482,0.341990598425581
96,3.0,2.5,9,31,2.1269446210866194,0.12805870917357579,0.12360413155883579
96,3.0,2.5,9,32,2.1269446210866194,0.07072068584864874,0.10917552683140475
96,3.0,2.5,9,33,2.1269446210866194,0.07472741082104328,0.08982180345798216
96,3.0,2.5,9,34,2.1269446210866194,0.12855126044509343,0.11710438135432408
96,3.0,2.5,9,35,2.1269446210866194,0.24944902668400007,0.08450656094377573
96,3.0,2.5,9,36,2.1269446210866194,0.0813362544671259,0.12473387255516197
96,3.0,2.5,9,37,2.1269446210866194,0.08171070298248975,0.08415571759116999
96,3.0,2.5,9,38,2.1269446210866194,0.13413502931759963,0.10262262567125288
96,3.0,2.5,9,39,2.1269446210866194,0.08411590027192,0.1115470694424165
96,3.0,2.5,9,40,2.1269446210866194,0.06739820938099973,0.10426025293334211
96,3.0,2.5,9,41,2.1269446210866194,0.07346515773627967,0.16011864005720694
96,3.0,2.5,9,42,2.1269446210866194,0.08171464006043028,0.24943943907402177
96,3.0,2.5,9,43,2.1269446210866194,0.10657791365948407,0.06701076802911925
96,3.0,2.5,9,44,2.1269446210866194,0.09411861579232059,0.13154477183997296
96,3.0,2.5,9,45,2.1269446210866194,0.2797047167255003,0.17874949296046688
96,3.0,2.5,9,46,2.1269446210866194,0.13149745232580592,0.06719600109229884
96,3.0,2.5,9,47,2.1269446210866194,0.18888404289488092,0.05725323597884931
96,3.0,2.5,9,48,2.1269446210866194,0.06131520961926688,0.1439470218032356
96,3.0,2.5,9,49,2.1269446210866194,0.07806507534116687,0.11990930280522487
96,3.0,2.5,9,50,2.1269446210866194,0.09874083053489982,0.21910955564078308
96,3.0,2.5,9,51,2.1269446210866194,0.14311799267956224,0.19900529699790767
96,3.0,2.5,9,52,2.1269446210866194,0.12079805213283228,0.10829930857137975
96,3.0,2.5,9,53,2.1269446210866194,0.0917688382431171,0.1146987137705519
96,3.0,2.5,9,54,2.1269446210866194,0.10038158191817044,0.06412302090955062
96,3.0,2.5,9,55,2.1269446210866194,0.10789974931702342,0.08772289835751186
96,3.0,2.5,9,56,2.1269446210866194,0.0791131539339448,0.12556708171591463
96,3.0,2.5,9,57,2.1269446210866194,0.07379751994961417,0.1373421214296202
96,3.0,2.5,9,58,2.1269446210866194,0.0731329534854428,0.08668858097343522
96,3.0,2.5,9,59,2.1269446210866194,0.1239494175608521,0.2848056986266568
96,3.0,2.5,9,60,2.1269446210866194,0.08932762506637468,0.09178430538277098
96,3.0,2.5,9,61,2.1269446210866194,0.09359789646153498,0.07276443043773784
96,3.0,2.5,9,62,2.1269446210866194,0.16369893810857944,0.06238303495661712
96,3.0,2.5,9,63,2.1269446210866194,0.16506325034924899,0.10275750809097764
96,3.0,3.2,10,0,1.6616754852239213,0.13586317433759057,0.17822518083368202
96,3.0,3.2,10,1,1.6616754852239213,0.07367237781603517,0.156706514225916
96,3.0,3.2,10,2,1.6616754852239213,0.08951712832643532,0.13372169284189245
96,3.0,3.2,10,3,1.6616754852239213,0.1168865862079103,0.19580815897903614
96,3.0,3.2,10,4,1.6616754852239213,0.23832715414289168,0.08646917480909375
96,3.0,3.2,10,5,1.6616754852239213,0.11183583383817004,0.24338382885866142
96,3.0,3.2,10,6,1.6616754852239213,0.09586136223812419,0.1200122960138816
96,3.0,3.2,10,7,1.6616754852239213,0.05590753098956194,0.10289156981030934
96,3.0,3.2,10,8,1.6616754852239213,0.2719787963437294,0.10235301028166735
96,3.0,3.2,10,9,1.6616754852239213,0.07753439583368935,0.10003624346922461
96,3.0,3.2,10,10,1.6616754852239213,0.2209739083254892,0.11337263660257227
96,3.0,3.2,10,11,1.6616754852239213,0.07416001034881378,0.05823405327867717
96,3.0,3.2,10,12,1.6616754852239213,0.06526152979181128,0.05740373195792683
96,3.0,3.2,10,13,1.6616754852239213,0.0657492505081809,0.06240490592397201
96,3.0,3.2,10,14,1.6616754852239213,0.10402606282313855,0.1252941797824467
96,3.0,3.2,10,15,1.6616754852239213,0.09020020061973162,0.07304015192364557
96,3.0,3.2,10,16,1.6616754852239213,0.14101031729493557,0.08654307381175337
96,3.0,3.2,10,17,1.6616754852239213,0.12928248361558237,0.10398536079795455
96,3.0,3.2,10,18,1.6616754852239213,0.0709828118294028,0.06710706042439456
96,3.0,3.2,10,19,1.6616754852239213,0.08952100339619957,0.08289266773100222
96,3.0,3.2,10,20,1.6616754852239213,0.1131617470462685,0.1293353732739092
96,3.0,3.2,10,21,1.6616754852239213,0.0885350796063424,0.12325893000404281
96,3.0,3.2,10,22,1.6616754852239213,0.058897531973534485,0.11178397736035244
96,3.0,3.2,10,23,1.6616754852239213,0.09431926492026374,0.10176983865071491
96,3.0,3.2,10,24,1.6616754852239213,0.08678308267823734,0.08095315743583197
96,3.0,3.2,10,25,1.6616754852239213,0.10004333545766894,0.08256114069481871
96,3.0,3.2,10,26,1.6616754852239213,0.06697039612486777,0.06997310825928832
96,3.0,3.2,10,27,1.6616754852239213,0.07321404240767224,0.11325398358677075
96,3.0,3.2,10,28,1.6616754852239213,0.1757856064733052,0.1564702340610407
96,3.0,3.2,10,29,1.6616754852239213,0.17701865241903791,0.06750921964606274
96,3.0,3.2,10,30,1.6616754852239213,0.10614616150649822,0.07261177862132993
96,3.0,3.2,10,31,1.6616754852239213,0.07869300539244037,0.2719757549423039
96,3.0,3.2,10,32,1.6616754852239213,0.0896706814901007,0.1118071908806051
96,3.0,3.2,10,33,1.6616754852239213,0.09526897845673954,0.1273780821497531
96,3.0,3.2,10,34,1.6616754852239213,0.10830101593456515,0.06307221851528012
96,3.0,3.2,10,35,1.6616754852239213,0.0755445623529329,0.14074237098423917
96,3.0,3.2,10,36,1.6616754852239213,0.2529034341361396,0.06268342545728521
96,3.0,3.2,10,37,1.6616754852239213,0.15486734355764098,0.0864923882358343
96,3.0,3.2,10,38,1.6616754852239213,0.10596212493369113,0.1295858408471058
96,3.0,3.2,10,39,1.6616754852239213,0.08373673515960418,0.128680303911793
96,3.0,3.2,10,40,1.6616754852239213,0.08723573471060742,0.16264663688179484
96,3.0,3.2,10,41,1.6616754852239213,0.16832988671134105,0.15866671937762872
96,3.0,3.2,10,42,1.6616754852239213,0.0671662919156803,0.21776226007565685
96,3.0,3.2,10,43,1.6616754852239213,0.12342117014487157,0.09508333598320165
96,3.0,3.2,10,44,1.6616754852239213,0.0945277930182144,0.061629509555028
96,3.0,3.2,10,45,1.6616754852239213,0.06455876827328372,0.10002372232836877
96,3.0,3.2,10,46,1.6616754852239213,0.1088437849983661,0.0746826033074455
96,3.0,3.2,10,47,1.6616754852239213,0.10672513275333022,0.20531638452804
96,3.0,3.2,10,48,1.6616754852239213,0.07739838986557573,0.05740502700282049
96,3.0,3.2,10,49,1.6616754852239213,0.1323839012235507,0.07472215010470958
96,3.0,3.2,10,50,1.6616754852239213,0.14551087765094506,0.09250899765750102
96,3.0,3.2,10,51,1.6616754852239213,0.1118208538765197,0.06142862364379995
96,3.0,3.2,10,52,1.6616754852239213,0.14239759170585864,0.06279497714156372
96,3.0,3.2,10,53,1.6616754852239213,0.071655803837213,0.05504381782328814
96,3.0,3.2,10,54,1.6616754852239213,0.11180445878139628,0.06971960855639059
96,3.0,3.2,10,55,1.6616754852239213,0.06779316427958647,0.09064011567004268
96,3.0,3.2,10,56,1.6616754852239213,0.059399449810929955,0.10006399037182356
96,3.0,3.2,10,57,1.6616754852239213,0.14088274220023433,0.10661680748859974
96,3.0,3.2,10,58,1.6616754852239213,0.08872646309363255,0.1128990804819312
96,3.0,3.2,10,59,1.6616754852239213,0.16069592559073545,0.13276389069502767
96,3.0,3.2,10,60,1.6616754852239213,0.11742179717881505,0.11257961180959877
96,3.0,3.2,10,61,1.6616754852239213,0.1311021981870363,0.1187731554061644
96,3.0,3.2,10,62,1.6616754852239213,0.09222067872597074,0.13312144620175806
96,3.0,3.2,10,63,1.6616754852239213,0.0995606891875575,0.07204710761896578
96,3.0,4.0,11,0,1.329340388179137,0.06426691021214014,0.07662214708841698
96,3.0,4.0,11,1,1.329340388179137,0.06813883127406196,0.08301677938666085
96,3.0,4.0,11,2,1.329340388179137,0.06556888087913035,0.08005337027585593
96,3.0,4.0,11,3,1.329340388179137,0.08004615566068153,0.09767239376923931
96,3.0,4.0,11,4,1.329340388179137,0.07163256430858753,0.06334075099631956
96,3.0,4.0,11,5,1.329340388179137,0.08053741584325473,0.19469784201416196
96,3.0,4.0,11,6,1.329340388179137,0.05833413467356555,0.08944990127114713
96,3.0,4.0,11,7,1.329340388179137,0.06796588284216282,0.11171696661466364
96,3.0,4.0,11,8,1.329340388179137,0.06023229915880264,0.21758815963708544
96,3.0,4.0,11,9,1.329340388179137,0.0671313958803945,0.11978603884251587
96,3.0,4.0,11,10,1.329340388179137,0.06410722175714781,0.07161774354387852
96,3.0,4.0,11,11,1.329340388179137,0.11151498389372194,0.09327671490939232
96,3.0,4.0,11,12,1.329340388179137,0.08158053169668127,0.1290396996920025
96,3.0,4.0,11,13,1.329340388179137,0.07474340819464928,0.13075880671597845
96,3.0,4.0,11,14,1.329340388179137,0.05927779457428779,0.12482174793124218
96,3.0,4.0,11,15,1.329340388179137,0.08004699646602823,0.1731962425630228
96,3.0,4.0,11,16,1.329340388179137,0.05834361346219819,0.09578004818595895
96,3.0,4.0,11,17,1.329340388179137,0.08960929141062149,0.06175433845599421
96,3.0,4.0,11,18,1.329340388179137,0.10648061068499601,0.12485806506386142
96,3.0,4.0,11,19,1.329340388179137,0.10027688204986794,0.08911583073604232
96,3.0,4.0,11,20,1.329340388179137,0.13392487252572938,0.08789047278334086
96,3.0,4.0,11,21,1.329340388179137,0.0730807227064294,0.1437895845691232
96,3.0,4.0,11,22,1.329340388179137,0.19176412579699897,0.08902099800485719
96,3.0,4.0,11,23,1.329340388179137,0.09425904278205766,0.07164678104225192
96,3.0,4.0,11,24,1.329340388179137,0.11086344899884303,0.08003948389353163
96,3.0,4.0,11,25,1.329340388179137,0.07164292399666175,0.12816576433175322
96,3.0,4.0,11,26,1.329340388179137,0.09020259786276694,0.09713060629247822
96,3.0,4.0,11,27,1.329340388179137,0.0953302558093161,0.11049570027297771
96,3.0,4.0,11,28,1.329340388179137,0.07755149604128282,0.10169282269531699
96,3.0,4.0,11,29,1.329340388179137,0.09245561633935331,0.09498033355404492
96,3.0,4.0,11,30,1.329340388179137,0.13805142675041532,0.08731321182367047
96,3.0,4.0,11,31,1.329340388179137,0.08854275905245242,0.08004280127896592
96,3.0,4.0,11,32,1.329340388179137,0.052395117551077834,0.11683501327856784
96,3.0,4.0,11,33,1.329340388179137,0.15355176098342635,0.175204700392746
96,3.0,4.0,11,34,1.329340388179137,0.08341973447424125,0.06959847053347737
96,3.0,4.0,11,35,1.329340388179137,0.10672625658814092,0.08015026006643733
96,3.0,4.0,11,36,1.329340388179137,0.07964717514509573,0.07248511743041532
96,3.0,4.0,11,37,1.329340388179137,0.06621433677512228,0.07349946076712262
96,3.0,4.0,11,38,1.329340388179137,0.17487192181310646,0.07850296860901157
96,3.0,4.0,11,39,1.329340388179137,0.09855649637304789,0.12484755393456642
96,3.0,4.0,11,40,1.329340388179137,0.053350449335727294,0.07541904195176889
96,3.0,4.0,11,41,1.329340388179137,0.21759081635258343,0.11759315393156389
96,3.0,4.0,11,42,1.329340388179137,0.10117737681912665,0.06160102745018896
96,3.0,4.0,11,43,1.329340388179137,0.14902959352430892,0.0730225761966793
96,3.0,4.0,11,44,1.329340388179137,0.07210830590379963,0.12061407729794671
96,3.0,4.0,11,45,1.329340388179137,0.1372327609052364,0.06798065893503272
96,3.0,4.0,11,46,1.329340388179137,0.07390124461648455,0.07192771371078481
96,3.0,4.0,11,47,1.329340388179137,0.11169142637825336,0.17298848561024927
96,3.0,4.0,11,48,1.329340388179137,0.08483047255492582,0.14905350339304396
96,3.0,4.0,11,49,1.329340388179137,0.0991252733953843,0.11159658424699433
96,3.0,4.0,11,50,1.329340388179137,0.08728302438418642,0.07969794635549401
96,3.0,4.0,11,51,1.329340388179137,0.1248472610717338,0.09274086672725232
96,3.0,4.0,11,52,1.329340388179137,0.07743909040852914,0.07365703639394422
96,3.0,4.0,11,53,1.329340388179137,0.057356463278281734,0.09199807486874954
96,3.0,4.0,11,54,1.329340388179137,0.0757995452233696,0.06880785321055286
96,3.0,4.0,11,55,1.329340388179137,0.057150918745935544,0.08045038819807077
96,3.0,4.0,11,56,1.329340388179137,0.08885777070765816,0.081311780944612
96,3.0,4.0,11,57,1.329340388179137,0.05320796908586443,0.1645776789000073
96,3.0,4.0,11,58,1.329340388179137,0.07415543021343358,0.08370699773658502
96,3.0,4.0,11,59,1.329340388179137,0.10272050347598904,0.06299334283033854
96,3.0,4.0,11,60,1.329340388179137,0.08665127218198332,0.10226374744373357
96,3.0,4.0,11,61,1.329340388179137,0.07843271245065886,0.2217092648893323
96,3.0,4.0,11,62,1.329340388179137,0.18974577740574444,0.15589945767620003
96,3.0,4.0,11,63,1.329340388179137,0.0642887067601638,0.10716184625721463
96,3.0,5.0,12,0,1.0634723105433097,0.06301679115374399,0.08937261919667717
96,3.0,5.0,12,1,1.0634723105433097,0.11299175692965222,0.18283395478390146
96,3.0,5.0,12,2,1.0634723105433097,0.12603521140968404,0.059301881030012306
96,3.0,5.0,12,3,1.0634723105433097,0.06341969784072414,0.05471387170728015
96,3.0,5.0,12,4,1.0634723105433097,0.07342220573102595,0.13146559392705798
96,3.0,5.0,12,5,1.0634723105433097,0.10385902023984901,0.05550767475864453
96,3.0,5.0,12,6,1.0634723105433097,0.05730305188351168,0.06718162638770783
96,3.0,5.0,12,7,1.0634723105433097,0.05481043576410986,0.09086576103407609
96,3.0,5.0,12,8,1.0634723105433097,0.06302044467873877,0.10070831842250003
96,3.0,5.0,12,9,1.0634723105433097,0.08357461829757362,0.17406585106173061
96,3.0,5.0,12,10,1.0634723105433097,0.06655295953888321,0.06978566187060013
96,3.0,5.0,12,11,1.0634723105433097,0.0846791199604362,0.0794610046925043
96,3.0,5.0,12,12,1.0634723105433097,0.06891184210897996,0.09118401126687373
96,3.0,5.0,12,13,1.0634723105433097,0.057477932527771426,0.11870408258237405
96,3.0,5.0,12,14,1.0634723105433097,0.10716218067470781,0.14038420901319162
96,3.0,5.0,12,15,1.0634723105433097,0.08703139854631843,0.05157206676250751
96,3.0,5.0,12,16,1.0634723105433097,0.09060476473732892,0.06500151871559168
96,3.0,5.0,12,17,1.0634723105433097,0.056001064666041434,0.09240588413856825
96,3.0,5.0,12,18,1.0634723105433097,0.08546106741820092,0.08034888658349967
96,3.0,5.0,12,19,1.0634723105433097,0.0634541498905958,0.11573239599081245
96,3.0,5.0,12,20,1.0634723105433097,0.09897919446739163,0.09610408001743817
96,3.0,5.0,12,21,1.0634723105433097,0.07154922850311711,0.08731186502105612
96,3.0,5.0,12,22,1.0634723105433097,0.09562101913277773,0.08935826748252904
96,3.0,5.0,12,23,1.0634723105433097,0.07018924006058189,0.12472677897058038
96,3.0,5.0,12,24,1.0634723105433097,0.17406830780587085,0.0470361940534198
96,3.0,5.0,12,25,1.0634723105433097,0.07023336790698105,0.09386374553181354
96,3.0,5.0,12,26,1.0634723105433097,0.07265235399497841,0.10120677076008813
96,3.0,5.0,12,27,1.0634723105433097,0.06681797371089451,0.05208394429488341
96,3.0,5.0,12,28,1.0634723105433097,0.057777940882075884,0.07108911311406359
96,3.0,5.0,12,29,1.0634723105433097,0.1520853773123576,0.09999652403762263
96,3.0,5.0,12,30,1.0634723105433097,0.05230047736797383,0.06992790843471973
96,3.0,5.0,12,31,1.0634723105433097,0.08696347388539627,0.09986913904242464
96,3.0,5.0,12,32,1.0634723105433097,0.07157798041944112,0.07190888038956944
96,3.0,5.0,12,33,1.0634723105433097,0.0869951762675916,0.08210677129105215
96,3.0,5.0,12,34,1.0634723105433097,0.09645908302983901,0.08814640836291589
96,3.0,5.0,12,35,1.0634723105433097,0.055844590477976144,0.05728877638346073
96,3.0,5.0,12,36,1.0634723105433097,0.16553621727912146,0.07281037313602126
96,3.0,5.0,12,37,1.0634723105433097,0.15576654946156648,0.09727429893331266
96,3.0,5.0,12,38,1.0634723105433097,0.079843640939427,0.10275241766093064
96,3.0,5.0,12,39,1.0634723105433097,0.08902001343293153,0.12470478273996463
96,3.0,5.0,12,40,1.0634723105433097,0.061991119835133904,0.11694947663907693
96,3.0,5.0,12,41,1.0634723105433097,0.05916391983301976,0.07154642185277257
96,3.0,5.0,12,42,1.0634723105433097,0.12265988282712137,0.13506993830825748
96,3.0,5.0,12,43,1.0634723105433097,0.12280022013873311,0.06403192241163376
96,3.0,5.0,12,44,1.0634723105433097,0.06141037931505204,0.09228389570970048
96,3.0,5.0,12,45,1.0634723105433097,0.08913875185802597,0.057297070294944116
96,3.0,5.0,12,46,1.0634723105433097,0.0888146811352872,0.06350184769048692
96,3.0,5.0,12,47,1.0634723105433097,0.05124226397839308,0.09217134715931212
96,3.0,5.0,12,48,1.0634723105433097,0.05203102264957553,0.1432417352505689
96,3.0,5.0,12,49,1.0634723105433097,0.06640062120347409,0.10715823939164024
96,3.0,5.0,12,50,1.0634723105433097,0.1000212686355209,0.07337635422086049
96,3.0,5.0,12,51,1.0634723105433097,0.06908635406662471,0.0905020000889513
96,3.0,5.0,12,52,1.0634723105433097,0.0556126365078391,0.1740494872337343
96,3.0,5.0,12,53,1.0634723105433097,0.05730205173888978,0.08030514253741705
96,3.0,5.0,12,54,1.0634723105433097,0.05515968759101127,0.14530743488551442
96,3.0,5.0,12,55,1.0634723105433097,0.06091372155097443,0.12133570390752642
96,3.0,5.0,12,56,1.0634723105433097,0.08307636207793356,0.09496676373120343
96,3.0,5.0,12,57,1.0634723105433097,0.06162374201638017,0.07677927856194935
96,3.0,5.0,12,58,1.0634723105433097,0.06965422716483982,0.07591738940241861
96,3.0,5.0,12,59,1.0634723105433097,0.12468432097520865,0.1740615822921036
96,3.0,5.0,12,60,1.0634723105433097,0.11792494103122661,0.06520214183786979
96,3.0,5.0,12,61,1.0634723105433097,0.1607791606371325,0.05725901159650548
96,3.0,5.0,12,62,1.0634723105433097,0.10853376553185463,0.12391649833609093
96,3.0,5.0,12,63,1.0634723105433097,0.10690151968029168,0.07156205500325057
96,3.0,6.5,13,0,0.8180556234948535,0.08383558648745272,0.07823525861530545
96,3.0,6.5,13,1,0.8180556234948535,0.05177768056050673,0.06250277808752937
96,3.0,6.5,13,2,0.8180556234948535,0.07451611149786291,0.07516478237398459
96,3.0,6.5,13,3,0.8180556234948535,0.08340317921174718,0.09594445922784438
96,3.0,6.5,13,4,0.8180556234948535,0.06485717290244845,0.09704976499260681
96,3.0,6.5,13,5,0.8180556234948535,0.06177160589354505,0.06419074308415089
96,3.0,6.5,13,6,0.8180556234948535,0.05772132618301123,0.09594899551454833
96,3.0,6.5,13,7,0.8180556234948535,0.0645235832672429,0.0688332479786923
96,3.0,6.5,13,8,0.8180556234948535,0.07591403869881044,0.049265667113188735
96,3.0,6.5,13,9,0.8180556234948535,0.07681685965344096,0.06874601843936606
96,3.0,6.5,13,10,0.8180556234948535,0.07683652104235911,0.14962658840870804
96,3.0,6.5,13,11,0.8180556234948535,0.058646559623501474,0.06751686858799935
96,3.0,6.5,13,12,0.8180556234948535,0.10068595564198925,0.08919907655282365
96,3.0,6.5,13,13,0.8180556234948535,0.07183110155461742,0.07683497032997663
96,3.0,6.5,13,14,0.8180556234948535,0.05573854048612052,0.06203531904485365
96,3.0,6.5,13,15,0.8180556234948535,0.0712764219579499,0.10575641599162398
96,3.0,8.0,14,0,0.6646701940895685,0.05572139366340653,0.04949593439298777
96,3.0,8.0,14,1,0.6646701940895685,0.08066108490468987,0.06242052164284724
96,3.0,8.0,14,2,0.6646701940895685,0.06241724486244194,0.055857630072607994
96,3.0,8.0,14,3,0.6646701940895685,0.077951393751891,0.0779498693321781
96,3.0,8.0,14,4,0.6646701940895685,0.05665544454720303,0.06583682380575487
96,3.0,8.0,14,5,0.6646701940895685,0.07394300216925095,0.12157504743923195
96,3.0,8.0,14,6,0.6646701940895685,0.04425239663199874,0.06553081319941913
96,3.0,8.0,14,7,0.6646701940895685,0.05010893610841548,0.09685164300520116
96,3.0,8.0,14,8,0.6646701940895685,0.09942806481515483,0.0670723492947051
96,3.0,8.0,14,9,0.6646701940895685,0.062422268197336414,0.08015943460236627
96,3.0,8.0,14,10,0.6646701940895685,0.1087972751245876,0.077952245579969
96,3.0,8.0,14,11,0.6646701940895685,0.08093762887237896,0.05768473158283009
96,3.0,8.0,14,12,0.6646701940895685,0.04592719093675468,0.07824033641939712
96,3.0,8.0,14,13,0.6646701940895685,0.06401917439434099,0.09734822404691683
96,3.0,8.0,14,14,0.6646701940895685,0.0840953178472053,0.0973574648447514
96,3.0,8.0,14,15,0.6646701940895685,0.09735284115527447,0.07779937705745643
96,3.0,12.0,15,0,0.443113462726379,0.051969095107769155,0.04691237396897319
96,3.0,12.0,15,1,0.443113462726379,0.05577610080098457,0.0649041897757197
96,3.0,12.0,15,2,0.443113462726379,0.058073113978260614,0.05482363092246854
96,3.0,12.0,15,3,0.443113462726379,0.0480588636668449,0.08104998252400834
96,3.0,12.0,15,4,0.443113462726379,0.045925211039595536,0.058081022378445334
96,3.0,12.0,15,5,0.443113462726379,0.08105101755318174,0.08105229696989286
96,3.0,12.0,15,6,0.443113462726379,0.05083503204871056,0.046184338190295604
96,3.0,12.0,15,7,0.443113462726379,0.07801779517674427,0.07252001771092652
96,3.0,12.0,15,8,0.443113462726379,0.07252485824855902,0.04365791572631922
96,3.0,12.0,15,9,0.443113462726379,0.05006305551764532,0.04516228758032457
96,3.0,12.0,15,10,0.443113462726379,0.0453354835665844,0.06912344315100204
96,3.0,12.0,15,11,0.443113462726379,0.05197438350645953,0.05807410794523243
96,3.0,12.0,15,12,0.443113462726379,0.07252106456720046,0.08105208000031094
96,3.0,12.0,15,13,0.443113462726379,0.06949943012835973,0.0453830845511487
96,3.0,12.0,15,14,0.443113462726379,0.047669570371951,0.07252131216089404
96,3.0,12.0,15,15,0.443113462726379,0.05675323428623477,0.07253346597747808
96,3.0,20.0,16,0,0.2658680776358274,0.034846259062005475,0.041265521933803326
96,3.0,20.0,16,1,0.2658680776358274,0.04351950423991663,0.03894019480414788
96,3.0,20.0,16,2,0.2658680776358274,0.048630322127285366,0.03894323927395427
96,3.0,20.0,16,3,0.2658680776358274,0.040886962875051204,0.0367300055518028
96,3.0,20.0,16,4,0.2658680776358274,0.04351638730401523,0.04289319416848632
96,3.0,20.0,16,5,0.2658680776358274,0.048629784188533066,0.041796567151068456
96,3.0,20.0,16,6,0.2658680776358274,0.029342792082974346,0.03893751408902853
96,3.0,20.0,16,7,0.2658680776358274,0.04351656981401949,0.03399425944025884
96,3.0,20.0,16,8,0.2658680776358274,0.04802431321250824,0.03484408106068911
96,3.0,20.0,16,9,0.2658680776358274,0.04863209247375023,0.04351558339563476
96,3.0,20.0,16,10,0.2658680776358274,0.034846754884582776,0.03824868279019752
96,3.0,20.0,16,11,0.2658680776358274,0.04321126808943049,0.03947660879870425
96,3.0,20.0,16,12,0.2658680776358274,0.03305575087518101,0.04351894437417495
96,3.0,20.0,16,13,0.2658680776358274,0.0486348976653296,0.04216269400456994
96,3.0,20.0,16,14,0.2658680776358274,0.048626663442690676,0.04179113690374734
96,3.0,20.0,16,15,0.2658680776358274,0.04863112607714728,0.04351261210028829
96,5.0,0.25,0,0,35.449077018110316,0.6322884141937347,1.0171573189392924
96,5.0,0.25,0,1,35.449077018110316,0.8446920487275011,0.9731840654638058
96,5.0,0.25,0,2,35.449077018110316,1.1143156635207472,1.0089627073044638
96,5.0,0.25,0,3,35.449077018110316,0.6969978846519695,1.3010581977567675
96,5.0,0.25,0,4,35.449077018110316,0.6845546401908522,1.5801385542586361
96,5.0,0.25,0,5,35.449077018110316,0.7737023315678291,1.0677953904288087
96,5.0,0.25,0,6,35.449077018110316,0.8376895312709008,1.2490067175934532
96,5.0,0.25,0,7,35.449077018110316,1.3204609122298099,1.0607825394649901
96,5.0,0.25,0,8,35.449077018110316,0.6778505906203172,1.3529180538275676
96,5.0,0.25,0,9,35.449077018110316,1.0039501687101153,0.9203198833580036
96,5.0,0.25,0,10,35.449077018110316,0.9039908190461501,1.1466885378680607
96,5.0,0.25,0,11,35.449077018110316,0.770975807260349,1.342207199279365
96,5.0,0.25,0,12,35.449077018110316,1.4728172037837628,1.3476547416613363
96,5.0,0.25,0,13,35.449077018110316,1.1775888363892026,1.6688865771711698
96,5.0,0.25,0,14,35.449077018110316,1.0117760697104292,1.1329935440883747
96,5.0,0.25,0,15,35.449077018110316,0.8862961657349053,1.478663946658049
96,5.0,0.35,1,0,25.320769298650227,0.8320589054454185,1.0970846115212016
96,5.0,0.35,1,1,25.320769298650227,0.9132360865097614,0.9107146920081428
96,5.0,0.35,1,2,25.320769298650227,1.2715260812586593,1.101217437356497
96,5.0,0.35,1,3,25.320769298650227,0.9905921747772161,0.7497867226320662
96,5.0,0.35,1,4,25.320769298650227,1.1915795971689018,0.8668784342752781
96,5.0,0.35,1,5,25.320769298650227,1.0168321475505548,0.9535683638303791
96,5.0,0.35,1,6,25.320769298650227,1.1196761779853268,0.9509019486964851
96,5.0,0.35,1,7,25.320769298650227,1.1229830691541018,1.0768300836787374
96,5.0,0.35,1,8,25.320769298650227,0.8276349275633993,0.761090650610641
96,5.0,0.35,1,9,25.320769298650227,0.717770844720336,0.8487314022794137
96,5.0,0.35,1,10,25.320769298650227,0.8991901503059161,0.8234806266091138
96,5.0,0.35,1,11,25.320769298650227,0.8683291638836252,0.8825921378790956
96,5.0,0.35,1,12,25.320769298650227,1.0412808494271923,0.7914612850541384
96,5.0,0.35,1,13,25.320769298650227,1.0421749937284877,0.9526288711026607
96,5.0,0.35,1,14,25.320769298650227,0.9657198217817277,0.7026622977464116
96,5.0,0.35,1,15,25.320769298650227,0.8339350147069357,1.0520824421207235
96,5.0,0.5,2,0,17.724538509055158,0.8619847228567084,0.7154216812396432
96,5.0,0.5,2,1,17.724538509055158,1.0211355293146458,0.8151743789091914
96,5.0,0.5,2,2,17.724538509055158,0.830217513183504,0.9503691338100752
96,5.0,0.5,2,3,17.724538509055158,0.5765649120961163,0.4962987201550392
96,5.0,0.5,2,4,17.724538509055158,0.4642764370693221,0.7938148977505673
96,5.0,0.5,2,5,17.724538509055158,0.9843160001830427,1.02790082355809
96,5.0,0.5,2,6,17.724538509055158,0.8285117843025096,0.9421430509136562
96,5.0,0.5,2,7,17.724538509055158,0.5705498815019134,0.7109294808141255
96,5.0,0.5,2,8,17.724538509055158,0.6516768874457585,0.8164164109989964
96,5.0,0.5,2,9,17.724538509055158,0.9589418605725006,0.4691161490277474
96,5.0,0.5,2,10,17.724538509055158,0.7235892737327194,0.6317349481956003
96,5.0,0.5,2,11,17.724538509055158,0.8942131440805581,0.6249962868772265
96,5.0,0.5,2,12,17.724538509055158,0.8527390919271807,0.3624971833717287
96,5.0,0.5,2,13,17.724538509055158,0.6712567487347377,0.6696735357418894
96,5.0,0.5,2,14,17.724538509055158,0.9532642651006511,0.8767394425165594
96,5.0,0.5,2,15,17.724538509055158,0.7818915200759731,0.7257241870290074
96,5.0,0.5,2,16,17.724538509055158,0.6727892122357606,0.6226591730058877
96,5.0,0.5,2,17,17.724538509055158,0.983917006511839,1.095380385256383
96,5.0,0.5,2,18,17.724538509055158,0.7735682130044585,0.5195245648776536
96,5.0,0.5,2,19,17.724538509055158,1.1032996665120154,1.0697788502248065
96,5.0,0.5,2,20,17.724538509055158,0.7621102222960753,0.9164013487319354
96,5.0,0.5,2,21,17.724538509055158,0.9244115498126171,0.629337887352089
96,5.0,0.5,2,22,17.724538509055158,1.1982109879014624,0.4522127083722265
96,5.0,0.5,2,23,17.724538509055158,0.9580160134400456,0.672251787343493
96,5.0,0.5,2,24,17.724538509055158,0.8765070417925682,0.4969282602102615
96,5.0,0.5,2,25,17.724538509055158,0.7409172217777984,0.9851530882276719
96,5.0,0.5,2,26,17.724538509055158,0.9133959435965999,0.5361638814095644
96,5.0,0.5,2,27,17.724538509055158,0.5305812906650305,0.9842419632276073
96,5.0,0.5,2,28,17.724538509055158,0.778876146792483,0.4797848799853556
96,5.0,0.5,2,29,17.724538509055158,1.0295058188318698,0.746419618731003
96,5.0,0.5,2,30,17.724538509055158,1.0054882511819898,0.6815942030202753
96,5.0,0.5,2,31,17.724538509055158,0.888415791774201,0.7325491441724156
96,5.0,0.5,2,32,17.724538509055158,0.9002327330301712,0.7391127432025055
96,5.0,0.5,2,33,17.724538509055158,0.803680403127109,0.7381769045130078
96,5.0,0.5,2,34,17.724538509055158,0.7311726488230326,0.7070332026479316
96,5.0,0.5,2,35,17.724538509055158,0.9774195224460391,0.6248051873520584
96,5.0,0.5,2,36,17.724538509055158,0.8211946547270306,1.0983157836609578
96,5.0,0.5,2,37,17.724538509055158,1.235056577372804,0.5388429594852185
96,5.0,0.5,2,38,17.724538509055158,0.6891733457579368,0.6582402864094197
96,5.0,0.5,2,39,17.724538509055158,0.6491379902965584,0.6186566148869318
96,5.0,0.5,2,40,17.724538509055158,0.7050638907462552,0.8711019851251927
96,5.0,0.5,2,41,17.724538509055158,0.7379607942696776,0.5514896061852813
96,5.0,0.5,2,42,17.724538509055158,1.0015084690262248,0.9314768988369876
96,5.0,0.5,2,43,17.724538509055158,0.8409721015999584,0.7641416836527484
96,5.0,0.5,2,44,17.724538509055158,0.7183304253664003,0.4877459950810965
96,5.0,0.5,2,45,17.724538509055158,0.6304003608811877,0.3297153935079721
96,5.0,0.5,2,46,17.724538509055158,0.9414047290941299,0.49153799934911274
96,5.0,0.5,2,47,17.724538509055158,0.615915103553005,0.6276513595641531
96,5.0,0.5,2,48,17.724538509055158,0.9724549033154085,0.556976379449021
96,5.0,0.5,2,49,17.724538509055158,0.888336938207116,0.5867777471484735
96,5.0,0.5,2,50,17.724538509055158,0.8897553132521122,0.5191506605326223
96,5.0,0.5,2,51,17.724538509055158,0.9216533926390809,0.4546899363176973
96,5.0,0.5,2,52,17.724538509055158,0.5760022157808987,0.48952677191456706
96,5.0,0.5,2,53,17.724538509055158,0.7662933368193018,0.8036967363165459
96,5.0,0.5,2,54,17.724538509055158,0.8505505172600365,0.7927294339221508
96,5.0,0.5,2,55,17.724538509055158,0.92800531324954,0.643977894242908
96,5.0,0.5,2,56,17.724538509055158,0.8301608876438297,0.4499386106693863
96,5.0,0.5,2,57,17.724538509055158,0.597285654844584,0.5635825722539026
96,5.0,0.5,2,58,17.724538509055158,0.9566227113958169,0.6038657644107148
96,5.0,0.5,2,59,17.724538509055158,1.2494719403999104,0.8930747904188657
96,5.0,0.5,2,60,17.724538509055158,0.7592131908597339,0.9235944342307607
96,5.0,0.5,2,61,17.724538509055158,0.8522673834249103,0.6724664361642556
96,5.0,0.5,2,62,17.724538509055158,0.7091423964924881,0.8364775984879056
96,5.0,0.5,2,63,17.724538509055158,1.0814947601742266,0.585473026396715
96,5.0,0.65,3,0,13.63426039158089,0.6553712373361088,0.8278237248982546
96,5.0,0.65,3,1,13.63426039158089,0.7826559922734749,0.6661531714846356
96,5.0,0.65,3,2,13.63426039158089,0.6351464264383585,0.3067179512110208
96,5.0,0.65,3,3,13.63426039158089,0.5652394582589374,0.6637221548925885
96,5.0,0.65,3,4,13.63426039158089,0.409325563460783,0.5354636384456479
96,5.0,0.65,3,5,13.63426039158089,0.809780708942838,0.4447949023976109
96,5.0,0.65,3,6,13.63426039158089,0.5985255426756219,0.6049561900085059
96,5.0,0.65,3,7,13.63426039158089,1.099539132836124,0.5930643367106626
96,5.0,0.65,3,8,13.63426039158089,0.5030946704853538,0.39067087665455524
96,5.0,0.65,3,9,13.63426039158089,0.6364766422427127,0.4556499673347068
96,5.0,0.65,3,10,13.63426039158089,0.895464954030497,0.3642759648253856
96,5.0,0.65,3,11,13.63426039158089,0.542751467202269,0.6831516661106146
96,5.0,0.65,3,12,13.63426039158089,0.8721627103286903,0.47411919352272497
96,5.0,0.65,3,13,13.63426039158089,0.8088057796967109,0.431316242044881
96,5.0,0.65,3,14,13.63426039158089,0.7558907680210143,0.6118534092083504
96,5.0,0.65,3,15,13.63426039158089,0.4322976154790205,0.5435780665667129
96,5.0,0.65,3,16,13.63426039158089,0.614515015187371,0.5582070752089269
96,5.0,0.65,3,17,13.63426039158089,0.5268921261565237,0.29216917245052615
96,5.0,0.65,3,18,13.63426039158089,0.6959179422472705,0.4651357159260304
96,5.0,0.65,3,19,13.63426039158089,0.8842768274277195,0.4482566493896964
96,5.0,0.65,3,20,13.63426039158089,0.805732386219916,0.2894439672180766
96,5.0,0.65,3,21,13.63426039158089,0.913406915974115,0.5339193450849168
96,5.0,0.65,3,22,13.63426039158089,1.0370628000471114,0.5065602824776575
96,5.0,0.65,3,23,13.63426039158089,0.8526363319730215,0.5874570338859998
96,5.0,0.65,3,24,13.63426039158089,0.5275941677705954,0.43866961012635275
96,5.0,0.65,3,25,13.63426039158089,0.530777973703758,0.31210335576648807
96,5.0,0.65,3,26,13.63426039158089,0.7724251363496669,0.4276327202616334
96,5.0,0.65,3,27,13.63426039158089,0.7387340945766546,0.36872939403748334
96,5.0,0.65,3,28,13.63426039158089,0.3762688231695685,0.27974424727009883
96,5.0,0.65,3,29,13.63426039158089,0.5347734814110768,0.8316896907095185
96,5.0,0.65,3,30,13.63426039158089,0.46506588813771094,0.5499729809333275
96,5.0,0.65,3,31,13.63426039158089,0.90855806688518,0.44046311540736893
96,5.0,0.65,3,32,13.63426039158089,0.9056124669233228,0.7702101899719047
96,5.0,0.65,3,33,13.63426039158089,0.8176703341031447,0.5204882046184796
96,5.0,0.65,3,34,13.63426039158089,0.5690081020361963,0.4701255041003012
96,5.0,0.65,3,35,13.63426039158089,0.5119460381780814,0.33053829550414776
96,5.0,0.65,3,36,13.63426039158089,0.9481757373802047,0.8681387715528279
96,5.0,0.65,3,37,13.63426039158089,0.6426779070673954,0.41585425363891254
96,5.0,0.65,3,38,13.63426039158089,0.5862089103456724,0.5773928018054754
96,5.0,0.65,3,39,13.63426039158089,0.722987548275972,0.3153034429588185
96,5.0,0.65,3,40,13.63426039158089,0.5583127330516513,0.28360815090932057
96,5.0,0.65,3,41,13.63426039158089,0.44396695906563244,0.30668372168619146
96,5.0,0.65,3,42,13.63426039158089,0.7486603630620332,0.39101693276469557
96,5.0,0.65,3,43,13.63426039158089,0.9377165338713864,0.3099252038498284
96,5.0,0.65,3,44,13.63426039158089,0.33260305310862237,0.37586740325174905
96,5.0,0.65,3,45,13.63426039158089,0.7436585610334443,0.7788305765280902
96,5.0,0.65,3,46,13.63426039158089,0.9385127995095982,0.5859633756090412
96,5.0,0.65,3,47,13.63426039158089,0.8431005510462816,0.6253688123930489
96,5.0,0.65,3,48,13.63426039158089,0.6278901260097448,0.3549745120183511
96,5.0,0.65,3,49,13.63426039158089,0.38746182246709293,0.5301293702740453
96,5.0,0.65,3,50,13.63426039158089,0.7701359785669196,0.8736813321973508
96,5.0,0.65,3,51,13.63426039158089,0.5030861321432912,0.6693289850135464
96,5.0,0.65,3,52,13.63426039158089,0.42631245999549927,0.4248653010431826
96,5.0,0.65,3,53,13.63426039158089,0.9014068916091625,0.6386439492961916
96,5.0,0.65,3,54,13.63426039158089,0.8081802694005218,0.5690385919008181
96,5.0,0.65,3,55,13.63426039158089,0.7277758330576061,0.5566175813547609
96,5.0,0.65,3,56,13.63426039158089,0.6343726685041656,0.589819542508004
96,5.0,0.65,3,57,13.63426039158089,0.4507216161224061,0.6791135665756869
96,5.0,0.65,3,58,13.63426039158089,0.6046214043339586,0.4626914127171705
96,5.0,0.65,3,59,13.63426039158089,0.7865217732314298,0.4219689728431918
96,5.0,0.65,3,60,13.63426039158089,0.6121863032410818,0.3914452474317259
96,5.0,0.65,3,61,13.63426039158089,0.3320256050632996,0.37837233080881305
96,5.0,0.65,3,62,13.63426039158089,0.4754869908743544,0.3484548940515009
96,5.0,0.65,3,63,13.63426039158089,0.9056330220571059,0.7802663606478709
96,5.0,0.8,4,0,11.077836568159473,0.6885911541101103,0.3057795844074156
96,5.0,0.8,4,1,11.077836568159473,0.6791715777271052,0.5787605946182807
96,5.0,0.8,4,2,11.077836568159473,0.6350882643901065,0.42242563293878005
96,5.0,0.8,4,3,11.077836568159473,0.5714732933092833,0.7277411674954839
96,5.0,0.8,4,4,11.077836568159473,0.44687610926191845,0.459177166086423
96,5.0,0.8,4,5,11.077836568159473,0.21065390475980084,0.46389930325436957
96,5.0,0.8,4,6,11.077836568159473,0.6449966576688282,0.26445176246941204
96,5.0,0.8,4,7,11.077836568159473,0.40343394935949073,0.4812969539142263
96,5.0,0.8,4,8,11.077836568159473,0.42194587590111327,0.23070713912210092
96,5.0,0.8,4,9,11.077836568159473,0.3614372304813261,0.42576355117817244
96,5.0,0.8,4,10,11.077836568159473,0.39609172305662493,0.2832991842851801
96,5.0,0.8,4,11,11.077836568159473,0.5543408226366534,0.40666105911740863
96,5.0,0.8,4,12,11.077836568159473,0.4912357706929447,0.36169512807559184
96,5.0,0.8,4,13,11.077836568159473,0.5278821905674208,0.36472396756703024
96,5.0,0.8,4,14,11.077836568159473,0.6080953395586517,0.5133240211529834
96,5.0,0.8,4,15,11.077836568159473,0.7443736861551276,0.4941003456358621
96,5.0,0.8,4,16,11.077836568159473,0.8545983724269604,0.46590364225127645
96,5.0,0.8,4,17,11.077836568159473,0.46214665084160417,0.27173373702822
96,5.0,0.8,4,18,11.077836568159473,0.4802401787239069,0.2850100263420271
96,5.0,0.8,4,19,11.077836568159473,0.65354069355083,0.27417441034540513
96,5.0,0.8,4,20,11.077836568159473,0.6130404080185392,0.4984857596851716
96,5.0,0.8,4,21,11.077836568159473,0.33845829603012695,0.3967558370109406
96,5.0,0.8,4,22,11.077836568159473,0.6195739799917762,0.24225189538503916
96,5.0,0.8,4,23,11.077836568159473,0.4263390296779627,0.34254597318702656
96,5.0,0.8,4,24,11.077836568159473,0.24749947339456346,0.320436357361632
96,5.0,0.8,4,25,11.077836568159473,0.8672157768259592,0.47502690498486505
96,5.0,0.8,4,26,11.077836568159473,0.6110385795844681,0.30875908864728907
96,5.0,0.8,4,27,11.077836568159473,0.5577291226348292,0.4679701224476285
96,5.0,0.8,4,28,11.077836568159473,0.39156393347425,0.3011041629260532
96,5.0,0.8,4,29,11.077836568159473,0.670138599242614,0.679172922480484
96,5.0,0.8,4,30,11.077836568159473,0.3567853595355206,0.23078019813649311
96,5.0,0.8,4,31,11.077836568159473,0.3465455235719783,0.35055286360562127
96,5.0,0.8,4,32,11.077836568159473,0.5357697218169912,0.4383737780551473
96,5.0,0.8,4,33,11.077836568159473,0.22914974596571672,0.2666191440193934
96,5.0,0.8,4,34,11.077836568159473,0.3494298110849618,0.473851058913394
96,5.0,0.8,4,35,11.077836568159473,0.24014527661591206,0.3252044706819242
96,5.0,0.8,4,36,11.077836568159473,0.6023979282738137,0.5564187690922754
96,5.0,0.8,4,37,11.077836568159473,0.3749395374272029,0.5608800031109407
96,5.0,0.8,4,38,11.077836568159473,0.6113993270797411,0.3506176930624838
96,5.0,0.8,4,39,11.077836568159473,0.492655003598159,0.3175385579572934
96,5.0,0.8,4,40,11.077836568159473,0.3986910594311111,0.24841700519628704
96,5.0,0.8,4,41,11.077836568159473,0.5478265031765736,0.3358910099483676
96,5.0,0.8,4,42,11.077836568159473,0.33572139760337105,0.3601373537777486
96,5.0,0.8,4,43,11.077836568159473,0.2333610575595834,0.6555000108286468
96,5.0,0.8,4,44,11.077836568159473,0.25765427612872527,0.3791381439417153
96,5.0,0.8,4,45,11.077836568159473,0.4725766043693326,0.32413493765496126
96,5.0,0.8,4,46,11.077836568159473,0.573340835430409,0.293184314033715
96,5.0,0.8,4,47,11.077836568159473,0.3369222971587968,0.44781975841447624
96,5.0,0.8,4,48,11.077836568159473,0.797945360261626,0.4116210690178999
96,5.0,0.8,4,49,11.077836568159473,0.4067892525353632,0.43026098638014515
96,5.0,0.8,4,50,11.077836568159473,0.4938049484220842,0.6226142516030195
96,5.0,0.8,4,51,11.077836568159473,0.5702579016100704,0.31691975729887983
96,5.0,0.8,4,52,11.077836568159473,0.5593260920698878,0.5225314121734183
96,5.0,0.8,4,53,11.077836568159473,0.5148806065092255,0.4957257561496101
96,5.0,0.8,4,54,11.077836568159473,0.4341730512058578,0.3624001460193267
96,5.0,0.8,4,55,11.077836568159473,0.3408838378540843,0.39938821529462487
96,5.0,0.8,4,56,11.077836568159473,0.30765816388690276,0.20565553411535265
96,5.0,0.8,4,57,11.077836568159473,0.8917560202808356,0.4906254909483135
96,5.0,0.8,4,58,11.077836568159473,0.3091658471295206,0.47253379958803865
96,5.0,0.8,4,59,11.077836568159473,0.5286859196667207,0.26188661978455613
96,5.0,0.8,4,60,11.077836568159473,0.3495658029686628,0.3039797851653126
96,5.0,0.8,4,61,11.077836568159473,0.4308968534432353,0.40432071814992265
96,5.0,0.8,4,62,11.077836568159473,0.8627612240848093,0.4048819174703258
96,5.0,0.8,4,63,11.077836568159473,0.4585193869753547,0.5555853400201471
96,5.0,1.0,5,0,8.862269254527579,0.4223179090139153,0.2551163548553525
96,5.0,1.0,5,1,8.862269254527579,0.24946806311058084,0.2066593560669964
96,5.0,1.0,5,2,8.862269254527579,0.7912934791917964,0.46672031535534286
96,5.0,1.0,5,3,8.862269254527579,0.45287269747316933,0.3873448350693065
96,5.0,1.0,5,4,8.862269254527579,0.39984408240473074,0.3599138760313142
96,5.0,1.0,5,5,8.862269254527579,0.33170352532935066,0.20188439498564192
96,5.0,1.0,5,6,8.862269254527579,0.5339032105932962,0.6556342348603963
96,5.0,1.0,5,7,8.862269254527579,0.1863005592870155,0.14561103958874838
96,5.0,1.0,5,8,8.862269254527579,0.30491415371271996,0.44933041440492505
96,5.0,1.0,5,9,8.862269254527579,0.4812491345168989,0.25179241917941997
96,5.0,1.0,5,10,8.862269254527579,0.26376414995693986,0.2141375456844528
96,5.0,1.0,5,11,8.862269254527579,0.26048844330813115,0.3394047143980621
96,5.0,1.0,5,12,8.862269254527579,0.5037625722022784,0.37913949304480477
96,5.0,1.0,5,13,8.862269254527579,0.24406531963166617,0.5683191491698323
96,5.0,1.0,5,14,8.862269254527579,0.32366409121829726,0.3377852352127241
96,5.0,1.0,5,15,8.862269254527579,0.21341602228893308,0.1358088341322382
96,5.0,1.0,5,16,8.862269254527579,0.3335487069960832,0.30012802254922133
96,5.0,1.0,5,17,8.862269254527579,0.3430890017053653,0.3260933263034935
96,5.0,1.0,5,18,8.862269254527579,0.7316355201302558,0.4315156342464077
96,5.0,1.0,5,19,8.862269254527579,0.5939761017566754,0.1849645028163304
96,5.0,1.0,5,20,8.862269254527579,0.23310443187619911,0.660737479085173
96,5.0,1.0,5,21,8.862269254527579,0.3869549899700966,0.4273298269985151
96,5.0,1.0,5,22,8.862269254527579,0.3030757730478082,0.18178670214783657
96,5.0,1.0,5,23,8.862269254527579,0.43475063284354953,0.47400799342168604
96,5.0,1.0,5,24,8.862269254527579,0.9163434452803232,0.34194025590219024
96,5.0,1.0,5,25,8.862269254527579,0.40535404259240204,0.1378250601576331
96,5.0,1.0,5,26,8.862269254527579,0.24426598955154327,0.2507921389816744
96,5.0,1.0,5,27,8.862269254527579,0.18450087463728002,0.22321678729372546
96,5.0,1.0,5,28,8.862269254527579,0.3320840205681135,0.19849683807221147
96,5.0,1.0,5,29,8.862269254527579,0.4418044639213011,0.4259837564429524
96,5.0,1.0,5,30,8.862269254527579,0.43586324341466554,0.3478052764971883
96,5.0,1.0,5,31,8.862269254527579,0.3458052029423484,0.19369836425191134
96,5.0,1.0,5,32,8.862269254527579,0.36668332664477815,0.48113812691911395
96,5.0,1.0,5,33,8.862269254527579,0.4721220705547219,0.6289083440829606
96,5.0,1.0,5,34,8.862269254527579,0.36490345117154477,0.3263618336247077
96,5.0,1.0,5,35,8.862269254527579,0.3265668084053777,0.21094212420133773
96,5.0,1.0,5,36,8.862269254527579,0.5498112261434289,0.4285920787430674
96,5.0,1.0,5,37,8.862269254527579,0.19563542705985545,0.326918928505895
96,5.0,1.0,5,38,8.862269254527579,0.293882296410347,0.24808284160413485
96,5.0,1.0,5,39,8.862269254527579,0.2530475869620963,0.48756089966714367
96,5.0,1.0,5,40,8.862269254527579,0.44524679662489663,0.43469567200426296
96,5.0,1.0,5,41,8.862269254527579,0.25931266253087576,0.26861242059296686
96,5.0,1.0,5,42,8.862269254527579,0.5133569865839882,0.25721060387847616
96,5.0,1.0,5,43,8.862269254527579,0.5185262175515328,0.33025109784031226
96,5.0,1.0,5,44,8.862269254527579,0.38201624259434835,0.3890913327345743
96,5.0,1.0,5,45,8.862269254527579,0.25050993731977783,0.4391297073505298
96,5.0,1.0,5,46,8.862269254527579,0.6483669084655459,0.21963702580957029
96,5.0,1.0,5,47,8.862269254527579,0.3062979387083425,0.24445666186239623
96,5.0,1.0,5,48,8.862269254527579,0.4661779923334805,0.46302684422174467
96,5.0,1.0,5,49,8.862269254527579,0.6502936323681102,0.4739474388343383
96,5.0,1.0,5,50,8.862269254527579,0.3395086078408417,0.20423968408469162
96,5.0,1.0,5,51,8.862269254527579,0.27102676386090574,0.647435006129715
96,5.0,1.0,5,52,8.862269254527579,0.5308785415094356,0.2997775070270252
96,5.0,1.0,5,53,8.862269254527579,0.5433602727954809,0.2727026246396701
96,5.0,1.0,5,54,8.862269254527579,0.3572251631707817,0.19097714405160093
96,5.0,1.0,5,55,8.862269254527579,0.317553344941639,0.29665038808951016
96,5.0,1.0,5,56,8.862269254527579,0.4638008364637807,0.297005500884966
96,5.0,1.0,5,57,8.862269254527579,0.3179239124067552,0.4212685978418732
96,5.0,1.0,5,58,8.862269254527579,0.2930426038235153,0.16801372241260867
96,5.0,1.0,5,59,8.862269254527579,0.3336794042065509,0.3551579262899608
96,5.0,1.0,5,60,8.862269254527579,0.41861289757500364,0.49332132698033193
96,5.0,1.0,5,61,8.862269254527579,0.2599588664086314,0.21787870645366492
96,5.0,1.0,5,62,8.862269254527579,0.29124354753691917,0.5040222050408991
96,5.0,1.0,5,63,8.862269254527579,0.7337814890119557,0.21097321762361307
96,5.0,1.25,6,0,7.0898154036220635,0.19606538374199625,0.259110756737354
96,5.0,1.25,6,1,7.0898154036220635,0.3072716042986716,0.3571112179633299
96,5.0,1.25,6,2,7.0898154036220635,0.5340586891856968,0.4119032553081251
96,5.0,1.25,6,3,7.0898154036220635,0.20067372740604555,0.24829705892011994
96,5.0,1.25,6,4,7.0898154036220635,0.3352287220176403,0.2764751968022744
96,5.0,1.25,6,5,7.0898154036220635,0.28138684745205406,0.31558935098028096
96,5.0,1.25,6,6,7.0898154036220635,0.7024155728682651,0.1513813876343594
96,5.0,1.25,6,7,7.0898154036220635,0.2833255562877571,0.24060222013285645
96,5.0,1.25,6,8,7.0898154036220635,0.3309030187247207,0.48803318236378035
96,5.0,1.25,6,9,7.0898154036220635,0.4044475039203877,0.22426147499141874
96,5.0,1.25,6,10,7.0898154036220635,0.43308143545338984,0.1401163584495471
96,5.0,1.25,6,11,7.0898154036220635,0.3093888302997768,0.20188940870828032
96,5.0,1.25,6,12,7.0898154036220635,0.3216428778738627,0.3034987321344015
96,5.0,1.25,6,13,7.0898154036220635,0.37520394223775344,0.2421392350370665
96,5.0,1.25,6,14,7.0898154036220635,0.35089354105135556,0.22662822015478926
96,5.0,1.25,6,15,7.0898154036220635,0.27782377404165853,0.15916863419731753
96,5.0,1.25,6,16,7.0898154036220635,0.20331479282443682,0.2617303237801324
96,5.0,1.25,6,17,7.0898154036220635,0.23744983918991042,0.2746134536780086
96,5.0,1.25,6,18,7.0898154036220635,0.17395029673662754,0.4051666747507001
96,5.0,1.25,6,19,7.0898154036220635,0.302884847388121,0.14403268998215493
96,5.0,1.25,6,20,7.0898154036220635,0.3574828516528933,0.22309519891356197
96,5.0,1.25,6,21,7.0898154036220635,0.21421763079260137,0.761017749167024
96,5.0,1.25,6,22,7.0898154036220635,0.23249206554113933,0.11868910290777487
96,5.0,1.25,6,23,7.0898154036220635,0.31617659587985286,0.18309605455208328
96,5.0,1.25,6,24,7.0898154036220635,0.30024439797404884,0.16641902362324265
96,5.0,1.25,6,25,7.0898154036220635,0.1740806090601575,0.3536771089263192
96,5.0,1.25,6,26,7.0898154036220635,0.22307333031731874,0.2195072836990784
96,5.0,1.25,6,27,7.0898154036220635,0.20992010759534488,0.1718287901409262
96,5.0,1.25,6,28,7.0898154036220635,0.21424241801686922,0.3870537786232798
96,5.0,1.25,6,29,7.0898154036220635,0.2081066226400786,0.22108861763479756
96,5.0,1.25,6,30,7.0898154036220635,0.29084774586422696,0.2516371715286526
96,5.0,1.25,6,31,7.0898154036220635,0.2291952106097032,0.1545782466697311
96,5.0,1.25,6,32,7.0898154036220635,0.27600927382343465,0.187631128426559
96,5.0,1.25,6,33,7.0898154036220635,0.23772725273298062,0.24866975248015946
96,5.0,1.25,6,34,7.0898154036220635,0.4134670379525957,0.25972209069325985
96,5.0,1.25,6,35,7.0898154036220635,0.22985133838609753,0.16639929884432547
96,5.0,1.25,6,36,7.0898154036220635,0.2732758056685537,0.29432639703129043
96,5.0,1.25,6,37,7.0898154036220635,0.35950958838625263,0.1407617991746088
96,5.0,1.25,6,38,7.0898154036220635,0.4251679282621955,0.20845369862133775
96,5.0,1.25,6,39,7.0898154036220635,0.3673064644323656,0.3284834630898045
96,5.0,1.25,6,40,7.0898154036220635,0.3848359632491173,0.2476542951515804
96,5.0,1.25,6,41,7.0898154036220635,0.3314014422936202,0.3061387306185458
96,5.0,1.25,6,42,7.0898154036220635,0.19933501845597706,0.17465005354926727
96,5.0,1.25,6,43,7.0898154036220635,0.318638269485084,0.2309664430062836
96,5.0,1.25,6,44,7.0898154036220635,0.21011798166007595,0.16855064242549087
96,5.0,1.25,6,45,7.0898154036220635,0.3022608258034406,0.24485903865780595
96,5.0,1.25,6,46,7.0898154036220635,0.3870818232304468,0.1741372353361026
96,5.0,1.25,6,47,7.0898154036220635,0.1876730434594883,0.26425624083821325
96,5.0,1.25,6,48,7.0898154036220635,0.17246309663063358,0.17322267740051928
96,5.0,1.25,6,49,7.0898154036220635,0.1716589761124469,0.1991655485522646
96,5.0,1.25,6,50,7.0898154036220635,0.21429207483600649,0.21506037234042688
96,5.0,1.25,6,51,7.0898154036220635,0.36254593654670514,0.25353236405027896
96,5.0,1.25,6,52,7.0898154036220635,0.29894819894570474,0.24625136793440783
96,5.0,1.25,6,53,7.0898154036220635,0.1959971448887181,0.2518158032812944
96,5.0,1.25,6,54,7.0898154036220635,0.22608120366373913,0.1784927753077417
96,5.0,1.25,6,55,7.0898154036220635,0.28609926761725973,0.17186216392978096
96,5.0,1.25,6,56,7.0898154036220635,0.2997602472798172,0.20781806708525644
96,5.0,1.25,6,57,7.0898154036220635,0.5934285236743795,0.44508294017816163
96,5.0,1.25,6,58,7.0898154036220635,0.1291907704876022,0.22710483850190508
96,5.0,1.25,6,59,7.0898154036220635,0.5091298059101746,0.30840605470747573
96,5.0,1.25,6,60,7.0898154036220635,0.4058993315254016,0.2542905155413441
96,5.0,1.25,6,61,7.0898154036220635,0.21626294007666874,0.6486055781191071
96,5.0,1.25,6,62,7.0898154036220635,0.20764504448800336,0.2395652824713582
96,5.0,1.25,6,63,7.0898154036220635,0.17137128123625125,0.180888842913145
96,5.0,1.6,7,0,5.538918284079736,0.2046634408296757,0.26605752066336175
96,5.0,1.6,7,1,5.538918284079736,0.3263240631210576,0.28388090074784744
96,5.0,1.6,7,2,5.538918284079736,0.3341047076170804,0.3245994262263588
96,5.0,1.6,7,3,5.538918284079736,0.2855795261532363,0.2595017735136487
96,5.0,1.6,7,4,5.538918284079736,0.17831514046777702,0.22361728326058863
96,5.0,1.6,7,5,5.538918284079736,0.14954747955527137,0.2369120981973232
96,5.0,1.6,7,6,5.538918284079736,0.25529363487692275,0.21205679806189098
96,5.0,1.6,7,7,5.538918284079736,0.5488053890078795,0.14730244396818964
96,5.0,1.6,7,8,5.538918284079736,0.5029483853361696,0.18688429063322784
96,5.0,1.6,7,9,5.538918284079736,0.21206203968501564,0.23553319788467553
96,5.0,1.6,7,10,5.538918284079736,0.13197308116350548,0.14741799923135465
96,5.0,1.6,7,11,5.538918284079736,0.19088049087485057,0.19831578530943575
96,5.0,1.6,7,12,5.538918284079736,0.326248018348968,0.2630480856971602
96,5.0,1.6,7,13,5.538918284079736,0.3649752951644335,0.16000410641930918
96,5.0,1.6,7,14,5.538918284079736,0.29340101263736473,0.3678738443149628
96,5.0,1.6,7,15,5.538918284079736,0.11412499410016017,0.2424023272517685
96,5.0,1.6,7,16,5.538918284079736,0.4353349666941301,0.415373593180537
96,5.0,1.6,7,17,5.538918284079736,0.1245940868231707,0.09702802235683576
96,5.0,1.6,7,18,5.538918284079736,0.15670508279865158,0.228835447833736
96,5.0,1.6,7,19,5.538918284079736,0.09573555480392522,0.160975785718788
96,5.0,1.6,7,20,5.538918284079736,0.18698530937801036,0.30940051547495395
96,5.0,1.6,7,21,5.538918284079736,0.16531751056397054,0.26714324191138616
96,5.0,1.6,7,22,5.538918284079736,0.20603292206295906,0.13799915376938163
96,5.0,1.6,7,23,5.538918284079736,0.46732106880842933,0.15383414703951798
96,5.0,1.6,7,24,5.538918284079736,0.15915992970126874,0.23126121754334913
96,5.0,1.6,7,25,5.538918284079736,0.1355584358809519,0.1604329103668052
96,5.0,1.6,7,26,5.538918284079736,0.17025372384162824,0.1136407443850693
96,5.0,1.6,7,27,5.538918284079736,0.3177437455096277,0.33735774862709306
96,5.0,1.6,7,28,5.538918284079736,0.18540719356711519,0.3129431010455036
96,5.0,1.6,7,29,5.538918284079736,0.2117355386777514,0.31029706367326076
96,5.0,1.6,7,30,5.538918284079736,0.141795393651514,0.30040125411455104
96,5.0,1.6,7,31,5.538918284079736,0.12995795737193147,0.1235611625934711
96,5.0,1.6,7,32,5.538918284079736,0.17350872432101253,0.14496378942423263
96,5.0,1.6,7,33,5.538918284079736,0.2656981991176928,0.3222611221250282
96,5.0,1.6,7,34,5.538918284079736,0.30900483227475184,0.2815365639129362
96,5.0,1.6,7,35,5.538918284079736,0.16865097489444272,0.24285549473084514
96,5.0,1.6,7,36,5.538918284079736,0.1851209582469027,0.16681939598891013
96,5.0,1.6,7,37,5.538918284079736,0.2643127843761402,0.22880114504898424
96,5.0,1.6,7,38,5.538918284079736,0.21273491924209734,0.1491774503597439
96,5.0,1.6,7,39,5.538918284079736,0.18881616440075832,0.16627937622682015
96,5.0,1.6,7,40,5.538918284079736,0.4231233426604711,0.1406822618275808
96,5.0,1.6,7,41,5.538918284079736,0.14253982585895644,0.13406534707854245
96,5.0,1.6,7,42,5.538918284079736,0.4684558401607805,0.26516664990786065
96,5.0,1.6,7,43,5.538918284079736,0.15524851185955646,0.31971799209228824
96,5.0,1.6,7,44,5.538918284079736,0.1689325194377517,0.1325442276388652
96,5.0,1.6,7,45,5.538918284079736,0.24110386094740885,0.21870249627005792
96,5.0,1.6,7,46,5.538918284079736,0.24034925753533906,0.23561925387447646
96,5.0,1.6,7,47,5.538918284079736,0.3489517035383861,0.12448977660108776
96,5.0,1.6,7,48,5.538918284079736,0.20357309738927784,0.15636421544203338
96,5.0,1.6,7,49,5.538918284079736,0.21671921398160904,0.2070737426810218
96,5.0,1.6,7,50,5.538918284079736,0.2328297265917157,0.2912122479295876
96,5.0,1.6,7,51,5.538918284079736,0.15536787002068775,0.10223389123710389
96,5.0,1.6,7,52,5.538918284079736,0.26536325036830133,0.19741962059460194
96,5.0,1.6,7,53,5.538918284079736,0.4197651312967024,0.14106203573262843
96,5.0,1.6,7,54,5.538918284079736,0.2875799492167884,0.2657693518544426
96,5.0,1.6,7,55,5.538918284079736,0.12902275928282614,0.14880472087813154
96,5.0,1.6,7,56,5.538918284079736,0.3595602851623303,0.19675369836372014
96,5.0,1.6,7,57,5.538918284079736,0.20547321651762215,0.3253743514262801
96,5.0,1.6,7,58,5.538918284079736,0.19039242689003663,0.21387387398116817
96,5.0,1.6,7,59,5.538918284079736,0.3862991726726206,0.46476714586024415
96,5.0,1.6,7,60,5.538918284079736,0.40534757135027893,0.1508983518855395
96,5.0,1.6,7,61,5.538918284079736,0.15303299255499447,0.14892775145698317
96,5.0,1.6,7,62,5.538918284079736,0.17222187159859217,0.19571123848469907
96,5.0,1.6,7,63,5.538918284079736,0.1359512151210185,0.19999954210057644
96,5.0,2.0,8,0,4.4311346272637895,0.1339060803771448,0.14423018744663607
96,5.0,2.0,8,1,4.4311346272637895,0.10107399513089188,0.14753052254925814
96,5.0,2.0,8,2,4.4311346272637895,0.2644219622728202,0.14911208647396765
96,5.0,2.0,8,3,4.4311346272637895,0.20463146183794634,0.18950895038695525
96,5.0,2.0,8,4,4.4311346272637895,0.1106745193205893,0.2267763368295729
96,5.0,2.0,8,5,4.4311346272637895,0.17150164966117645,0.3442882460505823
96,5.0,2.0,8,6,4.4311346272637895,0.13578322006937799,0.16477470222334556
96,5.0,2.0,8,7,4.4311346272637895,0.19797486888355373,0.20660004223042727
96,5.0,2.0,8,8,4.4311346272637895,0.24096236846394198,0.37413530482841917
96,5.0,2.0,8,9,4.4311346272637895,0.16767238804493342,0.18369297347328276
96,5.0,2.0,8,10,4.4311346272637895,0.2709995140048008,0.2612642663062365
96,5.0,2.0,8,11,4.4311346272637895,0.260998778333275,0.15477948292985683
96,5.0,2.0,8,12,4.4311346272637895,0.13346160529737966,0.1820095250936128
96,5.0,2.0,8,13,4.4311346272637895,0.1534965776555282,0.23750131738044883
96,5.0,2.0,8,14,4.4311346272637895,0.13077294980158816,0.23353672247078172
96,5.0,2.0,8,15,4.4311346272637895,0.1494049484965378,0.13554813198824953
96,5.0,2.0,8,16,4.4311346272637895,0.08464477822586841,0.1303894982671583
96,5.0,2.0,8,17,4.4311346272637895,0.1463932109602268,0.1642133265938265
96,5.0,2.0,8,18,4.4311346272637895,0.14505439448170465,0.16081748470585533
96,5.0,2.0,8,19,4.4311346272637895,0.3225677678471105,0.3188351737099189
96,5.0,2.0,8,20,4.4311346272637895,0.14839041984591797,0.14722589391731017
96,5.0,2.0,8,21,4.4311346272637895,0.22385557353548108,0.28034021783049523
96,5.0,2.0,8,22,4.4311346272637895,0.2463791685578461,0.3949685660279694
96,5.0,2.0,8,23,4.4311346272637895,0.22018410440492026,0.20319726873361038
96,5.0,2.0,8,24,4.4311346272637895,0.21110722672803744,0.2531826222047734
96,5.0,2.0,8,25,4.4311346272637895,0.2125478002230921,0.12913914050559294
96,5.0,2.0,8,26,4.4311346272637895,0.12897491547760115,0.13386137867276257
96,5.0,2.0,8,27,4.4311346272637895,0.17249544613472456,0.1820766984899273
96,5.0,2.0,8,28,4.4311346272637895,0.1385737896484339,0.3195693103342519
96,5.0,2.0,8,29,4.4311346272637895,0.13628923876160892,0.25086915493670886
96,5.0,2.0,8,30,4.4311346272637895,0.2097905844876674,0.23294256750357986
96,5.0,2.0,8,31,4.4311346272637895,0.12394136582631177,0.27951988744344736
96,5.0,2.0,8,32,4.4311346272637895,0.16709802370980797,0.15271365592048897
96,5.0,2.0,8,33,4.4311346272637895,0.3304183349542353,0.27455840946689913
96,5.0,2.0,8,34,4.4311346272637895,0.20181203916953888,0.12364556892176926
96,5.0,2.0,8,35,4.4311346272637895,0.2461615365350125,0.3741248913965931
96,5.0,2.0,8,36,4.4311346272637895,0.1426980028040616,0.11730095959262103
96,5.0,2.0,8,37,4.4311346272637895,0.16540704615731994,0.2137000474117278
96,5.0,2.0,8,38,4.4311346272637895,0.27843978067743647,0.1476160953917352
96,5.0,2.0,8,39,4.4311346272637895,0.22176456351227727,0.2671681931101229
96,5.0,2.0,8,40,4.4311346272637895,0.12920062475914984,0.1278842682283451
96,5.0,2.0,8,41,4.4311346272637895,0.12064961954998796,0.1172681645487608
96,5.0,2.0,8,42,4.4311346272637895,0.261060165440832,0.14592971288229278
96,5.0,2.0,8,43,4.4311346272637895,0.18954952361122734,0.16190229870436085
96,5.0,2.0,8,44,4.4311346272637895,0.1625654894549274,0.4756446290865771
96,5.0,2.0,8,45,4.4311346272637895,0.19764207154766356,0.3224701321216082
96,5.0,2.0,8,46,4.4311346272637895,0.19544477726302528,0.10038837059636659
96,5.0,2.0,8,47,4.4311346272637895,0.1693735470161158,0.18829257148563092
96,5.0,2.0,8,48,4.4311346272637895,0.16349791081572312,0.32122747922148753
96,5.0,2.0,8,49,4.4311346272637895,0.08472256877218058,0.14712528019800902
96,5.0,2.0,8,50,4.4311346272637895,0.24191069894818912,0.15713084188772886
96,5.0,2.0,8,51,4.4311346272637895,0.16409671231892098,0.1328655124957301
96,5.0,2.0,8,52,4.4311346272637895,0.1315668544171032,0.25336481834299285
96,5.0,2.0,8,53,4.4311346272637895,0.16513152452664526,0.11731392521076857
96,5.0,2.0,8,54,4.4311346272637895,0.08976801903906514,0.1527232616171544
96,5.0,2.0,8,55,4.4311346272637895,0.1550962943148923,0.11658751308952979
96,5.0,2.0,8,56,4.4311346272637895,0.13183053206855672,0.1269577600731867
96,5.0,2.0,8,57,4.4311346272637895,0.09224963561231989,0.12196163450869135
96,5.0,2.0,8,58,4.4311346272637895,0.18508418797006904,0.11725242436111527
96,5.0,2.0,8,59,4.4311346272637895,0.30067044412459665,0.337265082534972
96,5.0,2.0,8,60,4.4311346272637895,0.11388825635018185,0.2097421912593379
96,5.0,2.0,8,61,4.4311346272637895,0.09428213268559252,0.11219744789479111
96,5.0,2.0,8,62,4.4311346272637895,0.1476584365746454,0.1774535580397928
96,5.0,2.0,8,63,4.4311346272637895,0.13007711105942638,0.12375828878972112
96,5.0,2.5,9,0,3.5449077018110318,0.1361437602539613,0.22107232307388838
96,5.0,2.5,9,1,3.5449077018110318,0.18295850788487067,0.1292349891514341
96,5.0,2.5,9,2,3.5449077018110318,0.15210348318232705,0.17669324598656755
96,5.0,2.5,9,3,3.5449077018110318,0.20963102690401536,0.2992971324822517
96,5.0,2.5,9,4,3.5449077018110318,0.06427666199260823,0.244573025935292
96,5.0,2.5,9,5,3.5449077018110318,0.2523074006139218,0.13448043969967316
96,5.0,2.5,9,6,3.5449077018110318,0.1340548917109404,0.2036528816614787
96,5.0,2.5,9,7,3.5449077018110318,0.2213440351619683,0.10179762925593036
96,5.0,2.5,9,8,3.5449077018110318,0.13373478916264242,0.1516433278740575
96,5.0,2.5,9,9,3.5449077018110318,0.15974756082462738,0.2073196565719199
96,5.0,2.5,9,10,3.5449077018110318,0.1713486016348421,0.19276733217561484
96,5.0,2.5,9,11,3.5449077018110318,0.12920773052440743,0.14731425211023827
96,5.0,2.5,9,12,3.5449077018110318,0.15002524129471212,0.2450587649997218
96,5.0,2.5,9,13,3.5449077018110318,0.16086847229837475,0.12921007173332164
96,5.0,2.5,9,14,3.5449077018110318,0.11369712373494818,0.1864056328209403
96,5.0,2.5,9,15,3.5449077018110318,0.13834571920785405,0.3512469441443696
96,5.0,2.5,9,16,3.5449077018110318,0.09093212062388575,0.13707564892784174
96,5.0,2.5,9,17,3.5449077018110318,0.3655609232620972,0.20420317746571093
96,5.0,2.5,9,18,3.5449077018110318,0.17560084453075123,0.1541444687293224
96,5.0,2.5,9,19,3.5449077018110318,0.15427678832219566,0.19176368249714795
96,5.0,2.5,9,20,3.5449077018110318,0.2761159227474352,0.1731999731101566
96,5.0,2.5,9,21,3.5449077018110318,0.16830212652126986,0.10326578587149875
96,5.0,2.5,9,22,3.5449077018110318,0.13415047960250517,0.12789143801085667
96,5.0,2.5,9,23,3.5449077018110318,0.09360584831550814,0.23087928260060284
96,5.0,2.5,9,24,3.5449077018110318,0.18776921223744067,0.18318474258289863
96,5.0,2.5,9,25,3.5449077018110318,0.08673227962783372,0.13769238854991991
96,5.0,2.5,9,26,3.5449077018110318,0.1127748408416374,0.22243578585322962
96,5.0,2.5,9,27,3.5449077018110318,0.13033748896628133,0.1420115143571493
96,5.0,2.5,9,28,3.5449077018110318,0.08847072751131142,0.23388697466068945
96,5.0,2.5,9,29,3.5449077018110318,0.10388436814979159,0.15067688274593927
96,5.0,2.5,9,30,3.5449077018110318,0.14713845026848055,0.156392106710684
96,5.0,2.5,9,31,3.5449077018110318,0.17790977319749005,0.17496092274139513
96,5.0,2.5,9,32,3.5449077018110318,0.10846147417760235,0.25595365027371314
96,5.0,2.5,9,33,3.5449077018110318,0.1847339778318168,0.11426011363179159
96,5.0,2.5,9,34,3.5449077018110318,0.2550693650751109,0.20132087321459607
96,5.0,2.5,9,35,3.5449077018110318,0.23856412350401782,0.265485480523215
96,5.0,2.5,9,36,3.5449077018110318,0.3512677954151721,0.10297442322509429
96,5.0,2.5,9,37,3.5449077018110318,0.13033450441968805,0.16344720709539748
96,5.0,2.5,9,38,3.5449077018110318,0.2865980554274937,0.19277152715279197
96,5.0,2.5,9,39,3.5449077018110318,0.11656762644582877,0.13447448438913817
96,5.0,2.5,9,40,3.5449077018110318,0.12579510250700335,0.13477445208090977
96,5.0,2.5,9,41,3.5449077018110318,0.16663461019404696,0.1459525896577273
96,5.0,2.5,9,42,3.5449077018110318,0.09690576177878765,0.11041850234010583
96,5.0,2.5,9,43,3.5449077018110318,0.16991633062802217,0.23546065638776453
96,5.0,2.5,9,44,3.5449077018110318,0.09669188255542968,0.11628727046453016
96,5.0,2.5,9,45,3.5449077018110318,0.24504767329634597,0.09829866383550923
96,5.0,2.5,9,46,3.5449077018110318,0.13595024380237825,0.1709754725274563
96,5.0,2.5,9,47,3.5449077018110318,0.24382758280388223,0.25505198757185993
96,5.0,2.5,9,48,3.5449077018110318,0.10144193062001032,0.20050297371431847
96,5.0,2.5,9,49,3.5449077018110318,0.14165830154762257,0.1502158113041864
96,5.0,2.5,9,50,3.5449077018110318,0.07593109058753386,0.11461220341206677
96,5.0,2.5,9,51,3.5449077018110318,0.12215746176566969,0.08048688559860225
96,5.0,2.5,9,52,3.5449077018110318,0.3804934662344873,0.10460857850625853
96,5.0,2.5,9,53,3.5449077018110318,0.20747583079020654,0.11462512317943183
96,5.0,2.5,9,54,3.5449077018110318,0.06870111006523168,0.23859817522325227
96,5.0,2.5,9,55,3.5449077018110318,0.16709274504850175,0.15999384532667293
96,5.0,2.5,9,56,3.5449077018110318,0.2341669997898493,0.14501402615051895
96,5.0,2.5,9,57,3.5449077018110318,0.31150878124029024,0.11462077098119487
96,5.0,2.5,9,58,3.5449077018110318,0.1687635419447593,0.25801393184840227
96,5.0,2.5,9,59,3.5449077018110318,0.12111769621985288,0.12898038725883304
96,5.0,2.5,9,60,3.5449077018110318,0.3512250307554641,0.1734422249293966
96,5.0,2.5,9,61,3.5449077018110318,0.22898103638091802,0.16574887262188936
96,5.0,2.5,9,62,3.5449077018110318,0.1694931177911132,0.15539652112864275
96,5.0,2.5,9,63,3.5449077018110318,0.19983211900238,0.15578768058867265
96,5.0,3.2,10,0,2.769459142039868,0.16314192158996868,0.16537200950814324
96,5.0,3.2,10,1,2.769459142039868,0.17088609015761674,0.11581769333509319
96,5.0,3.2,10,2,2.769459142039868,0.11009547373157239,0.29726012092459914
96,5.0,3.2,10,3,2.769459142039868,0.16026808930784966,0.13697523275041318
96,5.0,3.2,10,4,2.769459142039868,0.07571585419756083,0.16978387379840065
96,5.0,3.2,10,5,2.769459142039868,0.2744053687226248,0.16980225986951403
96,5.0,3.2,10,6,2.769459142039868,0.14266206277711474,0.14026224506371812
96,5.0,3.2,10,7,2.769459142039868,0.09039597886780375,0.18540713751675714
96,5.0,3.2,10,8,2.769459142039868,0.16315663291225596,0.07281134186020072
96,5.0,3.2,10,9,2.769459142039868,0.13776933827139554,0.1487337334821986
96,5.0,3.2,10,10,2.769459142039868,0.13342048255762926,0.2073826912656728
96,5.0,3.2,10,11,2.769459142039868,0.18628062751266114,0.08654566595024812
96,5.0,3.2,10,12,2.769459142039868,0.12556802281225535,0.08954071078693514
96,5.0,3.2,10,13,2.769459142039868,0.10144262365259983,0.10143034761445217
96,5.0,3.2,10,14,2.769459142039868,0.11603160591087389,0.15930798974916638
96,5.0,3.2,10,15,2.769459142039868,0.24337361714397135,0.16217804445112893
96,5.0,3.2,10,16,2.769459142039868,0.07650961326363868,0.11285607491772308
96,5.0,3.2,10,17,2.769459142039868,0.19365873535323333,0.15206902329094635
96,5.0,3.2,10,18,2.769459142039868,0.11383662037845975,0.13065201891698872
96,5.0,3.2,10,19,2.769459142039868,0.1340106603625251,0.1399990170195806
96,5.0,3.2,10,20,2.769459142039868,0.18185739268544723,0.17645539992896753
96,5.0,3.2,10,21,2.769459142039868,0.12642896391392516,0.13355948644792257
96,5.0,3.2,10,22,2.769459142039868,0.12756742026992166,0.16044106236425415
96,5.0,3.2,10,23,2.769459142039868,0.16760745042666217,0.21195940082497153
96,5.0,3.2,10,24,2.769459142039868,0.10563077437486718,0.18694785686329263
96,5.0,3.2,10,25,2.769459142039868,0.19140889878465128,0.1547573459203333
96,5.0,3.2,10,26,2.769459142039868,0.11658105546330573,0.2744160362157948
96,5.0,3.2,10,27,2.769459142039868,0.13357846113957086,0.13357240127788697
96,5.0,3.2,10,28,2.769459142039868,0.16975282466627623,0.17855228746030363
96,5.0,3.2,10,29,2.769459142039868,0.1645673932837812,0.1325953188995294
96,5.0,3.2,10,30,2.769459142039868,0.11722308445520156,0.11857487793450038
96,5.0,3.2,10,31,2.769459142039868,0.09417850835039397,0.09438167017938058
96,5.0,3.2,10,32,2.769459142039868,0.24628314779573668,0.1631907929065055
96,5.0,3.2,10,33,2.769459142039868,0.14046571281353865,0.17251404896415787
96,5.0,3.2,10,34,2.769459142039868,0.11072084819704685,0.2661898937653109
96,5.0,3.2,10,35,2.769459142039868,0.19775129777682243,0.21583553666578262
96,5.0,3.2,10,36,2.769459142039868,0.1838459042414512,0.15142796891045507
96,5.0,3.2,10,37,2.769459142039868,0.0770586772500596,0.1381292123519206
96,5.0,3.2,10,38,2.769459142039868,0.10228063142534764,0.15678683036698648
96,5.0,3.2,10,39,2.769459142039868,0.21556945977024183,0.16979127894161616
96,5.0,3.2,10,40,2.769459142039868,0.07789294237033029,0.1771262741275388
96,5.0,3.2,10,41,2.769459142039868,0.10729809869991554,0.14861740442966348
96,5.0,3.2,10,42,2.769459142039868,0.12832175024989045,0.08133425654704453
96,5.0,3.2,10,43,2.769459142039868,0.24338167622375617,0.20088967740797803
96,5.0,3.2,10,44,2.769459142039868,0.24377776769200074,0.14220144658444914
96,5.0,3.2,10,45,2.769459142039868,0.19342315375680702,0.13884259980792196
96,5.0,3.2,10,46,2.769459142039868,0.11312827336205752,0.1295122180402454
96,5.0,3.2,10,47,2.769459142039868,0.13830079540891418,0.14029388938459134
96,5.0,3.2,10,48,2.769459142039868,0.21687848414353053,0.10094071768771681
96,5.0,3.2,10,49,2.769459142039868,0.13516905494829654,0.09751516584572559
96,5.0,3.2,10,50,2.769459142039868,0.0889640526903003,0.10597462250324208
96,5.0,3.2,10,51,2.769459142039868,0.2433726212205426,0.15212764308794002
96,5.0,3.2,10,52,2.769459142039868,0.06615276691720628,0.09551487862907451
96,5.0,3.2,10,53,2.769459142039868,0.14719883341171836,0.13340756733727066
96,5.0,3.2,10,54,2.769459142039868,0.22896992322865478,0.16315969823501178
96,5.0,3.2,10,55,2.769459142039868,0.11384054339230096,0.11971790278680695
96,5.0,3.2,10,56,2.769459142039868,0.09766487558005836,0.1562011704186456
96,5.0,3.2,10,57,2.769459142039868,0.08837815023966857,0.15589392205115715
96,5.0,3.2,10,58,2.769459142039868,0.19300187835222074,0.10682315300069352
96,5.0,3.2,10,59,2.769459142039868,0.17079277948453073,0.12832791836505167
96,5.0,3.2,10,60,2.769459142039868,0.23382845162198207,0.13357282713294769
96,5.0,3.2,10,61,2.769459142039868,0.2709113313221446,0.11879224065336771
96,5.0,3.2,10,62,2.769459142039868,0.1697949428181813,0.13133308336626426
96,5.0,3.2,10,63,2.769459142039868,0.09057748772523831,0.17260608970864288
96,5.0,4.0,11,0,2.2155673136318947,0.08217303469870951,0.1263675349887891
96,5.0,4.0,11,1,2.2155673136318947,0.10601678319486989,0.1112033590162338
96,5.0,4.0,11,2,2.2155673136318947,0.08895485569563236,0.2195076950314469
96,5.0,4.0,11,3,2.2155673136318947,0.07802673603945323,0.1659155308474458
96,5.0,4.0,11,4,2.2155673136318947,0.1022499729741322,0.11485379934391998
96,5.0,4.0,11,5,2.2155673136318947,0.13051172354458235,0.20849003490637363
96,5.0,4.0,11,6,2.2155673136318947,0.11216497262515512,0.12046882965950076
96,5.0,4.0,11,7,2.2155673136318947,0.07636443934355575,0.1483441781879173
96,5.0,4.0,11,8,2.2155673136318947,0.08139354083236508,0.13310936774212795
96,5.0,4.0,11,9,2.2155673136318947,0.1170645852547484,0.1555449823801172
96,5.0,4.0,11,10,2.2155673136318947,0.13350026638427076,0.12114645217600248
96,5.0,4.0,11,11,2.2155673136318947,0.08549667639102532,0.12518703975234485
96,5.0,4.0,11,12,2.2155673136318947,0.1420632181538931,0.15940653145840097
96,5.0,4.0,11,13,2.2155673136318947,0.10276764392210183,0.1639636244544004
96,5.0,4.0,11,14,2.2155673136318947,0.10695254733893894,0.13312116150018893
96,5.0,4.0,11,15,2.2155673136318947,0.11656320089230368,0.08676944099115229
96,5.0,4.0,11,16,2.2155673136318947,0.12051858589547476,0.11554091789839722
96,5.0,4.0,11,17,2.2155673136318947,0.07953532059743428,0.19467828614443577
96,5.0,4.0,11,18,2.2155673136318947,0.08160053602711859,0.1305140053033158
96,5.0,4.0,11,19,2.2155673136318947,0.1690602172564236,0.10685303316526706
96,5.0,4.0,11,20,2.2155673136318947,0.11121207757075685,0.1124779194021891
96,5.0,4.0,11,21,2.2155673136318947,0.16590758797451827,0.17456907375847575
96,5.0,4.0,11,22,2.2155673136318947,0.08997462658530009,0.09867364776193824
96,5.0,4.0,11,23,2.2155673136318947,0.08912226936167855,0.1832064827521938
96,5.0,4.0,11,24,2.2155673136318947,0.09105576441730208,0.11771926298442456
96,5.0,4.0,11,25,2.2155673136318947,0.0775172725758199,0.18705905964154712
96,5.0,4.0,11,26,2.2155673136318947,0.09435977378036806,0.10803224682366086
96,5.0,4.0,11,27,2.2155673136318947,0.09874572768307205,0.18704769740028399
96,5.0,4.0,11,28,2.2155673136318947,0.07139149809554154,0.12545662206275549
96,5.0,4.0,11,29,2.2155673136318947,0.0947590203946449,0.13901128709346183
96,5.0,4.0,11,30,2.2155673136318947,0.2019902376627724,0.1318599062778288
96,5.0,4.0,11,31,2.2155673136318947,0.10053395905759074,0.11783448091949114
96,5.0,4.0,11,32,2.2155673136318947,0.10926217421400583,0.1946898758184212
96,5.0,4.0,11,33,2.2155673136318947,0.23064299282852208,0.10581408384813032
96,5.0,4.0,11,34,2.2155673136318947,0.0745497088372126,0.12895348586774846
96,5.0,4.0,11,35,2.2155673136318947,0.09703629973993075,0.0863392604735419
96,5.0,4.0,11,36,2.2155673136318947,0.10623542168579472,0.19470647578856715
96,5.0,4.0,11,37,2.2155673136318947,0.0677630584592773,0.09828164054419415
96,5.0,4.0,11,38,2.2155673136318947,0.1437197714335651,0.1600660437789232
96,5.0,4.0,11,39,2.2155673136318947,0.1183821707747043,0.11060574741005721
96,5.0,4.0,11,40,2.2155673136318947,0.09165070969620415,0.1435703702380775
96,5.0,4.0,11,41,2.2155673136318947,0.14329936941976298,0.07247146600880555
96,5.0,4.0,11,42,2.2155673136318947,0.07903984154142103,0.147150704346382
96,5.0,4.0,11,43,2.2155673136318947,0.14729417189024413,0.1447274606057259
96,5.0,4.0,11,44,2.2155673136318947,0.1305071587590466,0.18013821949927572
96,5.0,4.0,11,45,2.2155673136318947,0.18705850575486993,0.14389271594062225
96,5.0,4.0,11,46,2.2155673136318947,0.08173256337393084,0.11956563169601553
96,5.0,4.0,11,47,2.2155673136318947,0.12047644893155329,0.18708911601686154
96,5.0,4.0,11,48,2.2155673136318947,0.11730466915642564,0.0825589075166455
96,5.0,4.0,11,49,2.2155673136318947,0.17266417418847563,0.09047410628081459
96,5.0,4.0,11,50,2.2155673136318947,0.10332601374890751,0.07828227878996658
96,5.0,4.0,11,51,2.2155673136318947,0.09376915319251816,0.1150238686109697
96,5.0,4.0,11,52,2.2155673136318947,0.17268781802525945,0.17268883036760713
96,5.0,4.0,11,53,2.2155673136318947,0.07681350277873106,0.11408680273731613
96,5.0,4.0,11,54,2.2155673136318947,0.08641741512590706,0.11577022064813894
96,5.0,4.0,11,55,2.2155673136318947,0.10554554437790337,0.10241108898247278
96,5.0,4.0,11,56,2.2155673136318947,0.15296692211365803,0.08134861607470327
96,5.0,4.0,11,57,2.2155673136318947,0.08404478332844292,0.08684848904480905
96,5.0,4.0,11,58,2.2155673136318947,0.10957378834764989,0.15317354906464228
96,5.0,4.0,11,59,2.2155673136318947,0.1779116332055224,0.077589120647623
96,5.0,4.0,11,60,2.2155673136318947,0.10687268262855099,0.11557193910165221
96,5.0,4.0,11,61,2.2155673136318947,0.07313536605780001,0.0717488467842243
96,5.0,4.0,11,62,2.2155673136318947,0.1648632239677172,0.09108938020560894
96,5.0,4.0,11,63,2.2155673136318947,0.10684881636160343,0.11095673915134459
96,5.0,5.0,12,0,1.7724538509055159,0.07991090177987296,0.13632802790720316
96,5.0,5.0,12,1,1.7724538509055159,0.1275367135602254,0.12226648761537742
96,5.0,5.0,12,2,1.7724538509055159,0.15606384728351524,0.0912080328260795
96,5.0,5.0,12,3,1.7724538509055159,0.07623817285409615,0.09273974707196819
96,5.0,5.0,12,4,1.7724538509055159,0.12752405584782298,0.13812876289930315
96,5.0,5.0,12,5,1.7724538509055159,0.19801485462337182,0.11610231678649226
96,5.0,5.0,12,6,1.7724538509055159,0.11979741536284669,0.10767777114976025
96,5.0,5.0,12,7,1.7724538509055159,0.08044852411496643,0.13749659140763715
96,5.0,5.0,12,8,1.7724538509055159,0.10135505480725131,0.09634628724000875
96,5.0,5.0,12,9,1.7724538509055159,0.08213067188087057,0.07284517814308375
96,5.0,5.0,12,10,1.7724538509055159,0.11771110209689462,0.12751899563259406
96,5.0,5.0,12,11,1.7724538509055159,0.10441292869245085,0.1077018657396116
96,5.0,5.0,12,12,1.7724538509055159,0.15576319368206898,0.10426755943667994
96,5.0,5.0,12,13,1.7724538509055159,0.10597126918144788,0.13345898246626903
96,5.0,5.0,12,14,1.7724538509055159,0.12228987231382567,0.1543136739939787
96,5.0,5.0,12,15,1.7724538509055159,0.09098347186933232,0.09990924506542165
96,5.0,5.0,12,16,1.7724538509055159,0.06097621694017943,0.09638511471394871
96,5.0,5.0,12,17,1.7724538509055159,0.07768882352078361,0.08693585641774479
96,5.0,5.0,12,18,1.7724538509055159,0.09955389486720659,0.09084287343416043
96,5.0,5.0,12,19,1.7724538509055159,0.1557727320474968,0.07285414604791127
96,5.0,5.0,12,20,1.7724538509055159,0.11836102777482052,0.1412347121412043
96,5.0,5.0,12,21,1.7724538509055159,0.19801684221291174,0.19801384953853793
96,5.0,5.0,12,22,1.7724538509055159,0.10360440390714021,0.10290470927812204
96,5.0,5.0,12,23,1.7724538509055159,0.09637601160412838,0.12677191232130194
96,5.0,5.0,12,24,1.7724538509055159,0.07434574569697767,0.09637890994442966
96,5.0,5.0,12,25,1.7724538509055159,0.07894049961512811,0.09229050949986681
96,5.0,5.0,12,26,1.7724538509055159,0.07811450986886656,0.08484829264593285
96,5.0,5.0,12,27,1.7724538509055159,0.06867999322235585,0.15575316768862663
96,5.0,5.0,12,28,1.7724538509055159,0.11205345185210487,0.16874076833997848
96,5.0,5.0,12,29,1.7724538509055159,0.15085245791028018,0.18280180390743592
96,5.0,5.0,12,30,1.7724538509055159,0.08458274151961083,0.14965000703379755
96,5.0,5.0,12,31,1.7724538509055159,0.10867061950246142,0.10235552996019862
96,5.0,5.0,12,32,1.7724538509055159,0.10240944137771053,0.1756246597267374
96,5.0,5.0,12,33,1.7724538509055159,0.08056978665812385,0.08694581146135541
96,5.0,5.0,12,34,1.7724538509055159,0.11541312675714706,0.12252533026813331
96,5.0,5.0,12,35,1.7724538509055159,0.15576766131310757,0.13507548532465488
96,5.0,5.0,12,36,1.7724538509055159,0.1381444285513332,0.12948090335568402
96,5.0,5.0,12,37,1.7724538509055159,0.10015549057567244,0.10602952426803824
96,5.0,5.0,12,38,1.7724538509055159,0.1034783392544895,0.10460521674673542
96,5.0,5.0,12,39,1.7724538509055159,0.10785613528986009,0.13655258602967926
96,5.0,5.0,12,40,1.7724538509055159,0.07378044585832208,0.11258146287936877
96,5.0,5.0,12,41,1.7724538509055159,0.06184219648864914,0.07703664933757863
96,5.0,5.0,12,42,1.7724538509055159,0.11354642942182491,0.16400131126929324
96,5.0,5.0,12,43,1.7724538509055159,0.07583105089061457,0.08178918015659134
96,5.0,5.0,12,44,1.7724538509055159,0.14964861397462648,0.19801426781386722
96,5.0,5.0,12,45,1.7724538509055159,0.12252518884814385,0.10709263191345823
96,5.0,5.0,12,46,1.7724538509055159,0.07558321305042014,0.16873745838789508
96,5.0,5.0,12,47,1.7724538509055159,0.15575187807082547,0.12357467370746984
96,5.0,5.0,12,48,1.7724538509055159,0.1339963480985087,0.10782085233868714
96,5.0,5.0,12,49,1.7724538509055159,0.10867173342792777,0.08864387951735013
96,5.0,5.0,12,50,1.7724538509055159,0.10439437079066116,0.09025367665954678
96,5.0,5.0,12,51,1.7724538509055159,0.09719689282579061,0.14899065594900204
96,5.0,5.0,12,52,1.7724538509055159,0.06459194028863399,0.07584490838414329
96,5.0,5.0,12,53,1.7724538509055159,0.14511883094729733,0.08740412103363845
96,5.0,5.0,12,54,1.7724538509055159,0.09719273990058756,0.1638540918190871
96,5.0,5.0,12,55,1.7724538509055159,0.16579149978136928,0.10582417025700615
96,5.0,5.0,12,56,1.7724538509055159,0.09260443172876705,0.12932104417343213
96,5.0,5.0,12,57,1.7724538509055159,0.10236576756140807,0.17422470606059715
96,5.0,5.0,12,58,1.7724538509055159,0.13314101696567276,0.11771675234305985
96,5.0,5.0,12,59,1.7724538509055159,0.12506097576122008,0.17539065555828087
96,5.0,5.0,12,60,1.7724538509055159,0.09577659703001658,0.11125950816407468
96,5.0,5.0,12,61,1.7724538509055159,0.06283061778275043,0.19024231360430283
96,5.0,5.0,12,62,1.7724538509055159,0.09210714279279661,0.139157819066962
96,5.0,5.0,12,63,1.7724538509055159,0.10170504130988411,0.10865577721398482
96,5.0,6.5,13,0,1.363426039158089,0.06485351983333072,0.1287909148485345
96,5.0,6.5,13,1,1.363426039158089,0.0800082308120466,0.09449106842350691
96,5.0,6.5,13,2,1.363426039158089,0.07152073506263355,0.0850548046603769
96,5.0,6.5,13,3,1.363426039158089,0.1463461505150438,0.09744534533232183
96,5.0,6.5,13,4,1.363426039158089,0.1003821543274876,0.10797295227837618
96,5.0,6.5,13,5,1.363426039158089,0.0800398622118128,0.09054588471074829
96,5.0,6.5,13,6,1.363426039158089,0.14060926656286554,0.09810085264794689
96,5.0,6.5,13,7,1.363426039158089,0.08954634227534715,0.11325602918764047
96,5.0,6.5,13,8,1.363426039158089,0.07026727184625933,0.10180268670914461
96,5.0,6.5,13,9,1.363426039158089,0.06513664922558705,0.09390286605764983
96,5.0,6.5,13,10,1.363426039158089,0.05911748230594297,0.12979342715601777
96,5.0,6.5,13,11,1.363426039158089,0.1057759534542836,0.07634044809613863
96,5.0,6.5,13,12,1.363426039158089,0.099471774638662,0.08292637425481705
96,5.0,6.5,13,13,1.363426039158089,0.06939565621026851,0.1208389894719696
96,5.0,6.5,13,14,1.363426039158089,0.1463410617912158,0.11982874164822326
96,5.0,6.5,13,15,1.363426039158089,0.11980994879313736,0.0819825559474902
96,5.0,8.0,14,0,1.1077836568159474,0.087581517725562,0.09658859818430177
96,5.0,8.0,14,1,1.1077836568159474,0.08776786157870958,0.0817265758452343
96,5.0,8.0,14,2,1.1077836568159474,0.08448178359426917,0.06766677418270385
96,5.0,8.0,14,3,1.1077836568159474,0.06525367631879986,0.1044625260459557
96,5.0,8.0,14,4,1.1077836568159474,0.11889522426766196,0.12375554662408385
96,5.0,8.0,14,5,1.1077836568159474,0.0829578312049718,0.06024370244409839
96,5.0,8.0,14,6,1.1077836568159474,0.06666691944371939,0.06791658546802334
96,5.0,8.0,14,7,1.1077836568159474,0.09353319055874332,0.09353515398531348
96,5.0,8.0,14,8,1.1077836568159474,0.05775083606388942,0.08044278045621109
96,5.0,8.0,14,9,1.1077836568159474,0.0735669888939984,0.10015776864331176
96,5.0,8.0,14,10,1.1077836568159474,0.07685160038499284,0.11062944926334804
96,5.0,8.0,14,11,1.1077836568159474,0.080263828516026,0.08295775041046292
96,5.0,8.0,14,12,1.1077836568159474,0.07357833216415519,0.08956353461142877
96,5.0,8.0,14,13,1.1077836568159474,0.060236989514251355,0.08624916864083731
96,5.0,8.0,14,14,1.1077836568159474,0.12058284062306285,0.11350976111820374
96,5.0,8.0,14,15,1.1077836568159474,0.08310336647244282,0.10546115002985011
96,5.0,12.0,15,0,0.7385224378772982,0.04430502606071778,0.0731745662956053
96,5.0,12.0,15,1,0.7385224378772982,0.06267795812044903,0.07584433650409078
96,5.0,12.0,15,2,0.7385224378772982,0.08250456689288034,0.07926718185641261
96,5.0,12.0,15,3,0.7385224378772982,0.08249703171441937,0.07926904118058963
96,5.0,12.0,15,4,0.7385224378772982,0.08228230112423134,0.055300927561724056
96,5.0,12.0,15,5,0.7385224378772982,0.06338468632936223,0.05428789080364461
96,5.0,12.0,15,6,0.7385224378772982,0.06490185318256952,0.0761595274673857
96,5.0,12.0,15,7,0.7385224378772982,0.057559481989676566,0.06017500668318795
96,5.0,12.0,15,8,0.7385224378772982,0.06885247100194,0.05314192356985742
96,5.0,12.0,15,9,0.7385224378772982,0.07030290491033142,0.05756537719906635
96,5.0,12.0,15,10,0.7385224378772982,0.06235280430084792,0.06489989262735539
96,5.0,12.0,15,11,0.7385224378772982,0.062357685165998177,0.05247571843260997
96,5.0,12.0,15,12,0.7385224378772982,0.07508165322575494,0.07927110231641143
96,5.0,12.0,15,13,0.7385224378772982,0.07355024956493222,0.06234995932633697
96,5.0,12.0,15,14,0.7385224378772982,0.07927066579288988,0.06490059311127357
96,5.0,12.0,15,15,0.7385224378772982,0.07926537078052874,0.055300691131504744
96,5.0,20.0,16,0,0.44311346272637897,0.04390234821896679,0.04390387165808162
96,5.0,20.0,16,1,0.44311346272637897,0.049502132151180725,0.04756164628079356
96,5.0,20.0,16,2,0.44311346272637897,0.049500835462987246,0.043902395601088204
96,5.0,20.0,16,3,0.44311346272637897,0.0475639918490869,0.04569848702169552
96,5.0,20.0,16,4,0.44311346272637897,0.04950092857848383,0.04756225994774744
96,5.0,20.0,16,5,0.44311346272637897,0.04214182529783056,0.0475624433953797
96,5.0,20.0,16,6,0.44311346272637897,0.047055033338377496,0.04912718968481508
96,5.0,20.0,16,7,0.44311346272637897,0.04192533167823649,0.03893933149867278
96,5.0,20.0,16,8,0.44311346272637897,0.04950079671406326,0.04755836577367008
96,5.0,20.0,16,9,0.44311346272637897,0.04390414364172405,0.04950472675229221
96,5.0,20.0,16,10,0.44311346272637897,0.04390566041439446,0.047163840895627626
96,5.0,20.0,16,11,0.44311346272637897,0.04756244243715256,0.049498938322581516
96,5.0,20.0,16,12,0.44311346272637897,0.0439049367167357,0.047557481461724276
96,5.0,20.0,16,13,0.44311346272637897,0.04390302281415201,0.049505069415622646
96,5.0,20.0,16,14,0.44311346272637897,0.047560910121454816,0.04950232270787379
96,5.0,20.0,16,15,0.44311346272637897,0.03453560772492935,0.04950199095747852
96,7.0,0.25,0,0,49.62870782535444,1.124957760486756,1.0017199260720362
96,7.0,0.25,0,1,49.62870782535444,1.2831808244805296,1.6115227656186681
96,7.0,0.25,0,2,49.62870782535444,1.0884421102561472,0.989715935495818
96,7.0,0.25,0,3,49.62870782535444,1.1549386116830362,1.2557325422538206
96,7.0,0.25,0,4,49.62870782535444,1.166475294947981,0.8804265044695696
96,7.0,0.25,0,5,49.62870782535444,1.075365199359331,1.0948142469896474
96,7.0,0.25,0,6,49.62870782535444,0.9410033151188983,1.5842493329443172
96,7.0,0.25,0,7,49.62870782535444,1.0369191176522312,1.0134932885516115
96,7.0,0.25,0,8,49.62870782535444,1.025706221916399,1.3671430177980044
96,7.0,0.25,0,9,49.62870782535444,0.8763182225667632,1.201594596132718
96,7.0,0.25,0,10,49.62870782535444,1.0941822844141398,1.3988672225422063
96,7.0,0.25,0,11,49.62870782535444,1.0461454845420541,1.0493233801322033
96,7.0,0.25,0,12,49.62870782535444,1.075068750732585,1.0451441404646369
96,7.0,0.25,0,13,49.62870782535444,1.5233947016906322,1.0883202885023908
96,7.0,0.25,0,14,49.62870782535444,0.9664722309009959,1.2785372328893416
96,7.0,0.25,0,15,49.62870782535444,1.359959937202698,1.1913761592568597
96,7.0,0.35,1,0,35.449077018110316,0.9401837420624155,1.2201722711036815
96,7.0,0.35,1,1,35.449077018110316,1.0577466433119356,0.9123946113313096
96,7.0,0.35,1,2,35.449077018110316,1.1502698991578357,1.65512741615092
96,7.0,0.35,1,3,35.449077018110316,1.1110367411593516,1.0042897659899002
96,7.0,0.35,1,4,35.449077018110316,1.1565383364830668,1.2516839274923328
96,7.0,0.35,1,5,35.449077018110316,1.321577733267728,1.019980245074114
96,7.0,0.35,1,6,35.449077018110316,0.903564867591205,1.280195577729574
96,7.0,0.35,1,7,35.449077018110316,1.2909186422585117,0.8479769014546559
96,7.0,0.35,1,8,35.449077018110316,1.0523922140948931,1.288109367172294
96,7.0,0.35,1,9,35.449077018110316,1.1748776465872979,1.3690270206785333
96,7.0,0.35,1,10,35.449077018110316,0.9447347772961632,1.2504647168186547
96,7.0,0.35,1,11,35.449077018110316,0.9926493137083576,0.9858942507729286
96,7.0,0.35,1,12,35.449077018110316,1.087161844930331,0.8107915060385815
96,7.0,0.35,1,13,35.449077018110316,1.1604087843588438,0.8170347498335754
96,7.0,0.35,1,14,35.449077018110316,1.028360630534966,0.7898312221933903
96,7.0,0.35,1,15,35.449077018110316,1.4069771632967487,1.7390836614495355
96,7.0,0.5,2,0,24.81435391267722,0.7853219260619718,0.7249503957674859
96,7.0,0.5,2,1,24.81435391267722,0.9238795425328294,0.8702758952174967
96,7.0,0.5,2,2,24.81435391267722,0.8730376078741158,0.9421504953700288
96,7.0,0.5,2,3,24.81435391267722,1.1073475796269254,0.7754137691707919
96,7.0,0.5,2,4,24.81435391267722,1.191319539099224,0.790807285717895
96,7.0,0.5,2,5,24.81435391267722,1.2010049140030796,0.8346635730203824
96,7.0,0.5,2,6,24.81435391267722,1.0332829683476477,0.5686754005122419
96,7.0,0.5,2,7,24.81435391267722,0.7362183123082019,0.5910130166235448
96,7.0,0.5,2,8,24.81435391267722,1.1844701000035909,0.5844655941565371
96,7.0,0.5,2,9,24.81435391267722,1.088233104540672,0.638669250447393
96,7.0,0.5,2,10,24.81435391267722,0.997308633074706,0.62742818273128
96,7.0,0.5,2,11,24.81435391267722,1.0808505393584003,0.9046844082722173
96,7.0,0.5,2,12,24.81435391267722,0.8933138261852313,0.6850909204262396
96,7.0,0.5,2,13,24.81435391267722,1.1079256509818123,0.8937257081902499
96,7.0,0.5,2,14,24.81435391267722,1.1099107721330599,0.9664963854094912
96,7.0,0.5,2,15,24.81435391267722,0.9288624166196847,0.7083834423994757
96,7.0,0.5,2,16,24.81435391267722,1.0202172104944622,0.619032632791785
96,7.0,0.5,2,17,24.81435391267722,0.9532217462453237,0.761649489915992
96,7.0,0.5,2,18,24.81435391267722,0.9665165189664593,0.6816625790918693
96,7.0,0.5,2,19,24.81435391267722,0.9941098499338684,0.7720317956901367
96,7.0,0.5,2,20,24.81435391267722,0.8552150521380593,0.7351189722857246
96,7.0,0.5,2,21,24.81435391267722,0.731740249008464,1.3203854767192502
96,7.0,0.5,2,22,24.81435391267722,1.2481380085702987,0.8648324423131128
96,7.0,0.5,2,23,24.81435391267722,1.0455514731799989,0.8868817373652468
96,7.0,0.5,2,24,24.81435391267722,1.0373373440029385,0.6173123305861947
96,7.0,0.5,2,25,24.81435391267722,0.9040134377622577,0.7559270017864721
96,7.0,0.5,2,26,24.81435391267722,0.9860775028794294,0.6530800074957868
96,7.0,0.5,2,27,24.81435391267722,0.9030058682928587,0.7528068762491887
96,7.0,0.5,2,28,24.81435391267722,1.0836916567491905,0.7862058911552745
96,7.0,0.5,2,29,24.81435391267722,1.1505861024779946,0.6487199149473548
96,7.0,0.5,2,30,24.81435391267722,1.1158802213166084,0.6362100439228651
96,7.0,0.5,2,31,24.81435391267722,1.0043510388428492,0.9731790472338413
96,7.0,0.5,2,32,24.81435391267722,1.0002007015104906,0.7473524386228965
96,7.0,0.5,2,33,24.81435391267722,1.0997075184319152,0.8670432183140218
96,7.0,0.5,2,34,24.81435391267722,1.071117027126363,0.611853669869894
96,7.0,0.5,2,35,24.81435391267722,0.9367250177944676,0.8923567282329232
96,7.0,0.5,2,36,24.81435391267722,1.0132744651178704,0.5970468645836441
96,7.0,0.5,2,37,24.81435391267722,0.9971168146205565,0.9556713914846836
96,7.0,0.5,2,38,24.81435391267722,1.3163663467143514,1.1688060819048438
96,7.0,0.5,2,39,24.81435391267722,1.236281573536286,0.8238299697951235
96,7.0,0.5,2,40,24.81435391267722,0.6837083289781589,0.8031037957405072
96,7.0,0.5,2,41,24.81435391267722,0.8163656029372774,0.78580610104123
96,7.0,0.5,2,42,24.81435391267722,1.2539241091523508,0.5827720287774343
96,7.0,0.5,2,43,24.81435391267722,1.1478600936635739,0.8048258071939041
96,7.0,0.5,2,44,24.81435391267722,1.226289837119019,0.9640077327737239
96,7.0,0.5,2,45,24.81435391267722,1.0177656485353603,1.062592806001779
96,7.0,0.5,2,46,24.81435391267722,0.8100312710177664,0.7026172822325101
96,7.0,0.5,2,47,24.81435391267722,0.8820825660149125,0.6515516877145873
96,7.0,0.5,2,48,24.81435391267722,0.9155707149439269,0.9824778393491388
96,7.0,0.5,2,49,24.81435391267722,1.0264097635054967,0.8101121901325723
96,7.0,0.5,2,50,24.81435391267722,0.8246742585777442,0.6391943315081108
96,7.0,0.5,2,51,24.81435391267722,0.9925165933481487,0.9537095901735053
96,7.0,0.5,2,52,24.81435391267722,1.0124259584026927,0.9044456658786998
96,7.0,0.5,2,53,24.81435391267722,1.0944442988265566,0.889422406754208
96,7.0,0.5,2,54,24.81435391267722,0.8299269333087973,0.561246948561976
96,7.0,0.5,2,55,24.81435391267722,1.1382676572838484,0.7354155669194886
96,7.0,0.5,2,56,24.81435391267722,1.0254967550106877,0.931826723615264
96,7.0,0.5,2,57,24.81435391267722,0.8894521114286105,1.1239698503270383
96,7.0,0.5,2,58,24.81435391267722,1.1268694355199071,0.5398962151865321
96,7.0,0.5,2,59,24.81435391267722,0.9350477329476163,0.5449836370067602
96,7.0,0.5,2,60,24.81435391267722,1.0516511659617271,0.7610312000432116
96,7.0,0.5,2,61,24.81435391267722,0.8051830602068555,0.49592313360816576
96,7.0,0.5,2,62,24.81435391267722,0.8409585762376519,1.0341154362456897
96,7.0,0.5,2,63,24.81435391267722,1.298567531361466,1.0660847533804811
96,7.0,0.65,3,0,19.087964548213247,0.7362106429335072,0.5483017473867683
96,7.0,0.65,3,1,19.087964548213247,0.894464857065629,0.6563282033426614
96,7.0,0.65,3,2,19.087964548213247,0.7188489996298276,0.6092018586320089
96,7.0,0.65,3,3,19.087964548213247,0.8582507502995586,0.5782595702306051
96,7.0,0.65,3,4,19.087964548213247,0.9264965911994024,0.5589203878908616
96,7.0,0.65,3,5,19.087964548213247,0.8523231844516932,0.7013089730915352
96,7.0,0.65,3,6,19.087964548213247,0.9592568486412797,0.8034182415572344
96,7.0,0.65,3,7,19.087964548213247,1.0970481811670583,0.6806707742681101
96,7.0,0.65,3,8,19.087964548213247,0.8640553119450901,0.6021730380249505
96,7.0,0.65,3,9,19.087964548213247,0.5942636211688944,0.6551156457394782
96,7.0,0.65,3,10,19.087964548213247,0.9129927978241785,0.6326210046642474
96,7.0,0.65,3,11,19.087964548213247,0.9190036616462793,0.6385403802243821
96,7.0,0.65,3,12,19.087964548213247,0.9049123659648698,0.6565219985235825
96,7.0,0.65,3,13,19.087964548213247,0.7281115631429507,0.5470772861956602
96,7.0,0.65,3,14,19.087964548213247,0.7498922835365679,0.7488427803469884
96,7.0,0.65,3,15,19.087964548213247,0.9741609414406842,0.6046760013735231
96,7.0,0.65,3,16,19.087964548213247,0.68351672093642,0.6507553755090734
96,7.0,0.65,3,17,19.087964548213247,0.7415374291688012,0.49049469870693196
96,7.0,0.65,3,18,19.087964548213247,0.7058410456466349,0.4852640304760997
96,7.0,0.65,3,19,19.087964548213247,0.8440120728585196,0.49288729205290727
96,7.0,0.65,3,20,19.087964548213247,0.6476341186573578,0.5607888903781747
96,7.0,0.65,3,21,19.087964548213247,0.9039415636093366,0.5425349071076255
96,7.0,0.65,3,22,19.087964548213247,0.7516529080658875,0.5066988016636521
96,7.0,0.65,3,23,19.087964548213247,1.0351033696019303,0.5945742788460379
96,7.0,0.65,3,24,19.087964548213247,0.8020572351790574,0.7985370709277413
96,7.0,0.65,3,25,19.087964548213247,0.7134543388464998,0.5724763751930423
96,7.0,0.65,3,26,19.087964548213247,0.9771567571689397,0.5437237816971531
96,7.0,0.65,3,27,19.087964548213247,0.8587530627861211,0.6826979076982339
96,7.0,0.65,3,28,19.087964548213247,0.714882912772069,0.43959349489242755
96,7.0,0.65,3,29,19.087964548213247,0.8979562532759572,0.6962388144211308
96,7.0,0.65,3,30,19.087964548213247,0.943657945886506,0.6820204028020539
96,7.0,0.65,3,31,19.087964548213247,0.9122087098208969,0.45100143628189204
96,7.0,0.65,3,32,19.087964548213247,0.7317715670207203,0.5488225120164172
96,7.0,0.65,3,33,19.087964548213247,1.0370301428832385,0.5509408784919687
96,7.0,0.65,3,34,19.087964548213247,1.014797168970434,0.9163475321148911
96,7.0,0.65,3,35,19.087964548213247,0.6266372721904786,0.8853365973262098
96,7.0,0.65,3,36,19.087964548213247,0.8514235971953443,0.6742542257782426
96,7.0,0.65,3,37,19.087964548213247,0.7939768347497352,0.4556593493797152
96,7.0,0.65,3,38,19.087964548213247,0.7810900802707357,0.6156015843989506
96,7.0,0.65,3,39,19.087964548213247,1.1459275367578974,0.7134369317598788
96,7.0,0.65,3,40,19.087964548213247,0.8725922983862263,0.44827342432915374
96,7.0,0.65,3,41,19.087964548213247,0.6411503140520652,0.9402972567405465
96,7.0,0.65,3,42,19.087964548213247,0.8410035726961486,0.7566773945072376
96,7.0,0.65,3,43,19.087964548213247,0.8160294496592909,0.5934136958088384
96,7.0,0.65,3,44,19.087964548213247,0.6625238007391353,0.5155869561594014
96,7.0,0.65,3,45,19.087964548213247,0.8479075997575585,0.6791964009120494
96,7.0,0.65,3,46,19.087964548213247,1.0437058136982513,0.593654291657558
96,7.0,0.65,3,47,19.087964548213247,1.1120385862869573,0.6940066911984465
96,7.0,0.65,3,48,19.087964548213247,0.48071134234259766,0.6639681080866868
96,7.0,0.65,3,49,19.087964548213247,0.809415279134298,0.521513241593855
96,7.0,0.65,3,50,19.087964548213247,0.9779700021836524,1.000747874195908
96,7.0,0.65,3,51,19.087964548213247,0.7024181249698217,0.6977670181390639
96,7.0,0.65,3,52,19.087964548213247,0.9855018537397461,0.6238210165718105
96,7.0,0.65,3,53,19.087964548213247,0.7694620284278837,0.6942335798753142
96,7.0,0.65,3,54,19.087964548213247,1.0881932972497412,0.522122879284125
96,7.0,0.65,3,55,19.087964548213247,0.8072846003602634,0.5260916766323539
96,7.0,0.65,3,56,19.087964548213247,0.7584390831559643,0.5439333056589799
96,7.0,0.65,3,57,19.087964548213247,1.2740606356642097,0.6687767272438728
96,7.0,0.65,3,58,19.087964548213247,0.8857954320247307,0.6855221030060626
96,7.0,0.65,3,59,19.087964548213247,0.8058876872477054,0.7327123824635233
96,7.0,0.65,3,60,19.087964548213247,0.8000958234338662,0.48849638242822085
96,7.0,0.65,3,61,19.087964548213247,0.7487919481420409,0.530764189503302
96,7.0,0.65,3,62,19.087964548213247,0.8015533322652814,0.69646251031258
96,7.0,0.65,3,63,19.087964548213247,0.6211680763708235,0.38904878189524433
96,7.0,0.8,4,0,15.508971195423262,0.5713552753645419,0.5975710638480071
96,7.0,0.8,4,1,15.508971195423262,0.47727628185005516,0.5081928164790206
96,7.0,0.8,4,2,15.508971195423262,0.6416701958513734,0.40751498862456254
96,7.0,0.8,4,3,15.508971195423262,0.8101344406172301,0.3665743390848744
96,7.0,0.8,4,4,15.508971195423262,0.7409604911264376,0.4964054530149625
96,7.0,0.8,4,5,15.508971195423262,0.4734323957973845,0.5806637297723614
96,7.0,0.8,4,6,15.508971195423262,0.5038912447907482,0.7692073799748547
96,7.0,0.8,4,7,15.508971195423262,0.5475580362196942,0.5875674740318206
96,7.0,0.8,4,8,15.508971195423262,0.46988494420366456,0.358017859505373
96,7.0,0.8,4,9,15.508971195423262,0.7269315476816032,0.7752287866080223
96,7.0,0.8,4,10,15.508971195423262,0.7201079356838355,0.45099509734073956
96,7.0,0.8,4,11,15.508971195423262,0.7257973487583791,0.4303990504904395
96,7.0,0.8,4,12,15.508971195423262,0.8070547910668374,0.4729271111094217
96,7.0,0.8,4,13,15.508971195423262,0.7659512590996437,0.7027276859611061
96,7.0,0.8,4,14,15.508971195423262,0.5966173428611256,0.4566155723716898
96,7.0,0.8,4,15,15.508971195423262,0.5372077974233581,0.39881276900530627
96,7.0,0.8,4,16,15.508971195423262,0.5353154347321899,0.31117710092796436
96,7.0,0.8,4,17,15.508971195423262,0.5413705010885058,0.3909418345900968
96,7.0,0.8,4,18,15.508971195423262,0.7740071037911551,0.4353039846406582
96,7.0,0.8,4,19,15.508971195423262,0.6752115255894431,0.810079869308189
96,7.0,0.8,4,20,15.508971195423262,0.6043765940350644,0.503512122221873
96,7.0,0.8,4,21,15.508971195423262,0.48560375615304774,0.7309419317368724
96,7.0,0.8,4,22,15.508971195423262,0.3135987420847147,0.47473430653856735
96,7.0,0.8,4,23,15.508971195423262,0.690617988556477,0.4230515717586609
96,7.0,0.8,4,24,15.508971195423262,0.7574428132300041,0.6576627381816461
96,7.0,0.8,4,25,15.508971195423262,0.6050363587893156,0.5508489925894885
96,7.0,0.8,4,26,15.508971195423262,0.5008746625936187,0.29115721251414906
96,7.0,0.8,4,27,15.508971195423262,0.6666516748238388,0.5807265560742171
96,7.0,0.8,4,28,15.508971195423262,0.9093469956288416,0.41969277114639086
96,7.0,0.8,4,29,15.508971195423262,0.6165362798866504,0.6522959887326724
96,7.0,0.8,4,30,15.508971195423262,0.6505824455557893,0.5022642837459543
96,7.0,0.8,4,31,15.508971195423262,0.7216569787620097,0.24792752440842017
96,7.0,0.8,4,32,15.508971195423262,0.7601827201250572,0.5628959115561358
96,7.0,0.8,4,33,15.508971195423262,0.9010500079202072,0.6178036634250341
96,7.0,0.8,4,34,15.508971195423262,0.5009570828307329,0.4758891026638611
96,7.0,0.8,4,35,15.508971195423262,0.7220395856594722,0.8101874111279085
96,7.0,0.8,4,36,15.508971195423262,0.5075465884992286,0.5026276880070865
96,7.0,0.8,4,37,15.508971195423262,0.5986863925704512,0.6066042223697196
96,7.0,0.8,4,38,15.508971195423262,0.6156378156640987,0.5410820854273417
96,7.0,0.8,4,39,15.508971195423262,0.7474496849483087,0.3335582584303633
96,7.0,0.8,4,40,15.508971195423262,0.41989962625629995,0.6764147722270473
96,7.0,0.8,4,41,15.508971195423262,0.43563746317667573,0.5233263231040861
96,7.0,0.8,4,42,15.508971195423262,0.4855605043115385,0.5677881891792611
96,7.0,0.8,4,43,15.508971195423262,0.9994627655348728,0.2627302455192764
96,7.0,0.8,4,44,15.508971195423262,0.7049172095602604,0.7022724911386602
96,7.0,0.8,4,45,15.508971195423262,1.0803950038977488,0.6369703536549333
96,7.0,0.8,4,46,15.508971195423262,0.5775344223791593,0.3987745374776494
96,7.0,0.8,4,47,15.508971195423262,0.8775198658441398,0.4910796489079595
96,7.0,0.8,4,48,15.508971195423262,0.5919850491331455,0.4775784912419383
96,7.0,0.8,4,49,15.508971195423262,0.9010371326724422,0.7134629961764233
96,7.0,0.8,4,50,15.508971195423262,0.6294718955253753,0.501979633822382
96,7.0,0.8,4,51,15.508971195423262,0.4482132955059587,0.39792952137545745
96,7.0,0.8,4,52,15.508971195423262,0.5008866267302323,0.8609301896689533
96,7.0,0.8,4,53,15.508971195423262,0.3251109948258041,0.36560706004954574
96,7.0,0.8,4,54,15.508971195423262,0.5352453650848555,0.3336355029694502
96,7.0,0.8,4,55,15.508971195423262,0.5832450582739791,0.6711387302272134
96,7.0,0.8,4,56,15.508971195423262,0.8113441112087469,0.5236609773865941
96,7.0,0.8,4,57,15.508971195423262,0.7047413061193325,0.3913632312354366
96,7.0,0.8,4,58,15.508971195423262,0.5771628670243023,0.42672330261236774
96,7.0,0.8,4,59,15.508971195423262,0.7503631996539181,0.30290344572257266
96,7.0,0.8,4,60,15.508971195423262,0.667098213685904,0.39777237659867626
96,7.0,0.8,4,61,15.508971195423262,0.5967806030628449,0.4202680032884318
96,7.0,0.8,4,62,15.508971195423262,0.4898487735756891,0.7620470309211097
96,7.0,0.8,4,63,15.508971195423262,0.5577780832407677,0.6343088545609543
96,7.0,1.0,5,0,12.40717695633861,0.5356612380547748,0.24814491260541652
96,7.0,1.0,5,1,12.40717695633861,0.5560500937753736,0.2256016831243351
96,7.0,1.0,5,2,12.40717695633861,0.7234760252530728,0.32004852431497993
96,7.0,1.0,5,3,12.40717695633861,0.40379128115116014,0.5707094224191853
96,7.0,1.0,5,4,12.40717695633861,0.445907733437639,0.2789825399678439
96,7.0,1.0,5,5,12.40717695633861,0.5674997011112964,0.39391248959648806
96,7.0,1.0,5,6,12.40717695633861,0.5277377163978353,0.3799104343999644
96,7.0,1.0,5,7,12.40717695633861,0.5875151888321914,0.9293879584165822
96,7.0,1.0,5,8,12.40717695633861,0.3856738700727086,0.366987911046486
96,7.0,1.0,5,9,12.40717695633861,0.3916480692723266,0.4675173540291935
96,7.0,1.0,5,10,12.40717695633861,0.5828533390621775,0.26565585602408587
96,7.0,1.0,5,11,12.40717695633861,0.7356908119628833,0.5474373485381006
96,7.0,1.0,5,12,12.40717695633861,0.4036235198565242,0.3412076456869314
96,7.0,1.0,5,13,12.40717695633861,0.5015773863961279,0.42950192326482706
96,7.0,1.0,5,14,12.40717695633861,0.2806972902418128,0.36237857161958875
96,7.0,1.0,5,15,12.40717695633861,0.678180523366644,0.6095676085535227
96,7.0,1.0,5,16,12.40717695633861,0.5507018235989716,0.3562711416575862
96,7.0,1.0,5,17,12.40717695633861,0.6619466128576482,0.4300989560773245
96,7.0,1.0,5,18,12.40717695633861,0.46876716951915587,0.3987373270152901
96,7.0,1.0,5,19,12.40717695633861,0.6777011456698938,0.4445045092700993
96,7.0,1.0,5,20,12.40717695633861,0.40808181559537504,0.6342041250077719
96,7.0,1.0,5,21,12.40717695633861,0.681405170760963,0.4426661502735949
96,7.0,1.0,5,22,12.40717695633861,0.5493336273534677,0.24794074465262314
96,7.0,1.0,5,23,12.40717695633861,0.28509751681916595,0.47719322900871874
96,7.0,1.0,5,24,12.40717695633861,0.4072347346407921,0.3612295676688497
96,7.0,1.0,5,25,12.40717695633861,0.5539667860544868,0.6710511199548266
96,7.0,1.0,5,26,12.40717695633861,0.41556949376422314,0.3352622030906426
96,7.0,1.0,5,27,12.40717695633861,0.6384691672934907,0.32036046526537876
96,7.0,1.0,5,28,12.40717695633861,0.5285537178518764,0.2169007764614534
96,7.0,1.0,5,29,12.40717695633861,0.3861027829390197,0.33395979043148283
96,7.0,1.0,5,30,12.40717695633861,0.5910775209331439,0.36099865377524065
96,7.0,1.0,5,31,12.40717695633861,0.40284315611465005,0.5585049965651785
96,7.0,1.0,5,32,12.40717695633861,0.3497673283677775,0.2901460347821263
96,7.0,1.0,5,33,12.40717695633861,0.5710125962504571,0.5547172286623843
96,7.0,1.0,5,34,12.40717695633861,0.7099321037635647,0.39778486776093414
96,7.0,1.0,5,35,12.40717695633861,0.5447025599941955,0.2933132594224094
96,7.0,1.0,5,36,12.40717695633861,0.35370617160942586,0.46533560869733526
96,7.0,1.0,5,37,12.40717695633861,0.607003684927572,0.34062724147864953
96,7.0,1.0,5,38,12.40717695633861,0.5719446010442667,0.23952184571911722
96,7.0,1.0,5,39,12.40717695633861,0.6364333546308961,0.25676373928020624
96,7.0,1.0,5,40,12.40717695633861,0.3735875624213087,0.3336878738400818
96,7.0,1.0,5,41,12.40717695633861,0.5624087490089433,0.8112407927758396
96,7.0,1.0,5,42,12.40717695633861,0.48936287453515603,0.5324066782812027
96,7.0,1.0,5,43,12.40717695633861,0.24323327358935934,0.20381243446320627
96,7.0,1.0,5,44,12.40717695633861,0.29079254850519143,0.45778396685490486
96,7.0,1.0,5,45,12.40717695633861,0.4350728337335322,0.23848630916570432
96,7.0,1.0,5,46,12.40717695633861,0.4935749989731715,0.33595323941305716
96,7.0,1.0,5,47,12.40717695633861,0.34612268276664837,0.3238191996403621
96,7.0,1.0,5,48,12.40717695633861,0.380359062023367,0.6095917109461433
96,7.0,1.0,5,49,12.40717695633861,0.2694207916108799,0.2077939860513956
96,7.0,1.0,5,50,12.40717695633861,0.35483603286237486,0.34020143750395904
96,7.0,1.0,5,51,12.40717695633861,0.48187628765601837,0.2810491586021232
96,7.0,1.0,5,52,12.40717695633861,0.4225060117231804,0.4439540735611818
96,7.0,1.0,5,53,12.40717695633861,0.5397706712627505,0.31109405770638277
96,7.0,1.0,5,54,12.40717695633861,0.5681813261312179,0.32891647153351733
96,7.0,1.0,5,55,12.40717695633861,0.4358575810735952,0.3919476549109667
96,7.0,1.0,5,56,12.40717695633861,0.5518939209954581,0.16400535556541496
96,7.0,1.0,5,57,12.40717695633861,0.3889980346124109,0.2381617760030477
96,7.0,1.0,5,58,12.40717695633861,0.25876685129175064,0.3182545905105417
96,7.0,1.0,5,59,12.40717695633861,0.6935686490706052,0.23985988312539375
96,7.0,1.0,5,60,12.40717695633861,0.4326226638804335,0.421365421662505
96,7.0,1.0,5,61,12.40717695633861,0.4938498935454486,0.3546738186219207
96,7.0,1.0,5,62,12.40717695633861,0.43364142677398887,0.40739477236320476
96,7.0,1.0,5,63,12.40717695633861,0.5062214034427065,0.5183094186741339
96,7.0,1.25,6,0,9.925741565070888,0.6878412985613108,0.4323651757399877
96,7.0,1.25,6,1,9.925741565070888,0.41557149591184894,0.25422728510391196
96,7.0,1.25,6,2,9.925741565070888,0.46834133656246524,0.2746882578793227
96,7.0,1.25,6,3,9.925741565070888,0.47154828802800325,0.25761402682474593
96,7.0,1.25,6,4,9.925741565070888,0.5732626334196351,0.3988552523472847
96,7.0,1.25,6,5,9.925741565070888,0.22214894875371732,0.4446493888361379
96,7.0,1.25,6,6,9.925741565070888,0.37017539974445063,0.30362245601415555
96,7.0,1.25,6,7,9.925741565070888,0.31977849202792585,0.36656492989955447
96,7.0,1.25,6,8,9.925741565070888,0.3048637690101242,0.25872901391911196
96,7.0,1.25,6,9,9.925741565070888,0.5399608657823277,0.31924318173623684
96,7.0,1.25,6,10,9.925741565070888,0.240346105776348,0.3135328766903741
96,7.0,1.25,6,11,9.925741565070888,0.2601130021277652,0.2953246942371363
96,7.0,1.25,6,12,9.925741565070888,0.2702012332658857,0.22276250167282438
96,7.0,1.25,6,13,9.925741565070888,0.27003065247921076,0.2708270151164375
96,7.0,1.25,6,14,9.925741565070888,0.21139352033014394,0.33094383421024387
96,7.0,1.25,6,15,9.925741565070888,0.18811783496123635,0.2292092060510112
96,7.0,1.25,6,16,9.925741565070888,0.4806284142783566,0.42420030247963336
96,7.0,1.25,6,17,9.925741565070888,0.6170735681480449,0.20038460758984172
96,7.0,1.25,6,18,9.925741565070888,0.376290775896216,0.43195163917761514
96,7.0,1.25,6,19,9.925741565070888,0.3553658149469178,0.24363547909248137
96,7.0,1.25,6,20,9.925741565070888,0.4744622205928849,0.2792838685982832
96,7.0,1.25,6,21,9.925741565070888,0.7475344506591185,0.44748499923699725
96,7.0,1.25,6,22,9.925741565070888,0.37804103332163486,0.24647333091967072
96,7.0,1.25,6,23,9.925741565070888,0.2348677516679368,0.30641755646754454
96,7.0,1.25,6,24,9.925741565070888,0.21128648069128664,0.26125416576227795
96,7.0,1.25,6,25,9.925741565070888,0.5497470009402639,0.3699067711797191
96,7.0,1.25,6,26,9.925741565070888,0.3061842364666936,0.3332164125645099
96,7.0,1.25,6,27,9.925741565070888,0.26816630878297176,0.31974233916418016
96,7.0,1.25,6,28,9.925741565070888,0.25546356451764274,0.4727155134795657
96,7.0,1.25,6,29,9.925741565070888,0.3676860886937864,0.2798185494787565
96,7.0,1.25,6,30,9.925741565070888,0.25126654797359316,0.41937618573694735
96,7.0,1.25,6,31,9.925741565070888,0.3928586968551856,0.27266977106945645
96,7.0,1.25,6,32,9.925741565070888,0.4831451086931725,0.5174263934298564
96,7.0,1.25,6,33,9.925741565070888,0.2877238672771904,0.4717714864102868
96,7.0,1.25,6,34,9.925741565070888,0.3598003198980078,0.44944076193743354
96,7.0,1.25,6,35,9.925741565070888,0.2648010147892893,0.17918929428720448
96,7.0,1.25,6,36,9.925741565070888,0.451821701364287,0.40530149254114745
96,7.0,1.25,6,37,9.925741565070888,0.4848712613964098,0.27736364719466106
96,7.0,1.25,6,38,9.925741565070888,0.20025426997633566,0.3296432134595336
96,7.0,1.25,6,39,9.925741565070888,0.3948764375424797,0.3591509245500246
96,7.0,1.25,6,40,9.925741565070888,0.23730969205611321,0.5953434202031979
96,7.0,1.25,6,41,9.925741565070888,0.5775207837929397,0.574167703885905
96,7.0,1.25,6,42,9.925741565070888,0.3669004690718828,0.37769931609754587
96,7.0,1.25,6,43,9.925741565070888,0.7486201177661856,0.372097682600084
96,7.0,1.25,6,44,9.925741565070888,0.2952416986556332,0.320941248584527
96,7.0,1.25,6,45,9.925741565070888,0.27580859747459446,0.23912785580918677
96,7.0,1.25,6,46,9.925741565070888,0.4153035917206342,0.2563167556894572
96,7.0,1.25,6,47,9.925741565070888,0.42763516011740965,0.28218995162698873
96,7.0,1.25,6,48,9.925741565070888,0.2783122225100506,0.484090727630868
96,7.0,1.25,6,49,9.925741565070888,0.5235926878620468,0.2343200884795537
96,7.0,1.25,6,50,9.925741565070888,0.2775048728542422,0.19966798656339155
96,7.0,1.25,6,51,9.925741565070888,0.43845176561857213,0.4403996078602283
96,7.0,1.25,6,52,9.925741565070888,0.39881230482321756,0.3308929591422679
96,7.0,1.25,6,53,9.925741565070888,0.5437661992283704,0.41021466993992506
96,7.0,1.25,6,54,9.925741565070888,0.4473681557699855,0.26108761699125405
96,7.0,1.25,6,55,9.925741565070888,0.33776262985956435,0.2653812837351298
96,7.0,1.25,6,56,9.925741565070888,0.40393581363383824,0.39583843826905746
96,7.0,1.25,6,57,9.925741565070888,0.38848194866517616,0.38572260635806177
96,7.0,1.25,6,58,9.925741565070888,0.3408663912618796,0.27578085544867403
96,7.0,1.25,6,59,9.925741565070888,0.1903463612341448,0.2933566748951225
96,7.0,1.25,6,60,9.925741565070888,0.33774516505989455,0.21188616466938653
96,7.0,1.25,6,61,9.925741565070888,0.288917199130157,0.19106427076370897
96,7.0,1.25,6,62,9.925741565070888,0.26783622594216433,0.30448218239793895
96,7.0,1.25,6,63,9.925741565070888,0.5440103990437561,0.43013807553324285
96,7.0,1.6,7,0,7.754485597711631,0.1778828309951827,0.3142874184044009
96,7.0,1.6,7,1,7.754485597711631,0.26497813981090373,0.23612717185352725
96,7.0,1.6,7,2,7.754485597711631,0.22034470669566764,0.24734736489141876
96,7.0,1.6,7,3,7.754485597711631,0.39756130596159955,0.2090742862214325
96,7.0,1.6,7,4,7.754485597711631,0.32647213582014983,0.24816721849153447
96,7.0,1.6,7,5,7.754485597711631,0.3440789047160654,0.19607877580448602
96,7.0,1.6,7,6,7.754485597711631,0.25308151443287424,0.2805639496008151
96,7.0,1.6,7,7,7.754485597711631,0.32447160349172655,0.3382142365926431
96,7.0,1.6,7,8,7.754485597711631,0.3186762512356399,0.5070747885382635
96,7.0,1.6,7,9,7.754485597711631,0.21950794160167722,0.2324358266410801
96,7.0,1.6,7,10,7.754485597711631,0.2472117454805895,0.3303366975598493
96,7.0,1.6,7,11,7.754485597711631,0.2982783322631356,0.20709475907203512
96,7.0,1.6,7,12,7.754485597711631,0.2489205642296237,0.42394103226330737
96,7.0,1.6,7,13,7.754485597711631,0.24377828869151616,0.22486511757527938
96,7.0,1.6,7,14,7.754485597711631,0.2555458313883312,0.33112880110076226
96,7.0,1.6,7,15,7.754485597711631,0.4094814949676438,0.31846516050670653
96,7.0,1.6,7,16,7.754485597711631,0.23718631346228494,0.2287632446437965
96,7.0,1.6,7,17,7.754485597711631,0.26974495873906645,0.2630109932869449
96,7.0,1.6,7,18,7.754485597711631,0.3212449061572009,0.17237786686815448
96,7.0,1.6,7,19,7.754485597711631,0.17998887961699192,0.2822833585126123
96,7.0,1.6,7,20,7.754485597711631,0.26492020853430703,0.39783185484117534
96,7.0,1.6,7,21,7.754485597711631,0.16566185221981505,0.38097956748172157
96,7.0,1.6,7,22,7.754485597711631,0.3847222522589459,0.28834792104386125
96,7.0,1.6,7,23,7.754485597711631,0.2124597967492603,0.2712464477299122
96,7.0,1.6,7,24,7.754485597711631,0.19292862477355238,0.1948165193812417
96,7.0,1.6,7,25,7.754485597711631,0.27586007991334666,0.14753670136908806
96,7.0,1.6,7,26,7.754485597711631,0.24375119646238874,0.28588636055505273
96,7.0,1.6,7,27,7.754485597711631,0.23645612659401188,0.3970997651965386
96,7.0,1.6,7,28,7.754485597711631,0.1773285426341331,0.2416669430137383
96,7.0,1.6,7,29,7.754485597711631,0.2254919775632386,0.25241456007833546
96,7.0,1.6,7,30,7.754485597711631,0.43371539595174907,0.22635799704592863
96,7.0,1.6,7,31,7.754485597711631,0.41818478403970616,0.2665950802723652
96,7.0,1.6,7,32,7.754485597711631,0.3511439778534052,0.19867859898479795
96,7.0,1.6,7,33,7.754485597711631,0.1617475573639191,0.1459303471825312
96,7.0,1.6,7,34,7.754485597711631,0.3562639409997627,0.25859759083374284
96,7.0,1.6,7,35,7.754485597711631,0.23539380074109634,0.15037793131249272
96,7.0,1.6,7,36,7.754485597711631,0.35075517382194554,0.18195352270391446
96,7.0,1.6,7,37,7.754485597711631,0.22140389119429438,0.1852056794287825
96,7.0,1.6,7,38,7.754485597711631,0.5390348358886065,0.23924867260915486
96,7.0,1.6,7,39,7.754485597711631,0.2300572292770559,0.23543473573283893
96,7.0,1.6,7,40,7.754485597711631,0.5272437459276372,0.5969425449104193
96,7.0,1.6,7,41,7.754485597711631,0.2008263938639735,0.18725067475122772
96,7.0,1.6,7,42,7.754485597711631,0.23552824544525847,0.1955228001564449
96,7.0,1.6,7,43,7.754485597711631,0.1720883388650018,0.23184189322922058
96,7.0,1.6,7,44,7.754485597711631,0.28178028837134095,0.22265063511792269
96,7.0,1.6,7,45,7.754485597711631,0.4678837652802557,0.21613487320183553
96,7.0,1.6,7,46,7.754485597711631,0.26794584712626435,0.20824397297358327
96,7.0,1.6,7,47,7.754485597711631,0.36138513808029266,0.19066355354075762
96,7.0,1.6,7,48,7.754485597711631,0.2736929320199405,0.1991500684258425
96,7.0,1.6,7,49,7.754485597711631,0.17431782297620216,0.18260802645192226
96,7.0,1.6,7,50,7.754485597711631,0.2791919706186308,0.25248550572833706
96,7.0,1.6,7,51,7.754485597711631,0.40512440983617315,0.3627720871008401
96,7.0,1.6,7,52,7.754485597711631,0.2569651633681197,0.17571369982015675
96,7.0,1.6,7,53,7.754485597711631,0.32826495139568296,0.21078511605734326
96,7.0,1.6,7,54,7.754485597711631,0.39685611177394897,0.5501489133102272
96,7.0,1.6,7,55,7.754485597711631,0.1640126686450905,0.21093225041428895
96,7.0,1.6,7,56,7.754485597711631,0.21200847196786463,0.21505102511253654
96,7.0,1.6,7,57,7.754485597711631,0.3512017617657708,0.5730716342930114
96,7.0,1.6,7,58,7.754485597711631,0.3810476605525543,0.2794198345627326
96,7.0,1.6,7,59,7.754485597711631,0.29848726446658136,0.40428394900122794
96,7.0,1.6,7,60,7.754485597711631,0.29260298624425257,0.3425801294126358
96,7.0,1.6,7,61,7.754485597711631,0.346888381284729,0.2784382592451536
96,7.0,1.6,7,62,7.754485597711631,0.5070357742580422,0.32580666664447727
96,7.0,1.6,7,63,7.754485597711631,0.23158826130945057,0.21769181751318367
96,7.0,2.0,8,0,6.203588478169305,0.21429353331525725,0.25788822222479246
96,7.0,2.0,8,1,6.203588478169305,0.4874377047857132,0.18938193460812938
96,7.0,2.0,8,2,6.203588478169305,0.4970234911231317,0.3483949195780648
96,7.0,2.0,8,3,6.203588478169305,0.27832907524494777,0.21977621055507157
96,7.0,2.0,8,4,6.203588478169305,0.24736007664094462,0.1688151172482827
96,7.0,2.0,8,5,6.203588478169305,0.26421831887256364,0.23358467554650963
96,7.0,2.0,8,6,6.203588478169305,0.20699136965007497,0.23140179061735378
96,7.0,2.0,8,7,6.203588478169305,0.3841313473138719,0.319465555238517
96,7.0,2.0,8,8,6.203588478169305,0.1549859167539799,0.19860052882752277
96,7.0,2.0,8,9,6.203588478169305,0.17751027466997465,0.20767691371369168
96,7.0,2.0,8,10,6.203588478169305,0.1819454695382889,0.2405090142929329
96,7.0,2.0,8,11,6.203588478169305,0.15997052104814968,0.23009606677466782
96,7.0,2.0,8,12,6.203588478169305,0.20821346397583518,0.22328717829308528
96,7.0,2.0,8,13,6.203588478169305,0.17380245167889613,0.20037655452872943
96,7.0,2.0,8,14,6.203588478169305,0.22906116890671233,0.12390912956805739
96,7.0,2.0,8,15,6.203588478169305,0.1557037241358924,0.23777370750307147
96,7.0,2.0,8,16,6.203588478169305,0.2357283729980815,0.20401190795231425
96,7.0,2.0,8,17,6.203588478169305,0.10365062458829169,0.323090890282112
96,7.0,2.0,8,18,6.203588478169305,0.41778154368110426,0.22934654388491188
96,7.0,2.0,8,19,6.203588478169305,0.14620847006232252,0.23628863414292678
96,7.0,2.0,8,20,6.203588478169305,0.3280780644469406,0.2388440593121262
96,7.0,2.0,8,21,6.203588478169305,0.27011738863350426,0.21298851196467183
96,7.0,2.0,8,22,6.203588478169305,0.21200784285220026,0.20169167796808782
96,7.0,2.0,8,23,6.203588478169305,0.45270805801195385,0.17395785646010642
96,7.0,2.0,8,24,6.203588478169305,0.17750879240114992,0.16358042251673105
96,7.0,2.0,8,25,6.203588478169305,0.19378313858669488,0.28511260422710116
96,7.0,2.0,8,26,6.203588478169305,0.26247508945660203,0.22457107039765814
96,7.0,2.0,8,27,6.203588478169305,0.16860155791937032,0.14691091363458342
96,7.0,2.0,8,28,6.203588478169305,0.33850925200122983,0.23859953734888883
96,7.0,2.0,8,29,6.203588478169305,0.23063166434895238,0.30271149877066694
96,7.0,2.0,8,30,6.203588478169305,0.23180891634073464,0.16125377770223548
96,7.0,2.0,8,31,6.203588478169305,0.14947833280850586,0.2561988914544997
96,7.0,2.0,8,32,6.203588478169305,0.18757154176856267,0.1956619643023662
96,7.0,2.0,8,33,6.203588478169305,0.13734390156227283,0.25623241889701914
96,7.0,2.0,8,34,6.203588478169305,0.2809609719226833,0.34332246689687285
96,7.0,2.0,8,35,6.203588478169305,0.39047501646860494,0.17864765818971778
96,7.0,2.0,8,36,6.203588478169305,0.1330453982989486,0.2663365087911782
96,7.0,2.0,8,37,6.203588478169305,0.27527766568756185,0.20671766944868147
96,7.0,2.0,8,38,6.203588478169305,0.14724401018398126,0.1320099262736848
96,7.0,2.0,8,39,6.203588478169305,0.40347071475043184,0.3662465598162118
96,7.0,2.0,8,40,6.203588478169305,0.25256020595000706,0.23574080715936757
96,7.0,2.0,8,41,6.203588478169305,0.2866632274985701,0.18781584986648106
96,7.0,2.0,8,42,6.203588478169305,0.3385818015919707,0.279026352447589
96,7.0,2.0,8,43,6.203588478169305,0.2857147812828895,0.22621010869695607
96,7.0,2.0,8,44,6.203588478169305,0.21938134208296972,0.17123860220287612
96,7.0,2.0,8,45,6.203588478169305,0.1370079630885192,0.1258085560919207
96,7.0,2.0,8,46,6.203588478169305,0.15587300999358117,0.17405714821718388
96,7.0,2.0,8,47,6.203588478169305,0.3099399633838699,0.4874015394791505
96,7.0,2.0,8,48,6.203588478169305,0.17915640513007092,0.15378262718870392
96,7.0,2.0,8,49,6.203588478169305,0.18025266433203274,0.3973980747047645
96,7.0,2.0,8,50,6.203588478169305,0.15036426536958072,0.24199261203655856
96,7.0,2.0,8,51,6.203588478169305,0.17777399053925058,0.1985548543225109
96,7.0,2.0,8,52,6.203588478169305,0.16469964861668235,0.4312350451052798
96,7.0,2.0,8,53,6.203588478169305,0.26225618108585336,0.14106406925115092
96,7.0,2.0,8,54,6.203588478169305,0.2398466400801631,0.2601949708168899
96,7.0,2.0,8,55,6.203588478169305,0.17000025379165062,0.3324519226296324
96,7.0,2.0,8,56,6.203588478169305,0.22435315263738137,0.159502103729863
96,7.0,2.0,8,57,6.203588478169305,0.27879235953424497,0.14181639853818384
96,7.0,2.0,8,58,6.203588478169305,0.2502592134073854,0.26301240571293855
96,7.0,2.0,8,59,6.203588478169305,0.1554039571134163,0.22427849322261784
96,7.0,2.0,8,60,6.203588478169305,0.18674467558966307,0.3728695302739615
96,7.0,2.0,8,61,6.203588478169305,0.3703527808307777,0.2386010946535598
96,7.0,2.0,8,62,6.203588478169305,0.17720131284935656,0.22903969661440718
96,7.0,2.0,8,63,6.203588478169305,0.37420689848945415,0.3633136252263639
96,7.0,2.5,9,0,4.962870782535444,0.2629448117908472,0.2272101967879725
96,7.0,2.5,9,1,4.962870782535444,0.2380095337679545,0.1833970954904857
96,7.0,2.5,9,2,4.962870782535444,0.27558138723504455,0.21034040834369438
96,7.0,2.5,9,3,4.962870782535444,0.15960687028527096,0.15225258418452814
96,7.0,2.5,9,4,4.962870782535444,0.24664808484231582,0.25934269975312196
96,7.0,2.5,9,5,4.962870782535444,0.1397221683702429,0.13798995300592606
96,7.0,2.5,9,6,4.962870782535444,0.1809897573084785,0.3520909205471937
96,7.0,2.5,9,7,4.962870782535444,0.28758756156310483,0.16317421771705592
96,7.0,2.5,9,8,4.962870782535444,0.13872086946410542,0.18869102309007357
96,7.0,2.5,9,9,4.962870782535444,0.21576658175050117,0.17167134914245544
96,7.0,2.5,9,10,4.962870782535444,0.28711163266699946,0.24918462221089693
96,7.0,2.5,9,11,4.962870782535444,0.20065952010003735,0.1588732661620797
96,7.0,2.5,9,12,4.962870782535444,0.24694476366372484,0.2870833549025365
96,7.0,2.5,9,13,4.962870782535444,0.1523048329155247,0.15564464175244574
96,7.0,2.5,9,14,4.962870782535444,0.15227661673334256,0.13497848985554467
96,7.0,2.5,9,15,4.962870782535444,0.22652901260871988,0.1550183930356305
96,7.0,2.5,9,16,4.962870782535444,0.1632558584655464,0.14051306480334708
96,7.0,2.5,9,17,4.962870782535444,0.22899746423906708,0.1809471003171789
96,7.0,2.5,9,18,4.962870782535444,0.1506674200890024,0.11869130111411139
96,7.0,2.5,9,19,4.962870782535444,0.14755315641927255,0.12504302593844777
96,7.0,2.5,9,20,4.962870782535444,0.38994629983020995,0.11109026649234739
96,7.0,2.5,9,21,4.962870782535444,0.15326070648071544,0.18326717853734725
96,7.0,2.5,9,22,4.962870782535444,0.17074975929730446,0.3351628798054896
96,7.0,2.5,9,23,4.962870782535444,0.18487018062455823,0.16864054843027296
96,7.0,2.5,9,24,4.962870782535444,0.1539495403945618,0.19090791705788862
96,7.0,2.5,9,25,4.962870782535444,0.19641739619869977,0.32449242557945157
96,7.0,2.5,9,26,4.962870782535444,0.2581544504628777,0.11044137806929513
96,7.0,2.5,9,27,4.962870782535444,0.22437709966677094,0.12550953722620717
96,7.0,2.5,9,28,4.962870782535444,0.3089712649920977,0.3899395690911
96,7.0,2.5,9,29,4.962870782535444,0.1795418131992471,0.1754603009373522
96,7.0,2.5,9,30,4.962870782535444,0.17935170799029249,0.20942034616467317
96,7.0,2.5,9,31,4.962870782535444,0.16005051395791367,0.1265187071311544
96,7.0,2.5,9,32,4.962870782535444,0.16910961913799977,0.25399834401965893
96,7.0,2.5,9,33,4.962870782535444,0.32450897496724534,0.22742881190272185
96,7.0,2.5,9,34,4.962870782535444,0.18498062188417674,0.17957126377034693
96,7.0,2.5,9,35,4.962870782535444,0.21138727788643955,0.156048679848184
96,7.0,2.5,9,36,4.962870782535444,0.1832458517220031,0.15358500761472355
96,7.0,2.5,9,37,4.962870782535444,0.2544176430687145,0.32450693624256416
96,7.0,2.5,9,38,4.962870782535444,0.1963196948608798,0.15663927119360882
96,7.0,2.5,9,39,4.962870782535444,0.22939886294241826,0.15564860886033277
96,7.0,2.5,9,40,4.962870782535444,0.20768034603327545,0.18379649888650668
96,7.0,2.5,9,41,4.962870782535444,0.2454410996917745,0.22247167448672944
96,7.0,2.5,9,42,4.962870782535444,0.18686440823489742,0.17497249179008323
96,7.0,2.5,9,43,4.962870782535444,0.17311607201476717,0.11457656444055173
96,7.0,2.5,9,44,4.962870782535444,0.2225560853398254,0.1710456528835225
96,7.0,2.5,9,45,4.962870782535444,0.1466164004328462,0.16889340511733344
96,7.0,2.5,9,46,4.962870782535444,0.1880120159952502,0.2389305078987956
96,7.0,2.5,9,47,4.962870782535444,0.21947218916526573,0.15440959070878577
96,7.0,2.5,9,48,4.962870782535444,0.12182272404729706,0.2514824222539144
96,7.0,2.5,9,49,4.962870782535444,0.20489424937909603,0.1515294959494705
96,7.0,2.5,9,50,4.962870782535444,0.18670145773142627,0.14401293086425637
96,7.0,2.5,9,51,4.962870782535444,0.17819987025905554,0.16956717476089742
96,7.0,2.5,9,52,4.962870782535444,0.1790883971675931,0.18324133799079415
96,7.0,2.5,9,53,4.962870782535444,0.135353452219431,0.2087924375391939
96,7.0,2.5,9,54,4.962870782535444,0.35211759850514585,0.16112253738433996
96,7.0,2.5,9,55,4.962870782535444,0.27686584953724036,0.16170551475709316
96,7.0,2.5,9,56,4.962870782535444,0.2113577505837722,0.1509536821047862
96,7.0,2.5,9,57,4.962870782535444,0.14542919144776603,0.17275156359618654
96,7.0,2.5,9,58,4.962870782535444,0.20116410571289337,0.22527553216510077
96,7.0,2.5,9,59,4.962870782535444,0.16299716585896476,0.11243228087327342
96,7.0,2.5,9,60,4.962870782535444,0.29070082958815424,0.13470825818227516
96,7.0,2.5,9,61,4.962870782535444,0.1413380070202257,0.17062486880216965
96,7.0,2.5,9,62,4.962870782535444,0.22359265353494545,0.16316105995073973
96,7.0,2.5,9,63,4.962870782535444,0.2756017514675396,0.17956834052894394
96,7.0,3.2,10,0,3.8772427988558156,0.24943534122582314,0.19052558195132732
96,7.0,3.2,10,1,3.8772427988558156,0.22127588036128673,0.10488970126834309
96,7.0,3.2,10,2,3.8772427988558156,0.17689229143451515,0.18443118623971916
96,7.0,3.2,10,3,3.8772427988558156,0.11273510958240406,0.12895269684368527
96,7.0,3.2,10,4,3.8772427988558156,0.10909775155288126,0.11189438357354115
96,7.0,3.2,10,5,3.8772427988558156,0.22892361603763248,0.22129138059132553
96,7.0,3.2,10,6,3.8772427988558156,0.30461689447102863,0.19861514388481077
96,7.0,3.2,10,7,3.8772427988558156,0.1391804241168517,0.19776775406958574
96,7.0,3.2,10,8,3.8772427988558156,0.1431480769915837,0.16438384370257025
96,7.0,3.2,10,9,3.8772427988558156,0.11978743194885479,0.10119007597780284
96,7.0,3.2,10,10,3.8772427988558156,0.12637272811973468,0.1491442153110253
96,7.0,3.2,10,11,3.8772427988558156,0.16502664529500505,0.2000783681127128
96,7.0,3.2,10,12,3.8772427988558156,0.19051721168398572,0.12410070999203122
96,7.0,3.2,10,13,3.8772427988558156,0.13427219900407716,0.12523789582610587
96,7.0,3.2,10,14,3.8772427988558156,0.12683928530541477,0.1793855458161123
96,7.0,3.2,10,15,3.8772427988558156,0.1770157886082076,0.1496259166388782
96,7.0,3.2,10,16,3.8772427988558156,0.14914876572843835,0.22428726922878228
96,7.0,3.2,10,17,3.8772427988558156,0.14669165067778386,0.09908708127065104
96,7.0,3.2,10,18,3.8772427988558156,0.12049343965152187,0.2587440345935886
96,7.0,3.2,10,19,3.8772427988558156,0.1376002398641397,0.2433796423642375
96,7.0,3.2,10,20,3.8772427988558156,0.13025762760508586,0.20673959740272904
96,7.0,3.2,10,21,3.8772427988558156,0.1726173980304585,0.23020929339093818
96,7.0,3.2,10,22,3.8772427988558156,0.10364442211293882,0.20588973433167088
96,7.0,3.2,10,23,3.8772427988558156,0.10619251583877244,0.18733896048066015
96,7.0,3.2,10,24,3.8772427988558156,0.22215749880496302,0.20274334476052375
96,7.0,3.2,10,25,3.8772427988558156,0.11571659806648968,0.13273208200424805
96,7.0,3.2,10,26,3.8772427988558156,0.1462385945804498,0.10460927184485262
96,7.0,3.2,10,27,3.8772427988558156,0.22091728574695482,0.18943832068680438
96,7.0,3.2,10,28,3.8772427988558156,0.2089773955445941,0.15428107915861175
96,7.0,3.2,10,29,3.8772427988558156,0.11637697540703135,0.10829554725003247
96,7.0,3.2,10,30,3.8772427988558156,0.1437649163482882,0.14836717143060338
96,7.0,3.2,10,31,3.8772427988558156,0.1059096505390169,0.15531447310506308
96,7.0,3.2,10,32,3.8772427988558156,0.12361215688286271,0.17872221925212178
96,7.0,3.2,10,33,3.8772427988558156,0.15849146941952444,0.17918308957355986
96,7.0,3.2,10,34,3.8772427988558156,0.10452031732098711,0.16889401478274876
96,7.0,3.2,10,35,3.8772427988558156,0.22429313409086132,0.1472623523759233
96,7.0,3.2,10,36,3.8772427988558156,0.20254498482516398,0.269509938888419
96,7.0,3.2,10,37,3.8772427988558156,0.10779171645509976,0.1707140841238501
96,7.0,3.2,10,38,3.8772427988558156,0.2166633776874602,0.2231448199155047
96,7.0,3.2,10,39,3.8772427988558156,0.15509182623335582,0.2665527539410395
96,7.0,3.2,10,40,3.8772427988558156,0.1729591801607615,0.10705596152589003
96,7.0,3.2,10,41,3.8772427988558156,0.22533863166822377,0.1101518128600193
96,7.0,3.2,10,42,3.8772427988558156,0.20878793178493912,0.18459272397834764
96,7.0,3.2,10,43,3.8772427988558156,0.1831242343769396,0.18084019330485035
96,7.0,3.2,10,44,3.8772427988558156,0.15904453241177166,0.21322361012369598
96,7.0,3.2,10,45,3.8772427988558156,0.2317176168414379,0.23391586399420933
96,7.0,3.2,10,46,3.8772427988558156,0.16801811886272422,0.1276653521801869
96,7.0,3.2,10,47,3.8772427988558156,0.2924669308331865,0.15938565760808598
96,7.0,3.2,10,48,3.8772427988558156,0.14166620047479808,0.26109367082397084
96,7.0,3.2,10,49,3.8772427988558156,0.20038290061683886,0.14912749977354528
96,7.0,3.2,10,50,3.8772427988558156,0.13796812418967108,0.24837870226113404
96,7.0,3.2,10,51,3.8772427988558156,0.1569425161030795,0.22563321508938128
96,7.0,3.2,10,52,3.8772427988558156,0.14561895608765343,0.12580982588531325
96,7.0,3.2,10,53,3.8772427988558156,0.1653372511044971,0.20670237739909744
96,7.0,3.2,10,54,3.8772427988558156,0.2068856466488156,0.14122961356521221
96,7.0,3.2,10,55,3.8772427988558156,0.21898001628292768,0.10122200468504099
96,7.0,3.2,10,56,3.8772427988558156,0.21303515793679856,0.2672314001900791
96,7.0,3.2,10,57,3.8772427988558156,0.1292879557906391,0.1725428273572229
96,7.0,3.2,10,58,3.8772427988558156,0.2924460756227414,0.22429221577716366
96,7.0,3.2,10,59,3.8772427988558156,0.13390030588111243,0.30462844706689457
96,7.0,3.2,10,60,3.8772427988558156,0.21681385785072338,0.2124526541654649
96,7.0,3.2,10,61,3.8772427988558156,0.10262481647355225,0.20254210967219216
96,7.0,3.2,10,62,3.8772427988558156,0.24337979920559016,0.20399806408467092
96,7.0,3.2,10,63,3.8772427988558156,0.23714811734853652,0.16693135826836245
96,7.0,4.0,11,0,3.1017942390846525,0.16075475221725183,0.10266976011312923
96,7.0,4.0,11,1,3.1017942390846525,0.18110330209864267,0.1311112892086369
96,7.0,4.0,11,2,3.1017942390846525,0.1503477756733672,0.16793828378971826
96,7.0,4.0,11,3,3.1017942390846525,0.11930941663979089,0.21563561850342255
96,7.0,4.0,11,4,3.1017942390846525,0.16087360297374476,0.15335468597097662
96,7.0,4.0,11,5,3.1017942390846525,0.19383795565014372,0.15240453380136226
96,7.0,4.0,11,6,3.1017942390846525,0.13715211323527088,0.11689672141566049
96,7.0,4.0,11,7,3.1017942390846525,0.1669453641881129,0.1653633937628245
96,7.0,4.0,11,8,3.1017942390846525,0.2200652284769739,0.24370602157970364
96,7.0,4.0,11,9,3.1017942390846525,0.13257762274381946,0.10482197486235663
96,7.0,4.0,11,10,3.1017942390846525,0.1925006693556502,0.17857182019251677
96,7.0,4.0,11,11,3.1017942390846525,0.10932391151057279,0.16538201345181347
96,7.0,4.0,11,12,3.1017942390846525,0.16202619347366398,0.21785617009951422
96,7.0,4.0,11,13,3.1017942390846525,0.12426466490943947,0.10554814412113721
96,7.0,4.0,11,14,3.1017942390846525,0.14510038699637595,0.11298220280209015
96,7.0,4.0,11,15,3.1017942390846525,0.15046557413511374,0.12196279224312453
96,7.0,4.0,11,16,3.1017942390846525,0.11196377596846968,0.1582474783853669
96,7.0,4.0,11,17,3.1017942390846525,0.14569460496232023,0.2018746589060566
96,7.0,4.0,11,18,3.1017942390846525,0.13952625992809595,0.1404516224433003
96,7.0,4.0,11,19,3.1017942390846525,0.09148271908995806,0.14973886759994998
96,7.0,4.0,11,20,3.1017942390846525,0.14084070970056736,0.1666036675618158
96,7.0,4.0,11,21,3.1017942390846525,0.24874884833617922,0.08325025860559054
96,7.0,4.0,11,22,3.1017942390846525,0.16203129548323747,0.15389637565586933
96,7.0,4.0,11,23,3.1017942390846525,0.16668245900537787,0.10245031183293371
96,7.0,4.0,11,24,3.1017942390846525,0.09977659594776472,0.14176165956486786
96,7.0,4.0,11,25,3.1017942390846525,0.1323968912709026,0.1193224983132539
96,7.0,4.0,11,26,3.1017942390846525,0.1272361236627997,0.11635395361443601
96,7.0,4.0,11,27,3.1017942390846525,0.19470546488538842,0.10644842482049739
96,7.0,4.0,11,28,3.1017942390846525,0.10972094727521428,0.24872806140884754
96,7.0,4.0,11,29,3.1017942390846525,0.14813181504371753,0.23394034524727747
96,7.0,4.0,11,30,3.1017942390846525,0.14109538524646748,0.16500962216780193
96,7.0,4.0,11,31,3.1017942390846525,0.1433641106092174,0.1300072227705491
96,7.0,4.0,11,32,3.1017942390846525,0.10705787781085109,0.14044719155100313
96,7.0,4.0,11,33,3.1017942390846525,0.15552614614679183,0.1864491097060485
96,7.0,4.0,11,34,3.1017942390846525,0.10266676823038393,0.17103474247079187
96,7.0,4.0,11,35,3.1017942390846525,0.17945634046004744,0.17226065873467017
96,7.0,4.0,11,36,3.1017942390846525,0.2437073237903699,0.15138171670796557
96,7.0,4.0,11,37,3.1017942390846525,0.1348247613056739,0.17941726622353413
96,7.0,4.0,11,38,3.1017942390846525,0.18312221388758576,0.15624902759299863
96,7.0,4.0,11,39,3.1017942390846525,0.12910394109347118,0.19640861335022686
96,7.0,4.0,11,40,3.1017942390846525,0.13893068193255492,0.14005917552895022
96,7.0,4.0,11,41,3.1017942390846525,0.14349677608051406,0.1857961133232573
96,7.0,4.0,11,42,3.1017942390846525,0.13212333587685587,0.09705203361527204
96,7.0,4.0,11,43,3.1017942390846525,0.10976879108804435,0.17225995991681214
96,7.0,4.0,11,44,3.1017942390846525,0.14932793876960537,0.14577791114402833
96,7.0,4.0,11,45,3.1017942390846525,0.11425576146091311,0.1404811418968856
96,7.0,4.0,11,46,3.1017942390846525,0.11049393461309347,0.0960412162821315
96,7.0,4.0,11,47,3.1017942390846525,0.12210539153658861,0.10555720405853258
96,7.0,4.0,11,48,3.1017942390846525,0.13184613500249925,0.14780273176837183
96,7.0,4.0,11,49,3.1017942390846525,0.13497226520555772,0.1443571786091709
96,7.0,4.0,11,50,3.1017942390846525,0.13763606955123808,0.16201523800715467
96,7.0,4.0,11,51,3.1017942390846525,0.12518943660398849,0.1496187607355895
96,7.0,4.0,11,52,3.1017942390846525,0.17138873923823794,0.14161782284557944
96,7.0,4.0,11,53,3.1017942390846525,0.12838209165938885,0.1433601111837898
96,7.0,4.0,11,54,3.1017942390846525,0.12491171482201789,0.12202093569589822
96,7.0,4.0,11,55,3.1017942390846525,0.14850445955863728,0.18621078048239248
96,7.0,4.0,11,56,3.1017942390846525,0.1885645341422248,0.18883110064968017
96,7.0,4.0,11,57,3.1017942390846525,0.16080783126272122,0.23481057016892615
96,7.0,4.0,11,58,3.1017942390846525,0.16535311427876254,0.15551010633095663
96,7.0,4.0,11,59,3.1017942390846525,0.1188296749386018,0.08958182082537973
96,7.0,4.0,11,60,3.1017942390846525,0.11711261419824723,0.19448223934751038
96,7.0,4.0,11,61,3.1017942390846525,0.11931224981894595,0.14368279568894152
96,7.0,4.0,11,62,3.1017942390846525,0.09966348643097053,0.14352428803514816
96,7.0,4.0,11,63,3.1017942390846525,0.17868507180412013,0.1587402672596348
96,7.0,5.0,12,0,2.481435391267722,0.1501707809857249,0.15044124432684053
96,7.0,5.0,12,1,2.481435391267722,0.07980721248000502,0.12107930324693017
96,7.0,5.0,12,2,2.481435391267722,0.10899568148770564,0.18338723258303252
96,7.0,5.0,12,3,2.481435391267722,0.19102237605312372,0.16559641612359188
96,7.0,5.0,12,4,2.481435391267722,0.15487040481507358,0.08165075500158128
96,7.0,5.0,12,5,2.481435391267722,0.0943942918669463,0.1542774458839243
96,7.0,5.0,12,6,2.481435391267722,0.10121367314348939,0.09852234789024404
96,7.0,5.0,12,7,2.481435391267722,0.10570716513658521,0.13331778214251874
96,7.0,5.0,12,8,2.481435391267722,0.07956892421739574,0.1635082311807724
96,7.0,5.0,12,9,2.481435391267722,0.10111208938461005,0.15896939482045438
96,7.0,5.0,12,10,2.481435391267722,0.09747194103552762,0.1289820470329842
96,7.0,5.0,12,11,2.481435391267722,0.18716500101321257,0.10986610863287302
96,7.0,5.0,12,12,2.481435391267722,0.13435387004664917,0.10787690097570497
96,7.0,5.0,12,13,2.481435391267722,0.1607159174184694,0.09368319226357008
96,7.0,5.0,12,14,2.481435391267722,0.0837969546718776,0.10116613171027042
96,7.0,5.0,12,15,2.481435391267722,0.12703819303420708,0.12962230282304352
96,7.0,5.0,12,16,2.481435391267722,0.14356119222589164,0.12188268328991154
96,7.0,5.0,12,17,2.481435391267722,0.11696539579628129,0.1276173795127234
96,7.0,5.0,12,18,2.481435391267722,0.11056266912612052,0.09350987618442527
96,7.0,5.0,12,19,2.481435391267722,0.12493988251997487,0.15384266696617635
96,7.0,5.0,12,20,2.481435391267722,0.1056451517009954,0.14355479587842307
96,7.0,5.0,12,21,2.481435391267722,0.11728486979683586,0.1341485541623505
96,7.0,5.0,12,22,2.481435391267722,0.09059286564695257,0.1219233552998475
96,7.0,5.0,12,23,2.481435391267722,0.13012181877754062,0.12174542711250014
96,7.0,5.0,12,24,2.481435391267722,0.11144403647482921,0.12454489206737866
96,7.0,5.0,12,25,2.481435391267722,0.14464075126445858,0.10297531354998983
96,7.0,5.0,12,26,2.481435391267722,0.08599870087637614,0.13008257850018046
96,7.0,5.0,12,27,2.481435391267722,0.15131288574773843,0.11050932876112655
96,7.0,5.0,12,28,2.481435391267722,0.1117301882071465,0.17180926476982453
96,7.0,5.0,12,29,2.481435391267722,0.11360485768733108,0.09802151925590731
96,7.0,5.0,12,30,2.481435391267722,0.09942545453020334,0.10993531720593766
96,7.0,5.0,12,31,2.481435391267722,0.12614019839777613,0.1270092759783318
96,7.0,5.0,12,32,2.481435391267722,0.13648096553749417,0.10289724450486966
96,7.0,5.0,12,33,2.481435391267722,0.09490260306729437,0.10161237223319317
96,7.0,5.0,12,34,2.481435391267722,0.1139997838907361,0.08219707143846262
96,7.0,5.0,12,35,2.481435391267722,0.15262118612431216,0.1338302444330166
96,7.0,5.0,12,36,2.481435391267722,0.1557709516235116,0.10677956847652079
96,7.0,5.0,12,37,2.481435391267722,0.07663577609395485,0.11947011571008978
96,7.0,5.0,12,38,2.481435391267722,0.15092308757142447,0.12089239304954683
96,7.0,5.0,12,39,2.481435391267722,0.13252765599789568,0.09749477725895832
96,7.0,5.0,12,40,2.481435391267722,0.09544359799854522,0.09705558973440934
96,7.0,5.0,12,41,2.481435391267722,0.14559595133870262,0.17249464990578423
96,7.0,5.0,12,42,2.481435391267722,0.13976269936393843,0.11773278559871043
96,7.0,5.0,12,43,2.481435391267722,0.19495733864757242,0.12915257344148934
96,7.0,5.0,12,44,2.481435391267722,0.13769127165328024,0.11771231455866087
96,7.0,5.0,12,45,2.481435391267722,0.140374456707628,0.11851619623992198
96,7.0,5.0,12,46,2.481435391267722,0.13558485424422662,0.10045452314603436
96,7.0,5.0,12,47,2.481435391267722,0.17605738468814827,0.10513359943945877
96,7.0,5.0,12,48,2.481435391267722,0.15423316895432404,0.17477115149691377
96,7.0,5.0,12,49,2.481435391267722,0.09545089357052844,0.1057146858694618
96,7.0,5.0,12,50,2.481435391267722,0.0978823949823944,0.09464699362127754
96,7.0,5.0,12,51,2.481435391267722,0.17249854809864162,0.11242857556704419
96,7.0,5.0,12,52,2.481435391267722,0.13228434060777966,0.11850716756019768
96,7.0,5.0,12,53,2.481435391267722,0.13781207555669772,0.13467864916568134
96,7.0,5.0,12,54,2.481435391267722,0.08139072776577834,0.1526138240734663
96,7.0,5.0,12,55,2.481435391267722,0.15896993968586492,0.14295610471488168
96,7.0,5.0,12,56,2.481435391267722,0.15296299849771824,0.10787122418683795
96,7.0,5.0,12,57,2.481435391267722,0.10570978094775849,0.14850695539844794
96,7.0,5.0,12,58,2.481435391267722,0.14311088872698172,0.1056950320610015
96,7.0,5.0,12,59,2.481435391267722,0.18179585465472664,0.13824592516259335
96,7.0,5.0,12,60,2.481435391267722,0.09271001381233605,0.19448437065370472
96,7.0,5.0,12,61,2.481435391267722,0.11467147625182969,0.15799872138914156
96,7.0,5.0,12,62,2.481435391267722,0.15480269837749647,0.13514767000920944
96,7.0,5.0,12,63,2.481435391267722,0.13780635206991265,0.09543890429164181
96,7.0,6.5,13,0,1.9087964548213245,0.09050706000387623,0.13262109785774379
96,7.0,6.5,13,1,1.9087964548213245,0.12291554677049306,0.08469425906395736
96,7.0,6.5,13,2,1.9087964548213245,0.1439740583321267,0.10530355670493673
96,7.0,6.5,13,3,1.9087964548213245,0.0985659344365745,0.11744506351405534
96,7.0,6.5,13,4,1.9087964548213245,0.14263051878816715,0.1410666191048187
96,7.0,6.5,13,5,1.9087964548213245,0.07668122897123532,0.10220380882864416
96,7.0,6.5,13,6,1.9087964548213245,0.09458801838762171,0.1222951179274516
96,7.0,6.5,13,7,1.9087964548213245,0.06722602915600112,0.12774467441739093
96,7.0,6.5,13,8,1.9087964548213245,0.14240151258919345,0.08354847762205499
96,7.0,6.5,13,9,1.9087964548213245,0.09351708606834666,0.1410707744045861
96,7.0,6.5,13,10,1.9087964548213245,0.11268654139152162,0.12051428954723198
96,7.0,6.5,13,11,1.9087964548213245,0.09190686619638425,0.12229366627754691
96,7.0,6.5,13,12,1.9087964548213245,0.13541325068174706,0.10601023415694023
96,7.0,6.5,13,13,1.9087964548213245,0.12480959940104276,0.11405316951815812
96,7.0,6.5,13,14,1.9087964548213245,0.0997064349820773,0.09436679915503876
96,7.0,6.5,13,15,1.9087964548213245,0.08572175692496257,0.1499702696931011
96,7.0,8.0,14,0,1.5508971195423262,0.121857456447619,0.10349283305224062
96,7.0,8.0,14,1,1.5508971195423262,0.09802110422911205,0.11697187977247858
96,7.0,8.0,14,2,1.5508971195423262,0.0793696003896375,0.10372662402962453
96,7.0,8.0,14,3,1.5508971195423262,0.11461176830413501,0.12037816895611075
96,7.0,8.0,14,4,1.5508971195423262,0.11939213488451696,0.11003397231466414
96,7.0,8.0,14,5,1.5508971195423262,0.11461652078614265,0.09935806846906182
96,7.0,8.0,14,6,1.5508971195423262,0.09569307808423841,0.0873686253453676
96,7.0,8.0,14,7,1.5508971195423262,0.08100989662883512,0.08267830901637485
96,7.0,8.0,14,8,1.5508971195423262,0.10144888339674371,0.08972205404444758
96,7.0,8.0,14,9,1.5508971195423262,0.10572463233653392,0.08613656221619512
96,7.0,8.0,14,10,1.5508971195423262,0.08072711760807738,0.08871056531757562
96,7.0,8.0,14,11,1.5508971195423262,0.11462111011510927,0.10350145761380947
96,7.0,8.0,14,12,1.5508971195423262,0.10283765607395867,0.08848434397675853
96,7.0,8.0,14,13,1.5508971195423262,0.09381637783172984,0.09537127233059121
96,7.0,8.0,14,14,1.5508971195423262,0.08612679056222977,0.09157928396582729
96,7.0,8.0,14,15,1.5508971195423262,0.1169695669467031,0.08369366203892149
96,7.0,12.0,15,0,1.0339314130282176,0.056288819298838076,0.08123233453782897
96,7.0,12.0,15,1,1.0339314130282176,0.0764089623301677,0.07798365098785992
96,7.0,12.0,15,2,1.0339314130282176,0.07721347509956326,0.0711265389693738
96,7.0,12.0,15,3,1.0339314130282176,0.06623312789395193,0.06541243628668668
96,7.0,12.0,15,4,1.0339314130282176,0.06900392177459337,0.06760665915507921
96,7.0,12.0,15,5,1.0339314130282176,0.06483729420524421,0.06358674577407016
96,7.0,12.0,15,6,1.0339314130282176,0.058256618671595206,0.0715313737959833
96,7.0,12.0,15,7,1.0339314130282176,0.059809229495459394,0.0770516882071844
96,7.0,12.0,15,8,1.0339314130282176,0.0812380024616897,0.0662419040262443
96,7.0,12.0,15,9,1.0339314130282176,0.08006961042275172,0.07640251276460411
96,7.0,12.0,15,10,1.0339314130282176,0.06813611578987205,0.07546987807487242
96,7.0,12.0,15,11,1.0339314130282176,0.0649037111530099,0.0733488701361484
96,7.0,12.0,15,12,1.0339314130282176,0.06900360389893619,0.06472165180321272
96,7.0,12.0,15,13,1.0339314130282176,0.07798730542352801,0.07335905121974336
96,7.0,12.0,15,14,1.0339314130282176,0.08291089750376271,0.07335586492180457
96,7.0,12.0,15,15,1.0339314130282176,0.07320300134212786,0.06420699020046555
96,7.0,20.0,16,0,0.6203588478169305,0.048626147137843,0.04584794826211365
96,7.0,20.0,16,1,0.6203588478169305,0.04584756857548122,0.048741215052629336
96,7.0,20.0,16,2,0.6203588478169305,0.04775689130878334,0.04584352604917287
96,7.0,20.0,16,3,0.6203588478169305,0.04584305930966294,0.048741969370178974
96,7.0,20.0,16,4,0.6203588478169305,0.041402893611888654,0.04873833081549106
96,7.0,20.0,16,5,0.6203588478169305,0.04874252205699305,0.045758874671080606
96,7.0,20.0,16,6,0.6203588478169305,0.04974423468562461,0.04584726215744396
96,7.0,20.0,16,7,0.6203588478169305,0.043126359214173314,0.04465285083702637
96,7.0,20.0,16,8,0.6203588478169305,0.04874103311720666,0.04837847627782986
96,7.0,20.0,16,9,0.6203588478169305,0.04874062508248309,0.047755091671724446
96,7.0,20.0,16,10,0.6203588478169305,0.04777482797068511,0.04974680386200224
96,7.0,20.0,16,11,0.6203588478169305,0.0431215173632802,0.04678979090472209
96,7.0,20.0,16,12,0.6203588478169305,0.04974330602450174,0.04775688054922665
96,7.0,20.0,16,13,0.6203588478169305,0.04679189185092257,0.04679219086254545
96,7.0,20.0,16,14,0.6203588478169305,0.04874235088070783,0.04874161005025124
96,7.0,20.0,16,15,0.6203588478169305,0.049745488268320814,0.048740536309117975
128,3.0,0.25,0,0,21.269446210866192,0.4220785344944069,0.8005828905564292
128,3.0,0.25,0,1,21.269446210866192,0.5778025029142962,0.6046814888975485
128,3.0,0.25,0,2,21.269446210866192,0.980341390129877,0.847327468643078
128,3.0,0.25,0,3,21.269446210866192,0.7778755177619017,0.9990598420433228
128,3.0,0.25,0,4,21.269446210866192,0.7486309981916331,0.7998689103274474
128,3.0,0.25,0,5,21.269446210866192,0.7848548984373173,0.8321131038686056
128,3.0,0.25,0,6,21.269446210866192,0.6025548260670235,1.2573050958490977
128,3.0,0.25,0,7,21.269446210866192,0.6406751937170496,0.7096663118528614
128,3.0,0.25,0,8,21.269446210866192,0.9411149207809621,0.8474106573493367
128,3.0,0.25,0,9,21.269446210866192,0.7611083695023828,0.8875038994219351
128,3.0,0.25,0,10,21.269446210866192,0.7173141351051529,1.0930011271098325
128,3.0,0.25,0,11,21.269446210866192,0.7008379686014603,0.640271064686873
128,3.0,0.25,0,12,21.269446210866192,0.7340236784773572,0.8896256796778841
128,3.0,0.25,0,13,21.269446210866192,0.7822244499741957,0.5498332478701828
128,3.0,0.25,0,14,21.269446210866192,0.8747782962251559,0.9976253206145904
128,3.0,0.25,0,15,21.269446210866192,1.0576597840658475,0.48196133499927196
128,3.0,0.35,1,0,15.19246157919014,0.493870716143247,0.5300717205829
128,3.0,0.35,1,1,15.19246157919014,0.5393758888344979,0.49640337070034835
128,3.0,0.35,1,2,15.19246157919014,0.4569240088343656,0.6530341557951597
128,3.0,0.35,1,3,15.19246157919014,0.5738799251860834,0.7106003864916441
128,3.0,0.35,1,4,15.19246157919014,0.914784952371476,0.7494176689167076
128,3.0,0.35,1,5,15.19246157919014,0.561580077457361,0.6056781419055213
128,3.0,0.35,1,6,15.19246157919014,0.6490940587226226,0.5542886174979463
128,3.0,0.35,1,7,15.19246157919014,0.38240758702817945,0.41860471388683407
128,3.0,0.35,1,8,15.19246157919014,0.44817191072464707,0.7435694582813388
128,3.0,0.35,1,9,15.19246157919014,0.7770291646132774,0.8948169373764262
128,3.0,0.35,1,10,15.19246157919014,0.4738771731153756,0.788405926281671
128,3.0,0.35,1,11,15.19246157919014,0.5396009404975503,0.5008820927522031
128,3.0,0.35,1,12,15.19246157919014,0.8713060912115539,0.5488208648467633
128,3.0,0.35,1,13,15.19246157919014,0.588351916244288,0.8588135253236128
128,3.0,0.35,1,14,15.19246157919014,0.4673239655621469,0.8686177713178705
128,3.0,0.35,1,15,15.19246157919014,0.6777932976315366,0.44596887938684654
128,3.0,0.5,2,0,10.634723105433096,0.47512176096187714,0.425879009168488
128,3.0,0.5,2,1,10.634723105433096,0.2272477471102217,0.4425939883769812
128,3.0,0.5,2,2,10.634723105433096,0.5807773696270052,0.24050532451242446
128,3.0,0.5,2,3,10.634723105433096,0.8313227327945705,0.30389275162544743
128,3.0,0.5,2,4,10.634723105433096,0.35029988368381637,0.47887806531137495
128,3.0,0.5,2,5,10.634723105433096,0.3725543307189406,0.4950690424597568
128,3.0,0.5,2,6,10.634723105433096,0.5475836491833754,0.38301095296962456
128,3.0,0.5,2,7,10.634723105433096,0.8928680203427624,0.647953332240494
128,3.0,0.5,2,8,10.634723105433096,0.644475054333185,0.7257895375396608
128,3.0,0.5,2,9,10.634723105433096,0.7249188954988864,0.3789522202141705
128,3.0,0.5,2,10,10.634723105433096,0.7059762540380983,0.4703154511567096
128,3.0,0.5,2,11,10.634723105433096,0.7485281093090665,0.2239244765173698
128,3.0,0.5,2,12,10.634723105433096,0.46594239475568244,0.19264555931604824
128,3.0,0.5,2,13,10.634723105433096,0.3313720680046581,0.3625802266084416
128,3.0,0.5,2,14,10.634723105433096,0.5198514182549333,0.2443287719682778
128,3.0,0.5,2,15,10.634723105433096,0.43531057393501105,0.574609759562019
128,3.0,0.5,2,16,10.634723105433096,0.6304583028924825,0.25689808038233586
128,3.0,0.5,2,17,10.634723105433096,0.6475084275535591,0.5619465117995992
128,3.0,0.5,2,18,10.634723105433096,0.5744892739711741,0.2596159119494493
128,3.0,0.5,2,19,10.634723105433096,0.31317202301886404,0.6345990234648242
128,3.0,0.5,2,20,10.634723105433096,0.8965982885042647,0.694945123175844
128,3.0,0.5,2,21,10.634723105433096,0.4295189419315696,0.3517246614373828
128,3.0,0.5,2,22,10.634723105433096,0.8195015564681365,0.33496987808575174
128,3.0,0.5,2,23,10.634723105433096,0.5747351847043762,0.41121343649568676
128,3.0,0.5,2,24,10.634723105433096,0.4970566852602678,0.36750560329426524
128,3.0,0.5,2,25,10.634723105433096,0.45658176743142687,0.19541049183926903
128,3.0,0.5,2,26,10.634723105433096,0.4547961477855684,0.514994587645272
128,3.0,0.5,2,27,10.634723105433096,0.5900797678556979,0.3777022028666016
128,3.0,0.5,2,28,10.634723105433096,0.24865877341917475,0.2699471236432236
128,3.0,0.5,2,29,10.634723105433096,0.34617622322935815,0.2208933374563976
128,3.0,0.5,2,30,10.634723105433096,0.4628336724498452,1.027300106246875
128,3.0,0.5,2,31,10.634723105433096,0.3672643853281755,0.5189513174156156
128,3.0,0.5,2,32,10.634723105433096,0.881096293260365,0.1293731748055144
128,3.0,0.5,2,33,10.634723105433096,0.5298620613370691,0.4340857829134231
128,3.0,0.5,2,34,10.634723105433096,0.5002507496367847,0.2559702024900029
128,3.0,0.5,2,35,10.634723105433096,0.4883013915283927,0.35548797346019656
128,3.0,0.5,2,36,10.634723105433096,0.5216582707176527,0.36168846722366244
128,3.0,0.5,2,37,10.634723105433096,0.17290676245468029,0.768000305971487
128,3.0,0.5,2,38,10.634723105433096,0.5375947486611458,0.4884410459479644
128,3.0,0.5,2,39,10.634723105433096,0.5841843582880396,0.32287225293479205
128,3.0,0.5,2,40,10.634723105433096,0.5898624873739717,0.6604862206104573
128,3.0,0.5,2,41,10.634723105433096,0.6376806033849735,0.2982018624275665
128,3.0,0.5,2,42,10.634723105433096,0.16675422541247686,0.4379153637673474
128,3.0,0.5,2,43,10.634723105433096,0.5121057867460326,0.3024775765231745
128,3.0,0.5,2,44,10.634723105433096,0.4061627107024233,0.3905150994047986
128,3.0,0.5,2,45,10.634723105433096,0.5408028207794409,0.20458938931445145
128,3.0,0.5,2,46,10.634723105433096,0.6426025859527228,0.6487212069876855
128,3.0,0.5,2,47,10.634723105433096,0.7516908260347254,0.6008546599568385
128,3.0,0.5,2,48,10.634723105433096,0.49845030482967234,0.6237991607161332
128,3.0,0.5,2,49,10.634723105433096,0.21190897315852025,0.1674640450732589
128,3.0,0.5,2,50,10.634723105433096,0.340520683475804,0.5945120208459107
128,3.0,0.5,2,51,10.634723105433096,0.49994047995189234,0.2304678050888026
128,3.0,0.5,2,52,10.634723105433096,0.5495591595618907,0.7668771429266379
128,3.0,0.5,2,53,10.634723105433096,0.3473687698486446,0.5826030314510977
128,3.0,0.5,2,54,10.634723105433096,0.49070677914486566,0.18800722221575833
128,3.0,0.5,2,55,10.634723105433096,0.31399160628677586,0.44715196281072034
128,3.0,0.5,2,56,10.634723105433096,0.5548547116663339,0.2764924416173927
128,3.0,0.5,2,57,10.634723105433096,0.40454351811097883,0.1412330091467811
128,3.0,0.5,2,58,10.634723105433096,0.3639662931626444,0.10476522885685775
128,3.0,0.5,2,59,10.634723105433096,1.0724286935202123,0.40535205792885765
128,3.0,0.5,2,60,10.634723105433096,0.32287319977144935,0.6719270456665952
128,3.0,0.5,2,61,10.634723105433096,0.5096792584220349,0.3844495921142881
128,3.0,0.5,2,62,10.634723105433096,0.2771454301175635,0.4213980852327408
128,3.0,0.5,2,63,10.634723105433096,0.766041226440038,0.39598046179574203
128,3.0,0.65,3,0,8.180556234948535,0.16033819008618994,0.4556486357130698
128,3.0,0.65,3,1,8.180556234948535,0.7129199322965999,0.47020968468235835
128,3.0,0.65,3,2,8.180556234948535,0.4701794554094709,0.30614244984055816
128,3.0,0.65,3,3,8.180556234948535,0.48052342635825473,0.09206244192878062
128,3.0,0.65,3,4,8.180556234948535,0.27903169200147876,0.2928134577920354
128,3.0,0.65,3,5,8.180556234948535,0.5035214181504459,0.42735654640602344
128,3.0,0.65,3,6,8.180556234948535,0.12205274207951891,0.2964484756474512
128,3.0,0.65,3,7,8.180556234948535,0.3894580963767836,0.20498890108525816
128,3.0,0.65,3,8,8.180556234948535,0.3887585028060098,0.32726326323931104
128,3.0,0.65,3,9,8.180556234948535,0.26054147817261136,0.17048512883801387
128,3.0,0.65,3,10,8.180556234948535,0.42066775749229635,0.2567886811247198
128,3.0,0.65,3,11,8.180556234948535,0.761562186914714,0.12610373048633977
128,3.0,0.65,3,12,8.180556234948535,0.29718212596452526,0.1810063254980939
128,3.0,0.65,3,13,8.180556234948535,0.6943602109505073,0.42165289725229765
128,3.0,0.65,3,14,8.180556234948535,0.2550873671936598,0.4242374824093476
128,3.0,0.65,3,15,8.180556234948535,0.20675518199047876,0.4111869273640318
128,3.0,0.65,3,16,8.180556234948535,0.23169564681999452,0.360786519790314
128,3.0,0.65,3,17,8.180556234948535,0.4202591965992098,0.19265144482677926
128,3.0,0.65,3,18,8.180556234948535,0.6049145115904874,0.15301785031949255
128,3.0,0.65,3,19,8.180556234948535,0.16469798193597138,0.48278214947106796
128,3.0,0.65,3,20,8.180556234948535,0.48772937124487103,0.3323885905704772
128,3.0,0.65,3,21,8.180556234948535,0.48182005061612615,0.25925986043685934
128,3.0,0.65,3,22,8.180556234948535,0.39354879763351563,0.34172268840301523
128,3.0,0.65,3,23,8.180556234948535,0.2247266716442792,0.4613620782089883
128,3.0,0.65,3,24,8.180556234948535,0.46500508894578,0.3125371857668832
128,3.0,0.65,3,25,8.180556234948535,0.13174203041848187,0.4765145284551352
128,3.0,0.65,3,26,8.180556234948535,0.48417188672162476,0.416008515224242
128,3.0,0.65,3,27,8.180556234948535,0.24232666205866102,0.3816203858884731
128,3.0,0.65,3,28,8.180556234948535,0.20024205672989775,0.2997235832696566
128,3.0,0.65,3,29,8.180556234948535,0.35478134230204555,0.15070494072853316
128,3.0,0.65,3,30,8.180556234948535,0.21213716453443143,0.27882952140005673
128,3.0,0.65,3,31,8.180556234948535,0.6459441052202726,0.49900422702826674
128,3.0,0.65,3,32,8.180556234948535,0.3066487902277503,0.37068601453884703
128,3.0,0.65,3,33,8.180556234948535,0.31938924114575284,0.14694844966541323
128,3.0,0.65,3,34,8.180556234948535,0.2718471058403267,0.3453052547655352
128,3.0,0.65,3,35,8.180556234948535,0.20785932861287468,0.18800746659120127
128,3.0,0.65,3,36,8.180556234948535,0.11647093509498073,0.17198477443319912
128,3.0,0.65,3,37,8.180556234948535,0.35287829524745057,0.3320138881074859
128,3.0,0.65,3,38,8.180556234948535,0.20556908274902577,0.4987759337198413
128,3.0,0.65,3,39,8.180556234948535,0.24702837242704004,0.25598707344564825
128,3.0,0.65,3,40,8.180556234948535,0.20226262996846964,0.1431545583039342
128,3.0,0.65,3,41,8.180556234948535,0.32937931076434906,0.23838155776243156
128,3.0,0.65,3,42,8.180556234948535,0.16678663716872838,0.18294400163491387
128,3.0,0.65,3,43,8.180556234948535,0.34182437970655066,0.3096738521224903
128,3.0,0.65,3,44,8.180556234948535,0.13586609499170868,0.34186171224372164
128,3.0,0.65,3,45,8.180556234948535,0.513476833249345,0.20597258695946136
128,3.0,0.65,3,46,8.180556234948535,0.29717949889615924,0.1373802988546019
128,3.0,0.65,3,47,8.180556234948535,0.6194466346617347,0.14092921286960078
128,3.0,0.65,3,48,8.180556234948535,0.18241751547654142,0.4223897274798071
128,3.0,0.65,3,49,8.180556234948535,0.35102200364227887,0.44155424492667833
128,3.0,0.65,3,50,8.180556234948535,0.3391300392944067,0.39116270402552894
128,3.0,0.65,3,51,8.180556234948535,0.29887263331924785,0.258288242732198
128,3.0,0.65,3,52,8.180556234948535,0.39690095374753215,0.44222007580223344
128,3.0,0.65,3,53,8.180556234948535,0.12463287316607777,0.16336952473534816
128,3.0,0.65,3,54,8.180556234948535,0.2651796401530312,0.5365784680422276
128,3.0,0.65,3,55,8.180556234948535,0.2866522323918157,0.3654391472894839
128,3.0,0.65,3,56,8.180556234948535,0.2675985161843427,0.13539847863452717
128,3.0,0.65,3,57,8.180556234948535,0.39221104360137815,0.12037007853319333
128,3.0,0.65,3,58,8.180556234948535,0.3645691207156998,0.5265681201070396
128,3.0,0.65,3,59,8.180556234948535,0.4530848386538315,0.5904695909347739
128,3.0,0.65,3,60,8.180556234948535,0.47693225481029045,0.21342741376526048
128,3.0,0.65,3,61,8.180556234948535,0.36531397987053404,0.7191930548223562
128,3.0,0.65,3,62,8.180556234948535,0.2818028420893994,0.5023077099665346
128,3.0,0.65,3,63,8.180556234948535,0.40628733399031314,0.24336592480570748
128,3.0,0.8,4,0,6.646701940895685,0.2677691813372371,0.2774478528063843
128,3.0,0.8,4,1,6.646701940895685,0.27273098732623663,0.49195586305570344
128,3.0,0.8,4,2,6.646701940895685,0.10651568409509861,0.14523198951552713
128,3.0,0.8,4,3,6.646701940895685,0.10334017646690535,0.23276378505583772
128,3.0,0.8,4,4,6.646701940895685,0.8885525406650049,0.5555186329603504
128,3.0,0.8,4,5,6.646701940895685,0.1690996952871775,0.25644696664611033
128,3.0,0.8,4,6,6.646701940895685,0.37045425906428175,0.12571289022555573
128,3.0,0.8,4,7,6.646701940895685,0.27183406083000894,0.33272963282805573
128,3.0,0.8,4,8,6.646701940895685,0.17283862796365365,0.11755918415998802
128,3.0,0.8,4,9,6.646701940895685,0.20853443653351308,0.23990173740092754
128,3.0,0.8,4,10,6.646701940895685,0.4014336321706989,0.1773872898885165
128,3.0,0.8,4,11,6.646701940895685,0.24287288203315494,0.10993352260112649
128,3.0,0.8,4,12,6.646701940895685,0.4156534146331026,0.0962469862712195
128,3.0,0.8,4,13,6.646701940895685,0.3030460522664541,0.3069272274836897
128,3.0,0.8,4,14,6.646701940895685,0.1498548562420733,0.0898931920994174
128,3.0,0.8,4,15,6.646701940895685,0.3271682505726052,0.1120570044983184
128,3.0,0.8,4,16,6.646701940895685,0.09365466282948529,0.08775116758106448
128,3.0,0.8,4,17,6.646701940895685,0.1924328754723265,0.14580150641520676
128,3.0,0.8,4,18,6.646701940895685,0.16886859865895068,0.21454655426822836
128,3.0,0.8,4,19,6.646701940895685,0.3080520747810886,0.16310077147902136
128,3.0,0.8,4,20,6.646701940895685,0.1753785274587894,0.5194789004301572
128,3.0,0.8,4,21,6.646701940895685,0.3262372182861843,0.16867188633163138
128,3.0,0.8,4,22,6.646701940895685,0.7363638379279327,0.14378000720492004
128,3.0,0.8,4,23,6.646701940895685,0.43389028185153594,0.11657850316349648
128,3.0,0.8,4,24,6.646701940895685,0.1721241586331131,0.43767668749390093
128,3.0,0.8,4,25,6.646701940895685,0.3890474348171903,0.49726220246519753
128,3.0,0.8,4,26,6.646701940895685,0.08925760870657713,0.2103157072451
128,3.0,0.8,4,27,6.646701940895685,0.3652206969370724,0.4270983128783544
128,3.0,0.8,4,28,6.646701940895685,0.11688030096743396,0.10823443892891864
128,3.0,0.8,4,29,6.646701940895685,0.11528207274918811,0.11372796075192558
128,3.0,0.8,4,30,6.646701940895685,0.18243986856746552,0.28985751233987456
128,3.0,0.8,4,31,6.646701940895685,0.14257408490636905,0.3637385802627822
128,3.0,0.8,4,32,6.646701940895685,0.5330566565164493,0.4097093547686746
128,3.0,0.8,4,33,6.646701940895685,0.22760894427596912,0.2175035934557673
128,3.0,0.8,4,34,6.646701940895685,0.24438813170421667,0.17041694604760085
128,3.0,0.8,4,35,6.646701940895685,0.10508132621076681,0.08612367768967406
128,3.0,0.8,4,36,6.646701940895685,0.4654713559972011,0.4669959709270939
128,3.0,0.8,4,37,6.646701940895685,0.11782197163184706,0.17557205129294545
128,3.0,0.8,4,38,6.646701940895685,0.18460684685566697,0.13334332791182893
128,3.0,0.8,4,39,6.646701940895685,0.43003228996770626,0.17105566044391077
128,3.0,0.8,4,40,6.646701940895685,0.14356366951241264,0.08712699853837581
128,3.0,0.8,4,41,6.646701940895685,0.7674627755482141,0.21252336238074168
128,3.0,0.8,4,42,6.646701940895685,0.7658546014571932,0.6980786790423199
128,3.0,0.8,4,43,6.646701940895685,0.2696532795860017,0.0982060622001308
128,3.0,0.8,4,44,6.646701940895685,0.2966485299903343,0.10388164264405603
128,3.0,0.8,4,45,6.646701940895685,0.3081887058925064,0.17873165975522534
128,3.0,0.8,4,46,6.646701940895685,0.4361807068832202,0.5437790117859371
128,3.0,0.8,4,47,6.646701940895685,0.350877566861794,0.22447687898824514
128,3.0,0.8,4,48,6.646701940895685,0.126805695538666,0.4992088586581202
128,3.0,0.8,4,49,6.646701940895685,0.11792601539340061,0.2696510054714104
128,3.0,0.8,4,50,6.646701940895685,0.39961086785156225,0.16446540920331007
128,3.0,0.8,4,51,6.646701940895685,0.26477534439439526,0.3395967056673971
128,3.0,0.8,4,52,6.646701940895685,0.46029188883670397,0.3379318912065941
128,3.0,0.8,4,53,6.646701940895685,0.21011774010304426,0.420748087610634
128,3.0,0.8,4,54,6.646701940895685,0.1306628077687881,0.3088322216023148
128,3.0,0.8,4,55,6.646701940895685,0.22897944919282062,0.1357243939101729
128,3.0,0.8,4,56,6.646701940895685,0.10848675531118777,0.2355791469546959
128,3.0,0.8,4,57,6.646701940895685,0.4149036481569766,0.22524254166343466
128,3.0,0.8,4,58,6.646701940895685,0.32576190000031396,0.21184009554458608
128,3.0,0.8,4,59,6.646701940895685,0.26718924399715893,0.12308832967458334
128,3.0,0.8,4,60,6.646701940895685,0.26826701157343863,0.15087303176126962
128,3.0,0.8,4,61,6.646701940895685,0.17294162389342466,0.15716248483295397
128,3.0,0.8,4,62,6.646701940895685,0.39237013236641444,0.5103436992032335
128,3.0,0.8,4,63,6.646701940895685,0.2560548749541419,0.20779929407462805
128,3.0,1.0,5,0,5.317361552716548,0.15344511752373446,0.1837081090668814
128,3.0,1.0,5,1,5.317361552716548,0.28568180493404255,0.09677725222410644
128,3.0,1.0,5,2,5.317361552716548,0.20295092276590573,0.22656583316654288
128,3.0,1.0,5,3,5.317361552716548,0.08152848585383052,0.2328665206163073
128,3.0,1.0,5,4,5.317361552716548,0.07181249472042346,0.10390385078501498
128,3.0,1.0,5,5,5.317361552716548,0.11309662502217858,0.14913591739763862
128,3.0,1.0,5,6,5.317361552716548,0.2102721898799096,0.30307088716439645
128,3.0,1.0,5,7,5.317361552716548,0.07955156772165159,0.10990273275700255
128,3.0,1.0,5,8,5.317361552716548,0.11806946969816337,0.20523729390631854
128,3.0,1.0,5,9,5.317361552716548,0.20680944064604184,0.14755133760441252
128,3.0,1.0,5,10,5.317361552716548,0.13377858175723706,0.1971650912358065
128,3.0,1.0,5,11,5.317361552716548,0.21148538695015132,0.25779254941057983
128,3.0,1.0,5,12,5.317361552716548,0.2546585852760357,0.13442688153817167
128,3.0,1.0,5,13,5.317361552716548,0.10812177876898012,0.23880687020405333
128,3.0,1.0,5,14,5.317361552716548,0.3164116032856221,0.44581796366947635
128,3.0,1.0,5,15,5.317361552716548,0.14781303789893802,0.16978576002076873
128,3.0,1.0,5,16,5.317361552716548,0.09059297323752755,0.1557382497093079
128,3.0,1.0,5,17,5.317361552716548,0.5391496141745863,0.2747656969650683
128,3.0,1.0,5,18,5.317361552716548,0.19107507933798362,0.10217585097091413
128,3.0,1.0,5,19,5.317361552716548,0.3139258537582731,0.3201730650867839
128,3.0,1.0,5,20,5.317361552716548,0.1323207970752908,0.07374182900838566
128,3.0,1.0,5,21,5.317361552716548,0.11346071898302314,0.097346047166942
128,3.0,1.0,5,22,5.317361552716548,0.14972255771854004,0.23342033619938057
128,3.0,1.0,5,23,5.317361552716548,0.19829890793343355,0.12872356524345938
128,3.0,1.0,5,24,5.317361552716548,0.47441199248998045,0.20217506724019121
128,3.0,1.0,5,25,5.317361552716548,0.13368455309530108,0.1319687435440635
128,3.0,1.0,5,26,5.317361552716548,0.187843660840272,0.5512600330641374
128,3.0,1.0,5,27,5.317361552716548,0.2084568806323688,0.391489645180668
128,3.0,1.0,5,28,5.317361552716548,0.6968847872240505,0.1758200805417759
128,3.0,1.0,5,29,5.317361552716548,0.10167487498599799,0.18398769286892677
128,3.0,1.0,5,30,5.317361552716548,0.07131871390469646,0.09020215363835998
128,3.0,1.0,5,31,5.317361552716548,0.13738375824923021,0.2901957070872937
128,3.0,1.0,5,32,5.317361552716548,0.17976801441406323,0.22360369645976785
128,3.0,1.0,5,33,5.317361552716548,0.06142422809239623,0.11848045336767271
128,3.0,1.0,5,34,5.317361552716548,0.15276780494212158,0.1189474750518627
128,3.0,1.0,5,35,5.317361552716548,0.136510595247528,0.14327022209240398
128,3.0,1.0,5,36,5.317361552716548,0.11616900331886264,0.13362807946663333
128,3.0,1.0,5,37,5.317361552716548,0.24744769739833425,0.10709217668214012
128,3.0,1.0,5,38,5.317361552716548,0.17708911611550687,0.1688592575383931
128,3.0,1.0,5,39,5.317361552716548,0.10078774421636938,0.09047208236430496
128,3.0,1.0,5,40,5.317361552716548,0.21666671556919226,0.19315511276938707
128,3.0,1.0,5,41,5.317361552716548,0.20706389002205988,0.36024370090830427
128,3.0,1.0,5,42,5.317361552716548,0.20366271992167922,0.11268153829864538
128,3.0,1.0,5,43,5.317361552716548,0.08979930638857168,0.18061479740756697
128,3.0,1.0,5,44,5.317361552716548,0.24823848567733914,0.15668362377622047
128,3.0,1.0,5,45,5.317361552716548,0.11026987156290145,0.09149860630445389
128,3.0,1.0,5,46,5.317361552716548,0.3193577961847477,0.12950683401284746
128,3.0,1.0,5,47,5.317361552716548,0.11340193862033199,0.09667326821092892
128,3.0,1.0,5,48,5.317361552716548,0.09339363680934865,0.25642550534777564
128,3.0,1.0,5,49,5.317361552716548,0.09936095800745612,0.07575419497631945
128,3.0,1.0,5,50,5.317361552716548,0.205445348025028,0.5231768704382174
128,3.0,1.0,5,51,5.317361552716548,0.09153613696568763,0.14866318267464163
128,3.0,1.0,5,52,5.317361552716548,0.15279696415644334,0.20914565111603506
128,3.0,1.0,5,53,5.317361552716548,0.18408536292995195,0.23587777154739195
128,3.0,1.0,5,54,5.317361552716548,0.17454560896436083,0.10907427495584483
128,3.0,1.0,5,55,5.317361552716548,0.20823856050228612,0.1273392475064306
128,3.0,1.0,5,56,5.317361552716548,0.2201778033252349,0.1798908180635702
128,3.0,1.0,5,57,5.317361552716548,0.2077978512179482,0.22127034977039034
128,3.0,1.0,5,58,5.317361552716548,0.22934474314004072,0.7934420835535518
128,3.0,1.0,5,59,5.317361552716548,0.12221555512274512,0.1494234352865757
128,3.0,1.0,5,60,5.317361552716548,0.2647841284943968,0.21169404621295648
128,3.0,1.0,5,61,5.317361552716548,0.23955383447006184,0.0844302996975132
128,3.0,1.0,5,62,5.317361552716548,0.2560022126094639,0.19382089906415395
128,3.0,1.0,5,63,5.317361552716548,0.4460379528761794,0.4586654080947151
128,3.0,1.25,6,0,4.253889242173239,0.17612472167050575,0.1534811775613833
128,3.0,1.25,6,1,4.253889242173239,0.16350483975989896,0.17183325439275157
128,3.0,1.25,6,2,4.253889242173239,0.15389535806298976,0.07130914691780736
128,3.0,1.25,6,3,4.253889242173239,0.14103917201924093,0.2557554509517945
128,3.0,1.25,6,4,4.253889242173239,0.08433624072356871,0.08436200594170581
128,3.0,1.25,6,5,4.253889242173239,0.321181820897906,0.0934537030229238
128,3.0,1.25,6,6,4.253889242173239,0.09897565283337474,0.086449840166826
128,3.0,1.25,6,7,4.253889242173239,0.09983378287524089,0.1881955237536042
128,3.0,1.25,6,8,4.253889242173239,0.0929685146357722,0.08746345549455832
128,3.0,1.25,6,9,4.253889242173239,0.23133804537967562,0.17407768653607136
128,3.0,1.25,6,10,4.253889242173239,0.14276128033537594,0.15627511544362047
128,3.0,1.25,6,11,4.253889242173239,0.218465708359538,0.1604531287390788
128,3.0,1.25,6,12,4.253889242173239,0.2720470337854054,0.2053899996581081
128,3.0,1.25,6,13,4.253889242173239,0.22509805224621554,0.07746187197258532
128,3.0,1.25,6,14,4.253889242173239,0.19408992640080144,0.11827463866831552
128,3.0,1.25,6,15,4.253889242173239,0.1472457234361734,0.21476250779184386
128,3.0,1.25,6,16,4.253889242173239,0.20733190420700218,0.1093191835884455
128,3.0,1.25,6,17,4.253889242173239,0.1351101128888565,0.10813776705493958
128,3.0,1.25,6,18,4.253889242173239,0.2827523103529311,0.13096242458842275
128,3.0,1.25,6,19,4.253889242173239,0.13772166402069302,0.0626843826599192
128,3.0,1.25,6,20,4.253889242173239,0.0741654454440007,0.07684953908576701
128,3.0,1.25,6,21,4.253889242173239,0.35202228753505943,0.30340545083126347
128,3.0,1.25,6,22,4.253889242173239,0.11700067144161794,0.09115673564668256
128,3.0,1.25,6,23,4.253889242173239,0.2409266986667427,0.07390838117973211
128,3.0,1.25,6,24,4.253889242173239,0.1114150787757486,0.2886393663649781
128,3.0,1.25,6,25,4.253889242173239,0.16343339698115522,0.10462558458567403
128,3.0,1.25,6,26,4.253889242173239,0.18525100905976974,0.1645308141934678
128,3.0,1.25,6,27,4.253889242173239,0.09864855350485131,0.1373351775074741
128,3.0,1.25,6,28,4.253889242173239,0.24383159783580483,0.144210904185323
128,3.0,1.25,6,29,4.253889242173239,0.06529595954060081,0.11562184836595564
128,3.0,1.25,6,30,4.253889242173239,0.2211687096678805,0.42582699688850045
128,3.0,1.25,6,31,4.253889242173239,0.18729633724362924,0.3436156088008141
128,3.0,1.25,6,32,4.253889242173239,0.09654119029425443,0.17353580485402806
128,3.0,1.25,6,33,4.253889242173239,0.1395114736603614,0.33882423908145115
128,3.0,1.25,6,34,4.253889242173239,0.2505372541899681,0.20783223956027194
128,3.0,1.25,6,35,4.253889242173239,0.14006591000020346,0.1554200633337265
128,3.0,1.25,6,36,4.253889242173239,0.10918500032972163,0.08896312297671141
128,3.0,1.25,6,37,4.253889242173239,0.10045408055746374,0.22742446249269702
128,3.0,1.25,6,38,4.253889242173239,0.1446114093889463,0.08716271995061972
128,3.0,1.25,6,39,4.253889242173239,0.09087540772981992,0.09760721379069803
128,3.0,1.25,6,40,4.253889242173239,0.16744558198117238,0.306314213785779
128,3.0,1.25,6,41,4.253889242173239,0.1357365384462999,0.3007611816981698
128,3.0,1.25,6,42,4.253889242173239,0.13456790911420147,0.18199222372762755
128,3.0,1.25,6,43,4.253889242173239,0.2314709249119476,0.07686214840821284
128,3.0,1.25,6,44,4.253889242173239,0.10668698318539963,0.1646500778802257
128,3.0,1.25,6,45,4.253889242173239,0.21827774944076714,0.18380934547567884
128,3.0,1.25,6,46,4.253889242173239,0.10088694514443297,0.09835320132637439
128,3.0,1.25,6,47,4.253889242173239,0.15186547408679624,0.10832602104033287
128,3.0,1.25,6,48,4.253889242173239,0.1452505503372282,0.33315123892128984
128,3.0,1.25,6,49,4.253889242173239,0.1752016621240448,0.19663644305858186
128,3.0,1.25,6,50,4.253889242173239,0.45430360864905206,0.2862063718104982
128,3.0,1.25,6,51,4.253889242173239,0.10366213580651933,0.14628230515920965
128,3.0,1.25,6,52,4.253889242173239,0.2103810740757769,0.1676384588329491
128,3.0,1.25,6,53,4.253889242173239,0.1116376977062877,0.16393962879048019
128,3.0,1.25,6,54,4.253889242173239,0.07814036950831497,0.13562305958952614
128,3.0,1.25,6,55,4.253889242173239,0.054238720303793356,0.08200225131773362
128,3.0,1.25,6,56,4.253889242173239,0.07788534479054096,0.16165014657456386
128,3.0,1.25,6,57,4.253889242173239,0.14069834314840915,0.10140192821517062
128,3.0,1.25,6,58,4.253889242173239,0.13194042557002716,0.28864285428358627
128,3.0,1.25,6,59,4.253889242173239,0.24731486838781533,0.1418900021519977
128,3.0,1.25,6,60,4.253889242173239,0.1748280165997504,0.1129373318574971
128,3.0,1.25,6,61,4.253889242173239,0.4509177863418916,0.3775379048728552
128,3.0,1.25,6,62,4.253889242173239,0.08256693619337928,0.6962673075363441
128,3.0,1.25,6,63,4.253889242173239,0.20974080634216047,0.16744553133084192
128,3.0,1.6,7,0,3.3233509704478426,0.06547872742075395,0.1193129619406569
128,3.0,1.6,7,1,3.3233509704478426,0.11946172509382537,0.2252731034395627
128,3.0,1.6,7,2,3.3233509704478426,0.11517156755775919,0.12680082411773974
128,3.0,1.6,7,3,3.3233509704478426,0.0641251584268573,0.11963728076120023
128,3.0,1.6,7,4,3.3233509704478426,0.31148820357655127,0.06483618551665957
128,3.0,1.6,7,5,3.3233509704478426,0.11686495407706742,0.22363532798935543
128,3.0,1.6,7,6,3.3233509704478426,0.08253074922393408,0.0851323615281531
128,3.0,1.6,7,7,3.3233509704478426,0.10780603390538972,0.06487438211984695
128,3.0,1.6,7,8,3.3233509704478426,0.2588871268680339,0.11693964049686152
128,3.0,1.6,7,9,3.3233509704478426,0.06694832487250113,0.15174543045891292
128,3.0,1.6,7,10,3.3233509704478426,0.07673858461109385,0.08224437379023133
128,3.0,1.6,7,11,3.3233509704478426,0.09947584574396695,0.07795205003630619
128,3.0,1.6,7,12,3.3233509704478426,0.12040842305556056,0.08690026132470303
128,3.0,1.6,7,13,3.3233509704478426,0.18225741036146806,0.16485752128214126
128,3.0,1.6,7,14,3.3233509704478426,0.07789722826432334,0.0632785327404661
128,3.0,1.6,7,15,3.3233509704478426,0.1170028014057705,0.1112617886374169
128,3.0,1.6,7,16,3.3233509704478426,0.08152527106561706,0.06122979787475677
128,3.0,1.6,7,17,3.3233509704478426,0.05781169027269555,0.10254254643994691
128,3.0,1.6,7,18,3.3233509704478426,0.27922881815667167,0.07056855951061317
128,3.0,1.6,7,19,3.3233509704478426,0.12222873731503632,0.07053585471080234
128,3.0,1.6,7,20,3.3233509704478426,0.17904578012785374,0.07351020525579346
128,3.0,1.6,7,21,3.3233509704478426,0.12368234716759882,0.0745583353534066
128,3.0,1.6,7,22,3.3233509704478426,0.11424569034789343,0.11465069384952871
128,3.0,1.6,7,23,3.3233509704478426,0.1675399096680004,0.141864835161287
128,3.0,1.6,7,24,3.3233509704478426,0.1650677720899421,0.07106496025443558
128,3.0,1.6,7,25,3.3233509704478426,0.14303805602433392,0.11055442144882494
128,3.0,1.6,7,26,3.3233509704478426,0.11656422568827138,0.0998044309559163
128,3.0,1.6,7,27,3.3233509704478426,0.31077382234940565,0.12131654527008098
128,3.0,1.6,7,28,3.3233509704478426,0.08525136314515645,0.11479274837828848
128,3.0,1.6,7,29,3.3233509704478426,0.13465861499122858,0.15871946188313535
128,3.0,1.6,7,30,3.3233509704478426,0.061556575747770646,0.11070846862340454
128,3.0,1.6,7,31,3.3233509704478426,0.1226682428041707,0.2580559010292584
128,3.0,1.6,7,32,3.3233509704478426,0.15678706840800144,0.17446558601276435
128,3.0,1.6,7,33,3.3233509704478426,0.09098665879667729,0.05894214053116028
128,3.0,1.6,7,34,3.3233509704478426,0.06630389561208452,0.11476725436376127
128,3.0,1.6,7,35,3.3233509704478426,0.05041603954029019,0.08037936446244331
128,3.0,1.6,7,36,3.3233509704478426,0.05314722279614548,0.13495067242470102
128,3.0,1.6,7,37,3.3233509704478426,0.07380673813996663,0.08388288777239401
128,3.0,1.6,7,38,3.3233509704478426,0.17468772039426955,0.17046055226882323
128,3.0,1.6,7,39,3.3233509704478426,0.09125937322724557,0.0659448621111338
128,3.0,1.6,7,40,3.3233509704478426,0.12902477365435183,0.4134002073078936
128,3.0,1.6,7,41,3.3233509704478426,0.2768465606569251,0.20010696892117077
128,3.0,1.6,7,42,3.3233509704478426,0.1118501728080624,0.22805878920980382
128,3.0,1.6,7,43,3.3233509704478426,0.2426988566643732,0.1921162684349973
128,3.0,1.6,7,44,3.3233509704478426,0.10276415819178118,0.14499838885899996
128,3.0,1.6,7,45,3.3233509704478426,0.07971199684366799,0.19267391001347212
128,3.0,1.6,7,46,3.3233509704478426,0.12197899610931866,0.10173398362959617
128,3.0,1.6,7,47,3.3233509704478426,0.08209108100249829,0.11482403078782659
128,3.0,1.6,7,48,3.3233509704478426,0.09001002963724761,0.05067079409925215
128,3.0,1.6,7,49,3.3233509704478426,0.2600979484375518,0.1027179691081877
128,3.0,1.6,7,50,3.3233509704478426,0.2035198334113627,0.15288361053440883
128,3.0,1.6,7,51,3.3233509704478426,0.13151337870053215,0.10934532131481699
128,3.0,1.6,7,52,3.3233509704478426,0.127385719738581,0.0942177102173847
128,3.0,1.6,7,53,3.3233509704478426,0.09552409940710986,0.3006335607613953
128,3.0,1.6,7,54,3.3233509704478426,0.088499607558206,0.14939499646660728
128,3.0,1.6,7,55,3.3233509704478426,0.1383471026794437,0.20844826257291185
128,3.0,1.6,7,56,3.3233509704478426,0.13046410938708486,0.22366672714531805
128,3.0,1.6,7,57,3.3233509704478426,0.127031483138011,0.11053650852504561
128,3.0,1.6,7,58,3.3233509704478426,0.1403072024321802,0.20705396544034865
128,3.0,1.6,7,59,3.3233509704478426,0.11082828216678126,0.10397287156633808
128,3.0,1.6,7,60,3.3233509704478426,0.12923782425608896,0.07130075011090185
128,3.0,1.6,7,61,3.3233509704478426,0.0493998817692502,0.13059645034836193
128,3.0,1.6,7,62,3.3233509704478426,0.0943207882477703,0.07746270562898666
128,3.0,1.6,7,63,3.3233509704478426,0.07688400017612881,0.07930036696265196
128,3.0,2.0,8,0,2.658680776358274,0.11652588597761222,0.07105985117686815
128,3.0,2.0,8,1,2.658680776358274,0.08529328453476664,0.0982282218857829
128,3.0,2.0,8,2,2.658680776358274,0.06103669896178315,0.08740676520449384
128,3.0,2.0,8,3,2.658680776358274,0.08977305159927927,0.15666014560808214
128,3.0,2.0,8,4,2.658680776358274,0.09464122572272907,0.1581690524759383
128,3.0,2.0,8,5,2.658680776358274,0.08851868225611315,0.14513369608356708
128,3.0,2.0,8,6,2.658680776358274,0.07905505682418043,0.052819502919291654
128,3.0,2.0,8,7,2.658680776358274,0.05264098710763761,0.08437509159824341
128,3.0,2.0,8,8,2.658680776358274,0.12013382115797916,0.1077955831372388
128,3.0,2.0,8,9,2.658680776358274,0.09637758656719539,0.15622201157971538
128,3.0,2.0,8,10,2.658680776358274,0.0734297396925492,0.1181613970191181
128,3.0,2.0,8,11,2.658680776358274,0.1006689256638376,0.09800313545281364
128,3.0,2.0,8,12,2.658680776358274,0.07288977641735134,0.08573056245381824
128,3.0,2.0,8,13,2.658680776358274,0.10813573888465147,0.087831482653323
128,3.0,2.0,8,14,2.658680776358274,0.09927142497808972,0.1161125563584836
128,3.0,2.0,8,15,2.658680776358274,0.13819478322985806,0.09828896685556476
128,3.0,2.0,8,16,2.658680776358274,0.11038275311717513,0.15978173742397705
128,3.0,2.0,8,17,2.658680776358274,0.06690941887962382,0.11237686961464763
128,3.0,2.0,8,18,2.658680776358274,0.06285175016486994,0.11474608845812773
128,3.0,2.0,8,19,2.658680776358274,0.06570700758665553,0.07104854675300648
128,3.0,2.0,8,20,2.658680776358274,0.06614084621067853,0.10741381586187335
128,3.0,2.0,8,21,2.658680776358274,0.05604411249173652,0.08216666164102418
128,3.0,2.0,8,22,2.658680776358274,0.09163813113269861,0.11025542924217713
128,3.0,2.0,8,23,2.658680776358274,0.08996172127916702,0.07449288564567466
128,3.0,2.0,8,24,2.658680776358274,0.06334386657838945,0.12732292087824132
128,3.0,2.0,8,25,2.658680776358274,0.21996916328819988,0.25436189169178225
128,3.0,2.0,8,26,2.658680776358274,0.05272906213246732,0.08947469844089878
128,3.0,2.0,8,27,2.658680776358274,0.1417757606238591,0.07336620669219657
128,3.0,2.0,8,28,2.658680776358274,0.08007279655321864,0.10386833163415155
128,3.0,2.0,8,29,2.658680776358274,0.06984591625851894,0.11588960986741509
128,3.0,2.0,8,30,2.658680776358274,0.12854102991830343,0.1190442564497188
128,3.0,2.0,8,31,2.658680776358274,0.13803644201250945,0.2313584309567116
128,3.0,2.0,8,32,2.658680776358274,0.14596536456593823,0.05396255766128669
128,3.0,2.0,8,33,2.658680776358274,0.13414474250716774,0.047134489484882504
128,3.0,2.0,8,34,2.658680776358274,0.12210768680206768,0.069500572007104
128,3.0,2.0,8,35,2.658680776358274,0.13166287930985845,0.10808841314632024
128,3.0,2.0,8,36,2.658680776358274,0.08089074382008625,0.09336706753178978
128,3.0,2.0,8,37,2.658680776358274,0.11471791461259453,0.0814626117891778
128,3.0,2.0,8,38,2.658680776358274,0.1574225974550366,0.11470528343801242
128,3.0,2.0,8,39,2.658680776358274,0.05599476576965774,0.14224220569806922
128,3.0,2.0,8,40,2.658680776358274,0.1484322323290052,0.24682583067496688
128,3.0,2.0,8,41,2.658680776358274,0.08221660980471857,0.12981200581852287
128,3.0,2.0,8,42,2.658680776358274,0.10956647528211072,0.1596381653060219
128,3.0,2.0,8,43,2.658680776358274,0.16042988716223702,0.09180547271862144
128,3.0,2.0,8,44,2.658680776358274,0.0556899815793183,0.10096522382251778
128,3.0,2.0,8,45,2.658680776358274,0.16010058654435394,0.11475093938937471
128,3.0,2.0,8,46,2.658680776358274,0.10447271494383953,0.14323883538515264
128,3.0,2.0,8,47,2.658680776358274,0.08173128503703955,0.18477512875247287
128,3.0,2.0,8,48,2.658680776358274,0.0880409493558029,0.0844937806715775
128,3.0,2.0,8,49,2.658680776358274,0.06793473908982131,0.13496075365144397
128,3.0,2.0,8,50,2.658680776358274,0.11650583143498494,0.08888166130749692
128,3.0,2.0,8,51,2.658680776358274,0.2147002800409706,0.15447782092419823
128,3.0,2.0,8,52,2.658680776358274,0.3465303164211089,0.16008505099229625
128,3.0,2.0,8,53,2.658680776358274,0.06355149301870783,0.05591093021159322
128,3.0,2.0,8,54,2.658680776358274,0.06310705883154649,0.05533397261941985
128,3.0,2.0,8,55,2.658680776358274,0.07061853680742267,0.0718175323844451
128,3.0,2.0,8,56,2.658680776358274,0.11326205253340915,0.14325533411400615
128,3.0,2.0,8,57,2.658680776358274,0.09277076446166876,0.0959027702144731
128,3.0,2.0,8,58,2.658680776358274,0.06869629958377216,0.10388124556167279
128,3.0,2.0,8,59,2.658680776358274,0.11035603672430193,0.07451471871571423
128,3.0,2.0,8,60,2.658680776358274,0.07158361620913699,0.10249102122859238
128,3.0,2.0,8,61,2.658680776358274,0.30525990246916956,0.07067092695104246
128,3.0,2.0,8,62,2.658680776358274,0.07162671929505277,0.24392642688343336
128,3.0,2.0,8,63,2.658680776358274,0.079837861317665,0.08218614026024246
128,3.0,2.5,9,0,2.1269446210866194,0.13216592883496853,0.38904513799873613
128,3.0,2.5,9,1,2.1269446210866194,0.0698787278829808,0.10576620405946886
128,3.0,2.5,9,2,2.1269446210866194,0.06300451021525277,0.14903554837785812
128,3.0,2.5,9,3,2.1269446210866194,0.05385276983890702,0.1135015908190502
128,3.0,2.5,9,4,2.1269446210866194,0.08394082312025655,0.12402318462321282
128,3.0,2.5,9,5,2.1269446210866194,0.13910660999599397,0.09685832164366168
128,3.0,2.5,9,6,2.1269446210866194,0.11253894665189787,0.20392063816730782
128,3.0,2.5,9,7,2.1269446210866194,0.10545301535428316,0.24944017366188492
128,3.0,2.5,9,8,2.1269446210866194,0.06573799679422701,0.0643425708271087
128,3.0,2.5,9,9,2.1269446210866194,0.11461572647925115,0.05670522481623521
128,3.0,2.5,9,10,2.1269446210866194,0.058380500221258645,0.0920847374673064
128,3.0,2.5,9,11,2.1269446210866194,0.12527293739242412,0.0505787399864819
128,3.0,2.5,9,12,2.1269446210866194,0.05946487252621187,0.14809628373403108
128,3.0,2.5,9,13,2.1269446210866194,0.15419613309801292,0.11846377458548318
128,3.0,2.5,9,14,2.1269446210866194,0.13654582619567512,0.1881174845449965
128,3.0,2.5,9,15,2.1269446210866194,0.062155375240347574,0.10156696609420228
128,3.0,2.5,9,16,2.1269446210866194,0.07851993236123736,0.06547363010640375
128,3.0,2.5,9,17,2.1269446210866194,0.1426486691732191,0.05311104565177181
128,3.0,2.5,9,18,2.1269446210866194,0.04525461043208571,0.1729687883604462
128,3.0,2.5,9,19,2.1269446210866194,0.06397277768209944,0.06163160227493969
128,3.0,2.5,9,20,2.1269446210866194,0.08607866565087675,0.07444315203014502
128,3.0,2.5,9,21,2.1269446210866194,0.1393260670635795,0.1787549724454633
128,3.0,2.5,9,22,2.1269446210866194,0.04931313181712477,0.08414274876621179
128,3.0,2.5,9,23,2.1269446210866194,0.14482007481926318,0.18590835257840993
128,3.0,2.5,9,24,2.1269446210866194,0.13038087772380774,0.18894972589844733
128,3.0,2.5,9,25,2.1269446210866194,0.07316617615246615,0.2323190066539576
128,3.0,2.5,9,26,2.1269446210866194,0.08496619331061597,0.06950921307850597
128,3.0,2.5,9,27,2.1269446210866194,0.05104647794773583,0.12353060724275648
128,3.0,2.5,9,28,2.1269446210866194,0.0837310788099427,0.09318700290605522
128,3.0,2.5,9,29,2.1269446210866194,0.11463373550622573,0.0931636654947475
128,3.0,2.5,9,30,2.1269446210866194,0.039150524882688185,0.15811292984023223
128,3.0,2.5,9,31,2.1269446210866194,0.0625826811405393,0.1269152363850051
128,3.0,2.5,9,32,2.1269446210866194,0.07267161334881304,0.06297929061849987
128,3.0,2.5,9,33,2.1269446210866194,0.04644779014891944,0.06031323097058805
128,3.0,2.5,9,34,2.1269446210866194,0.10750288055350428,0.127462878019936
128,3.0,2.5,9,35,2.1269446210866194,0.05600748563304601,0.10755981572612713
128,3.0,2.5,9,36,2.1269446210866194,0.05413879497826966,0.19110357830111782
128,3.0,2.5,9,37,2.1269446210866194,0.10638457584598866,0.1188074961795869
128,3.0,2.5,9,38,2.1269446210866194,0.21531381999454496,0.13690920828687592
128,3.0,2.5,9,39,2.1269446210866194,0.14314717906719174,0.07232262554100473
128,3.0,2.5,9,40,2.1269446210866194,0.12803393392065104,0.08935864848739912
128,3.0,2.5,9,41,2.1269446210866194,0.05798447548286827,0.13978032621520786
128,3.0,2.5,9,42,2.1269446210866194,0.05506007283818378,0.10783958864424874
128,3.0,2.5,9,43,2.1269446210866194,0.10508513280222198,0.06575972339073224
128,3.0,2.5,9,44,2.1269446210866194,0.05628950845955936,0.07095791884214606
128,3.0,2.5,9,45,2.1269446210866194,0.07965486431485691,0.12289316184101415
128,3.0,2.5,9,46,2.1269446210866194,0.06568519029770196,0.10120820957874103
128,3.0,2.5,9,47,2.1269446210866194,0.0646562762731051,0.06473360015594648
128,3.0,2.5,9,48,2.1269446210866194,0.13184627005637264,0.06982208092517002
128,3.0,2.5,9,49,2.1269446210866194,0.07622083163336348,0.12565871972117018
128,3.0,2.5,9,50,2.1269446210866194,0.07903626417448659,0.0798620118727694
128,3.0,2.5,9,51,2.1269446210866194,0.10300405624282596,0.04789323271424388
128,3.0,2.5,9,52,2.1269446210866194,0.17083020093267776,0.084566320507708
128,3.0,2.5,9,53,2.1269446210866194,0.07674762012510368,0.08393165442208865
128,3.0,2.5,9,54,2.1269446210866194,0.06578340318955966,0.07919893890182378
128,3.0,2.5,9,55,2.1269446210866194,0.07879124684987267,0.08106167162902159
128,3.0,2.5,9,56,2.1269446210866194,0.05861245539401623,0.12590021228557488
128,3.0,2.5,9,57,2.1269446210866194,0.08046008204906523,0.06977764871319715
128,3.0,2.5,9,58,2.1269446210866194,0.050857911610804794,0.21218973534245303
128,3.0,2.5,9,59,2.1269446210866194,0.03899851560659373,0.11385898094319927
128,3.0,2.5,9,60,2.1269446210866194,0.08361642839907427,0.07419109879535965
128,3.0,2.5,9,61,2.1269446210866194,0.05546880782753729,0.09188099028162537
128,3.0,2.5,9,62,2.1269446210866194,0.10796325571863541,0.08265662921773251
128,3.0,2.5,9,63,2.1269446210866194,0.10490444751647718,0.08793236633796
128,3.0,3.2,10,0,1.6616754852239213,0.05969883919330695,0.06362546764264139
128,3.0,3.2,10,1,1.6616754852239213,0.08724382504541141,0.07178507845574772
128,3.0,3.2,10,2,1.6616754852239213,0.07173820562754615,0.2433766573177648
128,3.0,3.2,10,3,1.6616754852239213,0.06499316190578674,0.14682333043034276
128,3.0,3.2,10,4,1.6616754852239213,0.05714579176307717,0.05027362843453552
128,3.0,3.2,10,5,1.6616754852239213,0.07169383607120869,0.19925922033301158
128,3.0,3.2,10,6,1.6616754852239213,0.0801231917881096,0.055482106033592715
128,3.0,3.2,10,7,1.6616754852239213,0.05137834328400207,0.07117101651020687
128,3.0,3.2,10,8,1.6616754852239213,0.05739783662262231,0.11542377350748995
128,3.0,3.2,10,9,1.6616754852239213,0.09219634702330576,0.10089499967217117
128,3.0,3.2,10,10,1.6616754852239213,0.10350900775052571,0.07254745336081339
128,3.0,3.2,10,11,1.6616754852239213,0.25549926698473296,0.11181396775261747
128,3.0,3.2,10,12,1.6616754852239213,0.08193061385837554,0.09244251924517786
128,3.0,3.2,10,13,1.6616754852239213,0.053464588250538715,0.08953370527913836
128,3.0,3.2,10,14,1.6616754852239213,0.07170340509539976,0.09257682127076639
128,3.0,3.2,10,15,1.6616754852239213,0.1567749191622695,0.09261341231416541
128,3.0,3.2,10,16,1.6616754852239213,0.09772880193429541,0.13088386240630515
128,3.0,3.2,10,17,1.6616754852239213,0.05149817572736309,0.08814535818108556
128,3.0,3.2,10,18,1.6616754852239213,0.04487304789926039,0.0631436952875683
128,3.0,3.2,10,19,1.6616754852239213,0.1419723687486567,0.12679331386827358
128,3.0,3.2,10,20,1.6616754852239213,0.04374985007810591,0.09006981969317036
128,3.0,3.2,10,21,1.6616754852239213,0.04646565900739219,0.07894134385649797
128,3.0,3.2,10,22,1.6616754852239213,0.06089809540172596,0.043846332229757624
128,3.0,3.2,10,23,1.6616754852239213,0.08011241654164954,0.08389142791304482
128,3.0,3.2,10,24,1.6616754852239213,0.07979009900818154,0.07726293059984066
128,3.0,3.2,10,25,1.6616754852239213,0.15605346819155683,0.12717553234796966
128,3.0,3.2,10,26,1.6616754852239213,0.0898157405859651,0.13493836196066997
128,3.0,3.2,10,27,1.6616754852239213,0.05734615335882398,0.07962085418712177
128,3.0,3.2,10,28,1.6616754852239213,0.13774385589810922,0.2719484461233017
128,3.0,3.2,10,29,1.6616754852239213,0.04500449385053782,0.14568757660802728
128,3.0,3.2,10,30,1.6616754852239213,0.09871411091081368,0.04899152312294276
128,3.0,3.2,10,31,1.6616754852239213,0.06997360368410199,0.077442365988597
128,3.0,3.2,10,32,1.6616754852239213,0.11005242764918939,0.060192128460197954
128,3.0,3.2,10,33,1.6616754852239213,0.24338745684253435,0.05449465651841859
128,3.0,3.2,10,34,1.6616754852239213,0.064684548891984,0.08008797381677424
128,3.0,3.2,10,35,1.6616754852239213,0.08955580739611849,0.08011288062462107
128,3.0,3.2,10,36,1.6616754852239213,0.05613690124223192,0.06636342093514115
128,3.0,3.2,10,37,1.6616754852239213,0.07553347040572296,0.06193832792990862
128,3.0,3.2,10,38,1.6616754852239213,0.11171382576218576,0.07813505602820454
128,3.0,3.2,10,39,1.6616754852239213,0.23603663704797315,0.12302978990265553
128,3.0,3.2,10,40,1.6616754852239213,0.07226032657698575,0.07532951349547304
128,3.0,3.2,10,41,1.6616754852239213,0.04560011500808831,0.0588970551724327
128,3.0,3.2,10,42,1.6616754852239213,0.058194055579544844,0.11034926258559295
128,3.0,3.2,10,43,1.6616754852239213,0.09907266100519109,0.07082168999346942
128,3.0,3.2,10,44,1.6616754852239213,0.09142029950934741,0.06563773547603981
128,3.0,3.2,10,45,1.6616754852239213,0.056768896041612685,0.2058426584470987
128,3.0,3.2,10,46,1.6616754852239213,0.05522090569931231,0.1560572984364377
128,3.0,3.2,10,47,1.6616754852239213,0.06251811038702954,0.04271579969311719
128,3.0,3.2,10,48,1.6616754852239213,0.07168695142962113,0.07331496189459076
128,3.0,3.2,10,49,1.6616754852239213,0.05947467935038031,0.1363237393714976
128,3.0,3.2,10,50,1.6616754852239213,0.06073152362192349,0.06341499412948963
128,3.0,3.2,10,51,1.6616754852239213,0.10982878980526495,0.06501293605566709
128,3.0,3.2,10,52,1.6616754852239213,0.10164808409475361,0.07180921165343686
128,3.0,3.2,10,53,1.6616754852239213,0.130063363515115,0.10285060555388738
128,3.0,3.2,10,54,1.6616754852239213,0.15604895858110204,0.12253241352021017
128,3.0,3.2,10,55,1.6616754852239213,0.08159362851848706,0.0759285144865109
128,3.0,3.2,10,56,1.6616754852239213,0.1479686963666052,0.1375520100784946
128,3.0,3.2,10,57,1.6616754852239213,0.06225731567722133,0.1126126305596443
128,3.0,3.2,10,58,1.6616754852239213,0.08418445677933756,0.12859906719841538
128,3.0,3.2,10,59,1.6616754852239213,0.06870169957994925,0.11181091096606813
128,3.0,3.2,10,60,1.6616754852239213,0.052524095593262106,0.09253085510615482
128,3.0,3.2,10,61,1.6616754852239213,0.08534091989119456,0.11059257903509814
128,3.0,3.2,10,62,1.6616754852239213,0.05587077043208344,0.139650719808017
128,3.0,3.2,10,63,1.6616754852239213,0.08489276138462264,0.11322258645339996
128,3.0,4.0,11,0,1.329340388179137,0.12609453762738237,0.09806867881654219
128,3.0,4.0,11,1,1.329340388179137,0.06787389374413118,0.0854017335305772
128,3.0,4.0,11,2,1.329340388179137,0.06610279209825648,0.05148524033001708
128,3.0,4.0,11,3,1.329340388179137,0.08249230377269887,0.11877803356195288
128,3.0,4.0,11,4,1.329340388179137,0.07845361521414815,0.04946580619233964
128,3.0,4.0,11,5,1.329340388179137,0.07575539188149011,0.05683472669550847
128,3.0,4.0,11,6,1.329340388179137,0.08775787598436599,0.10230798519018003
128,3.0,4.0,11,7,1.329340388179137,0.059807866970177606,0.09652951205639218
128,3.0,4.0,11,8,1.329340388179137,0.1613840799527223,0.057352407451923826
128,3.0,4.0,11,9,1.329340388179137,0.12481874243877408,0.07293494256442412
128,3.0,4.0,11,10,1.329340388179137,0.05881191271973048,0.09276592135792461
128,3.0,4.0,11,11,1.329340388179137,0.05225073603374732,0.11853071982786953
128,3.0,4.0,11,12,1.329340388179137,0.046221088237884206,0.0894559532667468
128,3.0,4.0,11,13,1.329340388179137,0.09550398802896981,0.06617013026592582
128,3.0,4.0,11,14,1.329340388179137,0.056780843427873325,0.044960592818430144
128,3.0,4.0,11,15,1.329340388179137,0.054209387668337494,0.0827993247395071
128,3.0,4.0,11,16,1.329340388179137,0.08943807232320806,0.08375059388290594
128,3.0,4.0,11,17,1.329340388179137,0.049364601334421554,0.1448669261726227
128,3.0,4.0,11,18,1.329340388179137,0.09271984184624082,0.1674096221299628
128,3.0,4.0,11,19,1.329340388179137,0.07671621796254732,0.08729609378724289
128,3.0,4.0,11,20,1.329340388179137,0.057340594600653536,0.11817298698379997
128,3.0,4.0,11,21,1.329340388179137,0.04899747868605148,0.054709839408215846
128,3.0,4.0,11,22,1.329340388179137,0.12981197558594781,0.09402610603871983
128,3.0,4.0,11,23,1.329340388179137,0.08946253897258563,0.08677358330437762
128,3.0,4.0,11,24,1.329340388179137,0.0800495202275513,0.06907980572795339
128,3.0,4.0,11,25,1.329340388179137,0.05908320726939629,0.046706089321174024
128,3.0,4.0,11,26,1.329340388179137,0.05852473615146711,0.05886342339662036
128,3.0,4.0,11,27,1.329340388179137,0.0663990123854892,0.04369359331977185
128,3.0,4.0,11,28,1.329340388179137,0.052991808681508885,0.08809142116613006
128,3.0,4.0,11,29,1.329340388179137,0.06516579418693988,0.09833364488651837
128,3.0,4.0,11,30,1.329340388179137,0.06658483744905375,0.055310991687556266
128,3.0,4.0,11,31,1.329340388179137,0.0802847226957285,0.10460955865177887
128,3.0,4.0,11,32,1.329340388179137,0.057364585606478474,0.06838220459047326
128,3.0,4.0,11,33,1.329340388179137,0.04151453575011363,0.10133699480828809
128,3.0,4.0,11,34,1.329340388179137,0.048281016662809075,0.04905269113090773
128,3.0,4.0,11,35,1.329340388179137,0.054497091754458174,0.13550133844797346
128,3.0,4.0,11,36,1.329340388179137,0.06346760870816967,0.06056809268119079
128,3.0,4.0,11,37,1.329340388179137,0.08944581531799317,0.10396121027163592
128,3.0,4.0,11,38,1.329340388179137,0.1322378629452135,0.08505026915014044
128,3.0,4.0,11,39,1.329340388179137,0.07829774601017103,0.08751212358572309
128,3.0,4.0,11,40,1.329340388179137,0.053175976959634635,0.08716502186587224
128,3.0,4.0,11,41,1.329340388179137,0.1169534679089864,0.06872993167369958
128,3.0,4.0,11,42,1.329340388179137,0.06294043507470029,0.08548264713606751
128,3.0,4.0,11,43,1.329340388179137,0.05482708713412766,0.07162947987034105
128,3.0,4.0,11,44,1.329340388179137,0.075583796690186,0.06420874779784531
128,3.0,4.0,11,45,1.329340388179137,0.05946117275254681,0.07232908018389035
128,3.0,4.0,11,46,1.329340388179137,0.06786589811058442,0.09793422388023613
128,3.0,4.0,11,47,1.329340388179137,0.04259358949199002,0.03830133480248915
128,3.0,4.0,11,48,1.329340388179137,0.03428758298023718,0.11401459123238356
128,3.0,4.0,11,49,1.329340388179137,0.042861781436346766,0.07994412115569592
128,3.0,4.0,11,50,1.329340388179137,0.08173062036544138,0.06729899567889092
128,3.0,4.0,11,51,1.329340388179137,0.0853762441701296,0.12272348255819973
128,3.0,4.0,11,52,1.329340388179137,0.08587289002285678,0.04776686271288637
128,3.0,4.0,11,53,1.329340388179137,0.09799304156300143,0.08351836492867441
128,3.0,4.0,11,54,1.329340388179137,0.07357803597567852,0.10781131788612033
128,3.0,4.0,11,55,1.329340388179137,0.07505629122107602,0.08945074937475743
128,3.0,4.0,11,56,1.329340388179137,0.16694793934831195,0.08134457958584568
128,3.0,4.0,11,57,1.329340388179137,0.07949140487274667,0.045731453242124576
128,3.0,4.0,11,58,1.329340388179137,0.111692687049206,0.0660349428269847
128,3.0,4.0,11,59,1.329340388179137,0.10459273283662775,0.05904593257881702
128,3.0,4.0,11,60,1.329340388179137,0.06228577289841945,0.08810343218608938
128,3.0,4.0,11,61,1.329340388179137,0.05617668389951971,0.046052187173050076
128,3.0,4.0,11,62,1.329340388179137,0.057175192439324604,0.11374027780371113
128,3.0,4.0,11,63,1.329340388179137,0.15589057425468547,0.08917189538450224
128,3.0,5.0,12,0,1.0634723105433097,0.04418958462397556,0.06398532982722249
128,3.0,5.0,12,1,1.0634723105433097,0.08279884727234524,0.11891207037721818
128,3.0,5.0,12,2,1.0634723105433097,0.046410122741192675,0.045894691849769575
128,3.0,5.0,12,3,1.0634723105433097,0.047464510766666954,0.069580917187742
128,3.0,5.0,12,4,1.0634723105433097,0.0615000011456166,0.08019051094098388
128,3.0,5.0,12,5,1.0634723105433097,0.07261313691689739,0.05729773296256768
128,3.0,5.0,12,6,1.0634723105433097,0.07449703579541642,0.05552612555889699
128,3.0,5.0,12,7,1.0634723105433097,0.04166120058617985,0.07995259111306048
128,3.0,5.0,12,8,1.0634723105433097,0.08562474562610212,0.14612975565544054
128,3.0,5.0,12,9,1.0634723105433097,0.07840203772940041,0.1234269097811487
128,3.0,5.0,12,10,1.0634723105433097,0.08538287064419317,0.1498678132728286
128,3.0,5.0,12,11,1.0634723105433097,0.17405983094999983,0.05742066538422238
128,3.0,5.0,12,12,1.0634723105433097,0.0560557841468177,0.06814804107301731
128,3.0,5.0,12,13,1.0634723105433097,0.0970129974735838,0.11639277936077463
128,3.0,5.0,12,14,1.0634723105433097,0.054799796901022456,0.06403280079273466
128,3.0,5.0,12,15,1.0634723105433097,0.053949490560179315,0.06849300951386711
128,3.0,5.0,12,16,1.0634723105433097,0.07018921421611789,0.09644398287315055
128,3.0,5.0,12,17,1.0634723105433097,0.057460553862445175,0.06404258628708324
128,3.0,5.0,12,18,1.0634723105433097,0.04457742913907144,0.09921892103693981
128,3.0,5.0,12,19,1.0634723105433097,0.06618407268008716,0.07671370767738646
128,3.0,5.0,12,20,1.0634723105433097,0.05127802531380592,0.047635463821019235
128,3.0,5.0,12,21,1.0634723105433097,0.1945272678653845,0.09646990995879665
128,3.0,5.0,12,22,1.0634723105433097,0.07140792410571314,0.07123233087207714
128,3.0,5.0,12,23,1.0634723105433097,0.06262322857810734,0.07406564259974657
128,3.0,5.0,12,24,1.0634723105433097,0.1235651072306813,0.08106569598595363
128,3.0,5.0,12,25,1.0634723105433097,0.06128592852172228,0.06503569683529971
128,3.0,5.0,12,26,1.0634723105433097,0.10572356928330198,0.06316807730903946
128,3.0,5.0,12,27,1.0634723105433097,0.03649909465998593,0.049508022491763094
128,3.0,5.0,12,28,1.0634723105433097,0.08087130456198759,0.08411168827382882
128,3.0,5.0,12,29,1.0634723105433097,0.08908317609824357,0.050325110845739006
128,3.0,5.0,12,30,1.0634723105433097,0.06566069028670372,0.053077030098799424
128,3.0,5.0,12,31,1.0634723105433097,0.0712559674485234,0.04604789333974635
128,3.0,5.0,12,32,1.0634723105433097,0.05379692707173147,0.06895462096493443
128,3.0,5.0,12,33,1.0634723105433097,0.08580905311599295,0.08828471529843887
128,3.0,5.0,12,34,1.0634723105433097,0.13848021472986086,0.08845046270233256
128,3.0,5.0,12,35,1.0634723105433097,0.11886562027062461,0.12357734055918349
128,3.0,5.0,12,36,1.0634723105433097,0.040298477401420355,0.06511645828605565
128,3.0,5.0,12,37,1.0634723105433097,0.03563197829064411,0.1202200387122283
128,3.0,5.0,12,38,1.0634723105433097,0.05018734594037496,0.06403636983739802
128,3.0,5.0,12,39,1.0634723105433097,0.05958817739163693,0.06404488120024945
128,3.0,5.0,12,40,1.0634723105433097,0.0640210721506186,0.052492374381962914
128,3.0,5.0,12,41,1.0634723105433097,0.13034806298953097,0.07530440865445276
128,3.0,5.0,12,42,1.0634723105433097,0.09779570890298774,0.13938016039394124
128,3.0,5.0,12,43,1.0634723105433097,0.04988837067120129,0.06181790877016633
128,3.0,5.0,12,44,1.0634723105433097,0.05276557432410265,0.08886342919829907
128,3.0,5.0,12,45,1.0634723105433097,0.07717580773918867,0.04866664347267727
128,3.0,5.0,12,46,1.0634723105433097,0.04874506678359086,0.06403450513391495
128,3.0,5.0,12,47,1.0634723105433097,0.04148840349135361,0.11233088527179454
128,3.0,5.0,12,48,1.0634723105433097,0.05757637652159507,0.04754363704818505
128,3.0,5.0,12,49,1.0634723105433097,0.0874167422359807,0.08652057378089303
128,3.0,5.0,12,50,1.0634723105433097,0.10027902804710007,0.056525450730601744
128,3.0,5.0,12,51,1.0634723105433097,0.0967521129844805,0.10875409394712192
128,3.0,5.0,12,52,1.0634723105433097,0.08005036577665896,0.06450980559914804
128,3.0,5.0,12,53,1.0634723105433097,0.09985621841685025,0.07520355716161367
128,3.0,5.0,12,54,1.0634723105433097,0.04976133373681164,0.07770901552597939
128,3.0,5.0,12,55,1.0634723105433097,0.04587516510313087,0.03911856325798493
128,3.0,5.0,12,56,1.0634723105433097,0.08713692032903897,0.09539390046392691
128,3.0,5.0,12,57,1.0634723105433097,0.13938288103047497,0.0501978354595644
128,3.0,5.0,12,58,1.0634723105433097,0.08956704202267078,0.08501041293819162
128,3.0,5.0,12,59,1.0634723105433097,0.0640325884364817,0.05731068473222597
128,3.0,5.0,12,60,1.0634723105433097,0.04276347717616709,0.0640309083122751
128,3.0,5.0,12,61,1.0634723105433097,0.1394473394678019,0.044456732556123216
128,3.0,5.0,12,62,1.0634723105433097,0.10640923825247346,0.12590053320804367
128,3.0,5.0,12,63,1.0634723105433097,0.04687174634678293,0.0660275980139314
128,3.0,6.5,13,0,0.8180556234948535,0.043977930103704606,0.07103875643367467
128,3.0,6.5,13,1,0.8180556234948535,0.05765270629981685,0.047117700169096007
128,3.0,6.5,13,2,0.8180556234948535,0.04627182485592591,0.09213414225894229
128,3.0,6.5,13,3,0.8180556234948535,0.09593735571853376,0.09593511908220101
128,3.0,6.5,13,4,0.8180556234948535,0.055041594646958306,0.055037557385381033
128,3.0,6.5,13,5,0.8180556234948535,0.07682572412453943,0.10722484790790979
128,3.0,6.5,13,6,0.8180556234948535,0.053619582829804086,0.1093270181044112
128,3.0,6.5,13,7,0.8180556234948535,0.10720935795521482,0.049328474983308425
128,3.0,6.5,13,8,0.8180556234948535,0.043961411931743855,0.05503466237508474
128,3.0,6.5,13,9,0.8180556234948535,0.06322308491662376,0.04292269677609237
128,3.0,6.5,13,10,0.8180556234948535,0.06649208436025841,0.07254866909766504
128,3.0,6.5,13,11,0.8180556234948535,0.05968304758166192,0.06526314359353241
128,3.0,6.5,13,12,0.8180556234948535,0.057723208328082316,0.07123501031520754
128,3.0,6.5,13,13,0.8180556234948535,0.07683606744176973,0.05990707444955635
128,3.0,6.5,13,14,0.8180556234948535,0.09632358177009087,0.11982523839206373
128,3.0,6.5,13,15,0.8180556234948535,0.08290615796509523,0.047714532108351096
128,3.0,8.0,14,0,0.6646701940895685,0.07795120532173852,0.09735086372404869
128,3.0,8.0,14,1,0.6646701940895685,0.053147520842312806,0.08533649929153296
128,3.0,8.0,14,2,0.6646701940895685,0.05428251880731151,0.0518009295699846
128,3.0,8.0,14,3,0.6646701940895685,0.10834471843721782,0.06249776118057021
128,3.0,8.0,14,4,0.6646701940895685,0.05585059628803891,0.060612731680265784
128,3.0,8.0,14,5,0.6646701940895685,0.06039367667286642,0.08928613005468414
128,3.0,8.0,14,6,0.6646701940895685,0.06190247740193758,0.05157726649373072
128,3.0,8.0,14,7,0.6646701940895685,0.0595471508492801,0.10205669640937806
128,3.0,8.0,14,8,0.6646701940895685,0.04236385334280031,0.0669098361129439
128,3.0,8.0,14,9,0.6646701940895685,0.04485830825266425,0.07996928482337304
128,3.0,8.0,14,10,0.6646701940895685,0.07537682887682655,0.06241651971937262
128,3.0,8.0,14,11,0.6646701940895685,0.04678711090817182,0.04192284559401662
128,3.0,8.0,14,12,0.6646701940895685,0.06241973571876995,0.06178131251920284
128,3.0,8.0,14,13,0.6646701940895685,0.047544530705788346,0.06086691179358018
128,3.0,8.0,14,14,0.6646701940895685,0.0949500003681027,0.052688583418335475
128,3.0,8.0,14,15,0.6646701940895685,0.0879702853349985,0.06309489711155389
128,3.0,12.0,15,0,0.443113462726379,0.049361465092160904,0.041611746525999437
128,3.0,12.0,15,1,0.443113462726379,0.041611292301726596,0.05219050781376322
128,3.0,12.0,15,2,0.443113462726379,0.0630727637662518,0.06472651334566888
128,3.0,12.0,15,3,0.443113462726379,0.03723348276063558,0.05807543722570113
128,3.0,12.0,15,4,0.443113462726379,0.07252813542324306,0.04989468143738631
128,3.0,12.0,15,5,0.443113462726379,0.055845688692693296,0.04161032924363497
128,3.0,12.0,15,6,0.443113462726379,0.041612897975908426,0.03311779004643072
128,3.0,12.0,15,7,0.443113462726379,0.04161855263605007,0.0531309439650551
128,3.0,12.0,15,8,0.443113462726379,0.03771117382333278,0.06490191683061554
128,3.0,12.0,15,9,0.443113462726379,0.03641122563174422,0.04265134666567951
128,3.0,12.0,15,10,0.443113462726379,0.05807569899426913,0.06316637899469477
128,3.0,12.0,15,11,0.443113462726379,0.05218889890923207,0.04161311086316191
128,3.0,12.0,15,12,0.443113462726379,0.033499107812750936,0.05572445679760946
128,3.0,12.0,15,13,0.443113462726379,0.04161310548121497,0.05220912036408593
128,3.0,12.0,15,14,0.443113462726379,0.041605679765833466,0.051968433151096304
128,3.0,12.0,15,15,0.443113462726379,0.06489907274416196,0.04061940657697116
128,3.0,20.0,16,0,0.2658680776358274,0.034841649936634925,0.04351567746464816
128,3.0,20.0,16,1,0.2658680776358274,0.029608352414574178,0.043520246483983595
128,3.0,20.0,16,2,0.2658680776358274,0.03587801993743302,0.03237882119618111
128,3.0,20.0,16,3,0.2658680776358274,0.048633426970217435,0.04275945585758807
128,3.0,20.0,16,4,0.2658680776358274,0.03484112344742968,0.03392211539622729
128,3.0,20.0,16,5,0.2658680776358274,0.0389414696168777,0.038256547668962915
128,3.0,20.0,16,6,0.2658680776358274,0.034845421569393686,0.031051671501176548
128,3.0,20.0,16,7,0.2658680776358274,0.03045947044379721,0.048631850243127904
128,3.0,20.0,16,8,0.2658680776358274,0.04351653954544775,0.048630431522751524
128,3.0,20.0,16,9,0.2658680776358274,0.03643762246201474,0.04445648564698669
128,3.0,20.0,16,10,0.2658680776358274,0.029661079868209574,0.034846346466688084
128,3.0,20.0,16,11,0.2658680776358274,0.036878389862988636,0.048633571843298654
128,3.0,20.0,16,12,0.2658680776358274,0.043516039047869444,0.029220361817062602
128,3.0,20.0,16,13,0.2658680776358274,0.033461622465847295,0.04862951272202205
128,3.0,20.0,16,14,0.2658680776358274,0.031179284385758666,0.03723911624934508
128,3.0,20.0,16,15,0.2658680776358274,0.04351673527856665,0.03568809319855478
128,5.0,0.25,0,0,35.44907701811032,0.9665593304456572,1.088745702598023
128,5.0,0.25,0,1,35.44907701811032,0.7713978193674336,1.2021328694057878
128,5.0,0.25,0,2,35.44907701811032,0.9450313012729329,1.1597454695454272
128,5.0,0.25,0,3,35.44907701811032,1.6237120372268263,1.2634414722826994
128,5.0,0.25,0,4,35.44907701811032,0.7669677627481373,0.9631992223520701
128,5.0,0.25,0,5,35.44907701811032,0.8031651114486057,0.9722065581117015
128,5.0,0.25,0,6,35.44907701811032,0.9425818069086536,1.0487584615259846
128,5.0,0.25,0,7,35.44907701811032,0.6338301614826182,1.101216092430017
128,5.0,0.25,0,8,35.44907701811032,0.975555926152611,0.9686360313510602
128,5.0,0.25,0,9,35.44907701811032,1.5673586235313182,1.3588110027114917
128,5.0,0.25,0,10,35.44907701811032,1.1398311286072347,0.9373069402558645
128,5.0,0.25,0,11,35.44907701811032,0.5763189283683894,1.3104496775460857
128,5.0,0.25,0,12,35.44907701811032,0.7577651525117749,1.0902590916253847
128,5.0,0.25,0,13,35.44907701811032,0.8647508172470045,1.058302979743911
128,5.0,0.25,0,14,35.44907701811032,0.9178583116227144,0.9938296302704845
128,5.0,0.25,0,15,35.44907701811032,0.7205402123239103,0.8872319020597901
128,5.0,0.35,1,0,25.320769298650234,0.9495279562605835,0.9277118469716005
128,5.0,0.35,1,1,25.320769298650234,0.7820814844038319,0.5978955931790534
128,5.0,0.35,1,2,25.320769298650234,0.8647447418817255,1.1239141484349604
128,5.0,0.35,1,3,25.320769298650234,0.8662013177040213,1.1258405134072147
128,5.0,0.35,1,4,25.320769298650234,1.0056290443520837,0.889270473111238
128,5.0,0.35,1,5,25.320769298650234,0.7883049399545653,0.8433294819117286
128,5.0,0.35,1,6,25.320769298650234,1.2073674627743873,1.0031935233430977
128,5.0,0.35,1,7,25.320769298650234,0.9721694788897159,0.8054297389297821
128,5.0,0.35,1,8,25.320769298650234,1.239445492594829,0.6842055426573206
128,5.0,0.35,1,9,25.320769298650234,0.8646818143110013,0.7006523399596233
128,5.0,0.35,1,10,25.320769298650234,1.028354135117701,0.9235258322113136
128,5.0,0.35,1,11,25.320769298650234,0.7459086563253445,0.994271177549798
128,5.0,0.35,1,12,25.320769298650234,1.4139117148775633,0.8157035449513909
128,5.0,0.35,1,13,25.320769298650234,0.6742831749200009,1.1048897698093851
128,5.0,0.35,1,14,25.320769298650234,1.0950164301445489,1.3916514224768657
128,5.0,0.35,1,15,25.320769298650234,1.0306352427985326,0.91407966845346
128,5.0,0.5,2,0,17.72453850905516,0.7401314584806481,0.43915528876943244
128,5.0,0.5,2,1,17.72453850905516,0.5304348163731212,0.445271072206222
128,5.0,0.5,2,2,17.72453850905516,0.679765966144745,0.42597746032491257
128,5.0,0.5,2,3,17.72453850905516,1.0842513270786385,0.7174794574895345
128,5.0,0.5,2,4,17.72453850905516,1.024753767736629,0.5621704928574913
128,5.0,0.5,2,5,17.72453850905516,0.5989711678383585,0.5253839079799787
128,5.0,0.5,2,6,17.72453850905516,0.9027103456366568,0.5419425208365272
128,5.0,0.5,2,7,17.72453850905516,0.7656626678724374,0.8493481380054895
128,5.0,0.5,2,8,17.72453850905516,0.7499470611166141,0.5621798129075237
128,5.0,0.5,2,9,17.72453850905516,0.9924319670109929,0.46662557826267614
128,5.0,0.5,2,10,17.72453850905516,0.9788977032369828,0.8785839934411106
128,5.0,0.5,2,11,17.72453850905516,0.7879345780274664,0.9720691276640028
128,5.0,0.5,2,12,17.72453850905516,0.9845361907947054,0.45952634208963383
128,5.0,0.5,2,13,17.72453850905516,0.4715467645292014,1.366813630294922
128,5.0,0.5,2,14,17.72453850905516,0.5947896597073511,1.1322655871070262
128,5.0,0.5,2,15,17.72453850905516,0.6461246968447829,0.46941468493526606
128,5.0,0.5,2,16,17.72453850905516,0.7334287359390391,0.686369060653431
128,5.0,0.5,2,17,17.72453850905516,0.7374744894789236,0.6304125547242981
128,5.0,0.5,2,18,17.72453850905516,0.9114377745491684,0.7010113893625884
128,5.0,0.5,2,19,17.72453850905516,0.8320629878074881,0.6133777985575074
128,5.0,0.5,2,20,17.72453850905516,0.6527923469221018,0.5090070200777349
128,5.0,0.5,2,21,17.72453850905516,0.5594262874632542,0.7174502203046937
128,5.0,0.5,2,22,17.72453850905516,0.8151117902437939,0.447442862778255
128,5.0,0.5,2,23,17.72453850905516,1.2536752514471559,0.45382890441384177
128,5.0,0.5,2,24,17.72453850905516,0.843331241545176,0.7761557170570372
128,5.0,0.5,2,25,17.72453850905516,0.7342091425683531,0.5659860483086894
128,5.0,0.5,2,26,17.72453850905516,1.204486907087619,0.8775908315258362
128,5.0,0.5,2,27,17.72453850905516,0.7945105695444719,0.46682313439722467
128,5.0,0.5,2,28,17.72453850905516,1.0282319338545847,0.5686264946127761
128,5.0,0.5,2,29,17.72453850905516,0.8969970168320531,0.6293858569249013
128,5.0,0.5,2,30,17.72453850905516,0.8425325752933401,0.5445626290163711
128,5.0,0.5,2,31,17.72453850905516,0.8566441503236824,0.3973494485298523
128,5.0,0.5,2,32,17.72453850905516,0.523884375205167,0.7729094328454982
128,5.0,0.5,2,33,17.72453850905516,0.6600938693796181,0.5249125668367294
128,5.0,0.5,2,34,17.72453850905516,1.1504228121215028,0.4913989674898211
128,5.0,0.5,2,35,17.72453850905516,0.7535652058517561,1.0050039280096281
128,5.0,0.5,2,36,17.72453850905516,0.8494536821979457,0.5883570387419115
128,5.0,0.5,2,37,17.72453850905516,0.529456990074286,0.29759436467693234
128,5.0,0.5,2,38,17.72453850905516,0.48944121934092555,0.7390474138836529
128,5.0,0.5,2,39,17.72453850905516,0.6308125452627464,0.8141186461590995
128,5.0,0.5,2,40,17.72453850905516,0.9701916569938203,0.3932942258061336
128,5.0,0.5,2,41,17.72453850905516,0.9568046280759992,0.6154923425304094
128,5.0,0.5,2,42,17.72453850905516,1.1434604187490944,0.5709540906243317
128,5.0,0.5,2,43,17.72453850905516,0.6727334263243546,0.5990724096191284
128,5.0,0.5,2,44,17.72453850905516,0.5662808007505984,0.5738376476185436
128,5.0,0.5,2,45,17.72453850905516,0.7725846254982256,0.5927062736986701
128,5.0,0.5,2,46,17.72453850905516,1.1765438874167584,0.5939268717374819
128,5.0,0.5,2,47,17.72453850905516,0.638408516684266,0.6224334137262253
128,5.0,0.5,2,48,17.72453850905516,0.6360665880013392,0.5170550093969077
128,5.0,0.5,2,49,17.72453850905516,0.9529601076686889,0.9043980979257571
128,5.0,0.5,2,50,17.72453850905516,0.5886723791372819,0.6288450414345915
128,5.0,0.5,2,51,17.72453850905516,0.6180408506119375,0.659511324246874
128,5.0,0.5,2,52,17.72453850905516,0.669463328255874,0.4997678082141924
128,5.0,0.5,2,53,17.72453850905516,0.7775907021580815,0.8402328554405509
128,5.0,0.5,2,54,17.72453850905516,0.9149047022822475,0.7266527660673977
128,5.0,0.5,2,55,17.72453850905516,1.0031739532793447,0.6664625825330884
128,5.0,0.5,2,56,17.72453850905516,0.9496512858337179,0.7672031163239941
128,5.0,0.5,2,57,17.72453850905516,0.8564976565160267,0.7027880758279277
128,5.0,0.5,2,58,17.72453850905516,0.5364136711227587,0.776022572619105
128,5.0,0.5,2,59,17.72453850905516,0.7849612392550622,0.6751810076445648
128,5.0,0.5,2,60,17.72453850905516,0.883433371838213,0.5707685459743101
128,5.0,0.5,2,61,17.72453850905516,0.8785611336186747,0.5341243191293261
128,5.0,0.5,2,62,17.72453850905516,0.6576231292023618,0.7226181791484309
128,5.0,0.5,2,63,17.72453850905516,0.9827387797852849,0.4998282843426054
128,5.0,0.65,3,0,13.634260391580893,0.33318434276622005,0.3683181433848746
128,5.0,0.65,3,1,13.634260391580893,0.7409723929155737,0.9243366039017492
128,5.0,0.65,3,2,13.634260391580893,0.3208789790553465,0.3588976132685636
128,5.0,0.65,3,3,13.634260391580893,0.7678441749799221,0.5161047566047603
128,5.0,0.65,3,4,13.634260391580893,0.4911621044128719,0.2682976088286034
128,5.0,0.65,3,5,13.634260391580893,0.7828053795872499,0.6027571100823401
128,5.0,0.65,3,6,13.634260391580893,0.6320465687327277,0.30252135503963457
128,5.0,0.65,3,7,13.634260391580893,0.6100261885889094,0.37587582979947004
128,5.0,0.65,3,8,13.634260391580893,0.548970236544944,0.3793640914168817
128,5.0,0.65,3,9,13.634260391580893,0.4330053929024799,0.49713779662376417
128,5.0,0.65,3,10,13.634260391580893,1.006295676359146,0.3998047172956001
128,5.0,0.65,3,11,13.634260391580893,0.6283639223490385,0.6650269596225948
128,5.0,0.65,3,12,13.634260391580893,0.5797830428326747,0.2958442772238137
128,5.0,0.65,3,13,13.634260391580893,0.868781751022026,0.48039943940709373
128,5.0,0.65,3,14,13.634260391580893,0.3249677362598223,0.3818469014450651
128,5.0,0.65,3,15,13.634260391580893,0.53187060799026,0.23420699977781942
128,5.0,0.65,3,16,13.634260391580893,0.9505913476976765,0.4185302726108037
128,5.0,0.65,3,17,13.634260391580893,0.6931034799077976,0.5577159632120536
128,5.0,0.65,3,18,13.634260391580893,0.38775678066654623,0.47722750625052
128,5.0,0.65,3,19,13.634260391580893,0.5015683922923735,0.2536403843404556
128,5.0,0.65,3,20,13.634260391580893,0.6138599350323144,0.4138963312605663
128,5.0,0.65,3,21,13.634260391580893,0.6260508767622186,0.545354525836318
128,5.0,0.65,3,22,13.634260391580893,0.5690173938770918,0.505629997009081
128,5.0,0.65,3,23,13.634260391580893,0.8255712504990452,0.32532066091079787
128,5.0,0.65,3,24,13.634260391580893,0.7961133313040618,0.7630031483505999
128,5.0,0.65,3,25,13.634260391580893,0.53483920119541,0.4478596774939203
128,5.0,0.65,3,26,13.634260391580893,0.596140499143408,0.23990512708153264
128,5.0,0.65,3,27,13.634260391580893,0.7680780011395665,0.3926667945280066
128,5.0,0.65,3,28,13.634260391580893,0.46630252244016085,0.4648240177495496
128,5.0,0.65,3,29,13.634260391580893,0.6637858117516763,0.4046148461799517
128,5.0,0.65,3,30,13.634260391580893,0.5073333106829342,0.4259335284105029
128,5.0,0.65,3,31,13.634260391580893,0.5310685926969232,0.7883830220488373
128,5.0,0.65,3,32,13.634260391580893,0.6626781660903936,0.520489347826609
128,5.0,0.65,3,33,13.634260391580893,0.6846281560540217,0.36480699350370144
128,5.0,0.65,3,34,13.634260391580893,0.7267232060626101,0.31165295010325933
128,5.0,0.65,3,35,13.634260391580893,0.6602169234901749,0.4919628331846558
128,5.0,0.65,3,36,13.634260391580893,0.7491779604991071,0.35745055801957143
128,5.0,0.65,3,37,13.634260391580893,0.73659855377727,0.45707378603643434
128,5.0,0.65,3,38,13.634260391580893,0.6304351179084151,0.4327816667972769
128,5.0,0.65,3,39,13.634260391580893,0.46031489247721635,0.6155687707862576
128,5.0,0.65,3,40,13.634260391580893,0.5676768978473316,0.18611730423852257
128,5.0,0.65,3,41,13.634260391580893,0.4256116468923524,0.3172072117261819
128,5.0,0.65,3,42,13.634260391580893,0.4895908111450261,0.5144818533057188
128,5.0,0.65,3,43,13.634260391580893,0.40736298018704364,0.38050232958639085
128,5.0,0.65,3,44,13.634260391580893,0.6050263765529241,0.22914270862186703
128,5.0,0.65,3,45,13.634260391580893,0.7141490402236107,0.46983004280717966
128,5.0,0.65,3,46,13.634260391580893,0.8424993969278871,0.9755587633350556
128,5.0,0.65,3,47,13.634260391580893,0.5778378640120697,0.5668918543209357
128,5.0,0.65,3,48,13.634260391580893,0.6268035925069584,0.6088768781146747
128,5.0,0.65,3,49,13.634260391580893,0.5930613173066019,0.514568058075925
128,5.0,0.65,3,50,13.634260391580893,0.4200260687616323,0.2727215433643293
128,5.0,0.65,3,51,13.634260391580893,0.6077817375768259,0.5211163668446241
128,5.0,0.65,3,52,13.634260391580893,0.7175792266528597,0.6212126003582294
128,5.0,0.65,3,53,13.634260391580893,0.6248667182447714,0.6292164261223763
128,5.0,0.65,3,54,13.634260391580893,0.7501887134003373,0.40394548505115185
128,5.0,0.65,3,55,13.634260391580893,0.39885613182354346,0.36473469352919685
128,5.0,0.65,3,56,13.634260391580893,0.661352205323587,0.61315188366004
128,5.0,0.65,3,57,13.634260391580893,0.6534195121871649,0.45985804352240756
128,5.0,0.65,3,58,13.634260391580893,0.6240937169509592,0.3010357436358308
128,5.0,0.65,3,59,13.634260391580893,0.7669589566137706,0.40149338282451935
128,5.0,0.65,3,60,13.634260391580893,0.6181160953511863,0.3490704070916761
128,5.0,0.65,3,61,13.634260391580893,0.5834035691712782,0.8156901407361079
128,5.0,0.65,3,62,13.634260391580893,1.0398585200847912,0.38722597107542
128,5.0,0.65,3,63,13.634260391580893,0.7827711726909081,0.38225281140543804
128,5.0,0.8,4,0,11.077836568159475,0.8529698485031315,0.2502654468309007
128,5.0,0.8,4,1,11.077836568159475,0.496782775236852,0.2986904702707456
128,5.0,0.8,4,2,11.077836568159475,0.8224341038566052,0.3103135366102981
128,5.0,0.8,4,3,11.077836568159475,0.3599985559982946,0.28780256097048545
128,5.0,0.8,4,4,11.077836568159475,0.43862722129286946,0.2876642720235767
128,5.0,0.8,4,5,11.077836568159475,0.7091003462336839,0.2853674787696478
128,5.0,0.8,4,6,11.077836568159475,0.3899775050873461,0.28324277820263727
128,5.0,0.8,4,7,11.077836568159475,0.3120391973845059,0.36826043240722
128,5.0,0.8,4,8,11.077836568159475,0.2108023986294147,0.2991065289628162
128,5.0,0.8,4,9,11.077836568159475,0.4186857616210479,0.21900642620893987
128,5.0,0.8,4,10,11.077836568159475,0.28121093329578745,0.18429766852371482
128,5.0,0.8,4,11,11.077836568159475,0.2325714253801907,0.7842716120771109
128,5.0,0.8,4,12,11.077836568159475,0.36922222793893344,0.25511490994792096
128,5.0,0.8,4,13,11.077836568159475,0.5629068633769388,0.42338707971883033
128,5.0,0.8,4,14,11.077836568159475,0.24492439947452038,0.5438265411103688
128,5.0,0.8,4,15,11.077836568159475,0.36331710132686573,0.31625341434602755
128,5.0,0.8,4,16,11.077836568159475,0.4258760185483397,0.3265424350191337
128,5.0,0.8,4,17,11.077836568159475,0.48990684074940755,0.5619160211942105
128,5.0,0.8,4,18,11.077836568159475,0.4168820713516397,0.3592942275658506
128,5.0,0.8,4,19,11.077836568159475,0.36483316911469793,0.4163324387718649
128,5.0,0.8,4,20,11.077836568159475,0.6273857115999243,0.3518792784327664
128,5.0,0.8,4,21,11.077836568159475,0.48969668308949754,0.7952971825633234
128,5.0,0.8,4,22,11.077836568159475,0.5433143798346372,0.4188058713491739
128,5.0,0.8,4,23,11.077836568159475,0.40372378794852726,0.26212060274737436
128,5.0,0.8,4,24,11.077836568159475,0.46614243488542834,0.3325835167380903
128,5.0,0.8,4,25,11.077836568159475,0.4824517692854712,0.32494836176968644
128,5.0,0.8,4,26,11.077836568159475,0.2694153081602928,0.5776459625707653
128,5.0,0.8,4,27,11.077836568159475,0.5748676371929942,0.40551314846966
128,5.0,0.8,4,28,11.077836568159475,0.22039897473296316,0.3467860896779615
128,5.0,0.8,4,29,11.077836568159475,0.5213441455247805,0.24848862389933302
128,5.0,0.8,4,30,11.077836568159475,0.5325674331897968,0.21167350144229038
128,5.0,0.8,4,31,11.077836568159475,0.37212471584695156,0.2619508256992549
128,5.0,0.8,4,32,11.077836568159475,0.8169705717787066,0.41212268017319564
128,5.0,0.8,4,33,11.077836568159475,0.3750180881955756,0.16416352717145893
128,5.0,0.8,4,34,11.077836568159475,0.42800735816035607,0.378643196806964
128,5.0,0.8,4,35,11.077836568159475,0.5313085709589646,0.4403690167102671
128,5.0,0.8,4,36,11.077836568159475,0.3964993208590732,0.5325476488961278
128,5.0,0.8,4,37,11.077836568159475,0.8786325949647794,0.3422279715341312
128,5.0,0.8,4,38,11.077836568159475,0.4008379045923789,0.30247953672124195
128,5.0,0.8,4,39,11.077836568159475,0.3648035056723811,0.24528564462586186
128,5.0,0.8,4,40,11.077836568159475,0.397016365256513,0.3443487303287932
128,5.0,0.8,4,41,11.077836568159475,0.25517740719651355,0.3100059024135918
128,5.0,0.8,4,42,11.077836568159475,0.46325992269734884,0.4081654961113934
128,5.0,0.8,4,43,11.077836568159475,0.35805939977309204,0.35347577206291403
128,5.0,0.8,4,44,11.077836568159475,0.40669084055397164,0.2898937561325805
128,5.0,0.8,4,45,11.077836568159475,0.5768635560150388,0.4477580179295543
128,5.0,0.8,4,46,11.077836568159475,0.5931223033946816,0.27972920087195524
128,5.0,0.8,4,47,11.077836568159475,0.37120519804533164,0.47471122249283937
128,5.0,0.8,4,48,11.077836568159475,0.5054660918900089,0.44751557663761793
128,5.0,0.8,4,49,11.077836568159475,0.34104326027719484,0.5846295706267948
128,5.0,0.8,4,50,11.077836568159475,0.5011021367796731,0.2230812341088463
128,5.0,0.8,4,51,11.077836568159475,0.4744026853409162,0.29086783750990663
128,5.0,0.8,4,52,11.077836568159475,0.37514739606001807,0.3423223944794566
128,5.0,0.8,4,53,11.077836568159475,0.3139554143451779,0.2049146264704326
128,5.0,0.8,4,54,11.077836568159475,0.40636918569657576,0.3906342717096324
128,5.0,0.8,4,55,11.077836568159475,0.5448607834936801,0.23610228353714255
128,5.0,0.8,4,56,11.077836568159475,0.43933480028352045,0.3577018210095542
128,5.0,0.8,4,57,11.077836568159475,0.631051751524442,0.31499982470993987
128,5.0,0.8,4,58,11.077836568159475,0.4767294771141096,0.7713432123946448
128,5.0,0.8,4,59,11.077836568159475,0.4701298473843292,0.42132575701527747
128,5.0,0.8,4,60,11.077836568159475,0.6201337475082787,0.26819230035254665
128,5.0,0.8,4,61,11.077836568159475,0.5700894336174076,0.9569483488309377
128,5.0,0.8,4,62,11.077836568159475,0.461415155007682,0.5413980816436151
128,5.0,0.8,4,63,11.077836568159475,0.7267269274224664,0.3371739738066534
128,5.0,1.0,5,0,8.86226925452758,0.5603800518003937,0.31436601621012444
128,5.0,1.0,5,1,8.86226925452758,0.19784834354743946,0.3958718194525277
128,5.0,1.0,5,2,8.86226925452758,0.5881849029160058,0.4292403136969416
128,5.0,1.0,5,3,8.86226925452758,0.6447753005494139,0.20537194218824406
128,5.0,1.0,5,4,8.86226925452758,0.32576211343260686,0.17181947527581382
128,5.0,1.0,5,5,8.86226925452758,0.7161638817026816,0.2868310486123381
128,5.0,1.0,5,6,8.86226925452758,0.24025528462663373,0.24741296447397537
128,5.0,1.0,5,7,8.86226925452758,0.5080264149869808,0.3267033638514981
128,5.0,1.0,5,8,8.86226925452758,0.4261793226390806,0.2616659406529168
128,5.0,1.0,5,9,8.86226925452758,0.14259721320329444,0.29172393637993493
128,5.0,1.0,5,10,8.86226925452758,0.40901159728795033,0.26873321276620565
128,5.0,1.0,5,11,8.86226925452758,0.2834480080824713,0.14350931599387917
128,5.0,1.0,5,12,8.86226925452758,0.2513894176060573,0.340451901554498
128,5.0,1.0,5,13,8.86226925452758,0.4738050297179509,0.4770099117160872
128,5.0,1.0,5,14,8.86226925452758,0.3230899687547906,0.3384451088622038
128,5.0,1.0,5,15,8.86226925452758,0.2738214541334068,0.2637560445323679
128,5.0,1.0,5,16,8.86226925452758,0.2757911925163611,0.3882723641933911
128,5.0,1.0,5,17,8.86226925452758,0.42265442445216034,0.14058091702605224
128,5.0,1.0,5,18,8.86226925452758,0.8984429469112948,0.32309030183847187
128,5.0,1.0,5,19,8.86226925452758,0.3091168116076707,0.42687674425129973
128,5.0,1.0,5,20,8.86226925452758,0.2906312004617303,0.2065847658552627
128,5.0,1.0,5,21,8.86226925452758,0.2797761530096875,0.32313651282581346
128,5.0,1.0,5,22,8.86226925452758,0.1742152231935093,0.17634905647484825
128,5.0,1.0,5,23,8.86226925452758,0.3553357238233865,0.34226369815177843
128,5.0,1.0,5,24,8.86226925452758,0.18139167583103638,0.12774324933753778
128,5.0,1.0,5,25,8.86226925452758,0.24042797820892137,0.3272229002190657
128,5.0,1.0,5,26,8.86226925452758,0.3960005864243554,0.34048090795132135
128,5.0,1.0,5,27,8.86226925452758,0.6606262354737062,0.2851587055778755
128,5.0,1.0,5,28,8.86226925452758,0.3848446505374584,0.36706391902609553
128,5.0,1.0,5,29,8.86226925452758,0.19371820891198,0.3116582438370733
128,5.0,1.0,5,30,8.86226925452758,0.22663045658618647,0.1346673606243327
128,5.0,1.0,5,31,8.86226925452758,0.5195882533826994,0.13940741466244633
128,5.0,1.0,5,32,8.86226925452758,0.5823580137105744,0.1600939885874475
128,5.0,1.0,5,33,8.86226925452758,0.21444736139421514,0.2154276023600405
128,5.0,1.0,5,34,8.86226925452758,0.31847531993360423,0.2305311885104871
128,5.0,1.0,5,35,8.86226925452758,0.24051852114750644,0.3419533547807884
128,5.0,1.0,5,36,8.86226925452758,0.48297651648748907,0.4512159072444988
128,5.0,1.0,5,37,8.86226925452758,0.2925620845603698,0.24431118865321727
128,5.0,1.0,5,38,8.86226925452758,0.3017062516105571,0.24344397530175538
128,5.0,1.0,5,39,8.86226925452758,0.5260577862028804,0.23455334193514793
128,5.0,1.0,5,40,8.86226925452758,0.45100596680123645,0.28634094898867124
128,5.0,1.0,5,41,8.86226925452758,0.8158276849774888,0.5219796544218528
128,5.0,1.0,5,42,8.86226925452758,0.3003578178864652,0.16730823852524188
128,5.0,1.0,5,43,8.86226925452758,0.25238588157381303,0.18928485723124747
128,5.0,1.0,5,44,8.86226925452758,0.13274786367361588,0.17571305830767608
128,5.0,1.0,5,45,8.86226925452758,0.23520204875699713,0.15925971339412542
128,5.0,1.0,5,46,8.86226925452758,0.38749739152622853,0.3241798912025912
128,5.0,1.0,5,47,8.86226925452758,0.21029064997381025,0.33553777235908466
128,5.0,1.0,5,48,8.86226925452758,0.4754890284910749,0.27953291179611
128,5.0,1.0,5,49,8.86226925452758,0.309497398114294,0.2099266420596786
128,5.0,1.0,5,50,8.86226925452758,0.29498818427692153,0.25750591237028025
128,5.0,1.0,5,51,8.86226925452758,0.6176685135150306,0.17009888639408
128,5.0,1.0,5,52,8.86226925452758,0.1945528453085057,0.2501188279374575
128,5.0,1.0,5,53,8.86226925452758,0.34227742275805645,0.31022634711637687
128,5.0,1.0,5,54,8.86226925452758,0.2677775379671091,0.26603332352388254
128,5.0,1.0,5,55,8.86226925452758,0.7821819916891862,0.15992532413076319
128,5.0,1.0,5,56,8.86226925452758,0.18610768196702837,0.2585726185372072
128,5.0,1.0,5,57,8.86226925452758,0.2079771263510346,0.30682266157852744
128,5.0,1.0,5,58,8.86226925452758,0.29132439165916857,0.5675864784214338
128,5.0,1.0,5,59,8.86226925452758,0.1853021677428947,0.2887288056546359
128,5.0,1.0,5,60,8.86226925452758,0.25963888089947784,0.21329752404963004
128,5.0,1.0,5,61,8.86226925452758,0.49489342768803435,0.19552921796117168
128,5.0,1.0,5,62,8.86226925452758,0.382078957172454,0.33028389922184137
128,5.0,1.0,5,63,8.86226925452758,0.3319877653205778,0.14715305407191337
128,5.0,1.25,6,0,7.089815403622064,0.28988862601339505,0.14816422445099478
128,5.0,1.25,6,1,7.089815403622064,0.17460868107685457,0.26258836757921633
128,5.0,1.25,6,2,7.089815403622064,0.19770588884870471,0.18736880542440826
128,5.0,1.25,6,3,7.089815403622064,0.3419240883380465,0.38473117013120883
128,5.0,1.25,6,4,7.089815403622064,0.3225323175433224,0.2225568710494783
128,5.0,1.25,6,5,7.089815403622064,0.3689505238852912,0.16708870494724556
128,5.0,1.25,6,6,7.089815403622064,0.13051522336027746,0.14162468341105477
128,5.0,1.25,6,7,7.089815403622064,0.7311173727301119,0.21532410519388884
128,5.0,1.25,6,8,7.089815403622064,0.17313269019454602,0.36673328933879146
128,5.0,1.25,6,9,7.089815403622064,0.12617023903781416,0.27613561889211635
128,5.0,1.25,6,10,7.089815403622064,0.6112636813662111,0.2693917657718775
128,5.0,1.25,6,11,7.089815403622064,0.24782847467539,0.1164658873060735
128,5.0,1.25,6,12,7.089815403622064,0.24594445499659762,0.37082908992314795
128,5.0,1.25,6,13,7.089815403622064,0.7872454850878846,0.23504360935507132
128,5.0,1.25,6,14,7.089815403622064,0.23690193403486504,0.22301353372916743
128,5.0,1.25,6,15,7.089815403622064,0.44654226083240084,0.6992741122571078
128,5.0,1.25,6,16,7.089815403622064,0.10925031065777824,0.2121763650998516
128,5.0,1.25,6,17,7.089815403622064,0.1678270856944669,0.22875694034868554
128,5.0,1.25,6,18,7.089815403622064,0.20170439147383248,0.2130202143044583
128,5.0,1.25,6,19,7.089815403622064,0.2642106137405099,0.16179777410206958
128,5.0,1.25,6,20,7.089815403622064,0.578001667235393,0.18173168848931728
128,5.0,1.25,6,21,7.089815403622064,0.13606047766842266,0.2921689341494401
128,5.0,1.25,6,22,7.089815403622064,0.15214188040527415,0.15830254186383735
128,5.0,1.25,6,23,7.089815403622064,0.2741001463710977,0.12588982421701916
128,5.0,1.25,6,24,7.089815403622064,0.3285400243760121,0.16762085910687785
128,5.0,1.25,6,25,7.089815403622064,0.4223283323695858,0.29508325109161343
128,5.0,1.25,6,26,7.089815403622064,0.1675026653814577,0.2817723051386436
128,5.0,1.25,6,27,7.089815403622064,0.15328246456828104,0.14964203406696738
128,5.0,1.25,6,28,7.089815403622064,0.239588810828225,0.4526602241345395
128,5.0,1.25,6,29,7.089815403622064,0.11313603066017212,0.22921005518822418
128,5.0,1.25,6,30,7.089815403622064,0.24941946717888505,0.1637812507214596
128,5.0,1.25,6,31,7.089815403622064,0.19369694062531753,0.4454410818483169
128,5.0,1.25,6,32,7.089815403622064,0.13590047213496267,0.28434666625877414
128,5.0,1.25,6,33,7.089815403622064,0.3035590264442488,0.1465290347842349
128,5.0,1.25,6,34,7.089815403622064,0.14130337233325418,0.1198015807580843
128,5.0,1.25,6,35,7.089815403622064,0.44308356610913435,0.10009986527061265
128,5.0,1.25,6,36,7.089815403622064,0.23085837833802106,0.3285245222034807
128,5.0,1.25,6,37,7.089815403622064,0.1250513951915153,0.14517620710815987
128,5.0,1.25,6,38,7.089815403622064,0.26360497401020566,0.20032836402875098
128,5.0,1.25,6,39,7.089815403622064,0.38485266868805057,0.31667741725320914
128,5.0,1.25,6,40,7.089815403622064,0.21427095422927578,0.2042105860360321
128,5.0,1.25,6,41,7.089815403622064,0.5152036189061933,0.1895275921642036
128,5.0,1.25,6,42,7.089815403622064,0.211391910774147,0.20647950875618326
128,5.0,1.25,6,43,7.089815403622064,0.3241976309570992,0.1421568352270964
128,5.0,1.25,6,44,7.089815403622064,0.27381605268470643,0.08347463446893066
128,5.0,1.25,6,45,7.089815403622064,0.4062340904270808,0.33170254102710767
128,5.0,1.25,6,46,7.089815403622064,0.16310980245651058,0.17797371954365884
128,5.0,1.25,6,47,7.089815403622064,0.2459200926378327,0.12174960577424096
128,5.0,1.25,6,48,7.089815403622064,0.2199370397049758,0.22834332868688065
128,5.0,1.25,6,49,7.089815403622064,0.20736266546704626,0.1659405309920201
128,5.0,1.25,6,50,7.089815403622064,0.24581666261940857,0.12707683197280598
128,5.0,1.25,6,51,7.089815403622064,0.2219357836242374,0.15545317968997566
128,5.0,1.25,6,52,7.089815403622064,0.2616015776452697,0.38281567167790104
128,5.0,1.25,6,53,7.089815403622064,0.24093214438900232,0.34192412180773685
128,5.0,1.25,6,54,7.089815403622064,0.2423541708419356,0.12171040937752994
128,5.0,1.25,6,55,7.089815403622064,0.2798382497730333,0.20874230614202674
128,5.0,1.25,6,56,7.089815403622064,0.5226647143922547,0.1151809525142107
128,5.0,1.25,6,57,7.089815403622064,0.2174880350802551,0.22538932344287677
128,5.0,1.25,6,58,7.089815403622064,0.32850468380145187,0.2250108890753899
128,5.0,1.25,6,59,7.089815403622064,0.30039460948423063,0.2594492637427482
128,5.0,1.25,6,60,7.089815403622064,0.18015199167739532,0.31043870770588494
128,5.0,1.25,6,61,7.089815403622064,0.15727862073774881,0.13905115547745103
128,5.0,1.25,6,62,7.089815403622064,0.32987100002154596,0.6756529502325375
128,5.0,1.25,6,63,7.089815403622064,0.2507522038922555,0.22428099173135907
128,5.0,1.6,7,0,5.538918284079737,0.415039551545827,0.17507552191741757
128,5.0,1.6,7,1,5.538918284079737,0.12931591020087876,0.10929691532024495
128,5.0,1.6,7,2,5.538918284079737,0.27484817709327936,0.20278204270865874
128,5.0,1.6,7,3,5.538918284079737,0.3662572024139811,0.29105772853337936
128,5.0,1.6,7,4,5.538918284079737,0.1308717066102578,0.19396871468833235
128,5.0,1.6,7,5,5.538918284079737,0.13475100050479757,0.16289465629401959
128,5.0,1.6,7,6,5.538918284079737,0.2557729664271937,0.12085492086183443
128,5.0,1.6,7,7,5.538918284079737,0.14286978493929253,0.14327306788744687
128,5.0,1.6,7,8,5.538918284079737,0.1309397689070489,0.3201759816942943
128,5.0,1.6,7,9,5.538918284079737,0.19022891919950383,0.22233530667810303
128,5.0,1.6,7,10,5.538918284079737,0.1687472801662869,0.15921403212575683
128,5.0,1.6,7,11,5.538918284079737,0.20575842690108803,0.11884246025015459
128,5.0,1.6,7,12,5.538918284079737,0.12484352752269828,0.13144261155808198
128,5.0,1.6,7,13,5.538918284079737,0.19501926304257353,0.11299796649959758
128,5.0,1.6,7,14,5.538918284079737,0.20032342661448183,0.17962272282752212
128,5.0,1.6,7,15,5.538918284079737,0.09270018436793893,0.10218270412053088
128,5.0,1.6,7,16,5.538918284079737,0.13511229645510647,0.24324561624642768
128,5.0,1.6,7,17,5.538918284079737,0.18155898852552255,0.22818555414893568
128,5.0,1.6,7,18,5.538918284079737,0.39943526570739146,0.13284850821024208
128,5.0,1.6,7,19,5.538918284079737,0.13624149819361686,0.1356987838666707
128,5.0,1.6,7,20,5.538918284079737,0.19297721077386407,0.22627211555772075
128,5.0,1.6,7,21,5.538918284079737,0.4051759927759081,0.2071458313483901
128,5.0,1.6,7,22,5.538918284079737,0.15822949157897698,0.17248005130162578
128,5.0,1.6,7,23,5.538918284079737,0.29895288593331026,0.18871906461089452
128,5.0,1.6,7,24,5.538918284079737,0.3386544268792155,0.10158510795727482
128,5.0,1.6,7,25,5.538918284079737,0.14777395470942364,0.14753695897594696
128,5.0,1.6,7,26,5.538918284079737,0.2348512801548087,0.22763266544027716
128,5.0,1.6,7,27,5.538918284079737,0.2783168301665424,0.23216548911881685
128,5.0,1.6,7,28,5.538918284079737,0.12221900781569861,0.1700721649465648
128,5.0,1.6,7,29,5.538918284079737,0.20847630293038094,0.1361873384945586
128,5.0,1.6,7,30,5.538918284079737,0.15397573941120207,0.17127531452925687
128,5.0,1.6,7,31,5.538918284079737,0.3395860217512948,0.10048972249284113
128,5.0,1.6,7,32,5.538918284079737,0.22709133387700822,0.17132440521379178
128,5.0,1.6,7,33,5.538918284079737,0.22283919857088447,0.16958133211926177
128,5.0,1.6,7,34,5.538918284079737,0.1352961215455447,0.14860685742565422
128,5.0,1.6,7,35,5.538918284079737,0.22756181582494034,0.11968292133428561
128,5.0,1.6,7,36,5.538918284079737,0.18396316614400554,0.26869505669312577
128,5.0,1.6,7,37,5.538918284079737,0.2166458975250484,0.19223839360586256
128,5.0,1.6,7,38,5.538918284079737,0.5488038499568306,0.20008772591501744
128,5.0,1.6,7,39,5.538918284079737,0.21690702628576988,0.11079880606671093
128,5.0,1.6,7,40,5.538918284079737,0.5487937738097309,0.15429700258976844
128,5.0,1.6,7,41,5.538918284079737,0.32709334270224166,0.11029468976448326
128,5.0,1.6,7,42,5.538918284079737,0.24065871831309643,0.13028317083307014
128,5.0,1.6,7,43,5.538918284079737,0.16451900499352182,0.15250895349938803
128,5.0,1.6,7,44,5.538918284079737,0.1671897467127433,0.1479434480034974
128,5.0,1.6,7,45,5.538918284079737,0.18921704608958193,0.3395917709249178
128,5.0,1.6,7,46,5.538918284079737,0.32020557495262514,0.1057108926778842
128,5.0,1.6,7,47,5.538918284079737,0.3043063638165096,0.46767920819158765
128,5.0,1.6,7,48,5.538918284079737,0.25992183417362463,0.1466498980850263
128,5.0,1.6,7,49,5.538918284079737,0.11703979575391164,0.12759464220446257
128,5.0,1.6,7,50,5.538918284079737,0.09071901654899445,0.2453953898597815
128,5.0,1.6,7,51,5.538918284079737,0.19595618721013347,0.3501125910923472
128,5.0,1.6,7,52,5.538918284079737,0.15734788633569075,0.1784458904035784
128,5.0,1.6,7,53,5.538918284079737,0.24128591593502757,0.14998813183088158
128,5.0,1.6,7,54,5.538918284079737,0.18132353916045216,0.13301130984782342
128,5.0,1.6,7,55,5.538918284079737,0.23222219157199847,0.1318289617824737
128,5.0,1.6,7,56,5.538918284079737,0.21189146623464902,0.21527810188123545
128,5.0,1.6,7,57,5.538918284079737,0.19322759451201696,0.1074812130015167
128,5.0,1.6,7,58,5.538918284079737,0.3933881608930881,0.20223337398554142
128,5.0,1.6,7,59,5.538918284079737,0.26709329781866337,0.21169284240140904
128,5.0,1.6,7,60,5.538918284079737,0.1371679059772496,0.11383666226389443
128,5.0,1.6,7,61,5.538918284079737,0.17353957256415425,0.1525422280259094
128,5.0,1.6,7,62,5.538918284079737,0.10568938449809058,0.3429884295014386
128,5.0,1.6,7,63,5.538918284079737,0.2303473468907699,0.12374050081707183
128,5.0,2.0,8,0,4.43113462726379,0.10511240210769786,0.11720141374475557
128,5.0,2.0,8,1,4.43113462726379,0.12518077336524286,0.20021372796700768
128,5.0,2.0,8,2,4.43113462726379,0.12260012911917129,0.13326959523632995
128,5.0,2.0,8,3,4.43113462726379,0.0721967186924766,0.155345177284532
128,5.0,2.0,8,4,4.43113462726379,0.20982444715302284,0.158455157928092
128,5.0,2.0,8,5,4.43113462726379,0.25466894758188585,0.10335642758594502
128,5.0,2.0,8,6,4.43113462726379,0.13590966693723577,0.18437577749165485
128,5.0,2.0,8,7,4.43113462726379,0.10867170944720891,0.14324747513444533
128,5.0,2.0,8,8,4.43113462726379,0.15467013429530485,0.14910048940556814
128,5.0,2.0,8,9,4.43113462726379,0.08442204949316041,0.2609992095455159
128,5.0,2.0,8,10,4.43113462726379,0.1515148413992301,0.12908867838725374
128,5.0,2.0,8,11,4.43113462726379,0.09365431431369908,0.2409196015913755
128,5.0,2.0,8,12,4.43113462726379,0.122454933692836,0.08592780441160493
128,5.0,2.0,8,13,4.43113462726379,0.06054517616439929,0.2943087478874095
128,5.0,2.0,8,14,4.43113462726379,0.0828101894164173,0.2201657032687715
128,5.0,2.0,8,15,4.43113462726379,0.2371424359725267,0.26267242424200543
128,5.0,2.0,8,16,4.43113462726379,0.2706802579552168,0.11159754854719306
128,5.0,2.0,8,17,4.43113462726379,0.3894329789164578,0.17853909791325584
128,5.0,2.0,8,18,4.43113462726379,0.10359968259576516,0.1236093149082349
128,5.0,2.0,8,19,4.43113462726379,0.46444417629741747,0.09463435820136193
128,5.0,2.0,8,20,4.43113462726379,0.18304141307470206,0.13542316842929703
128,5.0,2.0,8,21,4.43113462726379,0.14092419927594108,0.0993493111406629
128,5.0,2.0,8,22,4.43113462726379,0.1850120544763992,0.1274753228814992
128,5.0,2.0,8,23,4.43113462726379,0.1831895427846879,0.10324422604015138
128,5.0,2.0,8,24,4.43113462726379,0.10348329851868637,0.14527214161341076
128,5.0,2.0,8,25,4.43113462726379,0.19478285589718053,0.21373022691067617
128,5.0,2.0,8,26,4.43113462726379,0.21373741147066652,0.1157297780222247
128,5.0,2.0,8,27,4.43113462726379,0.2202782235780674,0.21469471171633658
128,5.0,2.0,8,28,4.43113462726379,0.12209329539886285,0.19860717476702477
128,5.0,2.0,8,29,4.43113462726379,0.4756257142371392,0.09658401732023517
128,5.0,2.0,8,30,4.43113462726379,0.11296086964222905,0.12006402193553223
128,5.0,2.0,8,31,4.43113462726379,0.13757003768100534,0.13152978011554037
128,5.0,2.0,8,32,4.43113462726379,0.17657686047454751,0.13515505348280876
128,5.0,2.0,8,33,4.43113462726379,0.14557124772576552,0.11727815828444943
128,5.0,2.0,8,34,4.43113462726379,0.11038801818710436,0.1185320524488851
128,5.0,2.0,8,35,4.43113462726379,0.09070567977775087,0.10747010386598577
128,5.0,2.0,8,36,4.43113462726379,0.21967297835673677,0.16740032891429094
128,5.0,2.0,8,37,4.43113462726379,0.0835649426377127,0.1215892746582276
128,5.0,2.0,8,38,4.43113462726379,0.20327554006161952,0.30577006508465804
128,5.0,2.0,8,39,4.43113462726379,0.24559688227454812,0.10125291625249558
128,5.0,2.0,8,40,4.43113462726379,0.18445768155004635,0.19441185119236895
128,5.0,2.0,8,41,4.43113462726379,0.21578716913364168,0.15751893139702344
128,5.0,2.0,8,42,4.43113462726379,0.22889213760666274,0.1763238048463223
128,5.0,2.0,8,43,4.43113462726379,0.08475106293235839,0.10797032093970699
128,5.0,2.0,8,44,4.43113462726379,0.1422224195555818,0.16227197182651754
128,5.0,2.0,8,45,4.43113462726379,0.18420149619338316,0.15452054756604755
128,5.0,2.0,8,46,4.43113462726379,0.09739614430969892,0.12360316973682217
128,5.0,2.0,8,47,4.43113462726379,0.10401246363168254,0.09813938888187917
128,5.0,2.0,8,48,4.43113462726379,0.16973570575519298,0.16483811457889325
128,5.0,2.0,8,49,4.43113462726379,0.2845752117246597,0.1476410493512053
128,5.0,2.0,8,50,4.43113462726379,0.14807144042253395,0.13189197896668753
128,5.0,2.0,8,51,4.43113462726379,0.19870476370705914,0.1110800214832708
128,5.0,2.0,8,52,4.43113462726379,0.09085074021797071,0.21324532978525068
128,5.0,2.0,8,53,4.43113462726379,0.31683001101189723,0.26452223790748325
128,5.0,2.0,8,54,4.43113462726379,0.16068831474277034,0.09990393675679374
128,5.0,2.0,8,55,4.43113462726379,0.11383947700122532,0.12297148470813705
128,5.0,2.0,8,56,4.43113462726379,0.21605564492449153,0.11860908991684772
128,5.0,2.0,8,57,4.43113462726379,0.22530692134913027,0.22649958093815442
128,5.0,2.0,8,58,4.43113462726379,0.15367122514260595,0.09983925279358558
128,5.0,2.0,8,59,4.43113462726379,0.13391883680021696,0.10539325290988313
128,5.0,2.0,8,60,4.43113462726379,0.22434714709863662,0.1266507602332545
128,5.0,2.0,8,61,4.43113462726379,0.14019708679879475,0.15520803533482389
128,5.0,2.0,8,62,4.43113462726379,0.21539684471833326,0.1490536915610375
128,5.0,2.0,8,63,4.43113462726379,0.3318252858043425,0.10291744215532614
128,5.0,2.5,9,0,3.544907701811032,0.16604868858709762,0.09608233208041529
128,5.0,2.5,9,1,3.544907701811032,0.23872508823618982,0.09223888324745225
128,5.0,2.5,9,2,3.544907701811032,0.07032071210836457,0.10928157774935418
128,5.0,2.5,9,3,3.544907701811032,0.1286265906516132,0.2247442529839278
128,5.0,2.5,9,4,3.544907701811032,0.13470039255568703,0.0888887201450139
128,5.0,2.5,9,5,3.544907701811032,0.07473489655631968,0.0881420567468243
128,5.0,2.5,9,6,3.544907701811032,0.2839910620752426,0.10836386167423484
128,5.0,2.5,9,7,3.544907701811032,0.14766212820158747,0.11467270778676783
128,5.0,2.5,9,8,3.544907701811032,0.3115169788920717,0.14944500249366
128,5.0,2.5,9,9,3.544907701811032,0.18566687318596736,0.15829857594781607
128,5.0,2.5,9,10,3.544907701811032,0.09198750439563597,0.0998644761814949
128,5.0,2.5,9,11,3.544907701811032,0.13449364446910334,0.09828862800634905
128,5.0,2.5,9,12,3.544907701811032,0.11926203531791982,0.09014588150696844
128,5.0,2.5,9,13,3.544907701811032,0.19438615297512168,0.11500480394393711
128,5.0,2.5,9,14,3.544907701811032,0.13650867528501914,0.17461662496977604
128,5.0,2.5,9,15,3.544907701811032,0.14891625219292937,0.14918062760635714
128,5.0,2.5,9,16,3.544907701811032,0.07959321369898623,0.09678442901764697
128,5.0,2.5,9,17,3.544907701811032,0.1608503591545459,0.10524466805024377
128,5.0,2.5,9,18,3.544907701811032,0.19923430517057758,0.11495653645545442
128,5.0,2.5,9,19,3.544907701811032,0.1344798108875988,0.0941141989837871
128,5.0,2.5,9,20,3.544907701811032,0.09870514956553567,0.13448555442968324
128,5.0,2.5,9,21,3.544907701811032,0.10625999236862511,0.10443246631874667
128,5.0,2.5,9,22,3.544907701811032,0.15445060010026235,0.18974601480686687
128,5.0,2.5,9,23,3.544907701811032,0.11217651973341965,0.15504094379814426
128,5.0,2.5,9,24,3.544907701811032,0.19225222676175396,0.15823274346959662
128,5.0,2.5,9,25,3.544907701811032,0.17097346845056757,0.09962189636321592
128,5.0,2.5,9,26,3.544907701811032,0.3463423492813965,0.12129953058206663
128,5.0,2.5,9,27,3.544907701811032,0.0876248472359021,0.15293458177609734
128,5.0,2.5,9,28,3.544907701811032,0.13592315104620317,0.12057148428636415
128,5.0,2.5,9,29,3.544907701811032,0.14375154137874246,0.2745852234773022
128,5.0,2.5,9,30,3.544907701811032,0.08836823999501901,0.11460918056300069
128,5.0,2.5,9,31,3.544907701811032,0.10867587854491863,0.09710188510121427
128,5.0,2.5,9,32,3.544907701811032,0.11094087052596965,0.23542506830420393
128,5.0,2.5,9,33,3.544907701811032,0.20884629106651462,0.10485818579454768
128,5.0,2.5,9,34,3.544907701811032,0.12214500418349745,0.16891640788040574
128,5.0,2.5,9,35,3.544907701811032,0.09345499592530623,0.09243971238256407
128,5.0,2.5,9,36,3.544907701811032,0.11547572332198457,0.27626082180136374
128,5.0,2.5,9,37,3.544907701811032,0.06811270309003607,0.15163164005878
128,5.0,2.5,9,38,3.544907701811032,0.09640609690693114,0.13290447001060562
128,5.0,2.5,9,39,3.544907701811032,0.14654347908191465,0.0939647429050349
128,5.0,2.5,9,40,3.544907701811032,0.2762617686143352,0.10301849467144178
128,5.0,2.5,9,41,3.544907701811032,0.3032885598261488,0.11444450013036307
128,5.0,2.5,9,42,3.544907701811032,0.06390344867111845,0.1660069265694596
128,5.0,2.5,9,43,3.544907701811032,0.15960189522599216,0.11099467814708622
128,5.0,2.5,9,44,3.544907701811032,0.12218666352279453,0.22839754608963325
128,5.0,2.5,9,45,3.544907701811032,0.10278456204563176,0.35171416683730145
128,5.0,2.5,9,46,3.544907701811032,0.09467067743934512,0.16576249438803892
128,5.0,2.5,9,47,3.544907701811032,0.21259363910317708,0.19819267932006077
128,5.0,2.5,9,48,3.544907701811032,0.08960671611469398,0.21624354061633255
128,5.0,2.5,9,49,3.544907701811032,0.12169777971332367,0.1444759652514743
128,5.0,2.5,9,50,3.544907701811032,0.12182817453379413,0.19070705998979598
128,5.0,2.5,9,51,3.544907701811032,0.31150340474588445,0.11924805884849392
128,5.0,2.5,9,52,3.544907701811032,0.19275459374835077,0.19043387572930792
128,5.0,2.5,9,53,3.544907701811032,0.21588729250183009,0.11186914547742896
128,5.0,2.5,9,54,3.544907701811032,0.11224817405968199,0.15162440540332556
128,5.0,2.5,9,55,3.544907701811032,0.1034541352330717,0.1224120495655217
128,5.0,2.5,9,56,3.544907701811032,0.11771387828528024,0.29228334883621115
128,5.0,2.5,9,57,3.544907701811032,0.16706825722978785,0.13531894622852156
128,5.0,2.5,9,58,3.544907701811032,0.08486877554193788,0.0757096675741723
128,5.0,2.5,9,59,3.544907701811032,0.19963385471780754,0.10989096326284878
128,5.0,2.5,9,60,3.544907701811032,0.19223083662238086,0.19069887411722627
128,5.0,2.5,9,61,3.544907701811032,0.15244442939941666,0.0685902885755735
128,5.0,2.5,9,62,3.544907701811032,0.0938249056016837,0.15028636498163397
128,5.0,2.5,9,63,3.544907701811032,0.16589737023652057,0.12470428906832891
128,5.0,3.2,10,0,2.7694591420398686,0.08712334252910392,0.08952813224659983
128,5.0,3.2,10,1,2.7694591420398686,0.06640047895819431,0.2349400394347237
128,5.0,3.2,10,2,2.7694591420398686,0.06680050169266477,0.09258856137479766
128,5.0,3.2,10,3,2.7694591420398686,0.10144070585681325,0.13358870400351197
128,5.0,3.2,10,4,2.7694591420398686,0.07846576366894158,0.2433678838539554
128,5.0,3.2,10,5,2.7694591420398686,0.1452054045650701,0.10933656309012943
128,5.0,3.2,10,6,2.7694591420398686,0.09130370678179602,0.10855096105204402
128,5.0,3.2,10,7,2.7694591420398686,0.09166539929654598,0.1447125254339851
128,5.0,3.2,10,8,2.7694591420398686,0.1195609219097725,0.08443932870494442
128,5.0,3.2,10,9,2.7694591420398686,0.08186747921759323,0.18393388994226342
128,5.0,3.2,10,10,2.7694591420398686,0.10092331383778563,0.08907515420560046
128,5.0,3.2,10,11,2.7694591420398686,0.11639129041930252,0.08955746287152073
128,5.0,3.2,10,12,2.7694591420398686,0.15884381295455685,0.10258322470622389
128,5.0,3.2,10,13,2.7694591420398686,0.08952988468631305,0.09251203834362241
128,5.0,3.2,10,14,2.7694591420398686,0.09701515535194387,0.15981027079386417
128,5.0,3.2,10,15,2.7694591420398686,0.0710064888848045,0.15003211413918804
128,5.0,3.2,10,16,2.7694591420398686,0.07244044735975011,0.1491209860281477
128,5.0,3.2,10,17,2.7694591420398686,0.12178940785058416,0.10506796090836652
128,5.0,3.2,10,18,2.7694591420398686,0.11121966658399308,0.2044106347046113
128,5.0,3.2,10,19,2.7694591420398686,0.1306163871095477,0.16639979865155502
128,5.0,3.2,10,20,2.7694591420398686,0.10695836193726396,0.08772426667908825
128,5.0,3.2,10,21,2.7694591420398686,0.24409957508844343,0.1388778260272862
128,5.0,3.2,10,22,2.7694591420398686,0.08084114053791532,0.22251959426004936
128,5.0,3.2,10,23,2.7694591420398686,0.08906358320977178,0.1424836258750701
128,5.0,3.2,10,24,2.7694591420398686,0.12995378205533942,0.16111018960409235
128,5.0,3.2,10,25,2.7694591420398686,0.09909647328142987,0.11721472336636621
128,5.0,3.2,10,26,2.7694591420398686,0.09699210746194953,0.07615461958435533
128,5.0,3.2,10,27,2.7694591420398686,0.173955208282461,0.16313907952241696
128,5.0,3.2,10,28,2.7694591420398686,0.06504781654390827,0.09699307293119652
128,5.0,3.2,10,29,2.7694591420398686,0.1564527886473819,0.10844187924439336
128,5.0,3.2,10,30,2.7694591420398686,0.19926604680493046,0.08808905558459586
128,5.0,3.2,10,31,2.7694591420398686,0.08369318345163683,0.07801865849244204
128,5.0,3.2,10,32,2.7694591420398686,0.09187004924582717,0.1239738735269274
128,5.0,3.2,10,33,2.7694591420398686,0.10894216850049802,0.14730162703603855
128,5.0,3.2,10,34,2.7694591420398686,0.08715633688921677,0.07117834648254816
128,5.0,3.2,10,35,2.7694591420398686,0.14780480950120328,0.11844854734290203
128,5.0,3.2,10,36,2.7694591420398686,0.09420483777625228,0.10505172535802715
128,5.0,3.2,10,37,2.7694591420398686,0.17748570734392555,0.1384146674633103
128,5.0,3.2,10,38,2.7694591420398686,0.08693777744943706,0.0781576362737681
128,5.0,3.2,10,39,2.7694591420398686,0.19251082357716984,0.09699818584110192
128,5.0,3.2,10,40,2.7694591420398686,0.12785158742488717,0.17272172488437001
128,5.0,3.2,10,41,2.7694591420398686,0.056313677852302034,0.08957151821218895
128,5.0,3.2,10,42,2.7694591420398686,0.13859370908384572,0.08006422851354938
128,5.0,3.2,10,43,2.7694591420398686,0.07307125616340719,0.11974833358261473
128,5.0,3.2,10,44,2.7694591420398686,0.07476472221410173,0.10760900178399938
128,5.0,3.2,10,45,2.7694591420398686,0.09126716494934468,0.08159360258516146
128,5.0,3.2,10,46,2.7694591420398686,0.1194940756505588,0.10383645818956101
128,5.0,3.2,10,47,2.7694591420398686,0.1196130286415193,0.12116293921268682
128,5.0,3.2,10,48,2.7694591420398686,0.14178767507840162,0.07482063297891872
128,5.0,3.2,10,49,2.7694591420398686,0.11971940679863555,0.07855378925258993
128,5.0,3.2,10,50,2.7694591420398686,0.16315250013602775,0.13753244190926198
128,5.0,3.2,10,51,2.7694591420398686,0.14945459893381532,0.10067863467639647
128,5.0,3.2,10,52,2.7694591420398686,0.27463387813781776,0.271018250187965
128,5.0,3.2,10,53,2.7694591420398686,0.07930650078026376,0.10110370330391903
128,5.0,3.2,10,54,2.7694591420398686,0.09081381015966651,0.18496269794776657
128,5.0,3.2,10,55,2.7694591420398686,0.17793999916960654,0.24883296139536262
128,5.0,3.2,10,56,2.7694591420398686,0.08063660322055274,0.09003414483001976
128,5.0,3.2,10,57,2.7694591420398686,0.13403294619353093,0.3093986681493274
128,5.0,3.2,10,58,2.7694591420398686,0.08542125110852494,0.19319416020013191
128,5.0,3.2,10,59,2.7694591420398686,0.18282514418059048,0.1924101563875489
128,5.0,3.2,10,60,2.7694591420398686,0.07755862380633294,0.11848920831468042
128,5.0,3.2,10,61,2.7694591420398686,0.07891458447642062,0.09536659468952272
128,5.0,3.2,10,62,2.7694591420398686,0.10136078547295724,0.06491226124705089
128,5.0,3.2,10,63,2.7694591420398686,0.058028472949383667,0.06790636364709363
128,5.0,4.0,11,0,2.215567313631895,0.14025632350818984,0.08519460712251478
128,5.0,4.0,11,1,2.215567313631895,0.17269045088408713,0.13213106024918705
128,5.0,4.0,11,2,2.215567313631895,0.08657855082430677,0.0883306768267515
128,5.0,4.0,11,3,2.215567313631895,0.1370261038881545,0.1594127239814786
128,5.0,4.0,11,4,2.215567313631895,0.2378030839156578,0.0937726328979572
128,5.0,4.0,11,5,2.215567313631895,0.12310468484713241,0.12312462765381799
128,5.0,4.0,11,6,2.215567313631895,0.14949913170663198,0.09852226854719309
128,5.0,4.0,11,7,2.215567313631895,0.09378768720775447,0.07760218107563364
128,5.0,4.0,11,8,2.215567313631895,0.06510375474593152,0.09309152025123404
128,5.0,4.0,11,9,2.215567313631895,0.18868646157777114,0.07671057741416518
128,5.0,4.0,11,10,2.215567313631895,0.10222178661923542,0.05864383913559108
128,5.0,4.0,11,11,2.215567313631895,0.09105784329451211,0.11801730171308406
128,5.0,4.0,11,12,2.215567313631895,0.06888826053044687,0.08409744679813547
128,5.0,4.0,11,13,2.215567313631895,0.08720289076497947,0.08356423244020617
128,5.0,4.0,11,14,2.215567313631895,0.0918579809367464,0.0904438223362263
128,5.0,4.0,11,15,2.215567313631895,0.1457798381087993,0.1738856795103832
128,5.0,4.0,11,16,2.215567313631895,0.12048364431612404,0.1026792552236757
128,5.0,4.0,11,17,2.215567313631895,0.09761338173812192,0.12780206315199522
128,5.0,4.0,11,18,2.215567313631895,0.08120060984958558,0.09749494302613537
128,5.0,4.0,11,19,2.215567313631895,0.07994196438340834,0.17287293676469695
128,5.0,4.0,11,20,2.215567313631895,0.12292592326891605,0.09478553362378958
128,5.0,4.0,11,21,2.215567313631895,0.0929569649400965,0.21951205388373213
128,5.0,4.0,11,22,2.215567313631895,0.15111654477271785,0.14768403802011404
128,5.0,4.0,11,23,2.215567313631895,0.1510886504969961,0.11426950205693913
128,5.0,4.0,11,24,2.215567313631895,0.06287889439012301,0.07733024336166286
128,5.0,4.0,11,25,2.215567313631895,0.13050274296600897,0.20180517628260647
128,5.0,4.0,11,26,2.215567313631895,0.09384192921875667,0.08261102702442569
128,5.0,4.0,11,27,2.215567313631895,0.09838447889051016,0.08934979956276098
128,5.0,4.0,11,28,2.215567313631895,0.09135757513277938,0.08284214980139995
128,5.0,4.0,11,29,2.215567313631895,0.1911839914480909,0.17757643055365585
128,5.0,4.0,11,30,2.215567313631895,0.0747715545736578,0.08405333185921868
128,5.0,4.0,11,31,2.215567313631895,0.09947399841280914,0.08077250807644146
128,5.0,4.0,11,32,2.215567313631895,0.06853580138799897,0.14823878628956466
128,5.0,4.0,11,33,2.215567313631895,0.07371884966764128,0.08669951272549503
128,5.0,4.0,11,34,2.215567313631895,0.07138705885195641,0.07095191854335964
128,5.0,4.0,11,35,2.215567313631895,0.09233300963310048,0.09101987704905418
128,5.0,4.0,11,36,2.215567313631895,0.11256985825490878,0.09859306395286535
128,5.0,4.0,11,37,2.215567313631895,0.06291317985525141,0.10801464457610101
128,5.0,4.0,11,38,2.215567313631895,0.09114442991250743,0.09686768899578005
128,5.0,4.0,11,39,2.215567313631895,0.07803205741021607,0.11997527705039374
128,5.0,4.0,11,40,2.215567313631895,0.07115318655462848,0.1160512084050913
128,5.0,4.0,11,41,2.215567313631895,0.13269273044543714,0.13172758751101693
128,5.0,4.0,11,42,2.215567313631895,0.10899937202636348,0.23041751442326702
128,5.0,4.0,11,43,2.215567313631895,0.0840649093820945,0.11119785218456474
128,5.0,4.0,11,44,2.215567313631895,0.0655584476587027,0.1588431628567133
128,5.0,4.0,11,45,2.215567313631895,0.11700725327187544,0.09476398278765169
128,5.0,4.0,11,46,2.215567313631895,0.12502062322107002,0.09106698910964779
128,5.0,4.0,11,47,2.215567313631895,0.09818881684505133,0.12515897155759131
128,5.0,4.0,11,48,2.215567313631895,0.0910636133141205,0.08679337265929389
128,5.0,4.0,11,49,2.215567313631895,0.08835462850698045,0.19255633750720846
128,5.0,4.0,11,50,2.215567313631895,0.08793965790311849,0.1175462894070479
128,5.0,4.0,11,51,2.215567313631895,0.07962557361491795,0.16590419825930922
128,5.0,4.0,11,52,2.215567313631895,0.059960637349819684,0.21471033974981757
128,5.0,4.0,11,53,2.215567313631895,0.07646246622924976,0.09104200627748335
128,5.0,4.0,11,54,2.215567313631895,0.0844955779712375,0.10735540420437001
128,5.0,4.0,11,55,2.215567313631895,0.07845696876163018,0.11336485326066409
128,5.0,4.0,11,56,2.215567313631895,0.17073246927678226,0.1546695932119158
128,5.0,4.0,11,57,2.215567313631895,0.06353557828620601,0.07927225357423873
128,5.0,4.0,11,58,2.215567313631895,0.10266668012923524,0.06545910534037261
128,5.0,4.0,11,59,2.215567313631895,0.07653566558831468,0.11696673533458535
128,5.0,4.0,11,60,2.215567313631895,0.11894644595103451,0.14064879022342772
128,5.0,4.0,11,61,2.215567313631895,0.07561456673641787,0.07729560468920549
128,5.0,4.0,11,62,2.215567313631895,0.07751959934039943,0.09163840735636182
128,5.0,4.0,11,63,2.215567313631895,0.11098427025029181,0.08074013393683589
128,5.0,5.0,12,0,1.772453850905516,0.0959976334867038,0.12563330812265008
128,5.0,5.0,12,1,1.772453850905516,0.08824494185969493,0.07282731953046791
128,5.0,5.0,12,2,1.772453850905516,0.09638081918200543,0.08432969341751927
128,5.0,5.0,12,3,1.772453850905516,0.06329898217862981,0.08897560304993349
128,5.0,5.0,12,4,1.772453850905516,0.10867201148433706,0.0647002010682772
128,5.0,5.0,12,5,1.772453850905516,0.06290630582915754,0.0895141309564367
128,5.0,5.0,12,6,1.772453850905516,0.07283184932350299,0.1381462649809828
128,5.0,5.0,12,7,1.772453850905516,0.12980195201221983,0.09879533577283209
128,5.0,5.0,12,8,1.772453850905516,0.10441077981882907,0.08547357956006477
128,5.0,5.0,12,9,1.772453850905516,0.06378450470015691,0.13814593282921667
128,5.0,5.0,12,10,1.772453850905516,0.08548135490876865,0.0754305528044765
128,5.0,5.0,12,11,1.772453850905516,0.057746637886955596,0.09521035277459396
128,5.0,5.0,12,12,1.772453850905516,0.05400504572616884,0.08897929922030987
128,5.0,5.0,12,13,1.772453850905516,0.0788197144355353,0.12708611824046506
128,5.0,5.0,12,14,1.772453850905516,0.1557630977150561,0.0728562231190043
128,5.0,5.0,12,15,1.772453850905516,0.06950023729788539,0.10442027014728125
128,5.0,5.0,12,16,1.772453850905516,0.06559967535569747,0.1827909332348562
128,5.0,5.0,12,17,1.772453850905516,0.06969375091093824,0.06206536196203629
128,5.0,5.0,12,18,1.772453850905516,0.09646745963089978,0.0936065757827285
128,5.0,5.0,12,19,1.772453850905516,0.09018584062508375,0.11827476092675342
128,5.0,5.0,12,20,1.772453850905516,0.11984139328127907,0.06828429294227314
128,5.0,5.0,12,21,1.772453850905516,0.057306085130437265,0.07220289312974834
128,5.0,5.0,12,22,1.772453850905516,0.06640899512346712,0.0963792398530644
128,5.0,5.0,12,23,1.772453850905516,0.13814423709326112,0.08754776687031873
128,5.0,5.0,12,24,1.772453850905516,0.0982344093463277,0.16872440851905174
128,5.0,5.0,12,25,1.772453850905516,0.10719218310961387,0.08548235572311431
128,5.0,5.0,12,26,1.772453850905516,0.10440543743283763,0.08307430121222463
128,5.0,5.0,12,27,1.772453850905516,0.0679498522790762,0.09211213814266354
128,5.0,5.0,12,28,1.772453850905516,0.09757457672640793,0.0944519350968182
128,5.0,5.0,12,29,1.772453850905516,0.12719035893866892,0.06749260886750166
128,5.0,5.0,12,30,1.772453850905516,0.04982576713307128,0.10866670443497153
128,5.0,5.0,12,31,1.772453850905516,0.059064796786759,0.06207435424979986
128,5.0,5.0,12,32,1.772453850905516,0.07877518052253803,0.08712443942839647
128,5.0,5.0,12,33,1.772453850905516,0.14939947790765576,0.062306882016548215
128,5.0,5.0,12,34,1.772453850905516,0.1855844813519484,0.12660474732351973
128,5.0,5.0,12,35,1.772453850905516,0.06462068586117993,0.11524477462543214
128,5.0,5.0,12,36,1.772453850905516,0.13767918318649044,0.08212610744979594
128,5.0,5.0,12,37,1.772453850905516,0.13814673223722748,0.13816151808623123
128,5.0,5.0,12,38,1.772453850905516,0.06553496248925006,0.07846206166825971
128,5.0,5.0,12,39,1.772453850905516,0.12022752653873554,0.10439514959232885
128,5.0,5.0,12,40,1.772453850905516,0.07181191333878267,0.09596419909052903
128,5.0,5.0,12,41,1.772453850905516,0.061127705536957344,0.1687320263656518
128,5.0,5.0,12,42,1.772453850905516,0.08848077612086762,0.1478816121942599
128,5.0,5.0,12,43,1.772453850905516,0.17046459406386177,0.08896770534142869
128,5.0,5.0,12,44,1.772453850905516,0.08193084828840873,0.05062943195627658
128,5.0,5.0,12,45,1.772453850905516,0.09638375894442819,0.08623374465373781
128,5.0,5.0,12,46,1.772453850905516,0.12106427695372228,0.07836892270233438
128,5.0,5.0,12,47,1.772453850905516,0.0954422841057102,0.10441208529230597
128,5.0,5.0,12,48,1.772453850905516,0.047299063177315734,0.09168898392803868
128,5.0,5.0,12,49,1.772453850905516,0.05938398239467777,0.13925979928412316
128,5.0,5.0,12,50,1.772453850905516,0.08698828733563511,0.08342466336256407
128,5.0,5.0,12,51,1.772453850905516,0.09978668637431554,0.10596012769659642
128,5.0,5.0,12,52,1.772453850905516,0.15255838055942145,0.1063448292549034
128,5.0,5.0,12,53,1.772453850905516,0.10441690054423355,0.09728149659784535
128,5.0,5.0,12,54,1.772453850905516,0.10811012518460424,0.07494971745881744
128,5.0,5.0,12,55,1.772453850905516,0.0978693011230527,0.06270072486604253
128,5.0,5.0,12,56,1.772453850905516,0.0789388030982088,0.07511206520212446
128,5.0,5.0,12,57,1.772453850905516,0.1250472706500315,0.09063314190538735
128,5.0,5.0,12,58,1.772453850905516,0.12751881491115807,0.177341866251562
128,5.0,5.0,12,59,1.772453850905516,0.12309283781303113,0.09204082639897868
128,5.0,5.0,12,60,1.772453850905516,0.07841398322973499,0.10642863770255362
128,5.0,5.0,12,61,1.772453850905516,0.08896819307970859,0.13736143247776625
128,5.0,5.0,12,62,1.772453850905516,0.1327258232674271,0.11511906517682209
128,5.0,5.0,12,63,1.772453850905516,0.11876518248252702,0.07782543578268011
128,5.0,6.5,13,0,1.3634260391580892,0.09054591013586209,0.09809435793339702
128,5.0,6.5,13,1,1.3634260391580892,0.10542346504773674,0.08032418741337859
128,5.0,6.5,13,2,1.3634260391580892,0.0826668186947675,0.08178596553738314
128,5.0,6.5,13,3,1.3634260391580892,0.06829086831187653,0.10962350661080447
128,5.0,6.5,13,4,1.3634260391580892,0.06112341896494153,0.10209358844690825
128,5.0,6.5,13,5,1.3634260391580892,0.04659913278569245,0.0811814821776929
128,5.0,6.5,13,6,1.3634260391580892,0.0710764802139181,0.07066647653063819
128,5.0,6.5,13,7,1.3634260391580892,0.06733818219993254,0.07491820994155406
128,5.0,6.5,13,8,1.3634260391580892,0.04892186365327404,0.06714726112780585
128,5.0,6.5,13,9,1.3634260391580892,0.05885030836221642,0.10157489179918107
128,5.0,6.5,13,10,1.3634260391580892,0.10852341741779467,0.12978872560987365
128,5.0,6.5,13,11,1.3634260391580892,0.08031037507980479,0.11196440981826204
128,5.0,6.5,13,12,1.3634260391580892,0.05217817326976359,0.08031434206465489
128,5.0,6.5,13,13,1.3634260391580892,0.05030143300435343,0.06900316124975153
128,5.0,6.5,13,14,1.3634260391580892,0.05718670005494705,0.09407943378024612
128,5.0,6.5,13,15,1.3634260391580892,0.05430086327038697,0.06378562550468683
128,5.0,8.0,14,0,1.1077836568159476,0.0679237468477989,0.09352713233507229
128,5.0,8.0,14,1,1.1077836568159476,0.07432537353777423,0.07482418337663128
128,5.0,8.0,14,2,1.1077836568159476,0.05212560663429998,0.06239663195745765
128,5.0,8.0,14,3,1.1077836568159476,0.10431225625772383,0.11423532918124626
128,5.0,8.0,14,4,1.1077836568159476,0.05132369689567821,0.06700821444065073
128,5.0,8.0,14,5,1.1077836568159476,0.07230277491989523,0.06525649708498114
128,5.0,8.0,14,6,1.1077836568159476,0.04941600889256921,0.0746510885373762
128,5.0,8.0,14,7,1.1077836568159476,0.10976495586483345,0.05342764401665075
128,5.0,8.0,14,8,1.1077836568159476,0.08295389366110692,0.065316472749976
128,5.0,8.0,14,9,1.1077836568159476,0.054023247429436094,0.10293880434504774
128,5.0,8.0,14,10,1.1077836568159476,0.08837845370953656,0.06768403312256402
128,5.0,8.0,14,11,1.1077836568159476,0.05133169585004946,0.06876424679279526
128,5.0,8.0,14,12,1.1077836568159476,0.0679150136637387,0.10545016332240398
128,5.0,8.0,14,13,1.1077836568159476,0.04919643021879143,0.08067826407841208
128,5.0,8.0,14,14,1.1077836568159476,0.06607513707098883,0.10545795859978731
128,5.0,8.0,14,15,1.1077836568159476,0.09735322439832392,0.10976176578035599
128,5.0,12.0,15,0,0.7385224378772984,0.05152672349658179,0.07030782898990395
128,5.0,12.0,15,1,0.7385224378772984,0.03681844992585456,0.06320360967364308
128,5.0,12.0,15,2,0.7385224378772984,0.05313741388726747,0.08250255217201247
128,5.0,12.0,15,3,0.7385224378772984,0.042674709475124105,0.053129214355285226
128,5.0,12.0,15,4,0.7385224378772984,0.0761599902215669,0.07030524864115367
128,5.0,12.0,15,5,0.7385224378772984,0.06637409767224428,0.07317575276426289
128,5.0,12.0,15,6,0.7385224378772984,0.04904946185802469,0.08101000575135654
128,5.0,12.0,15,7,0.7385224378772984,0.05095878639692828,0.049055403090249215
128,5.0,12.0,15,8,0.7385224378772984,0.046755472696618706,0.053141288131014854
128,5.0,12.0,15,9,0.7385224378772984,0.05755599038348241,0.050261286860388034
128,5.0,12.0,15,10,0.7385224378772984,0.06490146492131699,0.0649067063675167
128,5.0,12.0,15,11,0.7385224378772984,0.08250998794501879,0.06489670663436307
128,5.0,12.0,15,12,0.7385224378772984,0.0471141465827393,0.04998251397098352
128,5.0,12.0,15,13,0.7385224378772984,0.055303728937563905,0.08249844494365156
128,5.0,12.0,15,14,0.7385224378772984,0.044251033371949446,0.04740874797924644
128,5.0,12.0,15,15,0.7385224378772984,0.06300281533440716,0.07926554236098542
128,5.0,20.0,16,0,0.443113462726379,0.03456990806244673,0.04755895017530885
128,5.0,20.0,16,1,0.443113462726379,0.03049817831610254,0.040710629832039026
128,5.0,20.0,16,2,0.443113462726379,0.043196962221010035,0.04556794614679184
128,5.0,20.0,16,3,0.443113462726379,0.04476260838492159,0.049498015258486294
128,5.0,20.0,16,4,0.443113462726379,0.04950382838205951,0.040286224368280985
128,5.0,20.0,16,5,0.443113462726379,0.04950027310916655,0.04756037685493027
128,5.0,20.0,16,6,0.443113462726379,0.040835696951794995,0.04424026244291309
128,5.0,20.0,16,7,0.443113462726379,0.035573240865955515,0.0340303559600863
128,5.0,20.0,16,8,0.443113462726379,0.03453409985368302,0.03894224784229901
128,5.0,20.0,16,9,0.443113462726379,0.039257689108044246,0.041378044727894976
128,5.0,20.0,16,10,0.443113462726379,0.049503043486349055,0.03252650067949592
128,5.0,20.0,16,11,0.443113462726379,0.04569715457116076,0.04218189504990661
128,5.0,20.0,16,12,0.443113462726379,0.03908980872876501,0.04390493584250057
128,5.0,20.0,16,13,0.443113462726379,0.049504919411632334,0.04756293446282578
128,5.0,20.0,16,14,0.443113462726379,0.036243052094871886,0.04202173768074191
128,5.0,20.0,16,15,0.443113462726379,0.04321689824405143,0.03894182884071122
128,7.0,0.25,0,0,49.62870782535445,0.754913952797269,1.3008910797394417
128,7.0,0.25,0,1,49.62870782535445,0.8144932426387568,0.9982291604973135
128,7.0,0.25,0,2,49.62870782535445,1.0965988691533055,1.3322005261580983
128,7.0,0.25,0,3,49.62870782535445,0.8093796277680652,1.4341333990793883
128,7.0,0.25,0,4,49.62870782535445,1.2735356582179764,1.1021543371262073
128,7.0,0.25,0,5,49.62870782535445,0.9978029843777164,1.011668101281714
128,7.0,0.25,0,6,49.62870782535445,1.3786893381881327,1.6441270229031455
128,7.0,0.25,0,7,49.62870782535445,1.660329652009712,1.3011055106757912
128,7.0,0.25,0,8,49.62870782535445,1.1306985366684967,1.3801337347776343
128,7.0,0.25,0,9,49.62870782535445,0.7844537055338472,1.404608115280459
128,7.0,0.25,0,10,49.62870782535445,1.2353852871690085,0.8416585376823764
128,7.0,0.25,0,11,49.62870782535445,1.4874073414763864,1.0799330381087089
128,7.0,0.25,0,12,49.62870782535445,1.1012783743075114,1.3652237984888242
128,7.0,0.25,0,13,49.62870782535445,1.1747988323354115,1.443513800440281
128,7.0,0.25,0,14,49.62870782535445,1.3084699240596773,1.2672106377899628
128,7.0,0.25,0,15,49.62870782535445,1.1644807104237267,1.0945290997362112
128,7.0,0.35,1,0,35.44907701811032,1.089343483867176,1.1891422621959828
128,7.0,0.35,1,1,35.44907701811032,1.4613697524830989,1.1327512486750293
128,7.0,0.35,1,2,35.44907701811032,1.0457721708465144,0.910117703607824
128,7.0,0.35,1,3,35.44907701811032,0.725220254141791,1.1449444072727777
128,7.0,0.35,1,4,35.44907701811032,0.9982381712785972,1.073916144634628
128,7.0,0.35,1,5,35.44907701811032,1.086723297231625,1.406694299442746
128,7.0,0.35,1,6,35.44907701811032,0.9481368314959829,1.0530832170876978
128,7.0,0.35,1,7,35.44907701811032,1.178470735362556,0.8476533061285152
128,7.0,0.35,1,8,35.44907701811032,1.4432904525231092,1.0930572264459049
128,7.0,0.35,1,9,35.44907701811032,0.9145046002020749,1.0738822923808526
128,7.0,0.35,1,10,35.44907701811032,1.0281632052819905,1.251773952226603
128,7.0,0.35,1,11,35.44907701811032,0.9510523423396727,1.1561777133057696
128,7.0,0.35,1,12,35.44907701811032,1.445983146389727,1.019620265418546
128,7.0,0.35,1,13,35.44907701811032,1.086296559947677,0.8367390235957793
128,7.0,0.35,1,14,35.44907701811032,1.3984009927448633,0.8450792921551145
128,7.0,0.35,1,15,35.44907701811032,0.6966187482488405,0.9756614501762954
128,7.0,0.5,2,0,24.814353912677223,0.6554026754327572,0.737677566744022
128,7.0,0.5,2,1,24.814353912677223,0.9154454008806922,0.5071036708165496
128,7.0,0.5,2,2,24.814353912677223,0.9610845656412571,0.7746033866600901
128,7.0,0.5,2,3,24.814353912677223,1.2987237994071212,0.8306896053990851
128,7.0,0.5,2,4,24.814353912677223,0.9748139174785,0.64011739232953
128,7.0,0.5,2,5,24.814353912677223,0.8730962413469715,0.9210043606067908
128,7.0,0.5,2,6,24.814353912677223,1.2257537743404714,0.6735906620886842
128,7.0,0.5,2,7,24.814353912677223,1.3505678736207154,0.8485598041823463
128,7.0,0.5,2,8,24.814353912677223,1.0582176094595979,0.8157667064700842
128,7.0,0.5,2,9,24.814353912677223,0.7981556000452821,0.730501602766956
128,7.0,0.5,2,10,24.814353912677223,0.8001360553216017,0.5784051082667412
128,7.0,0.5,2,11,24.814353912677223,0.9770144441068763,0.8514856994969391
128,7.0,0.5,2,12,24.814353912677223,0.9287375464327416,0.5338965816036154
128,7.0,0.5,2,13,24.814353912677223,0.9507911512816949,0.6864597021406064
128,7.0,0.5,2,14,24.814353912677223,1.1228923093388055,0.9521993270642601
128,7.0,0.5,2,15,24.814353912677223,0.9543299903803814,1.346609260391112
128,7.0,0.5,2,16,24.814353912677223,1.1013039019347173,0.7640310242921946
128,7.0,0.5,2,17,24.814353912677223,0.9460391787853863,0.7322419595006384
128,7.0,0.5,2,18,24.814353912677223,0.8521784457524196,0.9197032549481845
128,7.0,0.5,2,19,24.814353912677223,0.8282712385131152,0.8493951673251292
128,7.0,0.5,2,20,24.814353912677223,0.8831810250388907,0.8891056320864792
128,7.0,0.5,2,21,24.814353912677223,1.2158016409703616,0.8828962078200614
128,7.0,0.5,2,22,24.814353912677223,0.7839973676054858,1.2012567524116236
128,7.0,0.5,2,23,24.814353912677223,0.8990504936898325,0.8250872553721116
128,7.0,0.5,2,24,24.814353912677223,0.9265254228698874,1.1468023780946301
128,7.0,0.5,2,25,24.814353912677223,0.771756246863893,0.4430942280871414
128,7.0,0.5,2,26,24.814353912677223,1.0721672562794997,0.7147092246523211
128,7.0,0.5,2,27,24.814353912677223,0.9217827355540827,0.6199081617778444
128,7.0,0.5,2,28,24.814353912677223,1.1851380483026734,0.9279467174935607
128,7.0,0.5,2,29,24.814353912677223,0.916566784501464,0.7868388912358559
128,7.0,0.5,2,30,24.814353912677223,0.9469992433454266,0.7944661217936471
128,7.0,0.5,2,31,24.814353912677223,1.029088527059443,0.8985832588975817
128,7.0,0.5,2,32,24.814353912677223,1.1979246618094623,0.9352128230723349
128,7.0,0.5,2,33,24.814353912677223,0.966821861454379,0.9561473679479382
128,7.0,0.5,2,34,24.814353912677223,0.8781907032986993,0.8450516299532673
128,7.0,0.5,2,35,24.814353912677223,0.9473275054274763,0.5449909125920959
128,7.0,0.5,2,36,24.814353912677223,0.9176178634314766,0.7825198839868328
128,7.0,0.5,2,37,24.814353912677223,1.0962247851412434,0.6361789188933349
128,7.0,0.5,2,38,24.814353912677223,1.0767199640930865,0.6494139100740373
128,7.0,0.5,2,39,24.814353912677223,1.287676199570486,0.6709048159034404
128,7.0,0.5,2,40,24.814353912677223,0.8862582937440093,1.3731084884158862
128,7.0,0.5,2,41,24.814353912677223,0.9967369320076702,0.5615360364557296
128,7.0,0.5,2,42,24.814353912677223,0.9745015138845461,0.6157253216354771
128,7.0,0.5,2,43,24.814353912677223,0.8468310388177134,0.9942934821111701
128,7.0,0.5,2,44,24.814353912677223,1.1066787200731725,0.5833378039092014
128,7.0,0.5,2,45,24.814353912677223,0.874636624519665,0.7849637628299062
128,7.0,0.5,2,46,24.814353912677223,1.1451880802615775,0.9270119374102216
128,7.0,0.5,2,47,24.814353912677223,1.467068071951553,0.9291172974915511
128,7.0,0.5,2,48,24.814353912677223,0.9010631444965548,0.7475166519191621
128,7.0,0.5,2,49,24.814353912677223,0.994690937603754,0.5286354849523898
128,7.0,0.5,2,50,24.814353912677223,1.1298525871621647,0.7345954231835984
128,7.0,0.5,2,51,24.814353912677223,0.8259597596380774,0.7816798297833383
128,7.0,0.5,2,52,24.814353912677223,0.9298641850149301,0.7954710118451461
128,7.0,0.5,2,53,24.814353912677223,1.1338885290797234,0.42883070197146855
128,7.0,0.5,2,54,24.814353912677223,0.8723227081129235,0.7225846501839972
128,7.0,0.5,2,55,24.814353912677223,0.9206432698928145,0.6189900063240524
128,7.0,0.5,2,56,24.814353912677223,1.214511206765768,0.5786629664222889
128,7.0,0.5,2,57,24.814353912677223,0.8865063634371406,0.9301874415997987
128,7.0,0.5,2,58,24.814353912677223,0.9394261670356653,0.5958167970882657
128,7.0,0.5,2,59,24.814353912677223,0.956676386300203,1.0935288741010922
128,7.0,0.5,2,60,24.814353912677223,0.8938018368611484,0.7974469225729648
128,7.0,0.5,2,61,24.814353912677223,0.984550336827646,0.6978314231317246
128,7.0,0.5,2,62,24.814353912677223,1.0814244087430285,0.6859005386684207
128,7.0,0.5,2,63,24.814353912677223,1.0745238064012215,1.0247135391272675
128,7.0,0.65,3,0,19.087964548213247,0.6713143331317317,0.5733111609494074
128,7.0,0.65,3,1,19.087964548213247,0.4442114446237302,0.5063764917795959
128,7.0,0.65,3,2,19.087964548213247,0.9366427419423624,0.3880669235731684
128,7.0,0.65,3,3,19.087964548213247,0.8778800365077075,0.665972201004121
128,7.0,0.65,3,4,19.087964548213247,0.885316395723739,0.5892274954672857
128,7.0,0.65,3,5,19.087964548213247,0.7397204691425016,0.4776806023017696
128,7.0,0.65,3,6,19.087964548213247,0.6989421284005987,0.46552051358319213
128,7.0,0.65,3,7,19.087964548213247,0.9054517692189743,0.7203096881644686
128,7.0,0.65,3,8,19.087964548213247,0.6357701302703194,0.4582699065405075
128,7.0,0.65,3,9,19.087964548213247,0.6580379657078965,0.6367272058326872
128,7.0,0.65,3,10,19.087964548213247,0.9957682370398213,0.610790387606287
128,7.0,0.65,3,11,19.087964548213247,0.8872533650740526,0.5934333334917083
128,7.0,0.65,3,12,19.087964548213247,0.8959489674568364,0.5441034900307857
128,7.0,0.65,3,13,19.087964548213247,0.6378011742967226,0.6271621293042525
128,7.0,0.65,3,14,19.087964548213247,0.933358457057988,0.8105747996117811
128,7.0,0.65,3,15,19.087964548213247,0.9069855011359419,0.38075681292888225
128,7.0,0.65,3,16,19.087964548213247,0.6399604129440818,0.27795041737075554
128,7.0,0.65,3,17,19.087964548213247,0.7726224077404343,0.7995271368299139
128,7.0,0.65,3,18,19.087964548213247,0.8962135869570316,0.30777836429456973
128,7.0,0.65,3,19,19.087964548213247,1.0069554408580847,0.6266341780410283
128,7.0,0.65,3,20,19.087964548213247,0.829284597048844,0.9933732434364622
128,7.0,0.65,3,21,19.087964548213247,0.6195880415526415,0.5358167044342548
128,7.0,0.65,3,22,19.087964548213247,0.7498362792102055,0.5150165231342533
128,7.0,0.65,3,23,19.087964548213247,0.5807453240152106,0.48448781021939696
128,7.0,0.65,3,24,19.087964548213247,1.0311075314916287,0.6728307998088879
128,7.0,0.65,3,25,19.087964548213247,0.7005541564324955,0.3913809686044106
128,7.0,0.65,3,26,19.087964548213247,0.5443539595399155,0.6168705013252037
128,7.0,0.65,3,27,19.087964548213247,0.6819412661238439,0.5558909817558794
128,7.0,0.65,3,28,19.087964548213247,0.5949042549724214,0.6510312006661587
128,7.0,0.65,3,29,19.087964548213247,0.7458672369449294,0.5416137572266359
128,7.0,0.65,3,30,19.087964548213247,0.841908507008685,0.7750612743333732
128,7.0,0.65,3,31,19.087964548213247,0.8144759886082282,0.5027275241252824
128,7.0,0.65,3,32,19.087964548213247,0.7680897046488849,0.3836748674803755
128,7.0,0.65,3,33,19.087964548213247,0.5828836622901625,0.42669429122848296
128,7.0,0.65,3,34,19.087964548213247,0.8819276463161367,0.4254138294778798
128,7.0,0.65,3,35,19.087964548213247,0.6045340359040609,0.41671128307527877
128,7.0,0.65,3,36,19.087964548213247,0.5766197777838253,0.39714847848950224
128,7.0,0.65,3,37,19.087964548213247,0.8553315211540153,0.6984649607404461
128,7.0,0.65,3,38,19.087964548213247,0.6794979985981551,0.3839905526457132
128,7.0,0.65,3,39,19.087964548213247,0.828149398174474,0.5677976357097704
128,7.0,0.65,3,40,19.087964548213247,1.1494808260054645,1.083544217710077
128,7.0,0.65,3,41,19.087964548213247,0.566609891627766,0.4735618570740076
128,7.0,0.65,3,42,19.087964548213247,0.8234877446456216,0.6306418766402285
128,7.0,0.65,3,43,19.087964548213247,0.7077969781510578,0.35172176048524995
128,7.0,0.65,3,44,19.087964548213247,0.9612988209012266,0.4378251567866433
128,7.0,0.65,3,45,19.087964548213247,0.7884458673702684,0.5538006891499382
128,7.0,0.65,3,46,19.087964548213247,0.9686580986696224,0.47917888232862077
128,7.0,0.65,3,47,19.087964548213247,0.6008333376342113,0.7805066761534881
128,7.0,0.65,3,48,19.087964548213247,0.7779867206541257,0.9495715041833128
128,7.0,0.65,3,49,19.087964548213247,0.5913740756372677,0.5275418149095185
128,7.0,0.65,3,50,19.087964548213247,1.0327697420773028,0.4931834032698906
128,7.0,0.65,3,51,19.087964548213247,1.0021909188144884,0.7341884669341271
128,7.0,0.65,3,52,19.087964548213247,0.7203746945746232,0.3784784464478473
128,7.0,0.65,3,53,19.087964548213247,1.125129197245421,0.5751282244896798
128,7.0,0.65,3,54,19.087964548213247,0.39274897919362545,0.7349281467427228
128,7.0,0.65,3,55,19.087964548213247,0.8377661251047556,0.588369900592574
128,7.0,0.65,3,56,19.087964548213247,0.7477721705638859,0.41171263331493807
128,7.0,0.65,3,57,19.087964548213247,1.1085621337359777,0.8795357175435022
128,7.0,0.65,3,58,19.087964548213247,0.7115163205919257,0.9009508555077632
128,7.0,0.65,3,59,19.087964548213247,0.8356282297018407,0.7606500275011826
128,7.0,0.65,3,60,19.087964548213247,0.7223010814166977,0.3841938988805264
128,7.0,0.65,3,61,19.087964548213247,0.5389427701735118,0.7739758552031211
128,7.0,0.65,3,62,19.087964548213247,0.5673908246962129,0.49191960682153724
128,7.0,0.65,3,63,19.087964548213247,0.7636150754951918,0.6393856199974667
128,7.0,0.8,4,0,15.508971195423264,0.42687706167129885,0.5075420572955948
128,7.0,0.8,4,1,15.508971195423264,0.6729904298816247,0.39478443378431544
128,7.0,0.8,4,2,15.508971195423264,0.6344941166033105,0.26934304149139454
128,7.0,0.8,4,3,15.508971195423264,0.49213741646064935,0.5622064089602685
128,7.0,0.8,4,4,15.508971195423264,0.47311553291460123,0.44742828755314334
128,7.0,0.8,4,5,15.508971195423264,0.5253063153629949,0.29682843361963546
128,7.0,0.8,4,6,15.508971195423264,0.961293434781415,0.2735682566553553
128,7.0,0.8,4,7,15.508971195423264,0.582036163418986,0.295542818928248
128,7.0,0.8,4,8,15.508971195423264,0.43314422735574803,0.42375215219057
128,7.0,0.8,4,9,15.508971195423264,0.49160089141431507,0.41952308135750305
128,7.0,0.8,4,10,15.508971195423264,0.5537818493282506,0.34991349464811194
128,7.0,0.8,4,11,15.508971195423264,0.6849315028111314,0.618431761967499
128,7.0,0.8,4,12,15.508971195423264,0.4122375550525838,0.46654756408365017
128,7.0,0.8,4,13,15.508971195423264,0.40496561546419074,0.26919606663262935
128,7.0,0.8,4,14,15.508971195423264,0.5056109280726517,0.3399195474093675
128,7.0,0.8,4,15,15.508971195423264,0.4176944292572171,0.37199713666490497
128,7.0,0.8,4,16,15.508971195423264,0.5730556588688852,0.8242290023346684
128,7.0,0.8,4,17,15.508971195423264,0.8527686028293768,0.5917583546015374
128,7.0,0.8,4,18,15.508971195423264,0.4841440219151328,0.5267632013437248
128,7.0,0.8,4,19,15.508971195423264,0.6875379165235642,0.40271966389752206
128,7.0,0.8,4,20,15.508971195423264,0.6883431655774239,0.41059567929424445
128,7.0,0.8,4,21,15.508971195423264,0.6455699812532323,0.3207803958596615
128,7.0,0.8,4,22,15.508971195423264,0.8142872611167212,0.4866581075738352
128,7.0,0.8,4,23,15.508971195423264,0.4356035166810361,0.3790481127791472
128,7.0,0.8,4,24,15.508971195423264,0.5250790430681259,0.7691034777082512
128,7.0,0.8,4,25,15.508971195423264,0.6746469710975336,0.5740167899532487
128,7.0,0.8,4,26,15.508971195423264,0.6467189314338795,0.4266379530613587
128,7.0,0.8,4,27,15.508971195423264,0.46445950525957,0.6791735153073425
128,7.0,0.8,4,28,15.508971195423264,0.3819632557464625,0.4347194221947327
128,7.0,0.8,4,29,15.508971195423264,0.35173497478540605,0.6188046166438311
128,7.0,0.8,4,30,15.508971195423264,0.557860158161377,0.24921643231231808
128,7.0,0.8,4,31,15.508971195423264,0.678434098515617,0.6344492947249664
128,7.0,0.8,4,32,15.508971195423264,0.5011983908377673,0.24485634460895722
128,7.0,0.8,4,33,15.508971195423264,0.4479539164227428,0.657684513277853
128,7.0,0.8,4,34,15.508971195423264,0.4401071754476808,0.32735495773521517
128,7.0,0.8,4,35,15.508971195423264,0.40758985728135827,0.5936856864855897
128,7.0,0.8,4,36,15.508971195423264,0.6943603357022349,0.47121135048883167
128,7.0,0.8,4,37,15.508971195423264,0.5881772648389407,0.5270991415298522
128,7.0,0.8,4,38,15.508971195423264,0.6078897749311563,0.27255812921955935
128,7.0,0.8,4,39,15.508971195423264,0.7203309739341742,0.2675611471261492
128,7.0,0.8,4,40,15.508971195423264,0.44581400974853896,0.43681941349514763
128,7.0,0.8,4,41,15.508971195423264,0.6302655811245167,0.3589002954423509
128,7.0,0.8,4,42,15.508971195423264,0.6126654873256618,0.3463862058833778
128,7.0,0.8,4,43,15.508971195423264,0.6256914019814047,0.45941796169196286
128,7.0,0.8,4,44,15.508971195423264,0.33901832294311496,0.5854922930361272
128,7.0,0.8,4,45,15.508971195423264,0.4015353647868154,0.2969500690741343
128,7.0,0.8,4,46,15.508971195423264,0.4301996050627925,0.44639336065034424
128,7.0,0.8,4,47,15.508971195423264,0.772568119516079,0.4820617184915369
128,7.0,0.8,4,48,15.508971195423264,0.7824296868181396,0.30285437711770596
128,7.0,0.8,4,49,15.508971195423264,0.7622608387884557,0.5979996499149413
128,7.0,0.8,4,50,15.508971195423264,0.667259455364913,0.38608928675767135
128,7.0,0.8,4,51,15.508971195423264,0.5715416904157269,0.4482223846009721
128,7.0,0.8,4,52,15.508971195423264,0.4451348633142452,0.3041698212044421
128,7.0,0.8,4,53,15.508971195423264,0.3471937752974333,0.41949512263927335
128,7.0,0.8,4,54,15.508971195423264,1.146858315247487,0.23017677891532703
128,7.0,0.8,4,55,15.508971195423264,0.42071547044099356,0.6192887488467643
128,7.0,0.8,4,56,15.508971195423264,0.6295659051634591,0.31376621295117957
128,7.0,0.8,4,57,15.508971195423264,0.8111861066905842,0.6038295751736391
128,7.0,0.8,4,58,15.508971195423264,0.39756811078013476,0.3542652998109704
128,7.0,0.8,4,59,15.508971195423264,0.5912997396965167,0.7896808895532448
128,7.0,0.8,4,60,15.508971195423264,0.7459385997332847,0.6545716612055541
128,7.0,0.8,4,61,15.508971195423264,0.4177106330367088,0.3369185196026614
128,7.0,0.8,4,62,15.508971195423264,0.6601511305327793,0.5657415579241705
128,7.0,0.8,4,63,15.508971195423264,0.793784037098805,0.4322362939072886
128,7.0,1.0,5,0,12.407176956338612,0.5894266238866901,0.4973941172046869
128,7.0,1.0,5,1,12.407176956338612,0.39109189345617457,0.5589328351637345
128,7.0,1.0,5,2,12.407176956338612,0.32950746913776874,0.5371289549663809
128,7.0,1.0,5,3,12.407176956338612,0.4287319533787315,0.28321769407901104
128,7.0,1.0,5,4,12.407176956338612,0.4666105980461718,0.37874069928498
128,7.0,1.0,5,5,12.407176956338612,0.3931563346945663,0.38644873434149474
128,7.0,1.0,5,6,12.407176956338612,0.3108478733228228,0.38015310072315045
128,7.0,1.0,5,7,12.407176956338612,0.36117517368977553,0.27928885529993364
128,7.0,1.0,5,8,12.407176956338612,0.30468016107182694,0.34697088334198944
128,7.0,1.0,5,9,12.407176956338612,0.41661027506155546,0.3334793637158006
128,7.0,1.0,5,10,12.407176956338612,0.6098585922959318,0.32295592450749067
128,7.0,1.0,5,11,12.407176956338612,0.2893948334871116,0.17467067358962327
128,7.0,1.0,5,12,12.407176956338612,0.24419857334439543,0.3661122154406997
128,7.0,1.0,5,13,12.407176956338612,0.4389231596305576,0.45377663369912813
128,7.0,1.0,5,14,12.407176956338612,0.3395687402613963,0.30829911848220987
128,7.0,1.0,5,15,12.407176956338612,0.4829781411524745,0.4916832354292234
128,7.0,1.0,5,16,12.407176956338612,0.4803777765169528,0.3576390506867303
128,7.0,1.0,5,17,12.407176956338612,0.2772385549364523,0.2834033452659638
128,7.0,1.0,5,18,12.407176956338612,0.3219127876403869,0.32762901368901365
128,7.0,1.0,5,19,12.407176956338612,0.5220360736423315,0.31888423005371125
128,7.0,1.0,5,20,12.407176956338612,0.4225908739353813,0.42115612845728767
128,7.0,1.0,5,21,12.407176956338612,0.3397121588261772,0.3429511938687819
128,7.0,1.0,5,22,12.407176956338612,0.4929963769190015,0.2655270872813529
128,7.0,1.0,5,23,12.407176956338612,0.6186325263146084,0.3775781091365512
128,7.0,1.0,5,24,12.407176956338612,0.3906010443201785,0.27981703484739406
128,7.0,1.0,5,25,12.407176956338612,0.3842783947438484,0.18617791027505082
128,7.0,1.0,5,26,12.407176956338612,0.20471262431960774,0.423687271367997
128,7.0,1.0,5,27,12.407176956338612,0.5640714334137875,0.29839397693983366
128,7.0,1.0,5,28,12.407176956338612,0.4248597074003049,0.306055566872443
128,7.0,1.0,5,29,12.407176956338612,0.6884076740488382,0.3303641286418277
128,7.0,1.0,5,30,12.407176956338612,0.3783338085997553,0.5540289277040545
128,7.0,1.0,5,31,12.407176956338612,0.3418455300859269,0.22019028775664024
128,7.0,1.0,5,32,12.407176956338612,0.6444510924798585,0.6282059365224761
128,7.0,1.0,5,33,12.407176956338612,0.48825146191200974,0.29096431836158654
128,7.0,1.0,5,34,12.407176956338612,0.2555241326456996,0.4534041800256231
128,7.0,1.0,5,35,12.407176956338612,0.4388707020992948,0.34475092331489865
128,7.0,1.0,5,36,12.407176956338612,0.45511286101832715,0.3994322092443383
128,7.0,1.0,5,37,12.407176956338612,0.39130340793700175,0.3546379943392135
128,7.0,1.0,5,38,12.407176956338612,0.5841897883122376,0.6688204614746632
128,7.0,1.0,5,39,12.407176956338612,0.3050385596627713,0.2448066387131328
128,7.0,1.0,5,40,12.407176956338612,0.3297382976915215,0.3271257748391141
128,7.0,1.0,5,41,12.407176956338612,0.3601858873106735,0.2389468876919152
128,7.0,1.0,5,42,12.407176956338612,0.48497358184651257,0.21688918966768933
128,7.0,1.0,5,43,12.407176956338612,0.33901919531248964,0.2714782046878944
128,7.0,1.0,5,44,12.407176956338612,0.28248930457019705,0.38467585320549724
128,7.0,1.0,5,45,12.407176956338612,0.4599504825919919,0.20759553395727937
128,7.0,1.0,5,46,12.407176956338612,0.38476363083323184,0.3204302530533702
128,7.0,1.0,5,47,12.407176956338612,0.32116462446461613,0.555272884667156
128,7.0,1.0,5,48,12.407176956338612,0.397364585620513,0.3342002195073181
128,7.0,1.0,5,49,12.407176956338612,0.2966088166500467,0.27358432803156224
128,7.0,1.0,5,50,12.407176956338612,0.6368757222977726,0.22119706283279505
128,7.0,1.0,5,51,12.407176956338612,0.4498255649103471,0.39588041258349915
128,7.0,1.0,5,52,12.407176956338612,0.3431999592424105,0.2587079312715041
128,7.0,1.0,5,53,12.407176956338612,0.5139093778899384,0.3654996005720855
128,7.0,1.0,5,54,12.407176956338612,0.6018523708906789,0.4173563863578803
128,7.0,1.0,5,55,12.407176956338612,0.2923425578473471,0.43224703191296987
128,7.0,1.0,5,56,12.407176956338612,0.341635000363922,0.4988437829524173
128,7.0,1.0,5,57,12.407176956338612,0.2561141569130433,0.29293187855502484
128,7.0,1.0,5,58,12.407176956338612,0.5532490843032956,0.391407482992876
128,7.0,1.0,5,59,12.407176956338612,0.4707492967126966,0.2329908194645186
128,7.0,1.0,5,60,12.407176956338612,0.3310606168321633,0.3023647543702278
128,7.0,1.0,5,61,12.407176956338612,0.2958842500974896,0.2515887299048475
128,7.0,1.0,5,62,12.407176956338612,0.24663004198943633,0.2219023629176702
128,7.0,1.0,5,63,12.407176956338612,0.3229693658412045,0.23611855713990362
128,7.0,1.25,6,0,9.92574156507089,0.37405580235514757,0.21951235735735358
128,7.0,1.25,6,1,9.92574156507089,0.33852526937739624,0.30602351919679915
128,7.0,1.25,6,2,9.92574156507089,0.27699034115727256,0.24462251338774946
128,7.0,1.25,6,3,9.92574156507089,0.38914612036365553,0.46425915390514183
128,7.0,1.25,6,4,9.92574156507089,0.21698471199250607,0.23908568617883677
128,7.0,1.25,6,5,9.92574156507089,0.2315029769229538,0.37605503797096673
128,7.0,1.25,6,6,9.92574156507089,0.2617348915216904,0.1933977819063914
128,7.0,1.25,6,7,9.92574156507089,0.34320285102503767,0.32929958730371
128,7.0,1.25,6,8,9.92574156507089,0.27822952002641416,0.23909326693298372
128,7.0,1.25,6,9,9.92574156507089,0.2798650934297363,0.19826819792710576
128,7.0,1.25,6,10,9.92574156507089,0.2555589528722543,0.7510411138314286
128,7.0,1.25,6,11,9.92574156507089,0.25648377973407677,0.27398227144201864
128,7.0,1.25,6,12,9.92574156507089,0.19496971289563822,0.28524062737774797
128,7.0,1.25,6,13,9.92574156507089,0.271511681893735,0.4467731836071181
128,7.0,1.25,6,14,9.92574156507089,0.5428287972237449,0.2976544636153437
128,7.0,1.25,6,15,9.92574156507089,0.2913278450361986,0.25446449771917534
128,7.0,1.25,6,16,9.92574156507089,0.5052698309211049,0.4953704598210731
128,7.0,1.25,6,17,9.92574156507089,0.26684490084608015,0.2495021307288443
128,7.0,1.25,6,18,9.92574156507089,0.3700263192582315,0.5806844078649498
128,7.0,1.25,6,19,9.92574156507089,0.28690986726149575,0.3975209854594205
128,7.0,1.25,6,20,9.92574156507089,0.3725553468932928,0.2949428266633217
128,7.0,1.25,6,21,9.92574156507089,0.42888058875530727,0.45875691762946874
128,7.0,1.25,6,22,9.92574156507089,0.288270631107338,0.39635378025542317
128,7.0,1.25,6,23,9.92574156507089,0.7335152022372465,0.28671111246787945
128,7.0,1.25,6,24,9.92574156507089,0.5799459128078926,0.14531033663830856
128,7.0,1.25,6,25,9.92574156507089,0.3069771942502547,0.28909458210745775
128,7.0,1.25,6,26,9.92574156507089,0.36631267822343416,0.2691501743256061
128,7.0,1.25,6,27,9.92574156507089,0.449051176952689,0.4880415536309224
128,7.0,1.25,6,28,9.92574156507089,0.4192446298188398,0.3464967114486653
128,7.0,1.25,6,29,9.92574156507089,0.3784850167839475,0.5894586644327641
128,7.0,1.25,6,30,9.92574156507089,0.3711557834532101,0.23494497505337303
128,7.0,1.25,6,31,9.92574156507089,0.5027215594584076,0.24671374727183024
128,7.0,1.25,6,32,9.92574156507089,0.20262507417210282,0.28000193194023326
128,7.0,1.25,6,33,9.92574156507089,0.3264274522170901,0.29879390420781815
128,7.0,1.25,6,34,9.92574156507089,0.23714292082405608,0.2917487336752227
128,7.0,1.25,6,35,9.92574156507089,0.325787830623603,0.3811942118996431
128,7.0,1.25,6,36,9.92574156507089,0.19774129098024912,0.279311764246197
128,7.0,1.25,6,37,9.92574156507089,0.5741791841692535,0.28809859597689813
128,7.0,1.25,6,38,9.92574156507089,0.412621728510163,0.1660422813740376
128,7.0,1.25,6,39,9.92574156507089,0.319877564085573,0.20817313871405502
128,7.0,1.25,6,40,9.92574156507089,0.2862591424145414,0.22921228183312853
128,7.0,1.25,6,41,9.92574156507089,0.3650784076399016,0.30067149005968535
128,7.0,1.25,6,42,9.92574156507089,0.171503831257247,0.3878574226076623
128,7.0,1.25,6,43,9.92574156507089,0.44943834011406275,0.26662959591311824
128,7.0,1.25,6,44,9.92574156507089,0.18609778862625487,0.17923534266853608
128,7.0,1.25,6,45,9.92574156507089,0.2085359048659423,0.3416618599549965
128,7.0,1.25,6,46,9.92574156507089,0.3267382463910784,0.2942745808602424
128,7.0,1.25,6,47,9.92574156507089,0.20749840413942972,0.20703563978715755
128,7.0,1.25,6,48,9.92574156507089,0.2611666837934227,0.20332268003076015
128,7.0,1.25,6,49,9.92574156507089,0.4172035074896721,0.27874932996378765
128,7.0,1.25,6,50,9.92574156507089,0.41958882632506017,0.2465857379858214
128,7.0,1.25,6,51,9.92574156507089,0.4213085818998046,0.2477983664353678
128,7.0,1.25,6,52,9.92574156507089,0.5080177211909849,0.16691173464195108
128,7.0,1.25,6,53,9.92574156507089,0.35442555973124745,0.41587198208245885
128,7.0,1.25,6,54,9.92574156507089,0.3084905294793646,0.1855751519588244
128,7.0,1.25,6,55,9.92574156507089,0.35152436999199016,0.27797307675705885
128,7.0,1.25,6,56,9.92574156507089,0.3247225642788248,0.3351598163449686
128,7.0,1.25,6,57,9.92574156507089,0.27534537613995286,0.2111962057309174
128,7.0,1.25,6,58,9.92574156507089,0.43885963460118776,0.37086450940928356
128,7.0,1.25,6,59,9.92574156507089,0.34060073503840516,0.25343400963665885
128,7.0,1.25,6,60,9.92574156507089,0.3303753411452287,0.16134098850999995
128,7.0,1.25,6,61,9.92574156507089,0.1360561388463565,0.20496339080509357
128,7.0,1.25,6,62,9.92574156507089,0.2580424626939979,0.6299610580361629
128,7.0,1.25,6,63,9.92574156507089,0.28891391543562056,0.16523394483432682
128,7.0,1.6,7,0,7.754485597711632,0.22345078730282195,0.2116163628109487
128,7.0,1.6,7,1,7.754485597711632,0.16469071612499414,0.15797189144886994
128,7.0,1.6,7,2,7.754485597711632,0.27361357800523717,0.3365824622017034
128,7.0,1.6,7,3,7.754485597711632,0.1504813382397159,0.2574046801615123
128,7.0,1.6,7,4,7.754485597711632,0.12286137010629454,0.19131724202436518
128,7.0,1.6,7,5,7.754485597711632,0.42234965366519217,0.3686089403814617
128,7.0,1.6,7,6,7.754485597711632,0.2706143488598029,0.179158219346205
128,7.0,1.6,7,7,7.754485597711632,0.4599753877813047,0.2482250363061677
128,7.0,1.6,7,8,7.754485597711632,0.27133560553427877,0.1797159732868434
128,7.0,1.6,7,9,7.754485597711632,0.357787887920243,0.3183168971623694
128,7.0,1.6,7,10,7.754485597711632,0.21959366629544083,0.1319095944848121
128,7.0,1.6,7,11,7.754485597711632,0.2414410960905873,0.1344773747587954
128,7.0,1.6,7,12,7.754485597711632,0.43604783251727564,0.16453302955203802
128,7.0,1.6,7,13,7.754485597711632,0.17463487563877028,0.19582200218193588
128,7.0,1.6,7,14,7.754485597711632,0.18728800847437282,0.21377977171832352
128,7.0,1.6,7,15,7.754485597711632,0.26298137814233163,0.3654445710877339
128,7.0,1.6,7,16,7.754485597711632,0.1760585052147118,0.19179768962508587
128,7.0,1.6,7,17,7.754485597711632,0.2426339737780118,0.19559747909614922
128,7.0,1.6,7,18,7.754485597711632,0.2768456110013647,0.2335194362023988
128,7.0,1.6,7,19,7.754485597711632,0.22917597598164405,0.18189290303318048
128,7.0,1.6,7,20,7.754485597711632,0.14856147363119904,0.3027943526470338
128,7.0,1.6,7,21,7.754485597711632,0.13388791209187115,0.15130205994165824
128,7.0,1.6,7,22,7.754485597711632,0.21790002907008063,0.14749114328507143
128,7.0,1.6,7,23,7.754485597711632,0.3353883164832068,0.3010900016010194
128,7.0,1.6,7,24,7.754485597711632,0.2432092814400382,0.1668470226488821
128,7.0,1.6,7,25,7.754485597711632,0.20696645028759678,0.2959501356673243
128,7.0,1.6,7,26,7.754485597711632,0.23737641724346079,0.15169568896009322
128,7.0,1.6,7,27,7.754485597711632,0.17018268771558795,0.1811767139768985
128,7.0,1.6,7,28,7.754485597711632,0.2726161163978381,0.33029111458589916
128,7.0,1.6,7,29,7.754485597711632,0.3307252820318568,0.2196435896420256
128,7.0,1.6,7,30,7.754485597711632,0.3621089255548107,0.17004265474470237
128,7.0,1.6,7,31,7.754485597711632,0.21481107985456271,0.23213031647944127
128,7.0,1.6,7,32,7.754485597711632,0.19769979851029865,0.15605416582220602
128,7.0,1.6,7,33,7.754485597711632,0.44923178966316313,0.16849114228138443
128,7.0,1.6,7,34,7.754485597711632,0.1773619663155227,0.23346536335342982
128,7.0,1.6,7,35,7.754485597711632,0.40658852193487777,0.3142650016717478
128,7.0,1.6,7,36,7.754485597711632,0.25723353619961187,0.14745680871551559
128,7.0,1.6,7,37,7.754485597711632,0.1836571456000421,0.2700459685485443
128,7.0,1.6,7,38,7.754485597711632,0.14824155703326192,0.24037827709901252
128,7.0,1.6,7,39,7.754485597711632,0.25220432529685827,0.33706807495225477
128,7.0,1.6,7,40,7.754485597711632,0.21060938484626993,0.17523698947036828
128,7.0,1.6,7,41,7.754485597711632,0.2300308013537982,0.13735806397927403
128,7.0,1.6,7,42,7.754485597711632,0.47657106591149284,0.2578511647202481
128,7.0,1.6,7,43,7.754485597711632,0.16811903805354877,0.14800082711565238
128,7.0,1.6,7,44,7.754485597711632,0.2109971647110525,0.12362264577467835
128,7.0,1.6,7,45,7.754485597711632,0.2504551827600242,0.2054884346331325
128,7.0,1.6,7,46,7.754485597711632,0.1570465709978757,0.11652694015316928
128,7.0,1.6,7,47,7.754485597711632,0.455589250045167,0.2421026475175566
128,7.0,1.6,7,48,7.754485597711632,0.30048474673337083,0.22091572999667264
128,7.0,1.6,7,49,7.754485597711632,0.1782440858721164,0.33707352836250676
128,7.0,1.6,7,50,7.754485597711632,0.2035679713354964,0.14863321574738333
128,7.0,1.6,7,51,7.754485597711632,0.3371132603260722,0.29817027843611615
128,7.0,1.6,7,52,7.754485597711632,0.31395385749178106,0.22877644523851715
128,7.0,1.6,7,53,7.754485597711632,0.3485435478031441,0.1697015898106181
128,7.0,1.6,7,54,7.754485597711632,0.339010801271995,0.27243013962072476
128,7.0,1.6,7,55,7.754485597711632,0.23452842640948213,0.4050976351495901
128,7.0,1.6,7,56,7.754485597711632,0.19551055595193007,0.15229113914311102
128,7.0,1.6,7,57,7.754485597711632,0.40398034309438124,0.24739950612919007
128,7.0,1.6,7,58,7.754485597711632,0.11908536861901939,0.17883424224953987
128,7.0,1.6,7,59,7.754485597711632,0.3343292427769091,0.2302134619188484
128,7.0,1.6,7,60,7.754485597711632,0.23039891478867855,0.16170734210191126
128,7.0,1.6,7,61,7.754485597711632,0.47661284439957374,0.21589596211491063
128,7.0,1.6,7,62,7.754485597711632,0.3234514891774977,0.39237664231235536
128,7.0,1.6,7,63,7.754485597711632,0.1942165877656675,0.1924115712467075
128,7.0,2.0,8,0,6.203588478169306,0.14834909893248638,0.18680463528885388
128,7.0,2.0,8,1,6.203588478169306,0.1013485238244344,0.25649391659417775
128,7.0,2.0,8,2,6.203588478169306,0.18110521845420904,0.16176964434407087
128,7.0,2.0,8,3,6.203588478169306,0.17470947708468015,0.24300057949165402
128,7.0,2.0,8,4,6.203588478169306,0.4873919579080822,0.3445261207661925
128,7.0,2.0,8,5,6.203588478169306,0.09783296447591498,0.22676235567742153
128,7.0,2.0,8,6,6.203588478169306,0.1834590122621745,0.1921036712147629
128,7.0,2.0,8,7,6.203588478169306,0.13980173137819937,0.17575060122199904
128,7.0,2.0,8,8,6.203588478169306,0.19280824955480086,0.17228288388267393
128,7.0,2.0,8,9,6.203588478169306,0.20171590737026426,0.3616224155517286
128,7.0,2.0,8,10,6.203588478169306,0.28090458159080933,0.18730599852395674
128,7.0,2.0,8,11,6.203588478169306,0.15253976451919504,0.1679796040035645
128,7.0,2.0,8,12,6.203588478169306,0.2977672469790153,0.16962521135169328
128,7.0,2.0,8,13,6.203588478169306,0.1385602224197075,0.146228004176518
128,7.0,2.0,8,14,6.203588478169306,0.1432466228443784,0.15655452243374945
128,7.0,2.0,8,15,6.203588478169306,0.11809245894981235,0.13043775522674467
128,7.0,2.0,8,16,6.203588478169306,0.24136806620493267,0.22596242023388585
128,7.0,2.0,8,17,6.203588478169306,0.21377868873182343,0.12937505062828406
128,7.0,2.0,8,18,6.203588478169306,0.09523057980799904,0.15197290870026248
128,7.0,2.0,8,19,6.203588478169306,0.16259410113580855,0.16844664343618426
128,7.0,2.0,8,20,6.203588478169306,0.31627364760669463,0.17800255898708728
128,7.0,2.0,8,21,6.203588478169306,0.2167295114814896,0.3662682204712003
128,7.0,2.0,8,22,6.203588478169306,0.1792003060550712,0.2595271765126448
128,7.0,2.0,8,23,6.203588478169306,0.25658093675796634,0.1523440531686373
128,7.0,2.0,8,24,6.203588478169306,0.21495881021396462,0.1976792218109467
128,7.0,2.0,8,25,6.203588478169306,0.13378130615497824,0.2942433747061252
128,7.0,2.0,8,26,6.203588478169306,0.1126273588381925,0.22442494834591986
128,7.0,2.0,8,27,6.203588478169306,0.18718383470355593,0.29672839312411997
128,7.0,2.0,8,28,6.203588478169306,0.1816095616749099,0.14547975303352467
128,7.0,2.0,8,29,6.203588478169306,0.2300221344701811,0.1029291743266681
128,7.0,2.0,8,30,6.203588478169306,0.13271383913799115,0.182399915601292
128,7.0,2.0,8,31,6.203588478169306,0.17205029297400443,0.1057382391901545
128,7.0,2.0,8,32,6.203588478169306,0.131383437779356,0.30500784994321484
128,7.0,2.0,8,33,6.203588478169306,0.25266108290202033,0.25670726888025375
128,7.0,2.0,8,34,6.203588478169306,0.344226025134327,0.16710299505089565
128,7.0,2.0,8,35,6.203588478169306,0.19530189682472585,0.20603797369686078
128,7.0,2.0,8,36,6.203588478169306,0.18450176167323812,0.28669699907259927
128,7.0,2.0,8,37,6.203588478169306,0.3082609991279465,0.18304050949931205
128,7.0,2.0,8,38,6.203588478169306,0.31753123471802447,0.2026777542758605
128,7.0,2.0,8,39,6.203588478169306,0.136442115250892,0.13333081590733015
128,7.0,2.0,8,40,6.203588478169306,0.11890943819360446,0.1586306951762806
128,7.0,2.0,8,41,6.203588478169306,0.2867306143022085,0.30483170495456335
128,7.0,2.0,8,42,6.203588478169306,0.19394097725684956,0.17419784368919589
128,7.0,2.0,8,43,6.203588478169306,0.16462638435367166,0.22576217758294298
128,7.0,2.0,8,44,6.203588478169306,0.11384661069767481,0.32715633815024037
128,7.0,2.0,8,45,6.203588478169306,0.21786701542648446,0.1906566423556214
128,7.0,2.0,8,46,6.203588478169306,0.16786657662773682,0.12857671697142617
128,7.0,2.0,8,47,6.203588478169306,0.17938597568622916,0.20250943387944398
128,7.0,2.0,8,48,6.203588478169306,0.2126343273940021,0.19652036691461666
128,7.0,2.0,8,49,6.203588478169306,0.17219077319767134,0.3256188643386832
128,7.0,2.0,8,50,6.203588478169306,0.11211822137169561,0.17517313372255905
128,7.0,2.0,8,51,6.203588478169306,0.1529631810005302,0.2567567084739223
128,7.0,2.0,8,52,6.203588478169306,0.08934434588434129,0.17822410643896536
128,7.0,2.0,8,53,6.203588478169306,0.3048195621955202,0.2642147855036881
128,7.0,2.0,8,54,6.203588478169306,0.1206271589290798,0.15927397773396174
128,7.0,2.0,8,55,6.203588478169306,0.30515597156232055,0.13033750415910061
128,7.0,2.0,8,56,6.203588478169306,0.39956217747181055,0.1762129871308178
128,7.0,2.0,8,57,6.203588478169306,0.20072611440873292,0.11714949286889538
128,7.0,2.0,8,58,6.203588478169306,0.222351025660058,0.13892940631682146
128,7.0,2.0,8,59,6.203588478169306,0.1293849922883379,0.1329110879558602
128,7.0,2.0,8,60,6.203588478169306,0.17436343312619845,0.23364743986155795
128,7.0,2.0,8,61,6.203588478169306,0.1679754591762381,0.317545618319192
128,7.0,2.0,8,62,6.203588478169306,0.24649784702402036,0.35887369255729074
128,7.0,2.0,8,63,6.203588478169306,0.13893919546779818,0.13732844784635034
128,7.0,2.5,9,0,4.962870782535445,0.1564840550447706,0.07992783053757575
128,7.0,2.5,9,1,4.962870782535445,0.1173367446049232,0.12549175296449802
128,7.0,2.5,9,2,4.962870782535445,0.1668531918964534,0.13791485914983
128,7.0,2.5,9,3,4.962870782535445,0.33118632777889184,0.10681466148002206
128,7.0,2.5,9,4,4.962870782535445,0.10447040602986588,0.13865614822412461
128,7.0,2.5,9,5,4.962870782535445,0.13419384696345454,0.12692872789961038
128,7.0,2.5,9,6,4.962870782535445,0.15883104854877647,0.15948581511823404
128,7.0,2.5,9,7,4.962870782535445,0.13889080570736073,0.11938186516788232
128,7.0,2.5,9,8,4.962870782535445,0.17957041018159975,0.10276038281675379
128,7.0,2.5,9,9,4.962870782535445,0.09373635730500342,0.1579654136602519
128,7.0,2.5,9,10,4.962870782535445,0.18700500366462008,0.14593720581038463
128,7.0,2.5,9,11,4.962870782535445,0.10023414391936565,0.20971612444885715
128,7.0,2.5,9,12,4.962870782535445,0.11127190086731187,0.16714028665365868
128,7.0,2.5,9,13,4.962870782535445,0.16306137706925786,0.22936661961125043
128,7.0,2.5,9,14,4.962870782535445,0.16469285202362846,0.2871139769930193
128,7.0,2.5,9,15,4.962870782535445,0.14442877889186137,0.1988521448820754
128,7.0,2.5,9,16,4.962870782535445,0.24356269941708808,0.14575943885681167
128,7.0,2.5,9,17,4.962870782535445,0.3303907874088975,0.3521006232847654
128,7.0,2.5,9,18,4.962870782535445,0.12759787267067305,0.28709483522277546
128,7.0,2.5,9,19,4.962870782535445,0.11430948903609317,0.13072883102442065
128,7.0,2.5,9,20,4.962870782535445,0.08971408953313517,0.21489271766711146
128,7.0,2.5,9,21,4.962870782535445,0.09683481789013296,0.12812027496543746
128,7.0,2.5,9,22,4.962870782535445,0.0911285522879915,0.1393595671865666
128,7.0,2.5,9,23,4.962870782535445,0.11310519073037632,0.14638023696820807
128,7.0,2.5,9,24,4.962870782535445,0.15902748752726192,0.11822899107377793
128,7.0,2.5,9,25,4.962870782535445,0.08249555745734682,0.18325943789589902
128,7.0,2.5,9,26,4.962870782535445,0.12520066352658693,0.2033421704572554
128,7.0,2.5,9,27,4.962870782535445,0.1138900727264867,0.11370373597553081
128,7.0,2.5,9,28,4.962870782535445,0.16444628046133722,0.3047428720638024
128,7.0,2.5,9,29,4.962870782535445,0.12507805933543537,0.29392288328333926
128,7.0,2.5,9,30,4.962870782535445,0.09351036569477142,0.2282924135223096
128,7.0,2.5,9,31,4.962870782535445,0.18077986062817253,0.16675741766768432
128,7.0,2.5,9,32,4.962870782535445,0.1700294473840131,0.23891996522114134
128,7.0,2.5,9,33,4.962870782535445,0.18705723162933188,0.12952590548617934
128,7.0,2.5,9,34,4.962870782535445,0.16073821952165437,0.14998941416048392
128,7.0,2.5,9,35,4.962870782535445,0.25926639757952774,0.1090025988856425
128,7.0,2.5,9,36,4.962870782535445,0.17270289690926593,0.1690047323039666
128,7.0,2.5,9,37,4.962870782535445,0.13802358686442504,0.23768360057519727
128,7.0,2.5,9,38,4.962870782535445,0.2728683082534289,0.14321375955526988
128,7.0,2.5,9,39,4.962870782535445,0.2934139843745712,0.1667762285183131
128,7.0,2.5,9,40,4.962870782535445,0.1946576797158575,0.23086343764976586
128,7.0,2.5,9,41,4.962870782535445,0.20235428820214968,0.15330446899786204
128,7.0,2.5,9,42,4.962870782535445,0.08407917830797015,0.19237832700040497
128,7.0,2.5,9,43,4.962870782535445,0.22075547042865118,0.143307098938278
128,7.0,2.5,9,44,4.962870782535445,0.1402582950017599,0.2206548781064555
128,7.0,2.5,9,45,4.962870782535445,0.18677716016119983,0.10957642310592737
128,7.0,2.5,9,46,4.962870782535445,0.14824680584381517,0.18705276918703234
128,7.0,2.5,9,47,4.962870782535445,0.17106467015435592,0.14055761469384515
128,7.0,2.5,9,48,4.962870782535445,0.18720396141409598,0.22935234353764367
128,7.0,2.5,9,49,4.962870782535445,0.11081154331841167,0.3115074156754007
128,7.0,2.5,9,50,4.962870782535445,0.24384188601652118,0.37433960653299814
128,7.0,2.5,9,51,4.962870782535445,0.11769578500378124,0.1481007481893338
128,7.0,2.5,9,52,4.962870782535445,0.114587212922405,0.19580155750072925
128,7.0,2.5,9,53,4.962870782535445,0.17324966038323653,0.2573826190617713
128,7.0,2.5,9,54,4.962870782535445,0.23010164179285564,0.2360397640386064
128,7.0,2.5,9,55,4.962870782535445,0.18669475188575785,0.1463919631299095
128,7.0,2.5,9,56,4.962870782535445,0.2871172045427176,0.20152293231019183
128,7.0,2.5,9,57,4.962870782535445,0.19281562973738073,0.12951289344303774
128,7.0,2.5,9,58,4.962870782535445,0.20126594837924996,0.13230615991489256
128,7.0,2.5,9,59,4.962870782535445,0.30876505667294635,0.17955355508561258
128,7.0,2.5,9,60,4.962870782535445,0.18062841520334497,0.1299430539143191
128,7.0,2.5,9,61,4.962870782535445,0.11236804739666403,0.21277231131737037
128,7.0,2.5,9,62,4.962870782535445,0.23917638481278133,0.1675691670278605
128,7.0,2.5,9,63,4.962870782535445,0.2047405264998024,0.16745726981448036
128,7.0,3.2,10,0,3.877242798855816,0.2361288247379297,0.25875709296347266
128,7.0,3.2,10,1,3.877242798855816,0.12060563384171352,0.11861189164878216
128,7.0,3.2,10,2,3.877242798855816,0.09713726214971147,0.10055367571742067
128,7.0,3.2,10,3,3.877242798855816,0.10539460625946409,0.09647890879747235
128,7.0,3.2,10,4,3.877242798855816,0.11155870436204487,0.12904885603408078
128,7.0,3.2,10,5,3.877242798855816,0.08965502506236409,0.224293283542977
128,7.0,3.2,10,6,3.877242798855816,0.10840429332893525,0.12408485113530351
128,7.0,3.2,10,7,3.877242798855816,0.08654881470929895,0.12258819064633854
128,7.0,3.2,10,8,3.877242798855816,0.14223248710422268,0.14026251450937877
128,7.0,3.2,10,9,3.877242798855816,0.09051236894149116,0.17557861075045422
128,7.0,3.2,10,10,3.877242798855816,0.211250795685467,0.15044019175270057
128,7.0,3.2,10,11,3.877242798855816,0.20519993971243955,0.22259847169659774
128,7.0,3.2,10,12,3.877242798855816,0.12161432447815355,0.11788224724329777
128,7.0,3.2,10,13,3.877242798855816,0.0842739193860659,0.1572961121505766
128,7.0,3.2,10,14,3.877242798855816,0.14238902129910694,0.286553553850022
128,7.0,3.2,10,15,3.877242798855816,0.11606202234411767,0.13194733207743878
128,7.0,3.2,10,16,3.877242798855816,0.18147146487144167,0.1078032266565875
128,7.0,3.2,10,17,3.877242798855816,0.09917141315018067,0.09268544954533182
128,7.0,3.2,10,18,3.877242798855816,0.24066969023172674,0.25493707810803995
128,7.0,3.2,10,19,3.877242798855816,0.24521261017986548,0.07204353614189865
128,7.0,3.2,10,20,3.877242798855816,0.1594632923988689,0.149131722055787
128,7.0,3.2,10,21,3.877242798855816,0.08953847335330609,0.20720710147423946
128,7.0,3.2,10,22,3.877242798855816,0.11521480346025181,0.17174821558951198
128,7.0,3.2,10,23,3.877242798855816,0.16156988376006104,0.12379275766171531
128,7.0,3.2,10,24,3.877242798855816,0.09400028988306233,0.12003673288652685
128,7.0,3.2,10,25,3.877242798855816,0.13740649233425717,0.11913023104434196
128,7.0,3.2,10,26,3.877242798855816,0.0837933316963112,0.13078418900680355
128,7.0,3.2,10,27,3.877242798855816,0.17166009844838992,0.21531421778056814
128,7.0,3.2,10,28,3.877242798855816,0.08889937180058403,0.12653000128800934
128,7.0,3.2,10,29,3.877242798855816,0.17202813007954584,0.1651548008467632
128,7.0,3.2,10,30,3.877242798855816,0.11956282693964095,0.10853937702130685
128,7.0,3.2,10,31,3.877242798855816,0.1491384005842868,0.1651451393691957
128,7.0,3.2,10,32,3.877242798855816,0.17642781391815984,0.17925317896900694
128,7.0,3.2,10,33,3.877242798855816,0.19154986598481197,0.22813022800098068
128,7.0,3.2,10,34,3.877242798855816,0.14620896523750554,0.19466751264689264
128,7.0,3.2,10,35,3.877242798855816,0.22890988405926066,0.15873362267329139
128,7.0,3.2,10,36,3.877242798855816,0.1755919351626825,0.1097891374268291
128,7.0,3.2,10,37,3.877242798855816,0.15683017446969705,0.0734058130919462
128,7.0,3.2,10,38,3.877242798855816,0.16515121187500584,0.143158677771713
128,7.0,3.2,10,39,3.877242798855816,0.14506934916986808,0.27508299669373365
128,7.0,3.2,10,40,3.877242798855816,0.1040447261388631,0.2695283039905727
128,7.0,3.2,10,41,3.877242798855816,0.13374076142059757,0.12161754382138276
128,7.0,3.2,10,42,3.877242798855816,0.25875051651604214,0.22891544424647142
128,7.0,3.2,10,43,3.877242798855816,0.10114162671311742,0.21867435543189861
128,7.0,3.2,10,44,3.877242798855816,0.09715235241176161,0.17465157142132204
128,7.0,3.2,10,45,3.877242798855816,0.1447718716215871,0.14194775060247286
128,7.0,3.2,10,46,3.877242798855816,0.08882798231811502,0.0991429220159278
128,7.0,3.2,10,47,3.877242798855816,0.10375231912462639,0.17055776767586175
128,7.0,3.2,10,48,3.877242798855816,0.18114533354127693,0.15330729603984858
128,7.0,3.2,10,49,3.877242798855816,0.12279471089473491,0.11079571944393914
128,7.0,3.2,10,50,3.877242798855816,0.07467593519334641,0.09902916248376158
128,7.0,3.2,10,51,3.877242798855816,0.15536312199213298,0.13284702832330236
128,7.0,3.2,10,52,3.877242798855816,0.15243065740120995,0.15875197686878298
128,7.0,3.2,10,53,3.877242798855816,0.16515093015281923,0.15200797820309045
128,7.0,3.2,10,54,3.877242798855816,0.1743784825191425,0.13497376086531637
128,7.0,3.2,10,55,3.877242798855816,0.12316284550711329,0.12411904692707504
128,7.0,3.2,10,56,3.877242798855816,0.19868534588619494,0.14757423082192456
128,7.0,3.2,10,57,3.877242798855816,0.17981557724033834,0.07926517346241287
128,7.0,3.2,10,58,3.877242798855816,0.1664396802721291,0.08995364396441899
128,7.0,3.2,10,59,3.877242798855816,0.10992638810562272,0.11138582843463182
128,7.0,3.2,10,60,3.877242798855816,0.08538136707803563,0.1355745143428656
128,7.0,3.2,10,61,3.877242798855816,0.07364165682171264,0.08192707423608774
128,7.0,3.2,10,62,3.877242798855816,0.13470420719099493,0.12357376560179101
128,7.0,3.2,10,63,3.877242798855816,0.2750750440374396,0.13763024925159895
128,7.0,4.0,11,0,3.101794239084653,0.10735436140878532,0.21563805122737295
128,7.0,4.0,11,1,3.101794239084653,0.16488254574216904,0.08477334986221607
128,7.0,4.0,11,2,3.101794239084653,0.09607974593588853,0.1675611199680042
128,7.0,4.0,11,3,3.101794239084653,0.13221644602704657,0.1655706485272045
128,7.0,4.0,11,4,3.101794239084653,0.09239498101724677,0.07246312683280293
128,7.0,4.0,11,5,3.101794239084653,0.1117915108010771,0.11221219366003497
128,7.0,4.0,11,6,3.101794239084653,0.07848770344041398,0.12299401193441428
128,7.0,4.0,11,7,3.101794239084653,0.1803103277159343,0.1643200775916125
128,7.0,4.0,11,8,3.101794239084653,0.19077164578585182,0.1075651397539133
128,7.0,4.0,11,9,3.101794239084653,0.08783830714510485,0.2206716010177176
128,7.0,4.0,11,10,3.101794239084653,0.13558969690603895,0.2028063836909681
128,7.0,4.0,11,11,3.101794239084653,0.10555795376509428,0.22007314042725074
128,7.0,4.0,11,12,3.101794239084653,0.07953086059379977,0.1181458151941876
128,7.0,4.0,11,13,3.101794239084653,0.09089509088938674,0.11930262823276931
128,7.0,4.0,11,14,3.101794239084653,0.08166733396122272,0.14009015311742534
128,7.0,4.0,11,15,3.101794239084653,0.1485275701397215,0.13761418083560684
128,7.0,4.0,11,16,3.101794239084653,0.1258518494800704,0.07779819642840158
128,7.0,4.0,11,17,3.101794239084653,0.11072609429503738,0.08784071318549813
128,7.0,4.0,11,18,3.101794239084653,0.13407085605451863,0.14583084429365778
128,7.0,4.0,11,19,3.101794239084653,0.24369777470552456,0.11121829242678624
128,7.0,4.0,11,20,3.101794239084653,0.11850903370057178,0.11638705762505264
128,7.0,4.0,11,21,3.101794239084653,0.10836954180730189,0.23635288391511
128,7.0,4.0,11,22,3.101794239084653,0.11325314502262585,0.11865555494708883
128,7.0,4.0,11,23,3.101794239084653,0.17945352192083044,0.22005413918201291
128,7.0,4.0,11,24,3.101794239084653,0.08861893989698655,0.12353985714564789
128,7.0,4.0,11,25,3.101794239084653,0.1021314924445778,0.19048852922924178
128,7.0,4.0,11,26,3.101794239084653,0.20700989080872215,0.12885183618032484
128,7.0,4.0,11,27,3.101794239084653,0.08600545262728561,0.16031420508305266
128,7.0,4.0,11,28,3.101794239084653,0.11118011662193064,0.20279592088197343
128,7.0,4.0,11,29,3.101794239084653,0.16042705138991553,0.10287881297019742
128,7.0,4.0,11,30,3.101794239084653,0.11640346989380926,0.09020403297878782
128,7.0,4.0,11,31,3.101794239084653,0.19077161983511548,0.09523109240437772
128,7.0,4.0,11,32,3.101794239084653,0.10821588678108626,0.09223334607070095
128,7.0,4.0,11,33,3.101794239084653,0.23431840434753445,0.09149788722116484
128,7.0,4.0,11,34,3.101794239084653,0.10554565157274214,0.12144622035438613
128,7.0,4.0,11,35,3.101794239084653,0.07873257172297374,0.14105658423051073
128,7.0,4.0,11,36,3.101794239084653,0.1562411343742144,0.18595600521277966
128,7.0,4.0,11,37,3.101794239084653,0.18469563178129084,0.12451778780044673
128,7.0,4.0,11,38,3.101794239084653,0.08367237871048856,0.10556138128645437
128,7.0,4.0,11,39,3.101794239084653,0.1026488178368764,0.1360099935581518
128,7.0,4.0,11,40,3.101794239084653,0.08134643557308806,0.09337400145578517
128,7.0,4.0,11,41,3.101794239084653,0.12327249410999268,0.15829791415787797
128,7.0,4.0,11,42,3.101794239084653,0.10555769433041778,0.16538707664954583
128,7.0,4.0,11,43,3.101794239084653,0.2105200142080378,0.141442038045356
128,7.0,4.0,11,44,3.101794239084653,0.12428359199973041,0.08246338563715147
128,7.0,4.0,11,45,3.101794239084653,0.116884275293559,0.15286033438743007
128,7.0,4.0,11,46,3.101794239084653,0.16978049019604777,0.07856809875067625
128,7.0,4.0,11,47,3.101794239084653,0.10424276266430102,0.1907710682799339
128,7.0,4.0,11,48,3.101794239084653,0.19515529957222622,0.11859167064621023
128,7.0,4.0,11,49,3.101794239084653,0.10299177843152148,0.1581673438234853
128,7.0,4.0,11,50,3.101794239084653,0.08147767521670442,0.09999008460781936
128,7.0,4.0,11,51,3.101794239084653,0.11134078410919893,0.11038655102678321
128,7.0,4.0,11,52,3.101794239084653,0.10342786793745254,0.13597287558334079
128,7.0,4.0,11,53,3.101794239084653,0.16832751133926704,0.17225100892050543
128,7.0,4.0,11,54,3.101794239084653,0.09066050707733787,0.17593462102100482
128,7.0,4.0,11,55,3.101794239084653,0.16175826360013887,0.09182340758841903
128,7.0,4.0,11,56,3.101794239084653,0.13761386843489837,0.22922925410578288
128,7.0,4.0,11,57,3.101794239084653,0.11126700453427321,0.09918211444165834
128,7.0,4.0,11,58,3.101794239084653,0.09127836551174062,0.15453322964253116
128,7.0,4.0,11,59,3.101794239084653,0.10977119802176555,0.145573417042342
128,7.0,4.0,11,60,3.101794239084653,0.17225765321798905,0.10794577408836589
128,7.0,4.0,11,61,3.101794239084653,0.08661644840548968,0.15642058692261318
128,7.0,4.0,11,62,3.101794239084653,0.0789981939818221,0.1404578157198546
128,7.0,4.0,11,63,3.101794239084653,0.2200499367875805,0.1182529130483835
128,7.0,5.0,12,0,2.4814353912677225,0.09093789174193818,0.10534884903705373
128,7.0,5.0,12,1,2.4814353912677225,0.14355275736217038,0.12962587262249645
128,7.0,5.0,12,2,2.4814353912677225,0.14159785054896903,0.1296247509466731
128,7.0,5.0,12,3,2.4814353912677225,0.1655940583944479,0.09431040892154718
128,7.0,5.0,12,4,2.4814353912677225,0.06644316651725779,0.15897261272294166
128,7.0,5.0,12,5,2.4814353912677225,0.09544105719389813,0.10559383870921342
128,7.0,5.0,12,6,2.4814353912677225,0.1123698454799266,0.11120081439859622
128,7.0,5.0,12,7,2.4814353912677225,0.0916387177319787,0.10162956415215314
128,7.0,5.0,12,8,2.4814353912677225,0.07554830745675954,0.09039794347888938
128,7.0,5.0,12,9,2.4814353912677225,0.15679723371079868,0.12265237362011297
128,7.0,5.0,12,10,2.4814353912677225,0.165590755439949,0.08720477491666807
128,7.0,5.0,12,11,2.4814353912677225,0.11455615133852541,0.08847908485511935
128,7.0,5.0,12,12,2.4814353912677225,0.07782301567863054,0.1314475408798257
128,7.0,5.0,12,13,2.4814353912677225,0.11950659163657917,0.10192043904117125
128,7.0,5.0,12,14,2.4814353912677225,0.18338059309708413,0.11804348803635564
128,7.0,5.0,12,15,2.4814353912677225,0.1278817115790205,0.10281084164962309
128,7.0,5.0,12,16,2.4814353912677225,0.1123625039339797,0.10541301259727129
128,7.0,5.0,12,17,2.4814353912677225,0.11148314612293075,0.05957387082697152
128,7.0,5.0,12,18,2.4814353912677225,0.11009718443104455,0.10788192909523486
128,7.0,5.0,12,19,2.4814353912677225,0.10987979370314971,0.11714192975237689
128,7.0,5.0,12,20,2.4814353912677225,0.11009791321726559,0.1460835934795737
128,7.0,5.0,12,21,2.4814353912677225,0.13053467348603448,0.08938201038813451
128,7.0,5.0,12,22,2.4814353912677225,0.1949505036075053,0.10632101256484386
128,7.0,5.0,12,23,2.4814353912677225,0.10193801268013973,0.1256378784875171
128,7.0,5.0,12,24,2.4814353912677225,0.10612323805259327,0.10538758171202649
128,7.0,5.0,12,25,2.4814353912677225,0.08977754018582743,0.12960868499454817
128,7.0,5.0,12,26,2.4814353912677225,0.1008340457257689,0.1047108724554078
128,7.0,5.0,12,27,2.4814353912677225,0.08161512813529477,0.10294900799215681
128,7.0,5.0,12,28,2.4814353912677225,0.1358680326904901,0.1854065783372203
128,7.0,5.0,12,29,2.4814353912677225,0.10569015465541869,0.12501803824544494
128,7.0,5.0,12,30,2.4814353912677225,0.08049565379445119,0.12963039504726206
128,7.0,5.0,12,31,2.4814353912677225,0.08273973771001164,0.17444060776206433
128,7.0,5.0,12,32,2.4814353912677225,0.09842162218993555,0.14813954985631478
128,7.0,5.0,12,33,2.4814353912677225,0.11661718272433555,0.1724955479232963
128,7.0,5.0,12,34,2.4814353912677225,0.0917591944580334,0.11235983389197388
128,7.0,5.0,12,35,2.4814353912677225,0.08443694589308066,0.10638720797587986
128,7.0,5.0,12,36,2.4814353912677225,0.10681994705174865,0.12945912427701112
128,7.0,5.0,12,37,2.4814353912677225,0.09943247579802877,0.08274364829045647
128,7.0,5.0,12,38,2.4814353912677225,0.1056989265009852,0.10227533137826343
128,7.0,5.0,12,39,2.4814353912677225,0.07534071229202614,0.1296285430997123
128,7.0,5.0,12,40,2.4814353912677225,0.13378261480121095,0.14356699134307765
128,7.0,5.0,12,41,2.4814353912677225,0.12369139229884381,0.1214972117878225
128,7.0,5.0,12,42,2.4814353912677225,0.07942959859778742,0.1949587110596827
128,7.0,5.0,12,43,2.4814353912677225,0.11833101579743222,0.14355148891461716
128,7.0,5.0,12,44,2.4814353912677225,0.0878403300306893,0.09113974513144185
128,7.0,5.0,12,45,2.4814353912677225,0.1833885056137287,0.16559116851075822
128,7.0,5.0,12,46,2.4814353912677225,0.05612821305577238,0.13566431729679834
128,7.0,5.0,12,47,2.4814353912677225,0.0846141863183276,0.1733308477784838
128,7.0,5.0,12,48,2.4814353912677225,0.10519018893657987,0.12191212264980045
128,7.0,5.0,12,49,2.4814353912677225,0.1015820071146527,0.17249455002692193
128,7.0,5.0,12,50,2.4814353912677225,0.08977748659771903,0.17762959497448216
128,7.0,5.0,12,51,2.4814353912677225,0.1826484088129344,0.13281252503067612
128,7.0,5.0,12,52,2.4814353912677225,0.08565083487254088,0.10197065025602803
128,7.0,5.0,12,53,2.4814353912677225,0.09871117957058097,0.12978952119438505
128,7.0,5.0,12,54,2.4814353912677225,0.07026226580498658,0.1492521301331371
128,7.0,5.0,12,55,2.4814353912677225,0.0858003486404911,0.07328433632254602
128,7.0,5.0,12,56,2.4814353912677225,0.10785956301840045,0.07657226420755599
128,7.0,5.0,12,57,2.4814353912677225,0.08333044883908022,0.14355641259235413
128,7.0,5.0,12,58,2.4814353912677225,0.08219923065922137,0.08565659831017339
128,7.0,5.0,12,59,2.4814353912677225,0.12303413667122845,0.1727075883526309
128,7.0,5.0,12,60,2.4814353912677225,0.11741981515079133,0.12700378776011462
128,7.0,5.0,12,61,2.4814353912677225,0.137237986878539,0.1450317875300362
128,7.0,5.0,12,62,2.4814353912677225,0.09495582856801844,0.1435586956582217
128,7.0,5.0,12,63,2.4814353912677225,0.14784133949744074,0.0771111552882805
128,7.0,6.5,13,0,1.9087964548213248,0.14580261209586107,0.15306325734745496
128,7.0,6.5,13,1,1.9087964548213248,0.13268380643516617,0.08994959037355413
128,7.0,6.5,13,2,1.9087964548213248,0.09379954419919322,0.07462407536490631
128,7.0,6.5,13,3,1.9087964548213248,0.12136114152738947,0.0649605493050574
128,7.0,6.5,13,4,1.9087964548213248,0.10708854750499194,0.11637555087205786
128,7.0,6.5,13,5,1.9087964548213248,0.10351408531153151,0.07117849470910292
128,7.0,6.5,13,6,1.9087964548213248,0.07648523043396449,0.0744865162200213
128,7.0,6.5,13,7,1.9087964548213248,0.14693633392887376,0.09741593986859544
128,7.0,6.5,13,8,1.9087964548213248,0.10998761773147657,0.08644810323201974
128,7.0,6.5,13,9,1.9087964548213248,0.07793299162648808,0.083678657825065
128,7.0,6.5,13,10,1.9087964548213248,0.09274178409237145,0.11174466587314115
128,7.0,6.5,13,11,1.9087964548213248,0.1273879013361219,0.10627603114689019
128,7.0,6.5,13,12,1.9087964548213248,0.06665064797581406,0.06635755012133242
128,7.0,6.5,13,13,1.9087964548213248,0.12481221733188103,0.10182896626225278
128,7.0,6.5,13,14,1.9087964548213248,0.08486679523128587,0.09597748986088786
128,7.0,6.5,13,15,1.9087964548213248,0.1112671463691979,0.06246305556339019
128,7.0,8.0,14,0,1.5508971195423265,0.0746659967680339,0.0611970351348808
128,7.0,8.0,14,1,1.5508971195423265,0.06636407050527296,0.0811275666940973
128,7.0,8.0,14,2,1.5508971195423265,0.09537770462034129,0.10779693576863086
128,7.0,8.0,14,3,1.5508971195423265,0.07466822099571907,0.07938338054485994
128,7.0,8.0,14,4,1.5508971195423265,0.10140510240375486,0.09612934002549281
128,7.0,8.0,14,5,1.5508971195423265,0.1100260769059434,0.08971884777944916
128,7.0,8.0,14,6,1.5508971195423265,0.07620604251049751,0.08183919616767975
128,7.0,8.0,14,7,1.5508971195423265,0.09288247747702859,0.10140255444509444
128,7.0,8.0,14,8,1.5508971195423265,0.0754874408898058,0.0603500472159061
128,7.0,8.0,14,9,1.5508971195423265,0.08971505461139931,0.06681816787888893
128,7.0,8.0,14,10,1.5508971195423265,0.06985390444712,0.060008030737944945
128,7.0,8.0,14,11,1.5508971195423265,0.07466866573105319,0.11002795509676547
128,7.0,8.0,14,12,1.5508971195423265,0.07470381693498022,0.09431493885532412
128,7.0,8.0,14,13,1.5508971195423265,0.078176145046608,0.10512112780051795
128,7.0,8.0,14,14,1.5508971195423265,0.0731624748857439,0.1100291953599497
128,7.0,8.0,14,15,1.5508971195423265,0.12050806081995193,0.06313071350241273
128,7.0,12.0,15,0,1.0339314130282176,0.06760172579740024,0.06828415910102154
128,7.0,12.0,15,1,1.0339314130282176,0.07369050474144882,0.06320850763240456
128,7.0,12.0,15,2,1.0339314130282176,0.06358902480609058,0.049775074890957505
128,7.0,12.0,15,3,1.0339314130282176,0.06760146272226396,0.07715765274746106
128,7.0,12.0,15,4,1.0339314130282176,0.05559354121205499,0.05291708693329215
128,7.0,12.0,15,5,1.0339314130282176,0.054861207312728,0.05882948929838446
128,7.0,12.0,15,6,1.0339314130282176,0.062422686959160395,0.05980586624457984
128,7.0,12.0,15,7,1.0339314130282176,0.05292123670647805,0.05401483237427444
128,7.0,12.0,15,8,1.0339314130282176,0.055409903865385586,0.08123270590306475
128,7.0,12.0,15,9,1.0339314130282176,0.07799027560894174,0.05080994632857425
128,7.0,12.0,15,10,1.0339314130282176,0.054007778484348457,0.07751820215590718
128,7.0,12.0,15,11,1.0339314130282176,0.05980204977288658,0.06899600284086908
128,7.0,12.0,15,12,1.0339314130282176,0.07798026438983087,0.06503751526571765
128,7.0,12.0,15,13,1.0339314130282176,0.061041196001678434,0.06900111555079219
128,7.0,12.0,15,14,1.0339314130282176,0.05444308232401172,0.07798608473888947
128,7.0,12.0,15,15,1.0339314130282176,0.061599695018064414,0.0547591130399814
128,7.0,20.0,16,0,0.6203588478169306,0.04679202583825006,0.04974828462254647
128,7.0,20.0,16,1,0.6203588478169306,0.04468407184892663,0.04231263085186082
128,7.0,20.0,16,2,0.6203588478169306,0.04401238993032226,0.04181526009672629
128,7.0,20.0,16,3,0.6203588478169306,0.045842836713281966,0.04401341653475691
128,7.0,20.0,16,4,0.6203588478169306,0.04401204408124,0.03894028172500043
128,7.0,20.0,16,5,0.6203588478169306,0.036280513153691116,0.045845122053387345
128,7.0,20.0,16,6,0.6203588478169306,0.044013598710588665,0.04401249247644538
128,7.0,20.0,16,7,0.6203588478169306,0.037384103570019034,0.04056031210643217
128,7.0,20.0,16,8,0.6203588478169306,0.04584258904519872,0.04775670165783205
128,7.0,20.0,16,9,0.6203588478169306,0.03894077019827776,0.04874032678410782
128,7.0,20.0,16,10,0.6203588478169306,0.041703475323044616,0.034712683151687795
128,7.0,20.0,16,11,0.6203588478169306,0.03592411537757767,0.04401113554325524
128,7.0,20.0,16,12,0.6203588478169306,0.03791349071920636,0.04775157609858741
128,7.0,20.0,16,13,0.6203588478169306,0.048741982405669085,0.04679172196698679
128,7.0,20.0,16,14,0.6203588478169306,0.045846989889365405,0.04401333189067654
128,7.0,20.0,16,15,0.6203588478169306,0.04974313181955647,0.044012856839573164
